{"position_x_true": [0.007366396120071549, 0.036852913123444166, 0.10328686101391413, 0.2216408946583388, 0.40710063507944655, 0.6771727763319407, 1.051807603687423, 1.5515036942420615, 2.1974459797181716, 3.011634750544717, 4.0089841246926445, 5.197031929499325, 6.583620228922505, 8.176914212558135, 9.985417976902319, 12.018002642455466, 14.283931613966157, 16.792885043102835, 19.554975832123688, 22.580783607996466, 25.88136581143262, 29.46832250795971, 33.35373175160167, 37.55010197022562, 42.07054438426953, 46.92894058028658, 52.14004910483345, 57.719197165167316, 63.68236534659846, 70.0462885402452, 76.82807972883721, 84.04566699235554, 91.71720258293408, 99.86080020236786, 108.49543928991116, 117.64022195989219, 127.31225219697407, 137.5269049120687, 148.30087970300016, 159.64885416798418, 171.57983782073447, 184.0926582460293, 197.16725032961904, 210.77562805917856, 224.86215135424357, 239.2189602040943, 253.6285650565133, 268.03816990893233, 282.44777476135135, 296.8573796137704, 311.2669844661894, 325.6765893186084, 340.08619417102744, 354.49579902344647, 368.9054038758655, 383.3150087282845, 397.72461358070353, 412.13421843312256, 426.5438232855416], "position_y_true": [299.9509856748207, 299.80407693045635, 299.55965161545305, 299.2179132764385, 298.7789849227149, 298.243155563372, 297.61082867344635, 296.88243254538287, 296.05747929154137, 295.13461465322445, 294.1133877429287, 292.9940872607463, 291.7763794032081, 290.4600569047223, 289.04481011371115, 287.5306691413566, 285.91803480583326, 284.2059131556276, 282.39203993299776, 280.4737420595138, 278.4473801651431, 276.309294123317, 274.05426355821953, 271.67440095550967, 269.16195476641525, 266.50986520503346, 263.7115764008038, 260.7583275457295, 257.63938241281613, 254.34263838644813, 250.85249204816307, 247.1517345063358, 243.2195133722246, 239.03035875586664, 234.55717969697082, 229.76898152611412, 224.62642052673843, 219.0832357577635, 213.07574376309157, 206.54866165564042, 199.43590606473805, 191.62621984086158, 182.98774222230912, 173.4367446684077, 162.87498890290234, 151.5463961327497, 139.9501317609577, 128.25576738916573, 116.46330301737375, 104.57273864558177, 92.58407427378978, 80.4973099019978, 68.31244553020582, 56.029481158413844, 43.648416786621866, 31.169252414829888, 18.59198804303791, 5.916623671245935, 0], "angular_position_true": [-7.5669518715998375e-06, -5.874764048183776e-05, -0.00023385007379189145, -0.0005773055426877695, -0.0011191062309601639, -0.0019295075593935014, -0.003111424489383239, -0.004786722079645551, -0.006907358267689992, -0.009274739133275204, -0.011895423087452209, -0.014938371296260767, -0.01846548240080859, -0.02259234232195619, -0.027448877331791154, -0.03327555795778079, -0.0404425841821565, -0.04911660913266391, -0.05931060723315609, -0.07107105883188702, -0.0843840996660103, -0.09937140055531297, -0.11601501140948656, -0.13396602946229758, -0.1530890249982393, -0.1735654630090606, -0.19587259625636966, -0.22032333638063498, -0.24716235112024654, -0.2767346461655221, -0.3091609850822283, -0.344742889793009, -0.38367273136310187, -0.425942522238021, -0.4719522756478838, -0.5222046266421928, -0.5766588097866517, -0.6351061361096241, -0.6995614114652529, -0.7708208282483908, -0.849937353161498, -0.9412139103511992, -1.0489196395576488, -1.1683958500149285, -1.2950289144929468, -1.4268761107847432, -1.559232797192631, -1.6915894836005188, -1.8239461700084065, -1.9563028564162943, -2.088659542824182, -2.2210162292320694, -2.353372915639957, -2.4857296020478445, -2.618086288455732, -2.7504429748636197, -2.882799661271507, -3.0151563476793948, -3.1475130340872823], "angular_velocity_true": [], "altitude_sensor_readings": [297.80051286622944, 299.10385132013073, 297.7486706830977, 304.2502752979207, 295.88746284878926, 296.84571923555876, 301.1682204979112, 293.45433629147215, 302.66767953196336, 296.1570014890106, 295.21938127993445, 288.9402472784757, 305.66430541877463, 294.46085432933904, 286.2204171032719, 289.0181095953893, 288.58738571743373, 277.2916585710853, 288.2582158191292, 276.1973561127099, 275.26040702242614, 278.36616445794164, 277.59794762455834, 265.8306736202306, 266.2354634209377, 267.6197295934847, 260.7985661581698, 264.4776614409673, 262.71088223048866, 257.08125417579294, 250.1690487973924, 244.46654836950873, 245.99493498666226, 237.03052197021597, 237.15968807685448, 231.75789536472809, 228.38043811172363, 216.93942664365082, 210.13652399787378, 204.98479649585488, 201.45453743013456, 190.86895477161872, 183.58360170038284, 171.92042832424625, 172.55853395112567, 146.14172494656398, 143.4809349901094, 121.57593560574162, 124.11497413428862, 104.57608238658435, 91.73939540812559, 79.19792120764407, 66.82290747312594, 55.47172341578132, 44.563487487534886, 28.80237107037753, 13.787729016452761, 9.537668249033635, -4.144189277977923], "speed_sensor_readings": [0.40786151542985905, -0.24640739963350633, 8.284659655417402, 3.271316126377543, -2.611203780551607, 3.393085520919646, 2.40035039950521, 7.143682047208168, 11.836337232487024, 12.952319785002942, 18.644077250169637, 18.962197427565208, 19.712085321235424, 24.617508326376743, 24.719029885179296, 28.188775757610266, 28.106890645061593, 29.11400282046042, 28.31035232459458, 32.242607785763084, 42.23740450868719, 44.28197812858932, 45.53727240465917, 45.52461448055297, 51.39430337214883, 59.60489699456274, 60.68577058830502, 68.6612917086518, 68.73207300408403, 69.88332474566165, 79.29712679927822, 84.38069987271929, 86.65017013028559, 95.15024454101484, 96.7722239780096, 102.5442801654563, 116.59012523605466, 120.42784177748601, 130.81252895254795, 134.98117014289124, 137.61180793116336, 150.41996546904622, 163.41215988557272, 176.38104837702724, 184.96699781346155, 188.3696529657442, 183.36025383625312, 185.01849637237427, 191.31525823004296, 187.52974701771308, 185.32967210303696, 186.13320446616504, 187.41009579391653, 188.6526670375504, 189.77397465274547, 188.36562839092014, 192.1023850136444, 195.66614818082766, -2.323024165977882], "angular_position_sensor_readings": [-0.17454389575832713, 0.6166166539497825, 0.1644741915983803, -0.2035509015652335, 0.18858042575903808, -0.6127738135848227, -0.41706981209359034, 0.15915755097535175, 0.6375579343752535, -0.34478578893223855, -0.30175811159152904, -0.40446629107348747, -0.15076271963410467, 0.2503338786284254, 0.015891358437457245, -0.17186022549398766, -0.18170681808661981, -0.15041514521067315, -0.5142275207128204, 0.1801877357263431, -0.19562787426133155, -0.08347120117325442, -0.23870273788279267, 0.5789239562042563, -0.4521996269295233, 0.21237578993270137, 0.22195223173692213, -0.31865056645354367, 0.01790437927343569, -0.3508140322010625, -0.5031128643731847, 0.07971662302064919, -0.1932424386728432, -0.05837410845982438, -0.4945725051278775, -1.1029365557046626, -0.7108961145913206, -0.3285469885921191, -0.3940474952414699, -1.2691257185958476, -0.980346871497764, -0.5688939943654577, -1.0916467582919864, -1.6486223483751958, -1.9625803328095934, -1.5007910407331457, -1.2138683464292255, -1.4490409136268765, -1.4225524728773355, -1.4038479774530854, -2.4935858067709837, -1.5795330881008511, -1.8771541047122227, -2.215407005039911, -1.8997162760523434, -3.0592058780341023, -3.114992702945046, -3.5457067157757467, -2.9301364264576697],