{"position_x_true": [0.009849243575180319, 0.04931821980215769, 0.13834280262317813, 0.2969087093480326, 0.5211395899818299, 0.803293415765064, 1.1555865309433604, 1.5902876801529828, 2.1200151045691342, 2.7361923017671117, 3.429968612995347, 4.213942762711897, 5.101025091647248, 6.104395578544846, 7.232840233473833, 8.49041744292812, 9.88116023938414, 11.408943768337219, 13.077135070720464, 14.889403201196426, 16.8495439931507, 18.96067882994968, 21.22577072603429, 23.647935654364996, 26.229995531363596, 28.974738361071324, 31.884712923010767, 34.96230541914763, 38.21056257837595, 41.632158738768474, 45.229640535498284, 49.00557207364789, 52.96239839350558, 57.10239122897184, 61.42714597043154, 65.93811116500066, 70.63755683405591, 75.52828271406024, 80.61317689488018, 85.89582856886898, 91.37979386623657, 97.06927205375604, 102.96887468181208, 109.08331822403602, 115.41751031702665, 121.9766511730434, 128.76776229044822, 135.79810164263708, 143.0745444423536, 150.6038759235857, 158.39276560410528, 166.45011825802877, 174.7846677761566, 183.4038434277776, 192.31717328410312, 201.53593876581652, 211.07223808145272, 220.93532179057803], "position_y_true": [299.95094981128113, 299.80373382974165, 299.5582135986187, 299.21434292212376, 298.756444138832, 298.1724364039335, 297.469434024082, 296.65399060183466, 295.7320987205037, 294.6907029677219, 293.51646279389456, 292.21416311311833, 290.7877269458916, 289.2398681319593, 287.56887012130767, 285.7693804852825, 283.835973819855, 281.7624788446951, 279.5421700131408, 277.16876219113504, 274.6362465743701, 271.93794765462866, 269.06666868328824, 266.01520023672026, 262.7761138324998, 259.3419374794426, 255.70434883828904, 251.8546330296775, 247.78529194256515, 243.48860436819834, 238.95629625953188, 234.17995999036586, 229.15084926241028, 223.85980895138078, 218.2970450814839, 212.45259465813618, 206.31691059886145, 199.88051347744187, 193.13380215379158, 186.06759792890685, 178.67214712994308, 170.93792632569753, 162.85569789672653, 154.4155087754667, 145.60672984780126, 136.4184394517635, 126.84023499931143, 116.8615535759007, 106.47118816916213, 95.65698059610419, 84.40594347645622, 72.70587627785952, 60.54350250355404, 47.90386361724365, 34.772429203090155, 21.134408551524295, 6.974312669503631, 0], "angular_position_true": [2.0327817646992716e-06, -3.1277935146632187e-06, -4.8058060930134866e-05, -0.00016917717253646622, -0.0036124031826562895, -0.012786506068462043, -0.026043697726886736, -0.04172787888606638, -0.05819138424107262, -0.0778915813200161, -0.10328607251461037, -0.13272295737709164, -0.16456431994623338, -0.19719740910149638, -0.22976486459417403, -0.2621775012537193, -0.29437245126780287, -0.3261668016192207, -0.35739787770645126, -0.3881289487114556, -0.41842443067613083, -0.4482401376099551, -0.47747414079912565, -0.5060152266220767, -0.5338296090317348, -0.5609281397115954, -0.5871804182802239, -0.6124696381393462, -0.6368784622980488, -0.6604261325701172, -0.6831979158288373, -0.7052436112185269, -0.7265201008120635, -0.7469321669909823, -0.7661893869663452, -0.7840458357934644, -0.8004456617025167, -0.8153785956767959, -0.8289141959238474, -0.841231449821391, -0.8523435595024418, -0.862367311368662, -0.8714078741232972, -0.8794680455246329, -0.8865730345646224, -0.892774833722281, -0.8983384235590719, -0.9033917074058123, -0.9079962291949318, -0.9122224611086809, -0.9159937537196853, -0.9196509655189942, -0.9233332504391861, -0.9267412538591284, -0.9298541511395338, -0.9328495039233962, -0.9359727628481664, -0.938843087992588], "angular_velocity_true": [], "altitude_sensor_readings": [303.63872414788875, 300.3048307449108, 302.3514162382019, 297.3424853001704, 299.66324805046946, 296.9026365382312, 303.08244606268653, 302.3309029153664, 296.41729785572625, 295.26304707159727, 299.37925279504816, 286.8663180530153, 290.31859463587773, 283.9831735255265, 286.0176928794389, 292.5791633572872, 292.07925680013795, 281.73890507486476, 273.1290693600237, 283.7215363912129, 279.43443815746326, 273.28842570890026, 272.48828411312735, 265.9960691771652, 260.0766437000485, 271.0927977083588, 253.8873610053883, 252.73872265524065, 253.31336564158423, 245.38986078306192, 240.5664951391903, 233.70229999197517, 230.91816021809035, 223.27196935814166, 217.31585093710183, 219.5439651365407, 207.8653223171915, 196.2564711045473, 197.2298148240871, 182.47489412643552, 179.05890686400372, 173.3205687377612, 155.79194605506314, 156.311380859788, 146.15955273591217, 137.97164286526623, 128.46313028368408, 113.047377878268, 111.03487083971297, 98.70761015527492, 80.85622538507195, 71.63647850056466, 56.37395832360825, 52.311227104238, 40.1405804327914, 20.462855545884118, 17.30279046544505, -0.5637039533144753], "speed_sensor_readings": [3.5196248709682205, 1.6374176475561895, 4.361096433354705, 1.095970550989449, 10.09918676635111, 5.650475411302166, 10.109535280906387, 10.125673567964585, 15.034648263340763, 13.343394869200058, 14.97996077704216, 19.23438610258387, 18.100386987555396, 19.03134163051955, 29.54176136092212, 22.365149142042355, 28.654216264443114, 24.098114982248333, 30.26857871612301, 28.014778633319253, 35.47413579361328, 29.883658908317273, 37.51818166342673, 40.66203676528838, 36.29672863516242, 44.60268300978831, 48.57254008903001, 53.38873713578975, 56.382797847424264, 55.22174944121931, 59.34181363394812, 62.615591058213646, 68.36409488450875, 66.06828619854203, 71.91736390599, 73.92528873293878, 77.7982486983706, 86.8597074325031, 83.51187296478498, 86.75611769693484, 91.0502978775969, 95.75665927277814, 100.62564519849818, 111.71441403559952, 113.36981291946006, 111.95883987127327, 119.84391853447495, 122.76034112423693, 125.84338355459185, 133.82667805, 139.97614223529874, 145.99067789415506, 151.3812287398057, 161.81808297775578, 164.24630004667625, 169.37939173002923, 176.3956121162975, -0.3939315756259595], "angular_position_sensor_readings": [-0.21300558463224115, 0.3239362666499052, 0.5530665054742376, -0.3345372439859268, 0.10255263002475051, 0.49018037361401207, 0.9232048699313624, 0.26935441407642424, 0.37870968659066273, 0.1923374495768998, -0.027139023835774614, -0.16622709414719966, -0.7064180507779463, -0.17754041877362337, -0.08301533427584612, -0.5217262515601159, 0.3632094258535965, 0.2552977770780012, -0.8065965583555106, -0.28628318464096236, -0.7929099094141348, -0.32110311528487173, 0.15548168924793904, -0.7082235514979098, -0.9547791478117911, -0.09291997827347281, -0.5471326792522092, -0.7319018489648494, -0.9168585855790141, -0.868123929111298, -0.08859471304128119, -0.6306988670388008, -0.9559438441243383, -0.7212787060699033, -0.4234619144582119, -0.6656125135504849, -0.49615212904634765, -0.310215465292903, -0.6852596391101933, -0.5076005324128467, -1.2102663465965897, -0.9796531119105554, -0.9552093344032968, -0.8589930301104408, -0.7680074495102331, -0.3818574527120887, -0.9424653785556635, -1.2576961087732301, -0.49382195181636845, -0.7527903122891748, -1.165412958479413, -1.401574730976015, -0.36015824123544427, -1.1515939136637745, -0.537884927786574, -1.0396021659736652, -0.7310034538107616, -0.6958154825849436],