{"position_x_true": [0.017197970451196032, 0.08618418259226956, 0.241915460234184, 0.5199392231630183, 0.9486345992651755, 1.5490845436114224, 2.342970040752248, 3.3530507352877543, 4.603431454671464, 6.1195466055781615, 7.919905355685504, 10.015787630720514, 12.419080088543746, 15.142016192852804, 18.197589750002873, 21.59977011432215, 25.363234759127185, 29.503366223149513, 34.0363846500556, 38.97904254915566, 44.348954395701305, 50.16469073478776, 56.44600313115632, 63.214081471164164, 70.36732674013903, 77.81025897284921, 85.57737832575172, 93.70458947770031, 102.22970915544543, 111.19286104486565, 120.55445350349706, 130.2726735835507, 140.38397892458022, 150.92654213200626, 161.94073858685175, 173.39713744531448, 185.2650783260093, 197.58211422548905, 210.3421589228931, 223.5364849389815, 237.19685022701546, 251.31262839693179, 265.8718226100626, 280.8726295067034, 296.29246675479885, 312.1299036779097, 328.36793327072115, 344.9736271881879, 361.918946797908, 379.16699621237734, 396.6082332460456, 414.10124690640913, 431.5942605667727, 449.0872742271362, 466.58028788749976, 484.0733015478633], "position_y_true": [299.9510344788972, 299.80433568213226, 299.5603012972549, 299.2195084573325, 298.7824653969669, 298.24990344423065, 297.62281964201225, 296.9017229451273, 296.08611814035345, 295.1740199338259, 294.16386583584045, 293.0547798366795, 291.84377411887874, 290.5288655477176, 289.10879057244125, 287.5794123787537, 285.9347753794181, 284.1669095646222, 282.2652407919456, 280.2165449794418, 278.0078542557043, 275.62468478902605, 273.0508275246865, 270.27101974487584, 267.2997894193085, 264.151330878346, 260.8085121693077, 257.2516907295465, 253.45884103588156, 249.40458410855751, 245.08941900328188, 240.5142240072965, 235.6478400795786, 230.45595634281355, 224.8993403171709, 218.97473632615518, 212.68110417615367, 205.97359782027425, 198.8316765176036, 191.2310461860858, 183.11115920411208, 174.44466962052988, 165.2027232648396, 155.34213009898068, 144.8277929710586, 133.5891285688784, 121.56964848459764, 108.72859231366311, 95.003560015701, 80.32687241363217, 64.90034008964923, 49.167999766828665, 33.33755944400809, 17.409019121187523, 1.382378798366954, 0], "angular_position_true": [-1.2417543543205253e-05, -8.247451017232795e-05, -0.00030819923499152986, -0.0008602009216532442, -0.0019179053768656664, -0.003692227974475001, -0.00640543025223341, -0.010174473940205698, -0.01506205489426144, -0.02097314800586951, -0.027992479508248083, -0.036371568800523266, -0.04601352563846937, -0.05708134156951027, -0.0699788652337862, -0.08483754315964251, -0.10181450632167344, -0.12087866941437085, -0.1416281232365127, -0.1635566059231543, -0.18652219168613038, -0.21032847137836683, -0.23459527684146914, -0.2593882641032884, -0.2845046477616355, -0.30976103942203526, -0.3355154975189025, -0.3621059723456209, -0.38985914279741035, -0.4191906218910288, -0.4495593424778875, -0.48041814946487155, -0.5119636165597279, -0.5445946833150541, -0.5787766276963607, -0.6143966181623073, -0.6515875904300278, -0.6908863713211523, -0.7323055026462473, -0.7758675227545189, -0.8218895711177503, -0.870334811598527, -0.9216666685492424, -0.97624726006675, -1.0336430695775303, -1.0937776325314512, -1.1566433296191292, -1.222273267522838, -1.2907622594176327, -1.3620074935317694, -1.435465399258095, -1.509761831008332, -1.5840582627585693, -1.6583546945088066, -1.7326511262590438, -1.806947558009281], "angular_velocity_true": [], "altitude_sensor_readings": [299.3678859027972, 296.73463593258987, 302.80932749990825, 298.2701017835241, 295.3359088955244, 300.077289856454, 287.8315262446258, 299.47481509614164, 294.80261999735546, 297.65549715516875, 295.00877759409786, 296.14552928627, 298.7772041820586, 294.3648115186556, 297.9069508373579, 285.1991460538275, 281.4409780554474, 282.14222727509275, 278.89737577587215, 281.85741727761274, 282.97518982753934, 277.07122885042116, 273.5179207210806, 269.8403653123341, 264.60995244905905, 260.56171483409497, 260.234624276932, 258.7249563625224, 250.74967647518028, 251.04109860157635, 245.82371619908253, 240.55680346144752, 245.76491739295713, 233.9565403858989, 222.4574798395579, 218.98995165584836, 208.2985831167146, 197.65690217044465, 193.93734642016452, 195.69418501132154, 189.26207903782074, 171.59250954078593, 166.31860325130077, 153.80062920917982, 146.19756743798996, 131.38152795418398, 124.49991966963563, 110.77807088245693, 106.83631008339167, 78.68873246664808, 64.21145373051237, 50.876563980360295, 31.556137769904552, 12.174429473236863, 5.567997087163748, -0.7989938560307919], "speed_sensor_readings": [1.4088434114851942, 2.904108818388002, 8.29781418842157, -1.4565944151276424, 8.93189786704681, 14.7618989928106, 15.718488803743377, 15.614259266794805, 18.777302767491378, 17.416952954526153, 22.835423417892063, 28.273598231387027, 24.658458979299738, 32.004940095039224, 36.99034919455354, 40.519137877790115, 44.45901388673839, 47.953429250922575, 51.15175746507489, 48.34663565477548, 53.323604349707196, 56.611021975752664, 68.17893328518322, 80.52281166852472, 78.16224201659257, 82.90388892178159, 86.01957291792908, 92.82400701930784, 88.69628006344534, 93.60613115253018, 108.28311584562034, 117.46993024475044, 114.61876995922094, 117.06530772246472, 128.29938752199914, 132.5042210641488, 144.3412322778829, 147.12738224531768, 146.4651234432212, 149.77860585026463, 172.60134339943673, 166.865280781252, 178.1150400815851, 177.2222907137022, 196.51481689829197, 199.4261879284239, 203.41250132552997, 216.37263416386563, 224.48912103857788, 235.4736034324587, 232.73872576010152, 230.65392599207772, 232.89418480799756, 233.56949820139016, 233.8340852536689, 0.5518728698173343], "angular_position_sensor_readings": [0.5920306357095718, -0.30448109997267564, -1.1463143061825405, -0.05381597171055806, -0.40958373513610313, -0.05817250216088547, -0.14568264472121062, -0.4817598266763957, -0.15494842661994432, -0.3957520357227024, 0.12748989760914936, -0.15411826876675855, -0.6321781777116992, 0.16783358525493733, -0.4241916755714827, 0.31928998123646335, -0.49548736599403037, -0.2765864421735854, -0.16795273601626556, -0.46581581523825094, -0.2162387293782274, -0.2971053407807518, -0.21542286404316446, -0.5040745691958675, -0.40506425383746536, -0.9357220400906384, -0.003652090789669049, -0.26533018283869525, -0.2391793174029681, 0.18530844510509376, 0.06432781768374224, -0.8685603207111336, -1.140160701921278, -0.13207699679906482, -0.08173769359733363, -1.09772064511405, -0.3860206705253143, -0.9137062745543969, 0.0035371750235823063, -0.19888125794415257, -0.41113973449107966, -0.6991895615659682, -0.7670715457509393, -1.4763465968233902, -0.17761700368600997, -0.7568361385475938, -1.5895897083628447, -0.7622096647854522, -0.735712260442628, -0.9281804974102308, -1.049061928624758, -1.8996000108364883, -1.317321731524049, -1.5667781364840527, -1.6873217420099629, -2.3024253008639697],