{"position_x_true": [0.011282245650666212, 0.058443484502309635, 0.16817178813220068, 0.3673663189988272, 0.6793119324941952, 1.1236153369921613, 1.7201399202528918, 2.489103198223296, 3.4513302152681726, 4.627579463473356, 6.030250927293384, 7.663157276202577, 9.528282231406774, 11.625553652992501, 13.95219085290224, 16.427212375270056, 18.97573563815705, 21.603412889343264, 24.31096856941472, 27.0926578135095, 29.934249549205518, 32.810810302714444, 35.68365664966081, 38.5152760429355, 41.27230950424247, 43.91218779808334, 46.38356580105628, 48.62905851662386, 50.646113072692344, 52.4425552923499, 53.98314660605788, 55.27461984419308, 56.338380875072716, 57.200041211061695, 57.912179519058036, 58.530693512295315, 59.13054964658648, 59.80120253776012, 60.63890690810641, 61.72459636666054, 63.12347626387612, 64.86256241565899, 66.91309155017774, 69.20854788517684, 71.63497686133904, 74.04318893517511, 76.27196103648197, 78.17907635087303, 79.67510178003612, 80.75527485469873, 81.51532525874565, 82.14123657114078, 82.87425173703492, 83.95182730814288, 85.53131821336483, 87.62497837265568, 90.07525062185721, 92.58182158955388, 94.78780491522306, 96.4175309144961, 97.40751736425227], "position_y_true": [299.9469359152109, 299.78375087947353, 299.5020696393205, 299.09304180937664, 298.5514716607648, 297.87468354843895, 297.05747898225906, 296.09275038520013, 294.9722332993545, 293.6839097842801, 292.21326204574547, 290.54478532131003, 288.6597620456046, 286.5369535520512, 284.1524168580908, 281.53336711149444, 278.7085505463876, 275.6538662337502, 272.3420937845043, 268.74307725959846, 264.8243744255936, 260.55254751313777, 255.9653803002544, 251.10724728174876, 245.96071367020153, 240.5157284061679, 234.77336375568754, 228.74823834970334, 222.50332424197552, 216.1080914957816, 209.60572722841096, 203.05103604942462, 196.50581812386963, 190.025840358645, 183.65743700177197, 177.45249428107843, 171.4356051063841, 165.5968354359938, 159.91805145717095, 154.33996687917517, 148.76587297960884, 143.08260445001457, 137.1647332703812, 130.89675040454924, 124.19142948231305, 117.01205833418027, 109.38844440281586, 101.42319224290206, 93.28247702311795, 85.16700343627716, 77.26854508401702, 69.71840536906434, 62.54095794436252, 55.62812055402699, 48.750117117286635, 41.61155005857148, 33.94226530181075, 25.59546852858655, 16.625214603178343, 7.299526677234498, 0], "angular_position_true": [-0.0007851786826826944, -0.003943033958006673, -0.011050203024254877, -0.02371793553500111, -0.0428817843264463, -0.06866473431758838, -0.10103456560918203, -0.14000695675330466, -0.18585276134904194, -0.238791089775244, -0.29899993896819194, -0.3666973054367832, -0.44200199073328705, -0.5250666252294034, -0.6160006329771501, -0.7151115393520538, -0.8227124668460399, -0.938898031502241, -1.0638376437531087, -1.1977280129452492, -1.3406929033925197, -1.4926223027074266, -1.6537832503676455, -1.8245877003548292, -2.0049957177319184, -2.1950105391263013, -2.394538989530319, -2.603456835650684, -2.822249959940767, -3.0515972245549956, -3.2919082069115286, -3.543575556570384, -3.8069623862265187, -4.082466637751546, -4.370589493016255, -4.671668919917121, -4.985985333450708, -5.3137504922967835, -5.65487366306882, -6.009423512401868, -6.377475020869756, -6.759162425040318, -7.1548454367417085, -7.564731461247974, -7.988961213191168, -8.427564290286949, -8.880683311592868, -9.348471999078425, -9.830774536124416, -10.327632816528306, -10.839203693578405, -11.365741340303844, -11.907628762644036, -12.465006903687264, -13.037979854103424, -13.626788407335912, -14.232093888706677, -14.854445504143854, -15.493827885157508, -16.15058507730998, -16.82512549882642], "angular_velocity_true": [], "altitude_sensor_readings": [295.5633097754339, 303.77667258646045, 294.91293150805944, 300.18327195569134, 291.93914534587805, 296.47062708498095, 294.54992164593835, 300.9465947029184, 295.556966857971, 290.92162022092054, 295.56946259165386, 299.3957047005636, 288.2976857840903, 289.62735716343207, 283.39724189904746, 287.88337509345786, 281.55450861975123, 276.7958775535302, 269.807463935669, 267.7857140016523, 266.2987526489159, 263.97381722708104, 258.8104782043156, 256.44259799819423, 242.73124639015663, 240.8143840480751, 228.77459843331349, 231.22162992824525, 228.09517362954122, 222.33747504189387, 208.73269091986938, 198.72510734044823, 196.64731114737333, 187.91560867478256, 186.48367755983608, 178.49011224199222, 178.2712536717976, 160.95231001990186, 160.55991796825245, 159.1868146342972, 149.37784394039429, 140.0612609132024, 140.00676312809102, 134.19173667493294, 117.54735218090761, 113.74368579826316, 108.0517535402717, 103.71700683132137, 90.80788980046353, 84.40368250927854, 77.8297916072963, 74.16768697967473, 67.47811621647355, 62.290863520939, 48.65040730013123, 41.259796677539434, 27.292258709952158, 26.123988196710407, 18.180099686774746, 14.840698000620492, -1.9005159245901238], "speed_sensor_readings": [3.2041887243105815, 0.7044233928944845, 3.126893322858724, 5.160817886511726, 6.2961583445640255, 5.7434707283619035, 9.027873169143815, 19.218489633814798, 17.15147319048115, 14.97667370309736, 19.89338597221203, 22.365826668392028, 28.4528982074414, 32.77512645617312, 34.57754745151763, 41.05627742932718, 32.939896316299695, 42.43304096748003, 47.46040674317237, 42.43908676819828, 53.68258229991093, 58.672698402309614, 53.60953518540832, 55.9876750159868, 61.47392597834197, 65.66292096639957, 58.51311028280967, 62.01594154931734, 67.38592759899302, 68.86069294644518, 70.45251316726298, 63.20385705870391, 68.083963419006, 64.9496343810479, 59.75378182130605, 63.30883338485729, 53.92792773282898, 57.92141464698962, 53.975205817059255, 56.02997133156878, 57.773196372292595, 58.59387422467584, 64.34938751501738, 68.3090298824412, 71.50276783496614, 77.66900796001025, 85.98142664706825, 85.46240402321673, 77.72281864819699, 82.64309814058012, 81.04215390607808, 77.5673726718355, 67.58525758832744, 66.3425879065452, 70.29110259126492, 82.31644385568333, 87.47706325239423, 89.66822165119216, 97.02908408987848, 93.73454203448131, 1.0315620574761142], "angular_position_sensor_readings": [0.028741187151386575, 0.10748498712095893, 0.2599618760561754, 1.1735486509939292, 0.051528755200904754, 0.5999602223757146, -0.14050055888789717, 0.12183600385358084, 0.28562328378741064, -0.30938168488937967, -0.08889791192065294, -0.022599841234209717, -0.4631291820117026, -0.48885137169720033, -0.7681824014491843, -0.2681113319689246, -1.1910517986514844, -1.0017003220422567, -1.311565966624778, -0.3377846463226175, -0.9370397183484774, -1.019294257314547, -1.5734668426100116, -1.645822028174327, -1.575278319150283, -2.415622314096642, -2.2764542620381962, -2.9668256184384028, -2.62379466923142, -2.8946496964417685, -3.0673607961170273, -3.3350266076505743, -3.3147640700737697, -3.968311128553843, -4.659909332495305, -4.984406300447838, -5.069424510981905, -5.259470383695312, -5.745128058951383, -5.883357601229326, -7.0359307346868984, -6.758688838393578, -7.276147868266441, -7.515210755210993, -7.566109697016273, -8.573146937577029, -8.166811881642072, -9.089810851359031, -10.339073586153697, -10.627253213774942, -10.658706265169771, -11.793929617655703, -11.471470389133867, -12.215406276436116, -13.079694373123163, -13.739477091741453, -13.80035703414048, -14.593365915975015, -15.666422436526172, -16.615882530782706, -16.851142168514787],