{"position_x_true": [0.013284073738006828, 0.06646653947917464, 0.1864108853968658, 0.4002534155286964, 0.7313213250370756, 1.1992606755076551, 1.8241166903647792, 2.609385031680923, 3.556418394091069, 4.680989290661308, 5.990522789845308, 7.483684167318259, 9.157051327760708, 11.005318531678803, 13.021269300372335, 15.194031836747795, 17.508940783298282, 19.947548033820212, 22.486513433243488, 25.09910133243504, 27.75439884485386, 30.41495973690245, 33.03926877523917, 35.583089488767314, 37.99988645623135, 40.24382692754065, 42.271971758647844, 44.045597708165644, 45.53393194263255, 46.71849367604556, 47.59606680912188, 48.1819547172678, 48.51057445025556, 48.64431300015683, 48.67140975402624, 48.69422046978608, 48.82500806334467, 49.18066976617444, 49.86719319619717, 50.95951284008003, 52.48640962662064, 54.415838881647936, 56.644715358170444, 58.99780501962074, 61.252308558743124, 63.17762431740606, 64.5844858361325, 65.38991082594632, 65.89160036205683, 66.39328989816735, 66.89497943427787, 67.39666897038839, 67.89835850649891, 68.40004804260943, 68.90173757871995, 69.40342711483046, 69.90511665094098, 70.4068061870515, 70.90849572316202, 71.41018525927254], "position_y_true": [299.94705587605705, 299.78454930063975, 299.5048353885865, 299.0997717483036, 298.56414719467637, 297.8951992904966, 297.0885596232352, 296.13910597219393, 295.04019584591344, 293.7817735109825, 292.3522471310593, 290.73953878324824, 288.9281759326665, 286.9014296157817, 284.64312637304613, 282.13464757283634, 279.35598410957317, 276.2877520686742, 272.91141831550925, 269.21099965892057, 265.17358176459913, 260.7894238307699, 256.05485179145325, 250.97404518959084, 245.559912383081, 239.83474165370123, 233.83127189786802, 227.59439580954373, 221.18016429051315, 214.65316884968618, 208.085904551947, 201.5561568693852, 195.14371278713003, 188.91891565925775, 182.93289332735043, 177.21335776102234, 171.75651864846873, 166.51958080227348, 161.417555051202, 156.3254327351002, 151.08854933574594, 145.54166155233352, 139.52883413267102, 132.93677354571886, 125.73411184274393, 117.9951450258797, 109.90504369776562, 101.73478194176167, 93.55095787919787, 85.26903381663408, 76.88900975407029, 68.4108856915065, 59.8346616289427, 51.1603375663789, 42.387913503815106, 33.51738944125131, 24.54876537868752, 15.482041316123729, 6.317217253559937, 0], "angular_position_true": [-0.0008081674451820322, -0.004099761911647529, -0.011548906373557825, -0.024849837508071692, -0.04496516670479794, -0.07205937437160592, -0.10633030446931598, -0.14795480042247233, -0.19717244188504998, -0.25432013905739154, -0.31969664285993094, -0.39360239554436566, -0.4759494715255931, -0.5667247788970137, -0.6663849586952021, -0.7750648464668997, -0.8926490958376273, -1.019167219822038, -1.15463664950859, -1.299343882982398, -1.453616541125129, -1.6172561569377417, -1.7901723903375162, -1.972525772167735, -2.1643730816553686, -2.3658938923980175, -2.577491536460973, -2.799474903612089, -3.0320918304284326, -3.27587605876114, -3.5313753084162824, -3.7988906316299254, -4.078575783949947, -4.370528865211382, -4.675114560581167, -4.993070338612381, -5.325421216461297, -5.672619155810159, -6.034982949653365, -6.413117836687012, -6.8077206593663915, -7.2199151124287, -7.650252177794166, -8.098672233119023, -8.565654956314178, -9.05219540580975, -9.559459501817646, -10.087170839878212, -10.624628921643648, -11.162087003409084, -11.69954508517452, -12.237003166939957, -12.774461248705393, -13.311919330470829, -13.849377412236265, -14.386835494001701, -14.924293575767138, -15.461751657532574, -15.99920973929801, -16.536667821063446], "angular_velocity_true": [], "altitude_sensor_readings": [300.1727051355538, 307.0179494823413, 301.0844126807431, 297.0139749551498, 292.42116014891155, 297.0775742491057, 295.1797459988672, 298.78384300002494, 298.2766074279704, 290.06733612180284, 301.0171206996446, 291.33318638073536, 285.57512417717714, 285.76345861572065, 287.8006106173733, 289.07044121897394, 279.2235278864564, 278.68665783520214, 277.826533610632, 256.9269011163813, 266.5924857029511, 262.99950212437847, 259.96849636824805, 252.13967678371438, 241.16423010305792, 243.82039291893665, 237.40021009755574, 230.31649952592437, 216.16376636360835, 218.25202969946713, 211.6938910733499, 194.4374072867224, 198.10526382342547, 184.12129918443634, 185.21685096945782, 182.20593198217415, 175.66904092680414, 167.06135439251014, 159.98367319626277, 155.30746433487727, 145.58345974180563, 142.7372894099873, 142.8745107771507, 135.05943808071336, 132.83030172300903, 121.35858674086002, 104.98271650965346, 96.3343115023423, 93.97883844036073, 81.950374878874, 74.03692064003893, 70.81455424251293, 56.05277876517834, 43.56029528600919, 39.644661757986725, 33.38984741901896, 23.25611818298841, 14.233103600787723, 1.2543074295759427, 2.138992442090516], "speed_sensor_readings": [0.20459208914268268, -0.03257724790986005, 5.162361243312715, 9.498063863270206, 6.406465117687523, 16.183588802160976, 10.845640836296628, 12.365134865186603, 16.674356475402604, 16.551655649498024, 22.054111124223397, 29.05163382389924, 24.808048583758016, 27.310628211492226, 31.893042326041318, 37.035936231308355, 38.18184842814356, 38.81161200740661, 43.49118967739131, 49.740136145035, 53.87912710225223, 54.450595216106215, 57.5707143814725, 57.27050412613619, 57.662829692412885, 56.92945450054473, 69.59326908441413, 68.56538871968102, 67.85870516329148, 65.58024248014368, 62.89960085181605, 63.52390198584468, 65.50308381265718, 58.732638986816845, 59.254892357886085, 59.243686165426666, 59.601740394518394, 51.318073137529865, 49.35953690156098, 53.15021456683566, 53.217869606398104, 57.78506200844535, 60.28137757135293, 69.99318452720048, 78.3396436634688, 84.21108823890125, 82.05572175410838, 79.9599231331155, 77.99244237532393, 80.65857706591189, 88.16168338851749, 83.57283009723056, 85.52260055502458, 83.3011738317741, 91.5647301200985, 90.47000457509313, 90.7462996725598, 92.67172165448311, 86.41783006192443, -0.451740528629303], "angular_position_sensor_readings": [0.9441149383025746, 0.06062488889361756, -0.31951708010527596, 0.16125114094105153, 0.09874248139773872, 0.2357902378288363, -0.5452525697117476, -0.5742723318436402, -0.2023348817074654, -0.05383861325067199, 0.1193334747652186, -0.26216289862585546, -0.1142040488855835, -0.24185339759227864, -0.04416549741726761, -0.9445306957311532, -1.3255038583683496, -0.7009151134712219, -1.3347703414274485, -1.4054114188426692, -1.0624052041243268, -2.355826037214511, -1.0896975914476452, -1.8896813336222529, -2.495753014292654, -2.8070847468080165, -2.9982994159223315, -2.5900325726703755, -3.6906379800890705, -2.6557516733724156, -3.6012580918051644, -3.5016471195076826, -4.325184689448796, -4.314006788280163, -4.950395350484523, -5.024419002126637, -4.884123521081051, -5.974722745299065, -6.629051846977538, -6.648993528354143, -6.6763074348976, -7.70563362006095, -7.347869934928704, -7.808753260324434, -8.523187719106996, -9.109048386543654, -8.980102253376119, -10.265976190021565, -10.322217087315543, -11.217288968203073, -11.72391430712405, -11.949887117115267, -12.343112824404235, -13.357968313341981, -13.698320231040869, -14.539167104725847, -14.46686657076685, -15.320856997144375, -15.330673794620528, -16.237436888864504],