{"position_x_true": [0.01717766306385716, 0.08595751990790915, 0.21880747462769623, 0.4208080356768964, 0.6882112953592237, 1.0134793955498704, 1.4087353946459946, 1.8859567606568102, 2.4571186648509067, 3.113987312936174, 3.8482558499852497, 4.672224128768368, 5.5987250741562935, 6.640873667994994, 7.807315469179111, 9.102139775208009, 10.529419085131435, 12.093151430781802, 13.797231391696226, 15.645347713703075, 17.64112204420183, 19.787866824786278, 22.08844508672638, 24.54562332545055, 27.1619965978882, 29.940167432690664, 32.882647227197616, 35.991404927271425, 39.268019112473866, 42.71375310098444, 46.329404675961705, 50.11531312822536, 54.07165354264548, 58.19789591027089, 62.4920977932963, 66.95147120611317, 71.57301683990244, 76.35257891674846, 81.28402612180602, 86.36008229454545, 91.57237191375903, 96.91104646712743, 102.36641238641997, 107.928394227213, 113.58665174268302, 119.32980323525975, 125.14418196184829, 131.01540949587957, 136.92733806765392, 142.8625362634816, 148.80134352792692, 154.7200747350969, 160.59334014762007, 166.3942876013965, 172.09224587325969, 177.6528827761752, 183.03875605683734], "position_y_true": [299.9508896407472, 299.8037412867297, 299.5588751850055, 299.21638390153913, 298.76011348071427, 298.1780047002153, 297.47787829799864, 296.66682431885727, 295.7514629380708, 294.7184801202203, 293.55400775553386, 292.26340612751807, 290.8511689607795, 289.32039220600177, 287.66970899956465, 285.89356738107523, 283.98601031351774, 281.9410247211591, 279.75239648063695, 277.413484890074, 274.91740766287796, 272.2571357399736, 269.42526907048983, 266.41390739782054, 263.2148886001901, 259.8200815362731, 256.22115424237137, 252.4091866098474, 248.37505577823916, 244.10926952406484, 239.60167571933704, 234.8416474861879, 229.81848309720505, 224.5206111554653, 218.9350549288061, 213.0483905890188, 206.84703853678016, 200.31669820466865, 193.44240949970913, 186.20916497817848, 178.6015352215186, 170.60376925180827, 162.20066658558468, 153.37714580439152, 144.11822565314088, 134.40887381406756, 124.23375917213825, 113.57773737327439, 102.42530267345641, 90.7606734224309, 78.56847431231184, 65.8341343698169, 52.5436961391631, 38.683817073725116, 24.24201227100575, 9.207249903617205, 0], "angular_position_true": [2.020832015357179e-05, 9.820731705196976e-05, 0.00024035533709236123, 0.00041739396166188896, -0.002739179093597366, -0.011765576872925508, -0.025006325385427138, -0.040789692302923314, -0.057408474813719065, -0.07750455696020868, -0.10372147578810723, -0.13430744226645216, -0.16748588161212644, -0.2015029692041646, -0.23547650331745384, -0.2693361790473795, -0.3030396914562267, -0.33655993990033484, -0.3698736918370214, -0.40297666522927705, -0.43593308966647165, -0.46888026848603837, -0.5018845583217317, -0.5349190446944706, -0.5680293084910939, -0.6013622666558707, -0.635072104871153, -0.6692381253410139, -0.7039148160935468, -0.7392134746428922, -0.7752108050216983, -0.8119674436324638, -0.84973703140153, -0.8887322092667733, -0.9289098588945716, -0.9701539595275656, -1.0124364172547131, -1.0557551194212114, -1.1000514653967275, -1.145242398074113, -1.1910591457891595, -1.2371558254700463, -1.2834429632929505, -1.329891233081565, -1.376617372807409, -1.42376498560099, -1.4713943539830954, -1.5198535364670385, -1.569521755804083, -1.6206627647411993, -1.6734214057084313, -1.7277261764011504, -1.7835682041167606, -1.841079943838117, -1.9002014291531242, -1.9607539054844672, -2.022473377492785], "angular_velocity_true": [], "altitude_sensor_readings": [300.0764452401117, 301.39542960812133, 301.00739348547944, 302.5726965384998, 296.4372808448618, 291.06807544849465, 297.3867010550355, 303.3071685117232, 293.5044948166159, 295.23834771052157, 298.2563168428351, 293.4112304044933, 297.5253223056162, 284.303402352139, 286.656736455222, 283.61824546523, 284.2353063414453, 286.70762357192314, 279.2935035200907, 281.44126044468504, 268.97386693007707, 267.8953927274261, 269.19761939452815, 268.4841419598087, 258.64379946065685, 257.5374412848474, 253.20544488583505, 252.053330898179, 244.24595111397218, 250.1021123966286, 246.22489765306838, 230.7457451612994, 229.8418569006618, 222.53308799798782, 222.2554235942005, 212.1075126274419, 204.62615453419056, 200.60548874074956, 191.6812490337713, 189.23890824254056, 174.21844061388745, 165.51330425258155, 158.3851370022868, 157.18492527575836, 141.17578444815973, 136.28451466023338, 120.95395913484032, 111.37108793377081, 101.57182947938097, 93.63797592041021, 88.60014055147793, 64.5259945641178, 51.65410100469283, 38.681668964846324, 24.32359414245305, 6.2171466694711075, -0.8069563040199089], "speed_sensor_readings": [-0.23656972739334026, 0.8908058966898262, 5.662636636633196, 0.33211654381016853, 9.263088465781268, 8.287576888184498, 7.344059335785337, 12.772729820834416, 9.336991235028393, 13.307639303153158, 13.993886702325456, 21.305607752129106, 14.760006557257466, 21.22781815394698, 20.797434854737045, 22.973935661479096, 23.71542165250562, 29.682245811181033, 28.157491873879017, 30.052297163560755, 34.03513558904487, 38.909839325271584, 38.58959688035366, 43.507851499915176, 42.90237107529541, 50.15732277370682, 47.78495458681958, 54.16898735547126, 52.167790011100905, 57.58814551772531, 55.14742660740863, 61.80238529344196, 65.48878675435955, 69.92336832814755, 73.3154814364183, 76.7905886838145, 81.35324598487365, 81.08453166672669, 86.09875068602496, 89.62559454737925, 90.39066099835742, 98.9408760168674, 101.7325907559141, 103.95949442801786, 107.5722988292675, 117.87899374945908, 117.14521942687125, 124.98175636105665, 128.95610930703208, 135.81203447709447, 137.24046038816118, 147.22177934748632, 150.7634659826943, 159.91164167905663, 156.52741660611778, 161.2250290452823, 2.2398029445677734], "angular_position_sensor_readings": [-0.2589463575168581, 0.2016302774754858, -0.4440733904612859, -0.1768666320855413, 0.18700316767871422, -0.44759026231576804, -0.5277222676838269, -0.6989979826063065, -0.3469486432315497, -0.342319671764435, -0.04935917002814615, -0.47260929164051235, 0.14705116868247317, -0.6518238932629694, -0.9875532246563898, 0.05038743995083528, -0.04729980067696338, -0.6032780589393287, -0.38509023420549726, -1.2050177228332397, 0.12886521613566732, -0.587914809869079, -0.3658951769994189, 0.018886987363008423, -0.5536343570037368, -1.0161824672075908, -0.43547641138502213, -1.3140149981367337, -0.3768664562572671, -1.0338476880170677, -1.1051337873835512, 0.31127060841249876, -0.19088384324230578, -0.4848329779462693, -0.3132823036557356, -0.6333038280166845, -1.4252023222467995, -1.4722347713889157, -0.9215711792267492, -1.5980884167660232, -1.223792074617856, -1.2398655729266383, -1.0118218422502678, -1.223612580014826, -1.78833231558019, -1.2082021886208592, -1.6599795899125733, -2.7899429972326244, -1.156246423693922, -1.8690171874702706, -1.4860613724113707, -1.2983205874254888, -1.720574745608797, -1.9536560224438437, -2.1272997359040073, -1.1238099315986514, -1.3119771946279664],