{"position_x_true": [0.005889282324585765, 0.02948283560380173, 0.08262152979834123, 0.18098286156399968, 0.34013493739971157, 0.5596683016084643, 0.8393583531490179, 1.191193553103792, 1.6273699775791992, 2.160656225256449, 2.7809980705985633, 3.477869139698777, 4.263657974166602, 5.15117608503672, 6.132164630377289, 7.197625971915577, 8.359046118873733, 9.627504646835687, 11.013189754593668, 12.495681481317083, 14.052949062606547, 15.690740693213245, 17.413596093699987, 19.224011949568837, 21.09311754147926, 22.99063382081428, 24.913054457643106, 26.853470806306923, 28.80196029809657, 30.741236154577027, 32.647637578733445, 34.49696900779219, 36.263187418674164, 37.9188780029914, 39.43753729790784, 40.79264513952675, 41.957627172909966, 42.906884659853894, 43.61614418069189, 44.06321929856553, 44.22819599727786, 44.09325292366193, 43.662456555918084, 42.94550829943847, 41.93907532609815, 40.6441501175713, 39.05970622294563, 37.19931253840224, 35.091301193971404, 32.765411426424166, 30.262552522690136, 27.635411820274125, 24.946721675113857, 22.26976183494856, 19.688811977315332, 17.29336824184903, 15.173575271590805, 13.413872823473032, 12.084655243995883, 11.23303569441185, 10.869083273690384, 10.956370748948281], "position_y_true": [299.9470343988143, 299.7842616576204, 299.5039142270029, 299.10180574148967, 298.5810304908565, 297.9367171859775, 297.163800196145, 296.26817081108027, 295.25452169082394, 294.1265397314355, 292.8708143226964, 291.47331305209946, 289.9355034755683, 288.257094374295, 286.42709177266244, 284.4343338067257, 282.2756686403784, 279.94528307504953, 277.4351225645262, 274.73287562238096, 271.8258945227546, 268.7033291892416, 265.35241289660445, 261.7585450495779, 257.9160567615673, 253.82052100944307, 249.45802995540132, 244.81353808339918, 239.8714836719878, 234.62105683768158, 229.0576701716259, 223.1793461332013, 216.98712710194783, 210.48505783208833, 203.67971991851942, 196.58097738604147, 189.20238130654957, 181.56078282528887, 173.67593851870163, 165.5702578399103, 157.26825153900268, 148.79655913989086, 140.2070844529682, 131.5527169941691, 122.86668838645583, 114.18577926580859, 105.54633208349861, 96.99095276490661, 88.56537281892739, 80.31161044606048, 72.2706527353723, 64.47934366793869, 56.96622852528008, 49.74817517097948, 42.82684193773347, 36.18434699692058, 29.779252250002884, 23.544731858984434, 17.386890295123422, 11.188149852557434, 4.814139855114717, 0], "angular_position_true": [-0.0008155137686358255, -0.004075337238524144, -0.011416732307508715, -0.023673057070442125, -0.040081198645044225, -0.061535890953073866, -0.08888097846997703, -0.12053259184782295, -0.15491327207759253, -0.19035168490174473, -0.22940776150958608, -0.27463199009780603, -0.32432479953656196, -0.37676021953447564, -0.433649506376472, -0.4968531805732011, -0.5647607539811772, -0.6356760899500514, -0.7080593497940522, -0.7846535492235478, -0.8679742375729631, -0.9561487000607242, -1.0473723120663863, -1.139809188154056, -1.2360594726102048, -1.3387434474978923, -1.4459216571641806, -1.5555973989669205, -1.6658872415461707, -1.7758655384739734, -1.885526389711446, -1.9949400771233388, -2.1040375713449397, -2.2127387118890796, -2.321062479867317, -2.4289816040287375, -2.5364180851519023, -2.643230135408663, -2.749246374166366, -2.8543355784434428, -2.9585337377279814, -3.062024075669417, -3.1695238130947465, -3.2857709032802425, -3.4108771265555893, -3.544999478092647, -3.6872125282627835, -3.8376663100562025, -3.997925116941051, -4.168529679507739, -4.349818992562276, -4.5419493891885345, -4.745336592198083, -4.960498170467944, -5.187546816410028, -5.426676513822345, -5.6781213347770265, -5.942148208537405, -6.21900136520276, -6.509113069476559, -6.813252687743675, -7.131199845947726], "angular_velocity_true": [], "altitude_sensor_readings": [298.0876694828105, 305.4980153894547, 298.72380127545387, 291.9381975379819, 300.46503698315047, 295.6182296234944, 297.5374696482511, 296.2876607026278, 293.9423591491488, 296.07346794760514, 290.8362926099924, 285.5942240864221, 288.28899828634195, 290.8364036755996, 284.424405903248, 281.67597085104643, 287.02569894221324, 279.5748619470426, 273.18800433544095, 277.2673330855695, 271.6527401360789, 269.4191635836518, 272.48982220847745, 268.14889469590423, 252.07762565333047, 252.73937821665265, 252.89148847045055, 245.18838008073757, 243.735927870887, 224.31958294360774, 230.0628320771668, 225.04936233882782, 215.2752712419705, 216.64764522003145, 203.78454610753766, 197.37287328251094, 185.48795937551668, 178.10678844932715, 168.20493577699875, 167.54812203353362, 156.49611356647807, 154.22847701496872, 138.78352547385384, 129.91489541096578, 122.99136624860765, 108.1536763555762, 100.3686780697998, 94.97987862384333, 92.32547064019191, 75.27700244785079, 69.34387039621897, 63.590898438564516, 60.940499770155604, 50.24259811217215, 44.43924981354265, 34.582288622979505, 24.045566081989907, 28.988558615036276, 15.605653615669006, 9.989977721255265, 12.690548070571147, 1.0143955663237374], "speed_sensor_readings": [2.7067046403025503, 7.662366001691359, 8.637011519230374, 11.695879532170464, 4.332638263192836, 4.296959650678458, 10.90661833511342, 13.61981621779562, 8.88957763674581, 11.525311400516063, 21.50494353290765, 16.05012678188956, 16.37384956707704, 19.60896163884873, 24.682081348703058, 20.700176768709568, 24.435761947108126, 25.835403460234087, 33.87890018036327, 33.81634746524752, 32.59241087532637, 39.907888776296126, 43.973984870737034, 45.74291051970799, 46.58865942202724, 44.96389929053707, 49.748609199466436, 47.968316759376144, 50.22609553441119, 58.26300160826015, 60.98554335298478, 66.35028368552145, 66.78705501831116, 68.31938144082848, 73.63242138755894, 78.04476062691982, 76.16528967837101, 74.88798332726323, 79.23267392220976, 80.88933695641731, 83.86394600489476, 77.98805712184992, 85.77271314851941, 91.61704016837002, 87.06868904254024, 90.40618922357709, 89.82858165166586, 85.07670516903588, 86.23112175960127, 86.25639480373286, 80.5706009417491, 82.86441955341837, 73.37085433031532, 70.72495362218285, 78.4814567264026, 67.84671224299466, 69.16262146633954, 60.96342839755216, 64.04258741173567, 65.64404025528302, 64.6587065056818, -7.6514251548979], "angular_position_sensor_readings": [0.047679923822636035, 0.10452950838227389, 0.05630330650100762, 0.03459546134735829, 0.35165127256351925, 0.10769730059539374, 0.487213853852941, 0.6592693283932662, -0.3532316195864704, 0.08484536751656283, 0.208957817315228, 0.01352973300645366, -0.48336146722409207, -0.6223609952028214, -0.7298972496357822, -0.5596803365477504, -1.075835964460561, -0.8162930150920449, -0.944292060653225, -0.19801439807557342, -0.635286206018294, -1.572002137998072, -0.7534144607710733, -1.2847431245789682, -0.826150001919284, -1.72883498616908, -1.979197540491135, -1.3911034553259438, -1.7888059354859176, -2.2575747727945776, -2.1144740935602613, -1.9616528094441317, -1.7252090294657114, -1.6723919838073649, -2.4568042153726757, -2.531955310443073, -2.842274112313162, -2.903761108544445, -2.5418944332943862, -3.020528307822563, -3.2463243403260282, -3.5016018068783774, -4.058381952886422, -3.3981904500482596, -4.40528072619225, -3.3665631827740534, -3.6926356168276224, -3.956919955985569, -3.8749052796763124, -3.505896471856604, -4.108012796066532, -4.341660498622189, -4.60191279624619, -4.983597344421772, -5.428897995920724, -5.3415926128633675, -5.894197196083071, -5.162227173978551, -6.142085774041457, -6.0293706987499025, -6.460245985469688, -7.5187538896631],