{"position_x_true": [0.00588177834026449, 0.036742510954273784, 0.1130165208450199, 0.25323052434834853, 0.47619910378379204, 0.796896571758948, 1.230386493783412, 1.791971983669077, 2.496829091353317, 3.3598105572457424, 4.395301883971557, 5.6091716746997, 6.998128974057456, 8.557595205320183, 10.281265231499724, 12.160574854590092, 14.183880975724632, 16.336792562823053, 18.603192378155697, 20.962232587384523, 23.388638226376994, 25.8542758210695, 28.324637493879063, 30.759487208459284, 33.11571461839401, 35.34402815663278, 37.391018626557624, 39.20249492287298, 40.725146712236274, 41.9108047967856, 42.72152923389786, 43.136271744253804, 43.15486372262923, 42.80266232169818, 42.138158840296626, 41.25708476572649, 40.29126224873893, 39.402697901168196, 38.77521496123185, 38.592401870778566, 39.00918152052825, 40.12094001316206, 41.92419916264448, 44.28363006192672, 46.91422346307749, 49.483601880640585, 51.94651506321995, 54.409428245799305, 56.87234142837866, 59.33525461095802, 61.798167793537374, 64.26108097611673, 66.72399415869609, 69.18690734127544, 71.6498205238548, 74.11273370643416, 76.57564688901351, 79.03856007159287, 81.50147325417223, 83.96438643675158], "position_y_true": [299.94702553187005, 299.7841007866894, 299.50320085774143, 299.0958107868322, 298.5565993827047, 297.883252231553, 297.072196959801, 296.11895314438397, 295.0167387909094, 293.7554980182195, 292.3215159705414, 290.70021641816095, 288.87760446163367, 286.8394684546718, 284.5707591579078, 282.055217497453, 279.2757772156747, 276.21550467487066, 272.8589255765567, 269.19045910735525, 265.192742931677, 260.8485201292342, 256.14366289183823, 251.0686557241506, 245.6202725037268, 239.80353989942054, 233.63361751042922, 227.13792715212375, 220.35810732824223, 213.35257587085826, 206.19644442976556, 198.977643529602, 191.7923326522312, 184.74282931505692, 177.93502994342856, 171.46537446334418, 165.40481993273178, 159.78449713651244, 154.5794773166876, 149.69707144421713, 144.96946201265084, 140.15631701041687, 134.9678794016499, 129.10550603951071, 122.32488745559417, 114.59810941120699, 106.384712708195, 98.07321600518301, 89.66361930217103, 81.15592259915904, 72.55012589614705, 63.84622919313506, 55.04423249012307, 46.14413578711108, 37.1459390840991, 28.04964238108711, 18.855245678075125, 9.56274897506314, 0.17215227205115724, 0], "angular_position_true": [-0.0008167595490811367, -0.004088939623739749, -0.011500742866509159, -0.024719924896416327, -0.0445545598012733, -0.07103449703535325, -0.10421264158171345, -0.1442713816789662, -0.19139152779703061, -0.24562602397133135, -0.3068171216222204, -0.37477579361550023, -0.449461595358081, -0.5310699561733494, -0.6197993364062814, -0.7157706015519882, -0.8190806056926587, -0.9299739140485737, -1.0490341637756413, -1.1766092380008335, -1.3127577792598066, -1.4577044094738119, -1.611598748738981, -1.7746363572405366, -1.9475108577868645, -2.13059212867692, -2.3241307722754243, -2.5284555573182144, -2.7437571069994515, -2.9700876203436195, -3.2074331895026247, -3.4562381293257523, -3.7176312334178476, -3.9928651663114287, -4.282553459506628, -4.587131168040559, -4.907321825933922, -5.2441203459628625, -5.598255966349375, -5.970778772653924, -6.363042317332587, -6.776017247906257, -7.210861684664135, -7.668803194976824, -8.150788158530993, -8.646330476540431, -9.14322428593182, -9.64011809532321, -10.1370119047146, -10.633905714105989, -11.130799523497378, -11.627693332888768, -12.124587142280157, -12.621480951671547, -13.118374761062936, -13.615268570454326, -14.112162379845715, -14.609056189237105, -15.105949998628494, -15.602843808019884], "angular_velocity_true": [], "altitude_sensor_readings": [299.18022223323993, 303.1501540307113, 300.16885886972204, 296.75577089821803, 299.343574777457, 301.3390899080317, 298.2334306542243, 294.10293964685707, 296.21561579202705, 291.8986664471104, 290.1244281955421, 286.0629808000969, 286.05494398657765, 290.53423393166474, 284.5682933786177, 277.5175549261031, 285.3587691352966, 272.91637544894013, 276.03675931177617, 261.8974364524845, 267.12412923744506, 262.23933012855935, 254.70706117155086, 245.07281349894907, 241.4506206590696, 242.62512419077223, 234.42752001423676, 233.0182783539444, 223.23196147309517, 222.18112427975066, 210.58634706285198, 201.7741726463107, 189.5770308184081, 183.24384256524905, 168.36955483940972, 171.61245292417956, 166.38625424477092, 158.83396762258747, 155.28019933901297, 149.1114071168394, 148.0841614360711, 146.58005808232383, 138.72711238323492, 140.61939841052225, 121.40710162693307, 113.60989224822227, 105.91808864624359, 99.14294892793176, 91.95056416053193, 77.65206262609482, 73.96665564081898, 62.1232500175601, 54.37973966653134, 41.5512646214147, 38.28160910764754, 29.390450775942572, 24.911349545414126, 3.398935517424416, -3.836444471266069, -2.6577914726961227], "speed_sensor_readings": [6.7632612213213585, 3.6233590726084124, 5.191094335889512, 1.7756896266468036, -0.5794324372169237, 15.351665764444057, 11.475414491178467, 12.803039252324785, 13.026382328883829, 19.612366378686474, 21.282103934465674, 18.719235116868703, 25.968494742777136, 26.371993550492725, 30.91723708894323, 32.17814350901673, 33.3646582128216, 43.76853051360839, 44.83797481226601, 47.00358057649671, 49.173944058702695, 49.592780783952094, 53.99578842081351, 58.595896323915504, 62.95858949863685, 59.992048392068, 67.45917018858295, 72.86741560984943, 66.72238735810765, 72.45499277517105, 70.44856596614068, 72.78854952035232, 78.52369241473436, 72.06771289956399, 70.33757150249059, 62.97510707859566, 59.79233814471772, 56.00590036233804, 50.569448862801536, 47.67322095014199, 50.01220754670837, 50.73381582595498, 59.79398713380217, 69.22657183643344, 77.93201960810133, 82.30917334110646, 80.0196997276921, 85.16544050705123, 86.43529919614676, 89.40490156801452, 90.59408222277648, 89.6488722270473, 93.0995101375483, 95.8008660140265, 89.9803528246178, 100.09200779574664, 95.75172415624685, 96.0509569634851, 97.1081920006545, 1.8281189138085], "angular_position_sensor_readings": [0.4915265346300097, 0.542545090053515, -0.5955975782362558, 0.8630906815211046, -0.3734202583679376, 0.19420122303293902, -0.41534933294994686, -0.37551947765292626, -0.8354568501589081, -0.4576213381110458, -0.6486163692643592, -0.43150296543642197, -0.45523007165909574, -1.419492361509663, -0.7201032825734544, -1.2985730026715303, -0.6035334810485502, -1.0608514079904734, -1.3608270579755581, -1.1476878451959218, -0.7807791713416994, -1.4707091410145703, -1.8765683949886076, -1.7582861074456557, -1.3326548632359878, -2.419509831876993, -3.07043838284369, -2.349587094209747, -3.16661880109354, -2.326480710167022, -3.276292201311147, -3.449324437626221, -3.7446686117727053, -3.331035557764017, -4.661649626319633, -4.515006666175017, -5.244596705771965, -4.964581339068816, -5.454864979619368, -5.590460091913014, -6.78287656384349, -6.871053855824526, -7.090907069186901, -7.942422463745017, -8.115572477781797, -8.607709298840824, -9.439590473079873, -9.67000500971328, -9.98572770844518, -11.656898802110264, -10.295946549779549, -10.806665457215615, -11.90381585710096, -12.413432455509557, -13.604737714652302, -13.413208250878904, -13.656978190416526, -14.455543461270329, -15.391816741723831, -15.3275795991237],