{"position_x_true": [0.005927778837835039, 0.029693702285661892, 0.08712744661890984, 0.18968156809620565, 0.3444115898239121, 0.5519459494795085, 0.824914563000579, 1.1829678310747784, 1.6462906181501418, 2.2391906177775724, 2.978251048551117, 3.8842473471846146, 4.978758549276524, 6.284133529845321, 7.823068490970076, 9.618736715117631, 11.686804831885679, 14.034282704333577, 16.667158312841707, 19.5900019687566, 22.805347558883167, 26.312448436284612, 30.10522990304633, 34.17161160688597, 38.49250930804147, 43.039329557659485, 47.7727512660185, 52.63965667847898, 57.574430983425955, 62.49981416246625, 67.32608623112577, 71.95547916186959, 76.28165203836572, 80.19257226967969, 83.57873552962741, 86.341171647876, 88.4029951593545, 89.72319099009852, 90.31220808363142, 90.25054660955664, 89.70174264876198, 88.92102261588786, 88.25585651632657, 88.03863932391612, 88.11378682826742, 88.18893433261873, 88.26408183697004, 88.33922934132134, 88.41437684567265, 88.48952435002396, 88.56467185437526, 88.63981935872657, 88.71496686307788, 88.79011436742918, 88.86526187178049, 88.9404093761318, 89.0155568804831, 89.09070438483441, 89.16585188918572, 89.24099939353702, 89.31614689788833, 89.39129440223964, 89.46644190659094], "position_y_true": [299.95481731954146, 299.82307823212756, 299.60870275119873, 299.2964508533587, 298.88283788598426, 298.3798108830358, 297.7882563237842, 297.09373204749085, 296.2825169458342, 295.35246788964787, 294.3000777979959, 293.12472984994355, 291.8236079069763, 290.3912681029501, 288.81791373345897, 287.09027449548876, 285.1953009522378, 283.11832604513796, 280.8422968250176, 278.3465506256096, 275.6064102954823, 272.5930504110695, 269.2717424184287, 265.6038802395687, 261.54807885775205, 257.06048188197155, 252.09692487999777, 246.61481681161052, 240.57690380838866, 233.95575368285165, 226.7367732965789, 218.9217579421967, 210.53363014232997, 201.62242609507007, 192.26856222148686, 182.58761117150533, 172.73039000131456, 162.88343117974773, 153.2632384750899, 144.10205375328346, 135.62434184705535, 128.01404217624219, 121.37623051841298, 115.66400352795984, 110.32871724612242, 104.89533096428501, 99.36384468244759, 93.73425840061017, 88.00657211877275, 82.18078583693533, 76.25689955509792, 70.2349132732605, 64.11482699142309, 57.89664070958567, 51.58035442774825, 45.16596814591083, 38.65348186407341, 32.042895582236, 25.334209300398584, 18.527423018561166, 11.622536736723749, 4.619550454886334, 0], "angular_position_true": [0.0008095122780797069, 0.004041112369721968, 0.010489962370526254, 0.01691249532261222, 0.022526138202273466, 0.029760041965724716, 0.03853669731462959, 0.04552254632081933, 0.04733328576410058, 0.04300175508522289, 0.0315508908578721, 0.012775754045374909, -0.013365776753182713, -0.04680708800171579, -0.08726882044329495, -0.13448193539981848, -0.18872647220200628, -0.25050764303177686, -0.3205540450895064, -0.3994908749028811, -0.4878723400596209, -0.5862439399564398, -0.6947954513790016, -0.8136808215025999, -0.9430755042137373, -1.0829994532879332, -1.233459561514994, -1.3941056412263937, -1.5646563894758516, -1.7451779751420922, -1.9358480413881227, -2.137375622012565, -2.350386726240588, -2.5753834868949146, -2.8130410543781714, -3.0639683408318708, -3.329071628400482, -3.609092232923349, -3.9045469680321143, -4.215871710734272, -4.54365318616269, -4.888708779612109, -5.251316010499806, -5.6218960639898, -5.991649595591673, -6.361403127193546, -6.731156658795419, -7.1009101903972915, -7.4706637219991645, -7.8404172536010375, -8.21017078520291, -8.579924316804783, -8.949677848406656, -9.31943138000853, -9.689184911610402, -10.058938443212275, -10.428691974814148, -10.798445506416021, -11.168199038017894, -11.537952569619767, -11.90770610122164, -12.277459632823513, -12.647213164425386], "angular_velocity_true": [], "altitude_sensor_readings": [296.6675169605195, 299.43816569177187, 301.3140287726901, 295.53966330310965, 298.4697745714541, 304.76702874313423, 295.6530571580956, 298.29045389077, 293.5977719254771, 296.25173768275437, 294.53438000421227, 293.8430452995625, 293.66208995790964, 290.7469266737026, 283.6455290916185, 294.49831553271986, 287.63595063709215, 280.5918691117233, 287.02909823077056, 279.3922318994514, 278.5982940325147, 268.785954453782, 267.4414054778184, 267.2022130984961, 260.3026093671739, 261.90327774868365, 252.6305306496667, 250.74056461190287, 237.56537212122433, 229.93861522048613, 225.34172346481114, 220.18356620381667, 215.22613761105916, 201.6518610298666, 190.16164936161564, 187.82732696130455, 173.55265451628625, 160.9868420767322, 151.64500714281004, 147.85022222233488, 141.27880813481113, 132.04666852371096, 112.94737731401648, 108.99504631542322, 106.12561682317315, 98.40830950321407, 95.66085586454642, 94.75904832886714, 85.42522486246963, 86.21819829844654, 75.01408163013133, 69.66426833465974, 69.37659640457055, 61.37937836417778, 50.45700580665452, 45.094987866549765, 39.238244873997076, 26.324582598298242, 27.622134406328325, 21.290692786554033, 13.618897329258443, 6.036884422674723, -0.648663294580574], "speed_sensor_readings": [4.577034755429183, -0.1699959320451152, 2.6214974933878907, 1.1102342044001503, 5.827732954815782, 12.327894567212816, 11.17684330492569, 14.501016312540564, 9.515452426817403, 5.118741498015488, 6.106418778948002, 19.26450265627115, 14.626835221950653, 17.501158449004603, 22.64094384877075, 26.64992271502524, 31.049126701568387, 39.289508643089434, 37.39502247945087, 35.95124442040592, 43.17382039445986, 44.58189607216501, 54.96231614338946, 62.42589262497759, 62.255623017195, 65.3098657159719, 73.38596978596846, 81.34506384959536, 80.33262949717842, 83.00233766946367, 85.4395646163816, 91.07805392476021, 100.94330497216808, 98.62479561366989, 97.20962130498052, 102.74004578271342, 103.98449406410361, 96.4295585770778, 93.06242013845285, 88.84105679840391, 79.0215604376454, 73.10815197634483, 59.44979149484687, 56.98638988379463, 53.26588022859937, 57.13555818983892, 54.85269039242385, 56.77795544939, 54.3424192733121, 58.76324891326428, 56.04055395130584, 66.29630163507244, 60.683016806842396, 59.70085064627269, 62.45971777316362, 64.99603413841513, 66.3645111714019, 68.31174274884188, 71.86390879760565, 65.77882727567349, 70.1205995642552, 68.06272222108248, -4.497830422714045], "angular_position_sensor_readings": [0.1744597623633186, -0.051565958960370806, -0.003830397262797776, 0.1168667091975503, -0.11645705402145402, -0.08081980424453447, 0.0637420877846501, -0.7502127350794071, -0.7394249441176741, -0.1908603427791814, 0.30510605084126285, -0.16429307401088278, 0.3385179247202123, -0.46599286904898457, -0.5992593096959024, 0.12634567982066916, 0.18767460980716272, -1.049075104400461, 0.19098687858857705, -0.4949740705184299, 0.11279794914821384, -1.2876802131990197, -0.4435912509628656, -1.1777361768890922, -0.882723544513428, -1.1563764323798469, -1.9344321165696283, -1.1490584251080358, -0.9645129960560038, -1.3503641763799168, -2.0580659984328693, -2.02482156059721, -2.3880262860980372, -3.20497944595325, -2.9400031439555554, -3.6035943232044865, -3.1376847736336435, -4.119699088050639, -4.169119721899628, -4.486208256016947, -4.887232975618869, -5.054611664570205, -4.914860015316732, -5.6904836022767915, -5.808157962715943, -6.049646765385593, -7.087891455687746, -7.610808136128529, -7.307162702219637, -8.04903381203201, -7.6177775037565905, -9.054257924935676, -8.506790375202202, -9.358205788941737, -9.860528353965949, -10.501402599615423, -10.531436812625826, -10.192511769705412, -11.422984255404128, -11.116818989412417, -11.820269038726376, -12.075113833054726, -12.499942435730036],