{"position_x_true": [0.009360068502378558, 0.04683124787286473, 0.1312725167406748, 0.28174431261336536, 0.5176110787061439, 0.8586288441069576, 1.3250655104408873, 1.9378222343016347, 2.7185574153265395, 3.68984323443022, 4.86721737288036, 6.258859484754007, 7.873290256180845, 9.719376299864123, 11.806383919714982, 14.144031761940672, 16.742477067972157, 19.612323427806718, 22.764604934692443, 26.210799422920964, 29.96299264849037, 34.03397592388164, 38.437058155536356, 43.186121670839796, 48.29537400245156, 53.77936528034327, 59.65278896191158, 65.93030887997284, 72.6272258139406, 79.75865454990347, 87.33845172634256, 95.37913839643362, 103.89207592790578, 112.88818547386425, 122.37544105283776, 132.2292941070811, 142.33092117367067, 152.69409146342906, 163.32722457039173, 174.23256149480756, 185.40248070297216, 196.81750953757094, 208.4191720506759, 220.15224680919425, 231.99426970890573, 243.90849818332686, 255.8456405352502, 267.7502948363345, 279.57317296062746, 291.2660869271681, 302.7900575235049, 314.1201039680848, 325.2508593187075, 336.28653749102335, 347.3222156633392, 358.35789383565503], "position_y_true": [299.9511050154589, 299.80454638155925, 299.56062956490587, 299.2196973541334, 298.7817269379548, 298.24729640364137, 297.61705269500237, 296.891369514091, 296.0706289815721, 295.15446589152293, 294.14266909861806, 293.035291640564, 291.8297199039854, 290.5221444066394, 289.11113728791634, 287.5965190334771, 285.9775885143612, 284.2521395901684, 282.41602995538113, 280.4637740592288, 278.3903296018496, 276.1913511452525, 273.860850864004, 271.3912054465443, 268.7717256130897, 265.9888789474005, 263.02633944509944, 259.8642884077507, 256.48250727265633, 252.85744427768296, 248.95957206432993, 244.7544698168652, 240.20396102147384, 235.26755828525492, 229.89863793019444, 224.14541887971313, 218.05713919580248, 211.5806930479518, 204.65684157071038, 197.21992339057385, 189.19606900798496, 180.5029304636961, 171.17460004975382, 161.24229331854647, 150.6107095676683, 139.17666650174905, 126.93001734187281, 113.87671284969318, 99.98512360402154, 85.22190151599715, 69.55193293625082, 52.961083295066885, 35.60675296032008, 17.909533589576746, 0.1142142188334141, 0], "angular_position_true": [-3.2880179729913166e-05, -0.0001584165410179972, -0.00044220815990987167, -0.0009600168665677721, -0.0017153927444506943, -0.002846737519051308, -0.0045202693793648906, -0.006865901651755772, -0.01004894191495133, -0.014127010038999827, -0.019231344023449903, -0.02559003146908835, -0.03295377827905848, -0.04090566268526384, -0.049580774707047776, -0.0594282671214687, -0.07087408044082097, -0.08415790379911042, -0.09928331881165683, -0.11615923406508845, -0.13496359461963306, -0.15620851311260844, -0.18033057265227148, -0.20774791914675936, -0.23865746441230543, -0.2731360306941673, -0.31120972475183195, -0.35277461577632796, -0.3982181683235085, -0.44794585706226514, -0.5019892732921808, -0.560289889279264, -0.6229801965496986, -0.6907437166708983, -0.764218043097711, -0.8415877124170212, -0.9212038127943977, -1.0036230280969003, -1.0895268425025892, -1.1798002680774617, -1.2751994433545353, -1.3764227286108017, -1.4807142086929226, -1.5828385288412186, -1.6790779425339502, -1.7654947319069145, -1.838957933804243, -1.8988050289761496, -1.9447496051282684, -1.9764627683979152, -1.993576882145961, -1.9948411565596866, -1.9893756786086791, -1.985467123476743, -1.9815585683448067, -1.9776500132128705], "angular_velocity_true": [], "altitude_sensor_readings": [304.17420740810155, 305.2064853909134, 296.259775289414, 294.5290243949115, 305.04873488610554, 304.2982817871106, 305.47282847184545, 296.32545593075184, 298.1645725004646, 293.73206791343944, 292.0072986438503, 291.7054769075697, 296.0913007084114, 290.00638406605134, 286.27370933107903, 287.19808057481526, 293.26489110324866, 288.80987266838946, 282.0285411311144, 279.3610397663236, 265.3216316107542, 277.9066701888628, 267.74057004231923, 279.457750515047, 273.2487242899846, 271.1007139297533, 262.8675721183862, 263.38294078473035, 248.46415627695717, 245.5721543746003, 245.03756256510454, 241.88626575707698, 230.19974795284259, 240.79538966907575, 227.20636577891284, 229.2267101860647, 216.98339589739763, 204.66765533506268, 203.03924570956673, 197.36328731645713, 185.33584477288602, 181.58047945883004, 174.0074853943706, 159.90090915773843, 153.77599533022482, 145.61064534339772, 133.87563561431162, 118.81433398325117, 99.08611725072896, 82.46078133118719, 64.60757349915067, 50.235411746479436, 35.85621903950538, 13.351272739087852, 0.9783035343996779, 0.1511888283715458], "speed_sensor_readings": [0.23886279811564926, 9.386745979711597, 10.512456950905085, 2.8254356512465786, 9.545689381388458, 5.717830375666521, 6.888057249425583, 8.111816827892051, 7.173342087997691, 16.3261537790556, 17.37132026984409, 20.008867418681227, 19.220269916709494, 21.29243811604849, 29.00763466911899, 25.681329327514717, 35.19125551127309, 34.71419166078274, 37.89613787600176, 43.71086295565288, 50.10261185556711, 47.11392327691351, 54.79140822297379, 58.82271498244046, 57.73895162005178, 64.87285053164399, 67.99836868227645, 72.79795667403576, 74.8204860370538, 77.1856518381438, 93.52396878050726, 93.16519305923256, 97.53970998826114, 104.8378505572038, 112.54574968136166, 119.73351420345803, 121.57335658796661, 128.45674475900344, 130.4101410507706, 136.82950515132424, 139.98982171318642, 147.17681991375736, 148.3515041063889, 154.71761339341583, 161.66789512798016, 170.08226158071332, 176.062206739811, 182.63045613334384, 184.20029390222982, 193.179100421084, 196.28527797215054, 201.9700085347619, 213.32227485239554, 205.23062374272536, 211.19117427272167, -0.9531486883752471], "angular_position_sensor_readings": [0.16334744722124409, -0.5163008440728994, 0.44444371815023237, 0.21116181213016613, 0.20704757698154674, 0.11557542915019434, -0.021640955676366765, -0.1863057315484247, 0.2802673351718328, -0.002810248340018473, 0.1849862219475735, -0.09082005281279826, -0.7624881653618102, 0.032472027584085975, -0.7140945988944059, 0.36030501247063457, -0.8703319263660368, -0.13406987022072298, -0.17768707898858357, -0.5655889249628846, -0.6777033262023864, -0.4092237027362463, -0.01474176919615644, -0.06672396802186786, -0.20065436937342185, -0.18171077832479868, -0.5137047317980994, -0.5704529171879279, 0.02693018538259362, -0.3363261471186948, -0.6705030625095986, -0.11764100478545031, -0.8226652551640324, -1.2244616444102934, -0.7730356279102363, -1.8539197835177286, -0.8635539478280584, -0.8343774873144736, -1.341934466325458, -1.024132793856336, -0.5338357179703135, -1.9964058415463155, -1.6003350959564315, -1.4565450957186674, -2.0405149934293254, -1.816965781167127, -2.110112735341307, -1.9670307413535362, -2.1468986951254823, -1.4509112004570137, -2.39129906249784, -1.6067283172809168, -1.842036309075777, -2.1509466300651696, -2.1363578591384527, -2.012825681617797],