{"position_x_true": [0.01125832740358434, 0.05632388542874903, 0.1598405424647879, 0.3485701373234248, 0.6456437418210939, 1.0706347046010165, 1.6433624661747714, 2.3840340182149156, 3.3129286707167305, 4.450462797558478, 5.80898617737496, 7.392057029255004, 9.20181702864434, 11.237682714947411, 13.497128010980047, 15.974942598733437, 18.66048540333363, 21.53771209105751, 24.584879846538715, 27.77337466059887, 31.06616909013988, 34.417342640610094, 37.77192493303366, 41.06701012230797, 44.23123407596741, 47.2415719668032, 50.08866258362075, 52.71953414390506, 55.077346855124674, 57.107756871987135, 58.76572501096132, 60.023920661164475, 60.967206297403486, 61.7058313138374, 62.291674658582764, 62.8118059458206, 63.38938244681731, 64.17636310738668, 65.27076421699196, 66.73838905110772, 68.65959235142113, 71.06494597865372, 73.9086651314936, 77.0114212507496, 80.1345145920085, 83.04696796985313, 85.54578329163355, 87.48618122657571, 88.83631480742869, 89.72579925640814, 90.40674171302543, 91.22357991549713, 92.52124324954032, 94.52913842427694, 97.25821224470947, 100.45488565189274, 103.64796104103691], "position_y_true": [299.946951700089, 299.783658872909, 299.5019027699876, 299.0928089572504, 298.55124018203117, 297.87528771924866, 297.0602365013833, 296.0985581429607, 294.98034308150005, 293.69355830686635, 292.22377045398895, 290.5554233223902, 288.67122929355617, 286.54961473091913, 284.1679727342843, 281.50233039600187, 278.5241660949643, 275.20291751893444, 271.5076765509274, 267.407425322046, 262.87211724821776, 257.87494483563165, 252.39472193590427, 246.4182148591932, 239.94319442491803, 233.08936527160105, 225.97626728748767, 218.61647909614675, 211.04181929260525, 203.30481682351956, 195.48006527339743, 187.66615984390126, 179.93492891246657, 172.3434708237325, 164.97224395365663, 157.89243600025162, 151.15082146820532, 144.7529404320982, 138.58139537281352, 132.47531472890935, 126.30202558112175, 119.88421896295148, 113.01779126082299, 105.5872753657969, 97.55008093833813, 88.88944583698657, 79.73822794734653, 70.33662064550322, 60.95927908745432, 51.886042690760064, 43.31781641843101, 35.30508708422954, 27.700651205137568, 20.174699186533957, 12.293437239154215, 3.660624493627724, 0], "angular_position_true": [-0.0007987844527665947, -0.003973890008674143, -0.011147361549873919, -0.023960036885252552, -0.04339058548438722, -0.06970500626759288, -0.1029562270275255, -0.1430161534840362, -0.189884512339546, -0.24383906308930348, -0.3049713534337046, -0.37346195063751586, -0.44968265960146414, -0.5336420282050912, -0.625723293002597, -0.726558395809819, -0.8362366040295386, -0.9548003703348379, -1.0824990468442695, -1.2195626425646977, -1.3660691244851701, -1.5221368917311895, -1.6879469452975715, -1.8639006487079695, -2.050385378055464, -2.2477220292985276, -2.456303058736499, -2.6762592158421654, -2.907637661967234, -3.150616662979958, -3.405542770916486, -3.6726453043287046, -3.9517126366835686, -4.242712976407519, -4.545982150331293, -4.861836384220943, -5.190431550150246, -5.532064082852111, -5.887129888845753, -6.256013703468879, -6.639232205584314, -7.037365898522912, -7.450829652741284, -7.87952632497565, -8.323606029004454, -8.783658851995485, -9.260311004728438, -9.75396845781809, -10.264672168626387, -10.792575112517275, -11.337828317601666, -11.90054746447355, -12.48092057765044, -13.079685508753938, -13.697647715728394, -14.335506886565547, -14.994437015558617], "angular_velocity_true": [], "altitude_sensor_readings": [297.7191292146134, 301.9472779708091, 305.78735275083915, 298.05227528484886, 296.28048035647316, 298.9830263507274, 292.8015708365923, 300.8847746263079, 296.37075156002106, 295.9006502725387, 296.6934957913846, 286.72434793524377, 292.85034712761507, 287.1861643033549, 285.49753634446773, 278.5430062148753, 277.77933742015995, 272.8070600485612, 282.99246214350393, 269.29195133840153, 261.15074069099535, 262.70505319148856, 253.1123329771504, 251.91940919177225, 243.47681221056988, 235.77575679454554, 226.84747599818263, 220.80181028578346, 208.1213344923692, 196.37922075267878, 200.1395726717959, 187.0197457818379, 178.66558895250284, 180.4252614557088, 164.17281899966807, 166.26831089903175, 151.19722553323922, 144.6802520055508, 135.16218112128792, 131.67937654692994, 129.07433921674487, 119.47687904539302, 113.83429017084387, 103.90946899217256, 94.38984259853873, 87.38055315690379, 84.08884911368625, 75.62949161265517, 59.067225248402636, 61.07092730209716, 45.85622545682003, 42.50315121072347, 30.26443066781123, 31.62652211953639, 13.126538904805052, 3.849151520543485, -7.146480779848323], "speed_sensor_readings": [1.3396533928172933, 2.5839011201102053, 3.21611101696359, 3.110828555324434, 5.315595766249908, 8.18679254152283, 9.984851957311145, 13.531763475772628, 15.149063121481666, 17.250816792079274, 24.128976686981677, 22.55249732509072, 26.289521747887996, 29.48271847378935, 33.76516881958749, 34.30719488614503, 49.1686189774873, 45.01116678370922, 51.12775796494927, 56.0122672420874, 56.18040709412915, 68.84501996460601, 66.02285645315082, 67.8218125968388, 72.02858175021548, 76.72105239300816, 85.73235619989379, 81.16336448443343, 84.97975529304014, 79.90852848143966, 81.61187167577839, 79.55278599574945, 77.51349335345488, 73.64458410320505, 72.55459759453221, 65.42188117308065, 64.13760128833096, 60.603406636312755, 62.23272765922426, 63.267589416675236, 64.19822587060838, 71.98899701359107, 79.12663266845456, 81.1865352406873, 92.24025298964794, 91.68345240853623, 97.53246773672029, 98.91615956988808, 92.32644696991277, 90.10139637576856, 85.50721795184256, 77.8590149597438, 73.65935526653168, 79.15837919874656, 87.63437272043427, 97.11746150619979, -3.7117115461541195], "angular_position_sensor_readings": [-0.5805995854795156, -0.03566158594719662, 0.09333482991392537, 0.05191006578118135, 0.05704267310546114, -0.3525255287987258, -0.35883685784185376, -0.1738881741140418, -0.80371400862533, -0.3080215937700693, -0.38154571984235297, -0.5750810306462392, -0.22991566863721968, -0.37322532083268045, 0.40233779628690247, -0.721931668512625, -1.096732753698551, -0.8703777699849878, -0.683872333202346, -1.1453537077147595, -1.2061328441141062, -1.5612103843150984, -1.8922756252142323, -2.058269707091926, -1.9183756674881485, -1.990853996153188, -3.18116890426615, -3.492545648942992, -3.048918758887417, -2.632079949296529, -3.3294531402386967, -4.34847954055953, -3.0598473469148115, -4.395761585098895, -4.510197165417635, -5.242690185321204, -5.452213467017377, -5.500304847840878, -5.655453122786842, -6.3383412056917745, -6.768918072411865, -6.78205625467679, -7.812519290457347, -7.988563836636327, -8.718288810700475, -8.786172126454229, -9.324691051982533, -10.462669736161743, -10.085172485802707, -10.33104196678662, -10.78128430427216, -12.482716389671006, -12.02685126662124, -13.215100952374483, -13.823689512635953, -15.178085832076972, -14.724044354956783],