{"position_x_true": [0.009361494756965079, 0.04683803089409994, 0.13128964978224708, 0.2817727962407901, 0.5176486104782501, 0.8626991021973925, 1.3372280413041706, 1.9622464660977417, 2.75947579550827, 3.751630524580614, 4.9543145524601195, 6.375823290924225, 8.024702881241932, 9.909954842237905, 12.040907890139414, 14.42731998883238, 17.079240481836973, 20.007162835136338, 23.221844475799628, 26.73002594046923, 30.54345187160656, 34.678775191717165, 39.148977809073415, 43.963190967533365, 49.13959717602759, 54.69227122091955, 60.631238294667355, 66.97634703220831, 73.74381893964645, 80.94686509302032, 88.60889356429497, 96.75083362080541, 105.3912344541172, 114.5542856347637, 124.13052195691778, 134.01084067583224, 144.21266817558714, 154.75423779044078, 165.65343358733634, 176.9290127175659, 188.603613388475, 200.7024187451233, 213.2516276876725, 226.2785474936081, 239.81353845266253, 253.88538116751394, 268.440084973519, 283.2008471714769, 297.96160936943477, 312.72237156739266, 327.48313376535054, 342.24389596330843, 357.0046581612663, 371.7654203592242, 386.5261825571821, 401.28694475514, 416.0477069530979, 430.80846915105576, 445.56923134901365, 460.32999354697154], "position_y_true": [299.95096239754696, 299.8038881880027, 299.5589580507819, 299.21661885037463, 298.77703440172627, 298.2360254946008, 297.5938777807828, 296.85110380082295, 296.00740440153277, 295.0609574403728, 294.0103401676131, 292.8533974367992, 291.5871066560083, 290.2092640689405, 288.7182237783458, 287.11090707245836, 285.38303079691076, 283.52908707404026, 281.54225091414224, 279.42030852518747, 277.1568647339864, 274.73827131989117, 272.1569991518649, 269.411104185832, 266.48288397052, 263.35875879457865, 260.0300761406284, 256.4742526449519, 252.67474368870072, 248.6227671073038, 244.2931546677129, 239.6690132989832, 234.74204797097337, 229.49265106411605, 223.96458438165507, 218.19557236752286, 212.17507033321843, 205.88944045169526, 199.3214964800377, 192.45048907239635, 185.25962814606828, 177.73011191934896, 169.84015090053433, 161.56149543593287, 152.86470564413747, 143.73305277462512, 134.18574989577047, 124.4004283539154, 114.51700681206033, 104.53548527020526, 94.45586372835018, 84.2781421864951, 74.00232064464004, 63.62839910278497, 53.1563775609299, 42.586256019074824, 31.918034477219756, 21.151712935364685, 10.287291393509618, 0], "angular_position_true": [-2.629631744223504e-06, -1.8710771729955814e-05, -8.662030036132276e-05, -0.00030152580900027256, -0.0007007846642834636, -0.002081205239265266, -0.004528951499154056, -0.008254617990516622, -0.013319219077042956, -0.019609427132798986, -0.027102441936787725, -0.035771108194063754, -0.0454063821051523, -0.05613663014788987, -0.06820276146728849, -0.0817579000617415, -0.09674088422745793, -0.11309336921712297, -0.130542493439207, -0.14779464470159423, -0.16493411102060415, -0.18306063647518467, -0.20227019239800384, -0.22160177312628232, -0.24212346197283674, -0.2633466004176618, -0.2834151803337966, -0.30339075083243483, -0.32281261442780634, -0.3400431911359302, -0.3564765470714874, -0.37205217376183114, -0.3853767383249803, -0.39624921127741763, -0.40547465213751677, -0.41576920586299243, -0.4272199019159771, -0.4398813560961225, -0.45323515200450293, -0.46679303419130935, -0.4806813645583987, -0.49538042448913094, -0.5109096849637024, -0.5271995424634635, -0.5440757682518231, -0.5591044390428905, -0.5720596608781087, -0.5839672198004889, -0.5958747787228692, -0.6077823376452495, -0.6196898965676297, -0.63159745549001, -0.6435050144123903, -0.6554125733347705, -0.6673201322571508, -0.6792276911795311, -0.6911352501019113, -0.7030428090242916, -0.7149503679466719, -0.7268579268690522], "angular_velocity_true": [], "altitude_sensor_readings": [297.8060813547876, 301.23880643560574, 290.7398631442575, 289.7856302990114, 293.767206684622, 294.9097946437574, 301.3773339565749, 292.99792816537354, 294.30715431070377, 293.0161891521955, 292.2415833700686, 295.008985911364, 299.04863449279287, 293.37488732522337, 285.0155991196454, 281.93372326093237, 279.00596795604974, 280.6532476690347, 280.5372096526043, 277.54142775881013, 277.85524063778485, 271.5747891443335, 269.5644797876047, 271.8835919706253, 266.9074142731587, 258.03182207132284, 257.1395790783055, 252.2545381812616, 246.48840504979407, 241.9426794625066, 239.54975057590133, 237.3720948448906, 239.03082973971513, 228.62804093876318, 229.6237005360553, 222.613855300871, 209.0316141994933, 197.12307948986333, 200.96547716600924, 186.35053908816525, 190.1587928013928, 177.17888772861016, 164.17124374478607, 158.62959654900112, 149.2356445510996, 142.13101938617373, 134.94195228690486, 121.84989273572934, 120.15000361155383, 104.88533397688325, 95.42742505627629, 85.27012806657237, 70.99198991195854, 66.40990611037715, 58.97485424142589, 42.954195906069444, 32.36058990768968, 22.09601784351296, 7.36377675318443, -0.06197825594769568], "speed_sensor_readings": [-2.090540698384967, 6.234515599206777, 4.061305415660169, 4.899430931001799, 2.675686032244336, 10.302182065903803, 11.842220050716854, 6.170692654474841, 10.12912730118693, 10.719375496801552, 21.539912445252348, 21.49772409009167, 20.84190315456488, 22.309800541328734, 30.861676952981817, 30.200494325569426, 32.11263579974242, 38.92983857790211, 38.41034224112338, 38.17582459328336, 43.09480231258317, 53.033264906851244, 55.213270947276115, 59.71453867055926, 60.41861093441971, 64.76096706896276, 70.59883420280407, 75.9632574599307, 81.77666105177664, 86.43521892504472, 86.03336943480103, 96.19781148709957, 102.0817006273839, 108.05878279231787, 111.35763875736764, 115.60208042833052, 123.97656559530652, 122.54393651291122, 129.6133998088039, 133.15176630329782, 139.13476891378008, 145.34409699676033, 152.9247372308249, 153.51446123426567, 170.43927088762757, 173.59390974689646, 174.09139901594088, 180.0310270464014, 178.58358680796823, 178.4393088105365, 179.82805067143772, 180.89600529562483, 184.9371665526865, 182.37074889749027, 178.28836947148568, 184.99409364490197, 180.53217365473174, 179.64819607894609, 187.92620292749243, 1.0820253115745522], "angular_position_sensor_readings": [-0.15791822548698348, 0.0247742563549895, -0.6178965537631296, 0.021954148411165542, 0.28306911473547997, -0.622632840156491, 0.7112334764797679, -0.5743117881792146, -0.18470868800961315, -0.4808621910217282, -0.11466026852433885, -0.00582347035428523, 0.1462891330028058, 0.30690009555436787, -0.17478393261398326, -0.3385925311306701, 0.02025420707264572, 0.48192298733456784, 0.1023120657094945, -0.35464663747706426, -0.6078973554406776, 0.2226807724488658, -0.22898702501741075, -0.019735652399110515, 0.3610854570985421, -0.1161859137810215, -0.4888816182228798, -0.5357872299557105, -0.6255752207421211, -0.28293418645156015, -1.161210362477557, -0.9422618489511319, -0.14840077916292527, -0.03192354535758318, -0.7134336436569937, -0.2508765112283041, -0.22894527512721316, -0.4359804963387829, -0.14923763769388854, -0.6389838836798528, -0.16307461160508807, -1.041718603829843, -0.34173264132949793, -0.35537850033215124, -0.24327080184960126, -0.2928366570203129, -0.6438265866699995, -0.4897562867691233, -0.834415999007845, -0.2038159885197926, -0.07962887820341424, -0.6914121299490744, -0.800855379497285, -0.19068514632335842, -0.2255443235975152, -0.38563929318084006, -0.7947134222446968, -0.4050399709783358, -0.9664816491173608, -0.7762341731421245],