{"position_x_true": [0.017164711601532264, 0.08595592871634508, 0.24131562597946746, 0.5186054184443348, 0.9459523047031121, 1.54434926837353, 2.3206226479744636, 3.2801515882978367, 4.4247866785521595, 5.756731846284084, 7.287119541719617, 9.019084321390027, 10.955377862970343, 13.098110018136772, 15.448895152751458, 18.00856502228893, 20.776901015951676, 23.752313864444012, 26.930574156508648, 30.30483083239958, 33.865943887925354, 37.60091752428462, 41.49165472774683, 45.51471290021264, 49.641677728560644, 53.83978444281332, 58.071155341420955, 62.29217234587983, 66.45251551601177, 70.49705943801125, 74.36744702924308, 78.00516382733994, 81.35765462466993, 84.3809633183882, 87.04477147359471, 89.33871068599039, 91.27677502356146, 92.90565805877769, 94.30935224452347, 95.60491676074295, 96.93587855084819, 98.46066000707036, 100.33577829616954, 102.68641544887939, 105.57798899465867, 108.9940534828247, 112.81710396527944, 116.82488795622614, 120.85658085693527, 124.8882737576444, 128.91996665835353, 132.95165955906265, 136.98335245977177, 141.01504536048088, 145.04673826119, 149.07843116189912, 153.11012406260824, 157.14181696331735, 161.17350986402647, 165.2052027647356, 169.2368956654447, 173.26858856615382], "position_y_true": [299.9510291722428, 299.804251279356, 299.56000594318573, 299.21853643233794, 298.77968494242293, 298.2436500828572, 297.6113834368239, 296.88270654543123, 296.0397955960146, 295.06460152865503, 293.95465970860715, 292.7056911442632, 291.3105464990895, 289.760498891525, 288.04653608332757, 286.15718618444185, 284.0794890952512, 281.79919007902726, 279.2979453854763, 276.55565212321903, 273.55236999172746, 270.2665738650108, 266.67507422510715, 262.7547232450525, 258.4841903552514, 253.8452382152396, 248.8232910598723, 243.4089246910144, 237.60021720977966, 231.40489441362232, 224.84324207813074, 217.94987493270128, 210.773741873334, 203.38011349620987, 195.84960746050027, 188.27261996024131, 180.7469123817021, 173.37665269272102, 166.25834788066936, 159.46170533091, 153.01709695082127, 146.9038017977458, 141.03850071499892, 135.2764819844567, 129.42431378302678, 123.25586102765877, 116.54972542992746, 109.38499161837306, 102.03281560074916, 94.58253958312527, 87.03416356550137, 79.38768754787748, 71.64311153025358, 63.80043551262968, 55.859659495005786, 47.820783477381894, 39.683807459758, 31.448731442134108, 23.115555424510212, 14.68427940688632, 6.154903389262428, 0], "angular_position_true": [-1.530797756200453e-05, -7.800785611787722e-05, -0.0002414064396410775, -0.0005510885011144978, -0.0009326804074104024, -0.0014200753941151472, -0.002308993971103429, -0.0037346307499146712, -0.009178299800826826, -0.02222845789621422, -0.04302960960314945, -0.07166836297986626, -0.10801159807224911, -0.15203964942132453, -0.20404896486012236, -0.26416498728204796, -0.33263921888915376, -0.4098762220011755, -0.49584808683564285, -0.5905672110629269, -0.6944231005452347, -0.8077185416240026, -0.9305173809596131, -1.0628221296878912, -1.2047999766853854, -1.35686036214119, -1.5194588057349927, -1.693078713657264, -1.8780981435306576, -2.0748710617478565, -2.283602174671057, -2.504404424964231, -2.737788370435997, -2.9842776380859637, -3.2443494753604014, -3.5189490545025373, -3.8090691662285963, -4.114809525864068, -4.435855393944017, -4.772367243308771, -5.124845760397795, -5.49386817077727, -5.879682805533932, -6.283085155574562, -6.705655878496637, -7.148689410786046, -7.613611421597429, -8.090131825514176, -8.566867896093987, -9.043603966673798, -9.520340037253609, -9.99707610783342, -10.473812178413231, -10.950548248993043, -11.427284319572854, -11.904020390152665, -12.380756460732476, -12.857492531312287, -13.334228601892098, -13.81096467247191, -14.28770074305172, -14.764436813631532], "angular_velocity_true": [], "altitude_sensor_readings": [296.39191936084103, 301.2949544727834, 297.27258351111715, 295.3105589681853, 304.5461894310287, 299.1312308071757, 298.27665692540864, 300.4817152714353, 291.94948424152705, 293.9672652963844, 297.99283693846036, 290.58520428811613, 290.1429529208718, 288.8334327071048, 281.88410783090006, 281.2723365576546, 289.7196845101159, 280.6117136076522, 278.45512643145753, 275.3321600607958, 276.4918630527914, 274.5102914333141, 270.7194834338481, 259.48462164491986, 261.42749252817504, 263.0579187104857, 245.90980884045493, 247.04042141302838, 238.00744808632402, 230.04283444265175, 225.70873077821682, 218.19643572738863, 212.12679259369693, 208.2019413605808, 200.63415158512416, 190.30511989652973, 179.04782711210703, 168.56325427280302, 160.53048667602255, 155.5011814192108, 151.9144081989023, 145.01073037753108, 145.2720721119087, 128.34339717625429, 127.6562648420884, 122.39162915714407, 111.38942202796912, 115.07345510744884, 106.36245502681722, 93.97356598199796, 88.30109582812423, 79.91818752701485, 70.0734777424854, 59.29324806744775, 55.059149760548365, 45.28773649745752, 40.59782687077741, 32.381819392322704, 22.209603301352892, 19.6695458665214, 0.19281812325144543, 3.919884814055806], "speed_sensor_readings": [3.7303413588985492, 2.586857471535073, 3.398182072790789, 5.389630001081682, 1.4410722721761404, 8.03494900772508, 10.065480088753368, 14.032113970749068, 8.433722228047934, 23.329098070952696, 17.697935263657037, 21.802448692811026, 19.196651390454615, 25.642042493744917, 30.80674269716714, 34.455106875921956, 37.71521569819048, 40.817118169383924, 41.202400647176354, 48.41661134211287, 48.12304157332939, 53.907520385900774, 53.74891082128416, 68.35701970479846, 53.761215657616646, 69.05983497138425, 67.95027166636677, 72.59084174099684, 71.01808442750672, 74.57670529277746, 77.75057098181068, 79.50956996329705, 75.1230648245823, 74.19075044484853, 81.82167471629963, 76.082910334685, 74.9566957990816, 82.45859565620776, 70.60948871172947, 67.63304539722724, 56.94426335995227, 66.73929432868704, 62.75971459371792, 65.29927754379591, 70.65504719731568, 72.40760719756162, 81.00670765858055, 81.77478991116067, 81.33595654048543, 83.56444450217602, 91.53210055427613, 89.59904176244046, 87.97557933358071, 81.70132656458955, 88.05633989861478, 88.70973804378843, 93.70967017894564, 92.39074602176855, 88.70493376093532, 95.56439117494254, 97.41257130403339, -0.96617540884268], "angular_position_sensor_readings": [0.3426097995113911, -0.03273744289836519, -0.3936563980347532, -0.013485946816739489, -0.21616129527698497, 0.0952891863552935, 0.06096190769736266, -0.07493850788661055, -0.11907975218639608, -0.08644370755984318, 0.2470813016206479, -0.34360869764007795, -0.5040343259041831, -0.6542686385505218, -0.28816092213491573, -0.19368757688979077, -0.5311201573802301, 0.06520503717473186, -1.2507979766890325, -0.809451800317837, -0.6025618610371737, -0.09168670901012854, -1.2011095394282556, -0.8236442026185983, -1.7453932244518944, -0.9902971425777904, -1.7001772226969214, -1.9972167170764688, -2.126466020099568, -2.216071145642679, -2.369344537422078, -2.3958555211183428, -2.8083613464511648, -3.0508448796488534, -3.0800143353506866, -3.2010621378147457, -3.9623237567193663, -3.980627541528748, -4.397032508791555, -4.62700186440158, -5.504482645173282, -5.19718149715483, -5.685245774067937, -6.571127339000329, -6.830488782074784, -6.505091923519071, -7.438081308058472, -8.157834098925075, -8.43606197132271, -9.29175707069003, -8.933508615941028, -9.434782152249392, -10.3322444941232, -10.79037696815105, -11.20931572145374, -11.538011096291335, -12.017455406107253, -12.983355765177702, -12.262287202218253, -14.320516201047438, -13.934377442003244, -15.067582134828633],