{"position_x_true": [0.0073664601962515255, 0.03685406990640194, 0.10329252448374583, 0.22165445536743614, 0.40711786822638496, 0.6751514545163634, 1.0415876983145695, 1.524760054202211, 2.1456708996776475, 2.9260794042167, 3.8806663871612606, 5.016774646252652, 6.341976592919713, 7.864137146126419, 9.591498501525654, 11.532671401058591, 13.696596361170807, 16.092529156431958, 18.730135519077724, 21.61944328010588, 24.770684192916583, 28.19443227926634, 31.901427277613546, 35.902176245899085, 40.2071005523906, 44.826704393972896, 49.772175421093564, 55.05493124552249, 60.68508443343087, 66.67192375331142, 73.02416984423843, 79.75023981995902, 86.85718742320041, 94.34959787920803, 102.2303822516293, 110.50010773409329, 119.15301159780354, 128.0729032111464, 137.1511478841442, 146.38890051776102, 155.78198797090667, 165.31894610532558, 174.9781774500989, 184.72490193589167, 194.510538510923, 204.27115903663167, 213.95986160207764, 223.5374839846589, 232.93619005506292, 242.06985128231156, 250.83611695322548, 259.11532602029473, 266.7727972764735, 274.0844387097032, 281.3960801429329, 288.70772157616256], "position_y_true": [299.9509318708059, 299.80376575132817, 299.55876931415963, 299.2162114072325, 298.77666348559734, 298.240231772992, 297.60682917358565, 296.87756531410133, 296.05364828590274, 295.1365255687734, 294.12685133690223, 293.0237957740308, 291.827902688892, 290.53983169389886, 289.1584570057209, 287.6808917657573, 286.1024126187301, 284.4186537507491, 282.62660180825895, 280.72202017329045, 278.6975460290393, 276.5454160163215, 274.25624541146027, 271.8164696150207, 269.2108459403338, 266.4236654798736, 263.44031373995614, 260.2453194129041, 256.8178212597689, 253.13380022492868, 249.16746495585895, 244.8915385207027, 240.27560633173508, 235.28458756393576, 229.88076338290068, 224.02297627423425, 217.66300920620927, 210.87507734568618, 203.7345404001888, 196.18835650846077, 188.17981572565455, 179.64793116854085, 170.52662340330892, 160.74498475336827, 150.22787491294517, 138.89668373300682, 126.85986035482043, 114.2394998661785, 100.98493069940088, 87.05120378133904, 72.39993675652266, 57.00109941964266, 40.841271692797136, 24.25141884783515, 7.563466002873167, 0], "angular_position_true": [3.845365910266883e-06, 7.278317162873855e-06, -4.637434069901981e-05, -0.00021428436780721288, -0.0006187012048687291, -0.0012873671302895068, -0.0022138323192332585, -0.00365362410092557, -0.005899973926815424, -0.009326144250925794, -0.014178323897982568, -0.020445053227262536, -0.028463650214087345, -0.03867475780052096, -0.051258262127246365, -0.06616907908102271, -0.08314227448219202, -0.10214134902107996, -0.12356053489599748, -0.14773793000946134, -0.1746210508545573, -0.2043301557756939, -0.2369503720253644, -0.2720712272657047, -0.30928803808335614, -0.3484365275707472, -0.3899022005582498, -0.4342826121414112, -0.48158336707444693, -0.5317008009306405, -0.5847187574789472, -0.6410131689835028, -0.7009895914490538, -0.7648550580679743, -0.8330838892558102, -0.9063559273909824, -0.9848533415297422, -1.0661334709082606, -1.1480768078347716, -1.2309527699768075, -1.3152967596609946, -1.4017355305046642, -1.4907308199402354, -1.5824054136624561, -1.6767489017566923, -1.7737381961835292, -1.8727977008543848, -1.9738706310616145, -2.077406506761895, -2.1833871069000605, -2.2918265173075927, -2.4028776160784258, -2.5166976990999, -2.631949818878494, -2.747201938657088, -2.862454058435682], "angular_velocity_true": [], "altitude_sensor_readings": [301.207452856068, 295.4552421512237, 301.8102879559882, 305.833201262261, 300.0003885043201, 290.8486011149067, 293.19186658137346, 292.0061468332485, 288.31437299573355, 289.4624967963917, 291.0113459736825, 292.92316717114073, 289.7708664700229, 292.14539103631756, 292.23287449135574, 287.8040513636572, 283.22619759410577, 288.54631515243085, 280.7994594204734, 280.6685686452009, 276.44101653896854, 273.44884219233916, 269.6832935036714, 271.3780167394234, 276.38098949158154, 269.8964905447033, 265.08327637669913, 262.3431183672429, 255.7063846621981, 248.726922648117, 250.78213177370873, 250.40803690598824, 241.57862307902198, 235.2664279737995, 231.35812836479013, 228.6116210731299, 218.39766098410257, 218.1561131280358, 201.13705332734173, 192.2896046609507, 189.57325576982743, 176.9342538146382, 167.41632135300623, 161.56389566941678, 147.06438741115366, 148.29006881779546, 119.24503099900677, 111.79671111969006, 108.06830650054158, 90.44306093764054, 72.43675798014804, 56.484340966939556, 43.79455915595499, 20.023862239276617, 10.256785505682277, -4.6625440033084065], "speed_sensor_readings": [3.4726523080201903, 5.174900411196619, 2.498247624011073, 9.798723999373653, 4.788916995134187, 12.239746712172739, 9.315783997759477, 12.278819338121421, 9.487901508615689, 14.616216050922386, 15.40356071537003, 19.181437138183725, 22.420561467141916, 19.008075107947988, 26.093602387270565, 27.70969197553305, 28.22414420760296, 31.153201600095837, 37.28835904698458, 38.22966878626122, 38.78627494505427, 38.40118037495746, 46.4083027505474, 51.59491004570928, 53.1280301993442, 56.10643107367236, 57.558927019684134, 63.75298404839121, 66.68277969963555, 81.8913619506903, 73.67607093494735, 83.84481382596181, 85.57756054628466, 92.36047158485647, 94.53671935065523, 105.80113709691628, 112.34492601018349, 116.27102679026632, 119.03825824889323, 122.15848820184303, 129.50785979647503, 131.33600647530727, 134.65657301323367, 138.74541842144546, 143.41986546209083, 149.52755823341414, 150.16060560203573, 158.1118344316068, 164.65039883601565, 163.68689214580345, 170.25885316626787, 180.25239318602593, 181.5784689646053, 183.22074856332114, 180.89981774325022, 3.1805059043553348], "angular_position_sensor_readings": [0.17790318319191603, -0.16754953685446047, -0.34862819530512623, -0.4651617660409413, 0.1451277686985623, 0.6495841229964625, 0.43452569761647514, -0.19119279032513753, 0.2012705976232839, 0.40439283202059834, 0.023231513654550458, 0.5684513035151975, -0.8919388607192623, -0.5540239171391352, 0.5327526933824039, -0.2575849600353092, 0.45465700871406745, 0.564839200611552, 0.38430161801510254, -0.2648102062653353, 0.5047666559456916, 0.2970477818713808, 0.31990963750045376, -0.4500016992106119, -0.21237505004537144, -0.5760964375625452, 0.02536553341634612, -0.5082250633531308, -0.47471058103867336, -1.1506556868771334, -1.4808490412587574, -0.05592945457763954, -1.7912791233562209, -0.8463829459985615, -1.0358456052349165, -0.7001774560617401, -0.23896040794905293, -0.7372030262233191, -1.860132737995158, -1.185095548800856, -1.4486253759904568, -1.387998511110106, -2.301460545453933, -1.4725910576560794, -1.122738276092118, -1.382139582289454, -1.238986019703701, -1.628085491956435, -2.0178884362916008, -2.33323056388322, -2.3173636913960314, -3.0246184201957007, -2.6737925219448035, -2.7529179891157263, -3.0608136582932346, -2.6857411923805747],