{"position_x_true": [0.003875354148778167, 0.019381102779493994, 0.0543162407170063, 0.12591881720771725, 0.24539248789178245, 0.4057769740229008, 0.6122542755873814, 0.8848771662549384, 1.2396227450973578, 1.6699459917406325, 2.1692561407845146, 2.74925986209161, 3.4216872505134237, 4.198451560539205, 5.073100025268697, 6.039140504592417, 7.1086580692424555, 8.294175782830346, 9.60842712476555, 11.043465696930985, 12.591231430646724, 14.264448899569015, 16.076220960635638, 18.020730537713497, 20.09187304362819, 22.30237734590792, 24.665272488872983, 27.171300344175826, 29.810175116789985, 32.59286393685569, 35.529904925225956, 38.60594126395945, 41.80437418847538, 45.132263967685766, 48.595215621973985, 52.17093717559412, 55.83518430515145, 59.58734927515302, 63.4239350828406, 67.31346246786771, 71.2207562222489, 75.13241338632008, 79.01601632763307, 82.8371091037001, 86.57294542773384, 90.1854513907476, 93.63546854332712, 96.89198592431669, 99.9193495894743, 102.7136344466674, 105.27288381896923, 107.57097683435433, 109.58578232924692, 111.2905719226572, 112.67507715853894, 113.73231864263023, 114.44219746315405, 114.78524589180245, 114.77441196829892, 114.5895203902091, 114.37886380635842, 114.12426529008647], "position_y_true": [299.9548877314532, 299.8234920112586, 299.6136750120437, 299.33341556099515, 298.9674699178189, 298.4966641423167, 297.92192557512755, 297.2449196274189, 296.4715000790863, 295.58985058497876, 294.587879590387, 293.47477157674666, 292.2594616675899, 290.9508943011659, 289.5354761690876, 287.99911509912465, 286.34959568286854, 284.59382851136917, 282.737763687269, 280.76582862553886, 278.66210561636973, 276.43057233578827, 274.07357624324885, 271.5774965125619, 268.92798826733474, 266.1245672125299, 263.16506985051, 260.03431403417414, 256.71608665899385, 253.2040224794358, 249.48920391931568, 245.55524432130278, 241.38564343969705, 236.96872349475862, 232.29035452984292, 227.33669488382543, 222.09429098347, 216.54742050151248, 210.67824206836144, 204.47910077385816, 197.9436584719809, 191.05560685156385, 183.81331835559442, 176.21758081595888, 168.2576376741028, 159.94488940358133, 151.29513633919052, 142.30937602587483, 133.01561727081358, 123.44445549988353, 113.60661504104617, 103.54061539618965, 93.28641726009634, 82.86426589354595, 72.31605987223298, 61.68340055076032, 50.992744995686614, 40.273010232528094, 29.569943126005747, 18.8384405218804, 7.99996047803794, 0], "angular_position_true": [0.0008186456910166112, 0.004092533704593048, 0.011445918099109132, 0.02447449853943843, 0.039936617502677796, 0.05377716167731538, 0.06596500581327124, 0.07647079683158074, 0.08610680787664632, 0.09239637418410557, 0.0928695891770725, 0.08921388948418496, 0.08313906177090018, 0.07635055161999992, 0.06631833077999592, 0.05051202725471661, 0.030598421026972217, 0.008286967403155463, -0.014633183240098383, -0.04075012407651822, -0.07270265738179135, -0.10869534492845981, -0.14683574690770088, -0.18885046513667647, -0.23644751690278318, -0.28777111456491156, -0.3410085337481221, -0.398003508604008, -0.460566072921081, -0.5267648150894102, -0.5945955751196002, -0.6658652598183286, -0.7424452395724442, -0.8223785228439721, -0.9036486422129272, -0.9883007092933924, -1.0784718902097619, -1.172257308340921, -1.2676409603824075, -1.3667551966843365, -1.4715338784122292, -1.579608918181154, -1.6919931971366957, -1.8098990397629058, -1.931034650037908, -2.0563307750923476, -2.186928533408384, -2.320540218457268, -2.4584466385467483, -2.597295132929384, -2.7299584991000017, -2.8571534326092385, -2.979936448428948, -3.0957574116656237, -3.20584353925765, -3.311693943388757, -3.410555744890454, -3.499582202389876, -3.5811528541930704, -3.659532984917603, -3.7339302528077947, -3.8016863267698984], "angular_velocity_true": [], "altitude_sensor_readings": [300.4533093533966, 302.9948742087565, 304.23647239445006, 298.22152640973, 297.14499026145205, 298.37169745124305, 299.0773944675162, 297.5744170450306, 297.4553563583438, 293.10612991334676, 296.0029160549384, 287.8148148314011, 289.4222028479103, 295.81153328133473, 285.972102012463, 289.4454075713978, 275.8196979364141, 286.1123403948283, 281.4187109394768, 283.8112543978932, 274.6467010730481, 278.93848482440296, 271.20537632505983, 275.9890794427643, 270.84924751734695, 269.2339680762572, 258.55875930979016, 256.80436894158083, 256.7447945136992, 251.18855846836087, 244.643619156053, 241.07121774756655, 237.03911551864726, 237.34862893126035, 224.474217328324, 231.30601680201866, 215.36975238050144, 220.7681156314189, 206.72563323651386, 202.69749951207515, 191.89168323992823, 186.34349758391815, 184.00028534120526, 175.99085522831956, 165.13354930752473, 165.43267449399772, 150.5370811936558, 146.09441198860114, 132.9286336115907, 125.0942475264169, 114.70545207866422, 102.25103474218709, 94.0497119753326, 80.0864215638976, 69.72753675872639, 65.23300273300127, 54.68200098245504, 40.76392194595242, 19.705538717505455, 17.28947532943753, 4.690770612428983, 5.634303531153495], "speed_sensor_readings": [4.46530132680874, 0.40157770257411896, 1.9106528577976183, 1.3993854493853268, 7.022357349513122, 2.8875675947547066, 8.763028306213354, 7.105595546870687, 10.036378257410277, 11.042748275204307, 8.42749081726595, 12.895172780851022, 13.24199700184838, 16.044438786846516, 19.98902916418861, 22.33781481028459, 13.403621224771015, 22.524296194896156, 23.467974489704137, 20.599358477656445, 29.271285879814602, 29.902804567531003, 32.79690428911053, 30.983725542238084, 35.48269340236532, 35.76043910842899, 37.66191714843658, 46.06848060537723, 37.59176344726966, 43.62070177327414, 53.62517836780678, 49.324915064078176, 55.06254168793349, 60.019276541669385, 55.08607826066715, 68.47255623865428, 66.39020830144604, 73.20591170257488, 72.80043844287694, 69.91506927351385, 79.95573841419503, 80.28253356300183, 80.6440670228005, 86.88034605034653, 84.27925543250265, 89.88954897769011, 95.82708109318239, 98.95576173502407, 99.53707923833421, 100.68575569415174, 106.66699689575935, 104.42761929650635, 105.59217097166079, 107.34475063459952, 105.37942901828934, 102.7364845747854, 111.11660742744431, 109.73628652190216, 103.6281886072075, 115.81171242406727, 105.1910401861028, -0.27233746816880844], "angular_position_sensor_readings": [0.03602004984128321, 0.39542073577407383, 0.3300399681790883, 0.06385684254385754, 0.009708136340159493, -0.49001351691274964, -0.25795148151320013, -0.08006279781425372, -0.20009718477727173, -0.7011255740589861, -0.2140465603201403, 0.2849166913196557, 0.1883674083859881, -0.6832322648417817, 0.19455460591349644, 0.7104637101103498, -0.09132342654128474, -0.9827938962559352, -0.7599593774203344, -0.43280238692177136, 0.14069570970814696, -0.2974193418478078, 0.9383622701896515, 0.4111847126576247, -0.7330708814518813, 0.12361233039826741, 0.3031245541123564, -0.4077619672012486, -0.8626190539350551, -0.9461470827059901, -0.7027898262038728, -0.24200466297522677, -0.2557119362479147, -0.9652573504296607, -1.2880500326414805, -1.2732015719210457, -1.3302772493256145, -0.9969563020826028, -1.0266668915079538, -1.119861885317325, -1.174478018685464, -1.5682183370553584, -1.8884915727669713, -1.0092796705967917, -1.8559609038123706, -1.954105794480238, -2.375109514186601, -2.7234671677423226, -1.8511474171196096, -2.1197101312957853, -3.041786953609588, -2.8734723915582236, -2.966545747013127, -3.051102303702034, -3.255732904885877, -4.1716496326838515, -2.7283023295275184, -3.227365861690515, -3.4664179791257492, -2.8164208728635733, -3.3002787251760006, -3.882903902661816],