{"position_x_true": [0.007366158995606057, 0.03685237502420336, 0.10328812345229943, 0.22164618793790192, 0.40711408090490164, 0.6751625785815196, 1.0416106651602268, 1.5227110173414498, 2.1352644826976794, 2.8967137823523306, 3.8214980450042444, 4.912217905835414, 6.167274170091778, 7.5894247433713025, 9.186171033764936, 10.960496618352972, 12.910845318743531, 15.040382175956173, 17.352385046980825, 19.85024782681351, 22.537479943646847, 25.417700793545016, 28.49470447219509, 31.772363069723745, 35.254574279563464, 38.94543117907932, 42.84925352926864, 46.97030630571949, 51.31282012438338, 55.88122070678092, 60.679937532802946, 65.71366170847807, 70.98704940827594, 76.50452434953509, 82.26992967802077, 88.28701311681878, 94.55963130515417, 101.09200164116946, 107.89898225287592, 114.98716341843448, 122.3487792663867, 129.983445895535, 137.90643268078108, 146.1242423139465, 154.64058397583358, 163.48542609525256, 172.65259083318455, 182.13397774798437, 191.96716912552955, 202.14377313458823, 212.65493141139504, 223.54522624077654, 234.86086020330686, 246.50367377564726, 258.2726441751474, 270.06736820806145, 281.8654461483193, 293.6635240885771, 305.46160202883493, 317.25967996909276, 329.0577579093506, 340.8558358496084, 352.65391378986624, 364.45199173012406, 376.2500696703819], "position_y_true": [299.95088096274856, 299.8034387612251, 299.55803467975267, 299.21517142554876, 298.77460472667275, 298.2361457169375, 297.60075586463324, 296.86973802735116, 296.0431858191257, 295.1202781312175, 294.1051761522157, 292.99891153990615, 291.79797425767634, 290.50173230142406, 289.1140346816665, 287.6353095685009, 286.06119393735383, 284.3908599275184, 282.62347505498235, 280.75829512773834, 278.79342097084475, 276.72627926100625, 274.55649168172346, 272.28185745419853, 269.8972816664428, 267.3995372257892, 264.7864795236556, 262.0537011385679, 259.1951142368294, 256.2054198380745, 253.07852806515248, 249.80886319778003, 246.3899764197537, 242.81354554587634, 239.0689165262014, 235.14479474217777, 231.03032428057213, 226.71509270426066, 222.19230033726242, 217.44575054033265, 212.45663649596437, 207.21265281247472, 201.70082980865848, 195.90224764478106, 189.79901445703555, 183.3733691727172, 176.59427709968372, 169.42559443272307, 161.83011422107262, 153.77115506334718, 145.20756950383566, 136.0901566828262, 126.34375983775578, 116.09268048154716, 105.50345964365587, 94.68668968696491, 83.76608927257584, 72.74738885818678, 61.63058844379772, 50.415688029408656, 39.10268761501959, 27.69158720063053, 16.182386786241466, 4.5750863718524055, 0], "angular_position_true": [1.4643424937391478e-05, 7.665377065835141e-05, 0.00010983983677606146, 8.423482689137965e-06, -0.00017611283819701036, -0.00040604700810152323, -0.0008879923759743521, -0.001904430787875395, -0.0034967176971365307, -0.005537666747659633, -0.007204133388100834, -0.008770453280956568, -0.01130943479883817, -0.014762008769128948, -0.018188487340071825, -0.021798014536258133, -0.026657967095562927, -0.032760155237873415, -0.0401458879027376, -0.04892759206255993, -0.059050037647328316, -0.07039041230787794, -0.08331334036268394, -0.0979041933753121, -0.11377662775891237, -0.13098488788673757, -0.14986626681982443, -0.17042484553934723, -0.19245514680113793, -0.21600542667306113, -0.24108668949554773, -0.2679173591564975, -0.29668339717543935, -0.32737179715664333, -0.3597038298736105, -0.3934418103425007, -0.428580119343397, -0.465348185274204, -0.5026764725252204, -0.5404470085412907, -0.5799836632006566, -0.6214786730244592, -0.663549922139999, -0.7065268590611136, -0.7506548695541723, -0.7925721733926198, -0.8339050512058604, -0.8757428423658984, -0.9137929427866317, -0.9499447626264106, -0.9856742255787767, -1.0163586680540864, -1.0395671808521987, -1.053745658546464, -1.0714147083035075, -1.0977665994459558, -1.1241402499449846, -1.1505139004440135, -1.1768875509430423, -1.2032612014420712, -1.2296348519411, -1.2560085024401288, -1.2823821529391577, -1.3087558034381865, -1.3351294539372154], "angular_velocity_true": [], "altitude_sensor_readings": [298.27044549727003, 306.7477922010183, 295.5846607319609, 295.8397541978092, 300.5301085568015, 291.60381350603296, 298.55944524439064, 291.53464259472116, 291.4101509526485, 298.4954929746944, 297.3209566611972, 292.07067775254916, 286.70592033698324, 282.65084162583054, 289.3686720124998, 288.67530986192025, 288.1058907206325, 287.6525016397048, 282.09854161410163, 279.43937593967183, 281.15816847056266, 272.42974288036584, 273.3403165144674, 267.27909024479646, 266.332504451829, 272.1212025582777, 263.95148811879676, 258.96621623509594, 261.32322877422484, 256.1224009118415, 248.8745270854042, 248.9533430113446, 248.54622892479108, 245.15668986365534, 240.56916802902617, 235.81639400977951, 231.09836922838264, 221.0264927112055, 220.25934614077389, 222.43009230510626, 212.19986205099468, 209.6743149953376, 211.80881761056492, 200.48259774910392, 193.19225215847322, 180.6778259245776, 173.67749228293542, 171.3311726817415, 161.34456113326254, 150.57589890073552, 148.7277605630304, 138.2327105796129, 128.5060320296631, 117.51276509014284, 103.75953801623166, 94.47799071014175, 84.78562509831929, 66.88578396087172, 55.148300754834466, 50.04365486592548, 37.092670730648344, 28.85945292047803, 18.46415026379324, 3.3357606767531593, -0.6735171362461739], "speed_sensor_readings": [-0.37088522133649604, 1.82090836522927, 1.8845070111140312, 8.252839124862675, 3.09641075928749, 3.343617513938405, 5.827278652902626, 7.019230310399737, 14.241381704943324, 12.144704001988755, 16.046930829446172, 19.434282170034933, 23.848690718763663, 21.93560264316618, 25.889543144093885, 28.405275398857047, 24.19954109024884, 20.19600345580642, 28.113744177596818, 33.19663408851842, 32.07366260083304, 33.1512440643551, 35.37998269498349, 43.7352839699996, 45.046303132377915, 47.10977200394771, 49.379123827097295, 53.95422545380971, 57.8996321557038, 56.06317258101974, 63.6839471068412, 60.9147917619182, 63.184216023786355, 73.32928711889289, 72.23401790766403, 71.87729190587596, 79.56135848815558, 79.17905996168919, 79.53557658842175, 89.6078213944475, 92.2409485780593, 92.28364588207286, 98.13341139091143, 107.61273960917738, 104.201738590428, 112.32330678772962, 116.91208345373833, 123.55689596919319, 127.87756731087616, 131.1943964991821, 141.98410917638955, 147.50028349881086, 154.88840000912793, 153.29543123728135, 158.31062933265812, 162.85327540246928, 163.82735828734, 166.3616781282638, 163.41710909418427, 167.60623685863337, 166.1680496734401, 163.2158774893539, 162.31054627402062, 162.51640229897956, -0.04676749220240208],