{"position_x_true": [0.011262520031235325, 0.056318183602126586, 0.15785418034294696, 0.34080774481371595, 0.6283296722649341, 1.039839881624617, 1.5951800545905117, 2.314491544861026, 3.217941743410777, 4.325741278302155, 5.650196206351696, 7.195236559139917, 8.963159101263255, 10.954301637213518, 13.167639140217714, 15.599314330357826, 18.240827925267855, 21.079646534480712, 24.09790726937569, 27.27039480541072, 30.564014369933293, 33.93594066569979, 37.3344974714422, 40.700251765468245, 43.963344174055734, 47.04653185810694, 49.867696364225075, 52.34139741868226, 54.38626056191952, 55.931614026715636, 57.0688167653953, 57.9102377347681, 58.44691452852659, 58.69954469430008, 58.72853260920297, 58.642896538944065, 58.59867487986977, 58.790279969893845, 59.439190967267315, 60.76194988760162, 62.91763195525644, 65.93433619617606, 69.66459611444068, 73.78232096589834, 77.90302828376277, 81.93738226164905, 85.97173623953533, 90.00609021742162, 94.0404441953079, 98.07479817319418, 102.10915215108047, 106.14350612896675, 110.17786010685303, 114.21221408473932], "position_y_true": [299.9470597098476, 299.7842185129545, 299.50311806858565, 299.0950388576472, 298.55432337477976, 297.87764248532994, 297.0603326017206, 296.0957422289738, 294.9740235328328, 293.68293161047495, 292.2094262051845, 290.53964228088364, 288.6565224948012, 286.54021196997104, 284.17050328512147, 281.5245359179313, 278.57571173344616, 275.2960106758513, 271.65577179849043, 267.6240935190958, 263.1704323887756, 258.26601286956816, 252.88692066951967, 247.01649067847262, 240.64797414754545, 233.7878390279079, 226.45959499132988, 218.70759463812385, 210.59896747332238, 202.22458599824407, 193.7115238417863, 185.17541586998274, 176.705871093328, 168.40589555744162, 160.38268655073568, 152.73459976148044, 145.52929750696893, 138.78103484462528, 132.4241047668221, 126.28986238075784, 120.10304443404564, 113.50943098969063, 106.13562071971694, 97.66569007818205, 88.11816130987758, 78.05867647009718, 67.9010916303168, 57.64540679053641, 47.291621950756024, 36.83973711097563, 26.289752271195248, 15.641667431414861, 4.895482591634474, 0], "angular_position_true": [-0.0008200931634653972, -0.004096459969809469, -0.011398630831194845, -0.024313570118740704, -0.04366744579739133, -0.06942530899816732, -0.10157350192149112, -0.14011654800096562, -0.18497177265337203, -0.23625911187925386, -0.29428177642123177, -0.3593690155212102, -0.43167601883508955, -0.5113015855421188, -0.5988332604883371, -0.6948040065016937, -0.7994821183680539, -0.9133141902673765, -1.0366739090571384, -1.1698411592754376, -1.3130372111132844, -1.4662310985196423, -1.629587119498792, -1.8035723267033903, -1.9883624113775085, -2.184289513286356, -2.3918481790639543, -2.611236865632634, -2.8429311914976068, -3.0878454894766985, -3.3464308173356234, -3.618715671571503, -3.904838367365322, -4.205200396042059, -4.520419337426189, -4.850726516724589, -5.196534835445355, -5.55882820336634, -5.938107425309412, -6.334176107340885, -6.747184430651759, -7.178056284633006, -7.628276704696225, -8.099451200289131, -8.583390472391066, -9.06923513180036, -9.555079791209653, -10.040924450618947, -10.52676911002824, -11.012613769437534, -11.498458428846828, -11.984303088256121, -12.470147747665415, -12.955992407074708], "angular_velocity_true": [], "altitude_sensor_readings": [296.6225439742045, 305.31760868382713, 303.89997243531286, 300.4809319153433, 298.111188054756, 301.5156244980345, 301.50760827843186, 288.96458703313164, 302.6398813436735, 292.33354471525865, 288.96401679402624, 294.55694817798076, 287.00330079572683, 284.7725724097712, 289.5691820347997, 279.6569964079552, 279.39808702786064, 277.7691792384422, 273.3544546308291, 277.66820771839883, 268.07601705707907, 259.3897221145507, 251.40486744890455, 245.42721046894735, 240.0681764340502, 232.71995926771203, 224.98653854327833, 224.6696089991303, 210.28184905501732, 198.9433175794118, 193.58318279338002, 182.91941512900695, 175.14938599087014, 172.8734121168176, 158.11455057939784, 154.6410375668703, 147.15882597864783, 145.30241713380457, 136.62706280379766, 127.44671819161037, 128.12240043205156, 114.72660001790749, 98.7822905137532, 98.03722070144767, 88.69113857387958, 80.43461291782477, 70.51205136931068, 62.86263517945295, 45.830136510386346, 32.62478169518071, 20.9505562399352, 16.31417518713413, 2.3131977931326175, 0.20834645337787375], "speed_sensor_readings": [2.938469004954723, 3.0217917657250575, -3.3607253374024775, 5.536330575104335, 8.722628728521169, 1.923022654946081, 11.582258676205699, 8.747149772863361, 16.781134278570917, 13.057946859842428, 20.193024373733063, 21.708077710596587, 25.701460430015835, 32.467207995831316, 35.715485636441066, 37.70350013346718, 41.11835575438213, 45.318960385969554, 46.75448376856279, 53.44513909080741, 56.530174138064375, 63.24253205425474, 67.30548001510476, 69.02213353137898, 71.75946492587289, 75.034760342029, 82.62566066796182, 78.60560964595024, 84.81659027258095, 88.68218738326698, 88.52673305619035, 88.4390320271373, 84.36329160307712, 85.2894046372372, 74.58925040084127, 74.09907970606936, 70.64957012975148, 68.63147978390307, 59.61204846918346, 65.89738709955506, 64.98089844340761, 78.35324041411721, 85.81580818153368, 102.08691115300604, 110.84411212111823, 104.93463604319125, 105.7822322439083, 110.98083906474842, 109.4406258393009, 108.585600832234, 115.19227229028368, 118.339830805414, 112.32705486113045, 2.58222450457978], "angular_position_sensor_readings": [0.34420928540075746, 0.022736346296884626, -0.7177019700235262, -0.39766772006601214, 0.7145281668912962, -0.4157622362202158, -0.1249666124449203, 0.3614537181482296, 0.22787886701502455, -0.42815322639256087, -0.5839363333374106, -0.8790409173179492, -0.4407475911866277, -0.815498746898343, -0.7790955153281913, -0.7952011238549892, -0.6706596962102221, -0.6515440200553817, -1.5445866532118104, -1.2190773949670357, -1.8253148359710036, -1.3849471133716593, -1.203928949355298, -1.357212447278396, -1.7660350089683312, -2.8505877037813327, -2.7254808402880735, -3.5757597482999284, -4.129856386264203, -3.1297401838276664, -3.6495954716286687, -3.8555326833640327, -4.147783017975378, -4.248228356457543, -4.702829633790373, -4.608582775851155, -5.504180116382991, -5.579303529516787, -5.964283505631335, -5.8828057827162805, -6.698741684337072, -6.735289601432427, -7.436826813685941, -7.62751246184981, -8.342909671011556, -10.228862330489713, -9.201176777302669, -9.050839354411092, -9.669481726632759, -10.746726690041038, -11.19397469436546, -12.871283364603674, -12.207044956877665, -12.712182022801587], "angular_velocity_sensor_readings": [-0.727956918120853, 0.5897274894375291, -0.21793724269316783, -0.6901387568747659, -0.10561168258162999, 0.13531504921995913, -1.0106873572152897, -0.9934038037337276, -0.5677865890187307, 0.09237626802566534, -0.9675181066662897, -0.07466552298278695, 0.6196786986308103, -1.6455142905696662, -2.292612235822352, -0.2982058501740693, 0.08562111684684015, -1.4780979545308677, -1.6683940896831098, -1.6436037034021025, -1.8021414329108343, -1.0994840775970716, -1.5187263047883595, -2.444656913135598, -2.1270778045161496, -2.02861498780054, -1.7702279158874155, -2.204901196482653, -1.8161108810898492, -1.9953065273238764, -2.3748719384643673, -2.7223855247848423, -3.6376123690234183, -3.3110011117752807, -2.4945747819299964, -4.090885752726871, -2.7785243630395886, -3.9207657818198873, -4.471115718860997, -4.540206329973652, -4.273385530830529, -4.755259057291815, -5.382557383582072, -3.970901826598033, -5.244023571321307, -3.882286956993133, -4.871111677270112, -4.766039436352582, -4.62809154302615, -4.915732293584685, -4.004152094069821, -4.99866010140445, -4.189939595315933, -4.8594056252681455],