{"position_x_true": [0.0, 0.0, 0.0, 0.0, 0.0, 0.0, 0.0, 0.0, 0.0, 0.0, 0.0, 0.0, 0.0, 0.0, 0.0, 0.0, 0.0, 0.0, 0.0, 0.0, 0.0, 0.0, 0.0, 0.0, 0.0, 0.0, 0.0, 0.0, 0.0, 0.0, 0.0, 0.0, 0.0, 0.0, 0.0, 0.0, 0.0, 0.0, 0.0, 0.0, 0.0, 0.0, 0.0, 0.0, 0.0, 0.0, 0.0, 0.0, 0.0, 0.0, 0.0, 0.0, 0.0, 0.0, 0.0, 0.0, 0.0, 0.0, 0.0, 0.0, 0.0, 0.0, 0.0, 0.0, 0.0, 0.0, 0.0, 0.0, 0.0, 0.0, 0.0, 0.0, 0.0, 0.0, 0.0, 0.0, 0.0, 0.0, 0.0], "position_y_true": [299.95095, 299.80379999999997, 299.55854999999997, 299.2152, 298.77375, 298.2342, 297.59655, 296.8608, 296.02695, 295.095, 294.06495, 292.9368, 291.71055, 290.38620000000003, 288.96375, 287.4432, 285.82455, 284.1078, 282.29295, 280.38, 278.36895, 276.2598, 274.05255, 271.7472, 269.34375, 266.8422, 264.24255, 261.5448, 258.74895, 255.855, 252.86294999999998, 249.7728, 246.58454999999998, 243.29819999999998, 239.91374999999996, 236.43119999999996, 232.85054999999997, 229.17179999999996, 225.39494999999997, 221.51999999999995, 217.54694999999995, 213.47579999999994, 209.30654999999993, 205.03919999999994, 200.67374999999993, 196.21019999999993, 191.64854999999991, 186.9887999999999, 182.2309499999999, 177.3749999999999, 172.4209499999999, 167.36879999999988, 162.21854999999988, 156.97019999999986, 151.62374999999986, 146.17919999999987, 140.63654999999986, 134.99579999999986, 129.25694999999985, 123.41999999999985, 117.48494999999984, 111.45179999999984, 105.32054999999983, 99.09119999999982, 92.7637499999998, 86.3381999999998, 79.8145499999998, 73.19279999999979, 66.47294999999978, 59.654999999999774, 52.73894999999977, 45.72479999999976, 38.61254999999976, 31.402199999999752, 24.093749999999748, 16.687199999999745, 9.182549999999742, 1.5797999999997385, 0], "angular_position_true": [0.0, 0.0, 0.0, 0.0, 0.0, 0.0, 0.0, 0.0, 0.0, 0.0, 0.0, 0.0, 0.0, 0.0, 0.0, 0.0, 0.0, 0.0, 0.0, 0.0, 0.0, 0.0, 0.0, 0.0, 0.0, 0.0, 0.0, 0.0, 0.0, 0.0, 0.0, 0.0, 0.0, 0.0, 0.0, 0.0, 0.0, 0.0, 0.0, 0.0, 0.0, 0.0, 0.0, 0.0, 0.0, 0.0, 0.0, 0.0, 0.0, 0.0, 0.0, 0.0, 0.0, 0.0, 0.0, 0.0, 0.0, 0.0, 0.0, 0.0, 0.0, 0.0, 0.0, 0.0, 0.0, 0.0, 0.0, 0.0, 0.0, 0.0, 0.0, 0.0, 0.0, 0.0, 0.0, 0.0, 0.0, 0.0, 0.0], "angular_velocity_true": [], "altitude_sensor_readings": [307.2498744921401, 301.9650961187805, 302.0311312385788, 303.7196759324185, 300.593339464275, 300.38190194295447, 297.814670008342, 300.3272245229914, 292.3920326606485, 302.5697399407991, 290.82936717388793, 295.82051733149365, 289.3967203582816, 287.2868478081735, 293.92703592223023, 288.2997144144356, 288.2266648245983, 290.54439821141915, 285.0247098009537, 277.681785897792, 280.7018690203971, 283.0261894708713, 273.6814161896935, 269.99996510169245, 271.2118522456993, 262.4551355799705, 260.49838675465065, 263.55566766679857, 259.34312288120555, 255.428238044512, 244.97886737993312, 254.59536096172545, 246.9514421509917, 242.85588241880316, 237.89791713917586, 231.06481234603638, 233.26231898820672, 236.65206181435286, 220.75663408081178, 220.91990366380665, 213.22245183599924, 210.35300194007837, 211.29389713264302, 206.05537997708063, 202.00187636670378, 203.58150158599994, 196.49769869210084, 185.17966091493201, 179.92954102699858, 179.73746972191125, 171.23867023644078, 165.13862443695555, 165.9920664201423, 155.49966040117144, 148.74633353312274, 148.1742839369824, 139.78214986099056, 133.1112398702857, 126.82559521726078, 109.84622344382362, 119.48365468316786, 109.67172247854208, 108.91331678135045, 96.7626307679954, 94.27333125093143, 93.1339593343035, 75.49845332358892, 70.13285433625933, 65.05300506378964, 62.95388415208451, 53.53614430842885, 43.83764568473909, 38.599417730651425, 27.815992372615245, 28.810776331057994, 17.52685600190254, 2.387435608143239, 6.3671185175716944, -4.5916053871616915], "speed_sensor_readings": [2.2365985939816357, 3.9459459754143356, -4.398679019276206, 1.9340027590357187, 6.2604441606699845, 7.412749032926735, 0.4987571434064515, 6.855125106210708, 10.480879228762536, 10.732713521192835, 13.349985696974148, 9.580705392943676, 13.539893872870117, 13.039538130243425, 8.385168120045341, 13.836725392505308, 7.389637071323328, 16.244155461784676, 18.598422863072305, 20.355434650635747, 19.334624441598834, 13.48325965716969, 20.381874218818755, 28.78907394054907, 20.783812072634092, 28.543288426419718, 23.277114992854465, 26.636197090329027, 25.087513455070997, 22.277331426327954, 32.7956012702561, 31.047330983930582, 28.598965178401443, 36.20006238538692, 28.608104581276706, 38.748551581389115, 36.987756561516804, 39.410608970117664, 39.141757795114934, 35.9119746223162, 45.12761486768279, 42.27694226501055, 38.190087461907225, 40.83876130735044, 46.86643698026315, 47.03514671365949, 46.016860214434885, 44.40940787388058, 44.26374343523236, 42.80018740986276, 49.844043122430584, 52.895919892896366, 51.799368824708935, 52.179737046142165, 57.221986297205106, 46.620141369250675, 61.09452066202982, 54.15956913763148, 50.813170480557474, 57.28295134916008, 55.653554373036215, 62.093297665923394, 55.54454901796663, 62.04522924558266, 59.55839697586474, 57.70833333015449, 64.15762029397743, 68.023902693144, 71.7107605390994, 71.58271275115003, 67.89664959860632, 70.78557475010848, 71.75275540885283, 73.4877116638719, 76.22907697099983, 75.12372034734292, 76.44466641774672, 78.39624782380241, 1.4590591448177825], "angular_position_sensor_readings": [0.38703447857201406, 0.40601509191122376, 0.12739868288669, 0.05879602623064513, -0.44301315749374437, -0.172990455708311, 0.13638631422141276, 0.15444625435916867, -0.20282909392916385, -0.8313750938773898, 0.4905547003826201, 0.04658252365958022, -0.11675540360333275, 0.0601762560823281, -0.009735446788561869, 0.8265563464937311, 0.31337879377918426, -0.22285504219818275, 0.5949130515561313, 0.18018265493805466, -0.09324947733412836, -1.0085502541333582, -1.0031779550017033, -0.10968814118360151, -0.12940325894289675, -0.7827388809457008, -0.024444172408886054, 0.3548123925571807, 0.3133874517080382, -0.26139393888707085, -0.32879221729735464, 0.32417713355096384, -0.25797779491021217, 0.29556163044845707, 0.4453744976354753, 0.21476980077565488, -0.49243906612429433, 0.15605785053056334, 0.30803231772585593, -0.21594864850700432, 1.2209071937479838, 0.44276546772289394, 0.2891722657405952, 0.03544343297060532, -0.05990404399107985, -0.4387127404505027, 0.42650810533137584, -0.3883327444282413, 0.47601860533780505, 0.32826061619000957, 0.7307519505002622, 0.31500561273910954, -0.4318257871466014, -0.470423527353755, 0.24949374780302708, 0.37304277398132285, -0.01015579474923172, 0.32330299735816453, -0.22792611157558018, -0.06750125997141747, 0.21427466575102072, 0.3746908169948031, -0.1664737374606701, 0.18743114507873482, 0.10865246098006041, -0.7686871453645803, -0.1538231176462524, -0.46139166459549125, -0.1675359934692203, -0.15240078637813848, 0.9649674400360072, 1.0986397342869159, 0.3877109674899208, 0.34600262204751314, 0.10948568540200505, -0.5438362183783098, -0.009592537782932412, 0.6014562657058079, -0.23647493936439373],