{"position_x_true": [0.006182174270387418, 0.03088621711169448, 0.08649559896239581, 0.18950600412831484, 0.3566567548878217, 0.6008787255779408, 0.9352758801555502, 1.3687304216553409, 1.905818212115641, 2.5511977962914543, 3.309420004706455, 4.185033348367362, 5.182794759817208, 6.307566929823382, 7.564093865192515, 8.956840772099964, 10.490118252297412, 12.168587964526399, 13.9972114122185, 15.980966643420697, 18.12484750237478, 20.43392891037827, 22.91344793534044, 25.568793065650766, 28.40532300350514, 31.428295712154814, 34.6431858251551, 38.05554368123275, 41.67113203292424, 45.495767743783546, 49.53517765860548, 53.79558938034132, 58.2838452407145, 63.00678543890789, 67.97090448114497, 73.18260552638435, 78.64804383903558, 84.3737698380018, 90.36652841071935, 96.63298295270069, 103.17969881110868, 110.01309192687306, 117.13862173001374, 124.56145576115085, 132.2877188167994, 140.32230990303174, 148.66979279346629, 157.33420030601815, 166.31782577715887, 175.62207577826734, 185.2479822028864, 195.19519697333376, 205.4603042649825, 216.03737844666801, 226.91840822274173, 238.0956169757421, 249.55949043087352, 261.2960377331141, 273.2874893090663, 285.513156352367], "position_y_true": [299.94683569184, 299.7831918756522, 299.50079672627214, 299.09517059117024, 298.5695121953374, 297.93046735953527, 297.1838606361269, 296.33110513030164, 295.3692834006664, 294.2952297957211, 293.1059697487054, 291.79855443175774, 290.36989037494203, 288.8166568574878, 287.13540028206427, 285.3228546894082, 283.37557386844463, 281.28989975415027, 279.0621995195977, 276.68866826669745, 274.16505110951215, 271.4871146697951, 268.6511490629561, 265.6532067385232, 262.48888060366073, 259.1533932506051, 255.64211115650318, 251.95092868562048, 248.0753543705076, 244.00969139714346, 239.7479303533432, 235.28484204389065, 230.61592890458917, 225.73665571866255, 220.64138343774198, 215.32344360560873, 209.77444900160478, 203.98605590517067, 197.95064237435582, 191.6593376432137, 185.10194118934155, 178.26756750212763, 171.14358998259314, 163.7165114065567, 155.97362960800038, 147.89991927067953, 139.47909471277362, 130.6940356408395, 121.52535542169458, 111.95189193155777, 101.95116214063103, 91.49917450518893, 80.56870341174145, 69.13011333101697, 57.15277882130371, 44.60640923212865, 31.45930307739924, 17.67662869891017, 3.221928660239959, 0], "angular_position_true": [-0.0008383936846603202, -0.004199591766271915, -0.01176452549007553, -0.024373319115422107, -0.041170970162897585, -0.06044130208445085, -0.08042291443185645, -0.1001657869743223, -0.11959144163698571, -0.13863388459956694, -0.15729325875255992, -0.17560511265732923, -0.19358434607030728, -0.21126285811797746, -0.22865307280734584, -0.2456864041091038, -0.26227363756443783, -0.2783493582843883, -0.29386282110143785, -0.30875919595902096, -0.3229320877518553, -0.33636458190971924, -0.3491887164750193, -0.3614857871717997, -0.373260858095758, -0.3845339715860179, -0.39545286534048074, -0.4063135183686917, -0.4173163160817708, -0.42836372216639923, -0.43926527273144966, -0.4500579094967652, -0.4610581390607785, -0.47267792300262906, -0.4851676248362007, -0.4986694799280843, -0.5131238874534328, -0.5285804760728092, -0.5452696203179036, -0.5632606431908437, -0.5825671131257131, -0.6032316696721663, -0.6251061022915614, -0.648261789995351, -0.6731496599544288, -0.6998494919310047, -0.7285982603845903, -0.7596085332940261, -0.7928394488240051, -0.828229352443717, -0.8658159864869543, -0.9057529605455434, -0.947935651493006, -0.9920661127960307, -1.037889724292526, -1.0858045545325814, -1.1362510018914216, -1.189341241927278, -1.2453822780944366, -1.3047970809541638], "angular_velocity_true": [], "altitude_sensor_readings": [302.56358687131114, 303.91533404501484, 297.38314094395554, 290.42555260087147, 294.8286999476648, 300.4411477394309, 298.73128768681113, 297.13954300883574, 296.75003779526605, 297.48439233605944, 291.4300010433632, 292.85217262295356, 289.55995668647876, 294.2989368687285, 289.2620789599146, 281.63734921430466, 281.90688676566185, 279.1614774002153, 276.42430038285966, 278.07295200754083, 274.85217742432127, 269.95704198867963, 264.89066723898037, 266.37836361044646, 265.70314196454683, 256.02365931324744, 258.1464246883409, 254.47681911835494, 246.58687507626223, 243.58602068460183, 242.9977069446714, 233.449291431196, 229.30254140568294, 228.7025581396773, 218.80418274211289, 211.84205610748648, 213.92189723194846, 203.65449974110325, 196.54218401036812, 198.1856624678655, 186.6628452938173, 176.11347585267387, 168.75847053602274, 174.13681350821636, 155.55626473499612, 152.34341893296363, 146.22921848231425, 129.26613674816267, 128.3924929334378, 102.25960390414824, 96.87726075115198, 88.34639296362596, 82.14095569515825, 70.5933709460444, 59.660340028768104, 46.854446055988774, 23.371123851390372, 13.04695141783986, 7.170033254351177, 4.471557329948863], "speed_sensor_readings": [1.417278216736999, 2.779489171146777, 7.268670189251166, 10.457066223228008, 6.254080762354972, 8.846291772241818, 7.1616010816516615, 6.568713002745511, 11.208470585417766, 17.287165750262897, 16.065152711766004, 18.510716114362555, 19.876111304391056, 14.496829656517221, 17.34077301357842, 25.27541687910736, 22.895245497669986, 26.994038838599504, 27.583007248770947, 31.291885181520488, 38.84335716666436, 33.521694119985916, 41.36291764022515, 42.80032890721806, 48.334780223452846, 43.99633933010318, 49.901176813252754, 53.35093289432552, 54.8096863490427, 56.82298431293273, 63.59434158136906, 62.40703761757953, 68.06518361243113, 66.09705646964834, 76.08406488781486, 74.29646670738529, 77.68897232540625, 79.7431791795792, 87.64229004377133, 89.4442099420808, 99.9551457436336, 95.70758251380727, 104.22774052274595, 107.3066041373695, 106.7752451301337, 115.99197309900418, 120.32049357720375, 128.45189716028779, 131.1376506463047, 139.60414818581984, 140.4963914915735, 152.40596533467772, 153.0097019295116, 160.30868075778665, 166.5901929663312, 168.22352367495557, 179.52529525985443, 188.08743299778797, 196.44698826795297, 2.640765474780224], "angular_position_sensor_readings": [-0.33133783107040427, -0.16896735568678645, 0.30566347049932674, 0.03503034994551983, 0.031413060929421796, -0.3860537137859334, 0.1957139770143418, 0.6886429705101723, -0.414988735541691, -0.32479667082999075, -0.019969230589697823, -0.2850479701303464, 0.028673864716834502, 0.09905833008631149, -0.3635110234564751, -0.3074392227420449, -0.4752002300644883, -0.03975479107233856, -0.28995184925942785, -0.31897231844468504, 0.34014773560203043, -0.7004427257337722, -0.27925811730905425, -0.026741004452857486, -0.5287198106408055, 0.3159737456426259, -0.7540539900102879, -0.40445449274875295, -0.37479236061837257, 0.025248481435558634, 0.20054230321649724, -0.36852344602552595, -0.37995830541318754, 0.17907315073375424, -0.04912424488430528, -0.6167096269276349, -0.5213294592318561, -0.26145619684476434, -0.8144370158659942, -0.3433620606644756, -0.4806978908272845, -0.5984228967333942, -0.011585638234206774, -1.4579039916852405, -1.0184788462290157, -0.3422250893078264, -1.3411482264031063, -0.5877827266783274, -1.2008433971901809, -0.859138646857542, -0.6400179985194724, -0.1365885936865422, -1.3065526219266026, -0.9207667097511106, -1.1452036099435174, -0.9930718659409833, -1.646563899463228, -1.0541833480263043, -1.405411234734847, -2.1144472086950623],