{"position_x_true": [0.013269761553547723, 0.06638690984735938, 0.1861211256678456, 0.39954334348051235, 0.7300877373081013, 1.197529043728852, 1.8218732240103608, 2.6234289697049933, 3.6226598466746975, 4.839960895726417, 6.287970838273511, 7.971177759832755, 9.89325605862333, 12.056985015756508, 14.46322032478615, 17.11142257540318, 19.999104229297643, 23.119479913527876, 26.4614570088251, 30.009424765812476, 33.74276911350257, 37.63597357209403, 41.65510069424073, 45.758294795771796, 49.89557003042864, 54.00489410893185, 58.01413453474254, 61.84497937857768, 65.41449167580863, 68.63555718371526, 71.41484394410385, 73.65753558532047, 75.27470866282803, 76.18870322005317, 76.34311136648152, 75.71395021828958, 74.32440020918564, 72.2608564049412, 69.681950223023, 66.82769512377259, 63.93365903161578, 61.06626439515483, 58.19886975869388, 55.33147512223293, 52.46408048577198, 49.59668584931103, 46.72929121285008, 43.86189657638913, 40.99450193992818, 38.12710730346723, 35.259712667006276, 32.392318030545326, 29.52492339408438], "position_y_true": [299.9469724890142, 299.78384643086633, 299.5023291563956, 299.09302712576783, 298.54924327257083, 297.8670060471306, 297.04040558673574, 296.06179854123695, 294.9206899256099, 293.6032286046381, 292.09491538873425, 290.38122239352373, 288.4467544412969, 286.2751178787305, 283.8468437550964, 281.14086543214904, 278.13462318524745, 274.80156412127536, 271.1126541020316, 267.03734905085696, 262.5440058212186, 257.6009198694218, 252.17618169887834, 246.23938421823024, 239.76359522934771, 232.7268570533079, 225.11535028602748, 216.9254533562839, 208.16583541588486, 198.85955024285565, 189.050473282252, 178.80573732317697, 168.2183616692689, 157.41017145889487, 146.53511115977147, 135.77926749257864, 125.35257115498064, 115.48153224336534, 106.38832156748686, 98.26657916337959, 90.89061750775684, 83.6818446839883, 76.37497186021977, 68.96999903645124, 61.46692621268271, 53.86575338891417, 46.16648056514564, 38.36910774137711, 30.473634917608575, 22.480062093840044, 14.388389270071514, 6.198616446302983, 0], "angular_position_true": [-0.0007963788659083979, -0.003984104102327902, -0.011138012216721498, -0.023700002545988117, -0.04223614907266566, -0.06652565280024776, -0.09630764909591169, -0.13140319902690836, -0.17155248430589326, -0.21643668968071553, -0.265855945352394, -0.31972562570030405, -0.37825454422555377, -0.4419106749305491, -0.5109392079831396, -0.5857040393502346, -0.6667401791972101, -0.7542202598806229, -0.8482473337401375, -0.9489726272166261, -1.056560245743716, -1.1713514015116278, -1.2934844505887273, -1.4231663874323592, -1.5606862152374643, -1.705859758642708, -1.8583451600031364, -2.018185437220515, -2.1860316518397105, -2.362992876465002, -2.5497695231664226, -2.7469378878310797, -2.9552899923570166, -3.175623505412593, -3.4085696997697936, -3.6543769988097554, -3.9135448102652646, -4.186317190493156, -4.47338921104737, -4.776044864852736, -5.085680937422092, -5.394241452938679, -5.702801968455265, -6.011362483971852, -6.319922999488439, -6.628483515005025, -6.937044030521612, -7.245604546038199, -7.5541650615547855, -7.862725577071372, -8.171286092587959, -8.479846608104546, -8.788407123621134], "angular_velocity_true": [], "altitude_sensor_readings": [299.93846406323627, 296.4959327090646, 305.3776446812663, 303.8344960105409, 297.6061539250123, 299.14639914448935, 297.2679472446578, 295.7106901943843, 300.5553543665682, 288.0842559436967, 289.225928119311, 295.74281942610025, 287.7154485748832, 288.04878273906934, 275.26082108417415, 267.77647477377633, 286.25899347771485, 268.03438639740887, 264.78335816537304, 264.05530314658483, 260.03865917546517, 256.48040862102505, 251.78037059379668, 246.6620723382775, 237.09194509211562, 228.56640820847977, 219.3948191406094, 220.6714921812794, 207.9932633690447, 194.48228325141974, 191.9658341208932, 176.9041541292941, 170.55490149547504, 155.9559231840825, 139.65751104671435, 131.45740095707134, 127.86113324771115, 110.45477835604285, 101.8410381242319, 95.79564792209067, 85.29591726160966, 86.06185317181948, 67.05794452598069, 67.43737597767286, 66.00130397625794, 51.93749886654321, 43.85697730955132, 38.43838910431478, 37.86030933145608, 17.075380723127527, 12.348644870118545, 1.1410664463703375, -3.1951076683456656], "speed_sensor_readings": [2.1595667667853085, -2.5416756652352994, 8.709694067364225, 11.728443095514063, 11.886411118693832, 5.8935133940519355, 11.267651892368622, 14.016872620783484, 11.861886600644736, 16.851866138951635, 17.867837051579468, 26.478342502184944, 26.350865199915347, 29.185527351370812, 31.335601958054554, 41.779343520773054, 43.52052019473097, 47.52662348763055, 48.506920083988874, 57.14768644767768, 61.70894517164707, 66.10021003423235, 69.19940399151832, 70.58810422633536, 84.98363202985585, 82.11007455150951, 89.87131030774056, 89.46657061770333, 94.55576333739184, 104.00058508741961, 111.14948756297127, 102.8582998076139, 105.66701514947216, 112.07714102979097, 115.1195738710986, 111.89955872370807, 104.35588007266456, 103.41576142023038, 88.54878422130535, 83.68929109316683, 77.67381192592384, 78.30184386289628, 76.90025985086595, 82.21548281986738, 83.36449390942177, 75.81768693419316, 81.44145396349512, 83.54011558953452, 82.50346352635617, 81.09383283967414, 92.09091134105735, 91.78658806164923, 2.39800719069458], "angular_position_sensor_readings": [0.2163657465021166, 0.011384671832454951, 0.3234509432035619, -0.05953532235467214, -0.21354183637998464, 0.29820297301238935, -0.6100534830779427, 0.4475687106211965, -0.27857908716259394, -0.4468650636697722, -0.5601772557531299, -0.10421943898447528, 0.3807424536829929, 0.40320660354183363, 0.35796784763626954, -0.4735637106777566, -1.0639309088024402, -1.067352706679418, -1.2282528097446044, -1.5351209293529102, -1.763010476278752, -1.3949169293297004, -1.8259077797993182, -0.7810372572868137, -1.7668045973518265, -1.3129788756453555, -1.6991324159236882, -1.935080731424339, -2.302904030342109, -2.009806771261063, -2.3562338573783808, -3.009192303986365, -2.446761501942396, -3.28663962273368, -3.909252549195739, -3.2094693341523577, -4.327378282116373, -3.2941722313346475, -4.428984804036999, -5.05067697963275, -4.984257783246404, -5.760835768226294, -5.363180784786246, -6.072468588291296, -6.654352493567443, -6.276292724238714, -7.086990511817767, -6.784417946065287, -7.734298916642392, -8.476877480363543, -8.48442211239013, -7.958620925854363, -9.230330942885765], "angular_velocity_sensor_readings": [-0.17242613522486336, -0.2896387134026162, -0.5504496709401587, 1.0575022182090512, -0.4353830933249282, 0.30263280493604483, -1.1220086496441146, -0.248997379264988, -0.5657847863286263, -0.03635097310821178, -0.8032857523169847, -0.9744341015013342, -0.904071191628121, -0.9967731849219126, -0.4990807972420852, -0.5622249544496312, -1.2174868124059144, -0.517524503415481, -1.3843938104705154, -0.9908956313837313, -1.00143156031747, -1.617449511100007, -1.417705406283799, -1.437392065916346, -1.197114676038155, -1.0585819586994782, -1.6757343564324196, -0.4950464267412631, -1.9240125730168511, -1.9109215768947505, -1.9640428444571172, -3.01692208218428, -2.2447989899378173, -2.7183482871762634, -3.24790633473581, -2.0326999115283124, -1.7688615568220343, -3.7194835849798498, -2.295600400531558, -3.0664633111174147, -3.0694150858864644, -3.1972513019244264, -2.5484102134800293, -2.735593787482721, -2.6989976233415875, -3.9708009778949274, -2.646990552786116, -3.693082384550551, -3.342298139467542, -3.1656798994676016, -2.575853933763198, -3.308906972388588, -3.693088447393773],