{"position_x_true": [0.015213282729518461, 0.07814623033930004, 0.21170380939473704, 0.439121556557052, 0.7839113759403703, 1.2661716928297877, 1.906264715300829, 2.720877797850096, 3.731180890987286, 4.958570168502376, 6.416579891218902, 8.110834235651211, 10.04657023646045, 12.227759268613624, 14.656961671504277, 17.33445372228661, 20.257801960850205, 23.42181236298486, 26.817207402801497, 30.42916960703553, 34.2359693802579, 38.21021073194161, 42.31923580981504, 46.521652218055024, 50.767430423548575, 54.99829214729948, 59.14812996916195, 63.14227058285738, 66.89874488798782, 70.32961840648126, 73.33985315416987, 75.9658446413853, 78.26010504291963, 80.16063673820078, 81.61612683984004, 82.58493762194122, 83.06957902158096, 83.11695470118285, 82.83338987099327, 82.41917620918687, 82.0690257976853, 81.96402082868586, 82.32703881311237, 83.29205345234487, 84.93842049470237, 87.29902992458693, 90.22038826002301, 93.4573195851758, 96.68841003093344, 99.80506746267274, 102.90996798024247, 106.0148684978122, 109.11976901538193], "position_y_true": [299.95096225068113, 299.8038049335972, 299.5465620972255, 299.1668274881569, 298.65912634426434, 298.02046934450766, 297.246947837585, 296.32937358317633, 295.25971269233105, 294.02641131970813, 292.61601613082786, 291.0159301080616, 289.2131784276692, 287.191506680689, 284.9323208996469, 282.414237796411, 279.61286579788293, 276.5018972088913, 273.0521949198879, 269.2318039007287, 265.00650426783693, 260.3422793947742, 255.20655719498757, 249.56809943050857, 243.3987579123056, 236.67576246669583, 229.383458173228, 221.51575924262934, 213.07827007156422, 204.09180323919222, 194.5976546262454, 184.7423195434459, 174.67084486598822, 164.445479418878, 154.15483686337964, 143.91076948173918, 133.8564036105879, 124.15768625936816, 114.97617573287035, 106.29667034768069, 98.05828340032518, 90.29901805879005, 82.94033370617143, 75.78297016196328, 68.59929236604643, 61.100503768980815, 53.01146078508688, 44.14165284039, 34.36407054964009, 24.0477333011499, 13.615127882242787, 3.084422463335674, 0], "angular_position_true": [3.5597087582385243e-06, 1.5588124222711294e-05, -0.0023807577483545175, -0.009567385686229495, -0.02228293472212209, -0.040336392271602274, -0.06363825008344504, -0.09300629671486005, -0.12830107547889716, -0.16921183628968778, -0.21536605029670972, -0.2668381728887871, -0.32407248582457826, -0.3872719507873229, -0.4566971556691352, -0.5326111012554233, -0.6151993650514748, -0.7047547779646368, -0.8014383310169512, -0.9051999758115301, -1.0157221258937905, -1.1329079028360378, -1.2570007746670684, -1.3881021335785804, -1.5263033034119422, -1.6718673355217055, -1.825320597820324, -1.9872034755769945, -2.1582644778683924, -2.339491919903592, -2.5313659947122225, -2.735913478185141, -2.954942522526599, -3.188413997832768, -3.4364959042151493, -3.6974946461513833, -3.9714445413269424, -4.25828602360946, -4.558324298242443, -4.87537083384131, -5.209241515879348, -5.555880841765879, -5.917322291956657, -6.296561253922701, -6.6898603512485435, -7.099338034300951, -7.53039004631265, -7.981420150639839, -8.452908252583482, -8.936131709328192, -9.419413065439528, -9.902694421550864, -10.3859757776622], "angular_velocity_true": [], "altitude_sensor_readings": [293.4927314958481, 296.55780280745677, 305.12413657447723, 295.55256729669884, 297.20975668710213, 292.94620978658236, 301.1733673783106, 294.6338608081465, 298.574069583979, 292.7255469269723, 295.4828384664142, 293.2198732231584, 286.1790764828257, 284.27215386840504, 285.6454794943171, 279.64970750890325, 277.19675059767843, 280.0626778236939, 279.5829651261064, 275.4114491059884, 267.3518431000112, 263.65169497643944, 256.90506159299497, 248.61062020875357, 237.5940445010661, 240.8954326741314, 229.85217943216696, 231.26173169127523, 210.01479236408096, 201.28859294305482, 191.04962316748933, 187.37746931082958, 175.74998703925328, 158.5542479158975, 154.01819143993546, 146.29005945203554, 130.22237873031605, 124.20919467608464, 119.13323920471905, 110.17494847933217, 102.58468453912525, 87.96129044650269, 79.09911979240128, 83.5721419282552, 72.86414972753403, 58.0526588647491, 50.678681815336326, 43.24543273880841, 38.54166280976671, 25.524061480253586, 16.497809791106718, 2.632800207857534, 0.4829429778890755], "speed_sensor_readings": [-0.5475480967619977, 2.1161723625957247, 4.268038718396564, 3.215221614001414, 2.3051659385384724, 11.05190934734056, 11.668605861484721, 13.116402658651582, 16.208266510391486, 18.12891743548511, 22.59896374684837, 26.288530935739246, 30.60585371775699, 36.47522210326821, 31.761732054661074, 41.67857557255313, 41.779709655625865, 41.17671087530911, 48.11467379903132, 51.89811147324717, 57.68265269894919, 62.35524987300738, 64.04780998147342, 72.89589721943037, 77.13466116975367, 81.64908057304328, 87.17230278281426, 94.16676558794707, 91.90537139109834, 96.55469809043612, 101.61639402537455, 101.6316532891888, 104.4046943177758, 107.29596304202998, 102.97742302976364, 104.56718379402179, 98.77950305579667, 89.28758625174667, 86.9469505980088, 85.8488219470747, 79.62456222086456, 75.51567436169704, 72.80932757035231, 68.75790261968616, 75.28601731868203, 78.7712464813093, 93.2345112113005, 96.21832331607233, 105.81263303027751, 108.2586061726032, 107.2305782743171, 110.70209138551635, -2.69367629821272], "angular_position_sensor_readings": [-0.3388073685481511, 0.1799989380579452, -0.4150940921561002, 0.015965401923315872, -0.16667771601522385, -0.9643151445341454, 0.04422530012325657, -0.14528787838389148, -0.02691152858775976, -0.4984151455649001, -0.5687095520353413, -0.5492922835966417, -1.3642724610658812, 0.08407804542257952, 0.2840588389032546, -0.14687031591671218, -0.9656113583980375, -0.6734572701297197, -1.0544986150957578, -0.47463850223163884, -0.36667930173401897, -1.3562266999406167, -1.6022697678897238, -0.38881680598277657, -1.4023320525071565, -1.1204828661988693, -1.5761540359945592, -1.2483358238491467, -2.4096190119972096, -2.044172092433399, -3.4228317276952804, -2.9788424469818184, -3.1023543711287576, -3.5408338682207914, -3.835309749374931, -3.766669722019106, -3.6987986591641002, -4.670887260795936, -4.3880843236130715, -5.052615731362686, -5.1633600618619715, -5.544477042813745, -6.357965240690735, -6.655927330615771, -6.649228121384563, -7.681301222725639, -7.702682217854548, -7.886537922890909, -8.396508970907234, -8.778016933712012, -9.222537525047606, -10.099477868207336, -10.992660332864835], "angular_velocity_sensor_readings": [0.15391634770405244, 0.5567010639427882, 0.766237189889628, 0.17598964222834645, -0.5073502678754033, -0.14653509699038308, -0.31737711984109185, -0.2603059754427933, -0.8160247192477494, -0.02465725334120833, -1.212188597071516, -0.02847856262354509, -1.6992510360387678, -0.8708526304815124, -0.925830089170533, -1.881804460104107, -0.6542740656490118, -0.965532778909388, -0.1463287824891889, -1.7765765544738936, -0.30843834094874667, -1.162905188313517, -1.4324587896899144, -0.8809109991379036, -1.239893213330355, -1.2941575243189136, -1.3948590600889783, -1.770626633357553, -1.8589852276294296, -1.3793464595780418, -2.857037108706507, -1.937453523711361, -2.4917625641078813, -2.768470606414564, -2.4103114886517965, -3.184344292267538, -2.637476997767392, -3.247194488823625, -3.6451048267966657, -3.999414430799812, -3.8013796994667293, -3.2309270799034873, -3.684986683048074, -4.073822891119693, -4.271722078847241, -4.907248695155643, -4.8137143687790775, -4.167762659445132, -5.061269237451617, -3.8393495250210865, -4.645990969866248, -4.412342206947263, -4.0285751157464285],