{"position_x_true": [0.004082860132971862, 0.02045361743479114, 0.05726969679248875, 0.12665306635530715, 0.24080169295064313, 0.4080719598069248, 0.6371589345018716, 0.9347773395642804, 1.305399225711537, 1.7534056544087857, 2.2832472348347683, 2.8993638536495174, 3.6059458188293347, 4.407238941732723, 5.307776546452257, 6.311941498338938, 7.423782172025186, 8.647464882650885, 9.987318126405295, 11.447623820290975, 13.032589819654671, 14.746427749710413, 16.5934714155071, 18.577870463439375, 20.703634077833186, 22.97496047108404, 25.396156594322044, 27.971480071023695, 30.705204028664145, 33.60171236953282, 36.66536893323, 39.9007407202013, 43.312533080287274, 46.90533005623014, 50.68417399811684, 54.6539995464639, 58.819463704574474, 63.18523101506186, 67.7564646475462, 72.53933866752128, 77.54021020121758, 82.76579789883202, 88.22361917797318, 93.92176150821405, 99.86912855854005, 106.0745085258673, 112.54723185592219, 119.29779049913918, 126.33709253537226, 133.67696060368291, 141.33061126170645, 149.31194963896132, 157.63647997077305, 166.32147313177907, 175.38538178491885, 184.84866228310608, 194.7321898479215, 205.05874964441412, 215.8530923214213, 227.13993852285776, 238.94562463274798], "position_y_true": [299.94684247124565, 299.7832931746808, 299.50109097421495, 299.09584211414017, 298.5711451292477, 297.93433271301177, 297.19217600014696, 296.3472701914816, 295.3978755925594, 294.34192486554, 293.1773188321397, 291.9018398472068, 290.5129344761447, 289.0078082117243, 287.3836878853367, 285.6375383767983, 283.7658847341142, 281.7646614173984, 279.6299123907513, 277.3579459686337, 274.9447767547264, 272.3862540015202, 269.67837740291503, 266.8164757019356, 263.7952532910591, 260.6094761933649, 257.2535484646408, 253.72152132391082, 250.00714157351757, 246.10412618934703, 242.00628055116601, 237.7078097899863, 233.20253545008293, 228.4838244497982, 223.5455160010749, 218.38104347459125, 212.98331953024348, 207.34501368230306, 201.45931988283368, 195.32053644829222, 188.92261670088294, 182.25916875015926, 175.3244083803375, 168.1128141559503, 160.6195931881147, 152.83910621698325, 144.7652811104983, 136.39231981584777, 127.71456326098539, 118.72769166434145, 109.4287702890224, 99.81495010222565, 89.88468050256242, 79.63841143923159, 69.0779073692561, 58.206701857165, 47.02804169923077, 35.54814032760967, 23.776961011119965, 11.725130960044238, 0], "angular_position_true": [-0.0008434311609885861, -0.004209295878548659, -0.011782818089686169, -0.02441737664450893, -0.04126088770311029, -0.06061322873301695, -0.08079541679927228, -0.10093197017142799, -0.12101881808728486, -0.14108455601560033, -0.16112389961198925, -0.18112198935801654, -0.20107516537127718, -0.22096633504331262, -0.2407343890338404, -0.26036597574671566, -0.2798522594887529, -0.29914006499866425, -0.3182407663088494, -0.33715638661599695, -0.3558152208279364, -0.37422699956153593, -0.3924869508790071, -0.41057263462339955, -0.4283943131818293, -0.44586870365967385, -0.4629607725452726, -0.47957698395786263, -0.4955394403460021, -0.5107637192826874, -0.5251986915972703, -0.5388582728976539, -0.551778027744647, -0.5639077995008964, -0.5751883553385356, -0.5855039716534826, -0.5946525055867016, -0.6023167880537548, -0.6082957603467198, -0.6126631675036763, -0.6154055917928347, -0.6163844673028483, -0.615584979873659, -0.6131042236094886, -0.6091472611897906, -0.6036666896303863, -0.5964233012539402, -0.587240736240328, -0.5758276844723202, -0.561880572901139, -0.5452916834906384, -0.5259476188891493, -0.5038480836997995, -0.47902706589087546, -0.45160744683768306, -0.42182058372514486, -0.38932305651666554, -0.35409896471082897, -0.316518427786551, -0.27658445220894173, -0.23437504535281223], "angular_velocity_true": [], "altitude_sensor_readings": [295.87937876214517, 291.1706489377953, 303.2319762911762, 291.9287701259163, 298.6742660837648, 292.89006559397717, 297.4634173227324, 293.65155327953664, 293.35057376473003, 301.6603638954113, 292.74821303414427, 292.7691453450546, 291.34522077696647, 297.8611240688542, 285.2107411643327, 285.2882549726553, 281.53111673055065, 280.8272648255846, 290.1196111754423, 273.26851608826166, 271.02910300385463, 273.6163417849773, 264.3931243662991, 270.7429861878412, 265.96676689267434, 264.82716185417746, 260.65945808469644, 250.77459457111237, 246.20727983453656, 247.1567767202366, 243.2571001100582, 236.6013637181204, 231.6056548231179, 227.21130250802383, 219.293110942465, 224.1392388771876, 214.74481568583798, 202.61369288991725, 201.9642705430496, 191.94777892066628, 189.5678340042519, 183.22495372576893, 174.87530800753237, 171.85380176814968, 158.82903981920796, 149.30999111615523, 139.2075358618421, 142.15961361547693, 130.35603014813583, 124.05504491101689, 105.70190451125065, 106.81898310821047, 91.64905212840158, 83.09534419751243, 65.26819624938207, 55.79487857887749, 47.43664757826706, 31.75573602604231, 26.056665738922952, 10.954344707583866, 2.920622509040062], "speed_sensor_readings": [-1.2275086687835481, -0.5200026312363986, 3.154483444276242, -0.14234325441437345, 3.6937742629932417, 4.8125413233309, 8.857107199194497, 12.679470203451263, 9.182973588712445, 14.594835106571784, 7.866985383533398, 10.760765018810773, 18.261078093093246, 23.025460872472962, 20.373711419014555, 29.19650893643772, 21.17487497721503, 29.86076324283547, 22.110423798151253, 27.351863034361408, 29.152006764355356, 28.3323547557623, 34.636446349002455, 37.72283195959624, 36.70169822620709, 40.49802544064959, 42.596393045599676, 44.030861989522776, 43.72979847242432, 49.73396509815745, 57.65568787514471, 49.53375569274669, 51.34033364041447, 58.336780370438994, 60.65448598793857, 63.09299244398849, 70.2220775790645, 75.81608100588048, 73.53462730358918, 84.83632681856848, 82.00209840702077, 86.54339433519387, 89.83648208289323, 93.14725655891803, 95.9512661860114, 101.5696790457213, 107.69955121751258, 111.49153027738652, 108.34560728207481, 120.51224484481392, 123.5172191421844, 133.487545125037, 127.03932029093328, 135.60925200329268, 138.67823328662857, 148.1303526898158, 145.2935063357335, 161.47266615086085, 162.29920708489806, 170.3137886827637, -0.5333935609287888], "angular_position_sensor_readings": [0.14043298061635595, 0.4230205904752364, 0.5697657570395018, -0.16110603275106866, -0.4770585317519632, 0.20286102490883284, 0.01211328812897354, -0.021114837973578826, -0.03915426928988125, -0.35717346900492347, 0.45890587293486296, 0.016859194207617667, 0.04642459122756931, 0.27897568608243994, -1.1903319820882357, 0.1134863305601771, -0.8523911719203129, -0.12662965537036394, -0.6059491488611628, -0.5103345083172384, -0.8887321143740853, 0.1945255735989636, -0.6456140852796957, -0.6597623911023379, 0.01706236726812871, -0.7586723743084325, -1.1245216997568117, -0.4165702244191197, 0.04664646361298225, -0.5533722142099577, -0.2739295945890712, -0.7745174336026011, -0.7457080769645187, -0.8832386328127215, -0.15969819863759993, -0.6893609660699025, -0.7299496893828646, -0.47587677599640155, -0.7839952156730449, -0.39090661013827077, -1.1888817523275526, -1.1717404257273407, -0.5530547183460127, -0.9996234030305116, -0.3004445178554464, -0.7645212801962458, -0.9601242125886653, -0.9570981578865561, -0.5684395938967093, -0.2741516808652239, -0.8689279362676787, -0.0009158196351405357, -0.20790100286939878, -0.3458072002673023, -0.33456574436000464, 0.17366124447677134, -0.45119255954231596, 0.007804953998480857, -0.18469634968763995, -0.917826947200153, 0.009350065453069295],