{"position_x_true": [0.010243234522355473, 0.05124713926534668, 0.14368301653617624, 0.308317043289556, 0.5577053129360583, 0.8963199914496423, 1.3288665299169902, 1.8603051557721753, 2.495602312646123, 3.2396762123766125, 4.097603938224131, 5.07462258942101, 6.17598485401859, 7.407037116364506, 8.77325382070308, 10.280185320747748, 11.93357925704952, 13.739255367556005, 15.70294905951696, 17.83045262958712, 20.12780563236784, 22.601095007853917, 25.25632616521021, 28.09985495567013, 31.138219656973725, 34.37785816899837, 37.82551521232496, 41.488108709381926, 45.37256696034906, 49.485795558256974, 53.83472432274553, 58.4262742314274, 63.26743143680076, 68.3650323669814, 73.7254605328815, 79.35497609563346, 85.25946346698393, 91.44362450057328, 97.91133971453424, 104.66603918151858, 111.71055932995117, 119.04737765823572, 126.67755879241017, 134.59899046590965, 142.8078848511768, 151.29914545621568, 160.06343538347141, 169.08886754421357, 178.36181945894126, 187.8643557914825, 197.57384272427933, 207.4644701546572, 217.5064820616584, 227.6647707638563, 237.89947534729478, 248.1639089718916, 258.402917816257, 268.55298997859023, 278.54436850805126, 288.3011843993329, 297.7427280788608, 306.78699719038434], "position_y_true": [299.95094984664576, 299.8038009476638, 299.5585739652867, 299.2154542775122, 298.7746935146048, 298.23634091075843, 297.6005265086339, 296.86762090434496, 296.0378487310246, 295.1111999727226, 294.0874800324499, 292.9666459919509, 291.7485379132739, 290.4328252537588, 289.01949533883214, 287.50844095747385, 285.8991884841694, 284.19112046160245, 282.3833335364722, 280.4743647536697, 278.4623642023529, 276.345184160407, 274.12047763413756, 271.78569909346504, 269.3379005706296, 266.7737419555768, 264.0900928054002, 261.2841638521958, 258.352325927298, 255.28961093525956, 252.09016758764946, 248.74733013194555, 245.2544599760239, 241.60378246861222, 237.78453949808113, 233.78474580335885, 229.5915074785479, 225.18962480784094, 220.56276474541068, 215.69421483745663, 210.5665204095694, 205.16181732827584, 199.46039480672798, 193.4389304864642, 187.07277481708923, 180.33631858004958, 173.2010789764023, 165.63816026898587, 157.61894031743762, 149.11328024558307, 140.09008117290915, 130.51892574429573, 120.37005244499123, 109.61404747051556, 98.22308797900828, 86.17115432067938, 73.43493306016603, 59.99598281988501, 45.842198889190215, 30.968953538791265, 15.384128896804173, 0], "angular_position_true": [-3.670147888331154e-06, -2.1959900384897043e-05, -7.959747128044207e-05, -0.00020498465316891255, -0.00044769232398829243, -0.0008663653664229188, -0.0014910413178114354, -0.0023923227154733365, -0.0036831615158097394, -0.005410700135653636, -0.007578803566294972, -0.010176288118270333, -0.013190538936589946, -0.016737343641528873, -0.02099921589563377, -0.026131095818777234, -0.0322474763004618, -0.03939962679630699, -0.04764413516085372, -0.056944393895225445, -0.0672244485187437, -0.07849855760268144, -0.0907651031060251, -0.10398080350097377, -0.11819931602877794, -0.1335317847141061, -0.15016422930450155, -0.16842226487399461, -0.18852532469743713, -0.21054445255639265, -0.23446882033155336, -0.26033545406053515, -0.2885199505518529, -0.31939870313862256, -0.35296992341560207, -0.38918876618543075, -0.42809815335931095, -0.46952263071147976, -0.513311061633355, -0.5594645048809996, -0.6080160052145961, -0.659344071575599, -0.71383112886262, -0.7713229861088449, -0.8317024445742743, -0.8950744475716789, -0.9611847816226726, -1.0298910674381256, -1.1015066483537084, -1.1762222112108518, -1.254017401389676, -1.3350678203526536, -1.419612123253141, -1.5078468355975856, -1.6002426900613884, -1.697291741095675, -1.7991415118417247, -1.9056893534916972, -2.0169703993964565, -2.133126255673649, -2.254339078126393, -2.380988975155441], "angular_velocity_true": [], "altitude_sensor_readings": [306.14789599250787, 301.29153243983546, 302.2932714573732, 294.68656459556627, 299.7293361376898, 293.65252579649973, 307.4670017113132, 295.5947273752565, 301.4219042216007, 296.6732084733209, 293.8620875035663, 290.00309590371313, 290.94684429033015, 291.7285512275839, 291.01274458192876, 285.6308066358917, 285.1268946537809, 284.7946696671949, 283.2409808183934, 279.1003463560961, 278.21091479586204, 274.1304203164282, 277.3518906714894, 268.68801106112323, 266.9927251501674, 270.33540026502106, 271.12759574461387, 259.13122968225815, 257.7199332354587, 254.31375253838743, 251.19525150198695, 244.91174684460844, 242.09655044755107, 239.64615572276773, 231.94891649708757, 241.9740692665283, 226.70740709286707, 219.93128671499517, 214.89542946101847, 212.17331301033843, 212.5715877237584, 203.32593076236466, 203.83382265905712, 187.32942003493233, 188.46453659604057, 176.11527069535452, 176.0569761286362, 165.7023731193387, 163.6604170068292, 147.06630867586335, 140.27107929317827, 123.6012331078788, 120.32781481560518, 111.25111544865793, 96.56154550894513, 85.77053359956284, 64.28890465137765, 54.84846496973418, 43.7638834745058, 34.308211972796194, 16.121236319463357, 6.282740284312165], "speed_sensor_readings": [0.0012186066222410474, 1.7308178183505536, 5.326920731647798, 3.5249087011367823, 9.59143641140334, 5.398824021277977, 6.549528413999342, 5.988301085766047, 9.918386612475778, 13.633696362399364, 11.15854688415608, 10.210567688421978, 12.109169102535713, 19.56212189038073, 24.011367666893705, 22.127008320272743, 23.028547297067206, 25.64623622401274, 24.738589376703658, 25.988707991338767, 30.19905379293909, 33.2397028968884, 34.56225644224477, 37.12353950479236, 39.629666401854436, 44.11316190782338, 45.767522574671354, 47.263325544284996, 53.35871872663449, 52.34129972353405, 51.07780545688601, 56.01519550253405, 59.701451471882095, 64.64351183533434, 73.00579976431247, 67.28330863083306, 78.28415412887068, 75.77826186073878, 77.38952637517451, 77.86122266710936, 86.4985998326657, 86.94029504751506, 99.38242173444584, 98.86617867301969, 107.64032805591738, 111.64119337317294, 118.31880871481705, 119.70846819835097, 122.53741033087127, 131.57466808404445, 139.76698756885045, 142.31810226968926, 144.9871521640268, 152.42334607309306, 156.2654819771909, 167.6261736161643, 165.5214284573208, 176.0871795860586, 179.97346346797502, 177.6457346722506, 181.24936973296545, -5.575857173662504], "angular_position_sensor_readings": [-0.4944741357598708, -0.6694668717840008, 0.1551663408774826, 0.1811890248373468, 0.2231909877943392, 0.18607626722666737, -0.29299871853325216, 0.16804778684461114, -0.37282242346711736, 0.5423830237266579, 0.39753191497876794, 0.2557251761544891, -0.5579863405345082, 0.06158030869037873, -0.5797600243721763, -0.30051621107037996, 0.12343720660793489, -0.030902956554326184, -0.11678389401727075, -0.4843845107531672, 0.13505034367868535, 0.2729376531720363, -0.002926525297561003, 0.04890533520361684, -0.08990854640791128, -0.23659710701818898, 0.2801880547367269, -0.31768297732725614, -0.566566793423059, -0.6581331762181364, -0.30589014302992584, -1.0513994842921528, -0.06390906460779544, -0.47890874501618136, -0.5678063621162702, -0.6771371859479074, -1.1152164508220255, -0.2748939924848162, -1.1312511586229514, 0.24691663692663046, -0.6946306853277575, 0.18890821524439494, -0.4499849608733194, -0.3968048996281712, -1.1388047008164242, -0.9290952329282083, -0.28984756041010473, -0.5530502044937184, -1.5755309983502692, -0.2134507966123721, -0.838021733048254, -1.6301905544343174, -1.3206870706511133, -1.6389107276738166, -1.6280635791422344, -1.856358492806592, -1.8965079487130776, -2.2138410290312374, -2.0279711474727224, -2.426568701821593, -2.6561558924788313, -2.626705130449569],