{"position_x_true": [0.011270320738689362, 0.05839665540077846, 0.16814776213649374, 0.3674584884148419, 0.6794947106987581, 1.1237994536175042, 1.720326066892762, 2.4893568987306463, 3.45122194430535, 4.626223447540811, 6.0142496124910725, 7.607365840957984, 9.409573474290804, 11.424831912271852, 13.657130444576342, 16.108439618297517, 18.778680123614837, 21.667310709078574, 24.773594154178546, 28.09600371003428, 31.63241952286216, 35.37977821036529, 39.33263871122186, 43.48516152413128, 47.8328052485013, 52.368349197550245, 57.082187795377, 61.96472585916274, 67.00543736454266, 72.19023824859093, 77.50263453794147, 82.92746001513338, 88.45045492637946, 94.0531888089634, 99.71511257668409, 105.41745569618783, 111.1427830493365, 116.87231800985697, 122.58654656855927, 128.27109875346065, 133.9139407964437, 139.503024438843, 145.0307818142548, 150.5028798780331, 155.9508555163495, 161.39883115466588], "position_y_true": [299.94703065031155, 299.7841609805674, 299.503366986551, 299.09630802219766, 298.5574893355087, 297.8840042130928, 297.07089501652644, 296.1110177828111, 294.9948700309426, 293.70935326243176, 292.2606144815639, 290.6551050572822, 288.8772035791091, 286.9120408438945, 284.745582165762, 282.3603053700891, 279.73603827151953, 276.8529327146675, 273.69161058767963, 270.2322051571573, 266.4545374608424, 262.3377654458727, 257.8592736132185, 252.99625123734623, 247.72676593527234, 242.02705266169949, 235.87175662108348, 229.23531763210175, 222.09130811481467, 214.41149168500124, 206.16625087873803, 197.32554184236946, 187.85826341317022, 177.7310561155164, 166.9083500259982, 155.35257510291163, 143.02323562330753, 129.87617739139714, 115.86273533773137, 100.92864886277934, 85.01274438395048, 68.04550683005388, 49.94689992524885, 30.891797902930257, 11.418326798350616, 0], "angular_position_true": [-0.0008106820708342604, -0.004051443684293192, -0.011342194151454271, -0.02439220116941484, -0.04412592350904955, -0.07065494474219924, -0.10398797412779692, -0.1441427870154069, -0.19130069417825318, -0.2456090642153922, -0.30345535008016256, -0.36114776865930165, -0.41845615448179413, -0.47548454663606465, -0.532691393588741, -0.5899440863686859, -0.6466862027923453, -0.7025972206066617, -0.7576217487449232, -0.8117384008746897, -0.8650112274585853, -0.9175005065094287, -0.9689317632842199, -1.0191743453865092, -1.068606799021116, -1.1172408675926562, -1.1648196663877497, -1.2113300401329017, -1.2567976704309614, -1.3008207426786322, -1.3427904448358643, -1.3825264416987504, -1.420142539373074, -1.455200615745912, -1.4870422665943814, -1.5153774092115255, -1.540125605671767, -1.560986526127401, -1.5774842506713256, -1.5897374383127647, -1.597976109138383, -1.602186256816738, -1.6026306591354125, -1.5997962246639474, -1.5954140118203832, -1.591031798976819], "angular_velocity_true": [], "altitude_sensor_readings": [306.5011156425196, 293.6903174796029, 297.54381321605956, 300.48057899573917, 293.62628178059765, 292.6247886854191, 295.7257289953375, 296.9835109568719, 292.99054642733734, 301.0565233276222, 289.2654470815354, 286.28886891305547, 291.9883246959043, 289.3602924820934, 287.62811370335004, 280.82624846088373, 276.7749869186112, 275.4534433214219, 278.9411547358969, 271.1075998539592, 267.82131600326073, 253.6587129020341, 250.63309958908727, 252.197835115745, 250.19355058795384, 244.17564128130118, 234.14150815255167, 228.78583887756832, 228.76286610080183, 210.5671768456173, 200.60815995178615, 199.42352617786474, 190.7708735757473, 172.6657758536005, 172.97118473020683, 154.36296926301384, 142.38098768348982, 135.8258528554441, 122.00772564835825, 101.26190173217006, 82.79780368022065, 68.50436009140856, 56.16668245489253, 30.870125433553877, 9.298459425968325, 0.9886021491101802], "speed_sensor_readings": [-0.3123938480078623, 4.793585685106436, 0.7106343263045898, 6.184461004666472, 5.216415988160724, 10.722016251047584, 10.206344574949282, 19.591594845011493, 12.669234736351328, 16.959625908088366, 21.408733230678184, 26.14998390144499, 29.027570503622876, 27.306199075529364, 39.62332334354703, 35.69133438987039, 39.238122880704324, 36.08329762678414, 50.510889886637045, 48.10684027881408, 60.68987547090039, 58.17798490556168, 57.34254110037135, 64.41730701999508, 72.66733562134748, 75.80634468536755, 85.12415020406935, 86.14059533978921, 92.77309670221861, 95.58525180046091, 101.42461930078714, 111.1095615310105, 109.07149567470051, 118.92079800906819, 126.26690407106602, 133.8570439307254, 140.0816138956964, 141.3877403809188, 157.56755106349445, 163.63336453180418, 177.9709889273429, 186.62392975843957, 194.13743976413627, 198.51483932586805, 198.7263134289228, -0.34352044635388973], "angular_position_sensor_readings": [-0.22499033271424915, 0.4180801258073875, -0.207082243820509, 0.08691473174663122, 0.5648330330832255, -0.40264540148109734, -0.032068744268175756, 0.2364280582009743, 0.5394850759299625, -0.0152034178720718, -0.06953219582950362, -0.4605269347986256, -0.517330345100222, 0.0884405105241669, -0.3777999879083771, -0.4208420212770748, -1.2193622582359773, -0.8359441700809962, -1.4207416441477059, -1.4590681902047045, -1.3411788649182546, -0.6422586086968416, -0.21624415062998958, -0.8175011884589722, -1.3672817272338957, -0.9332484636484336, -1.897833534302868, -0.995470810598155, -1.2170796594868845, -1.1041186988323548, -1.4630571688118605, -1.566742240280323, -1.7327902883636714, -1.9676506670982503, -1.1830612219906511, -1.2815631763283784, -1.5469211443593707, -1.5306842632302946, -1.3195876587921642, -1.5462769981596347, -1.4958669161856182, -1.7662621150782878, -2.3286313784715906, -1.8685945256494432, -1.8990641231977476, -1.5438459699595517], "angular_velocity_sensor_readings": [-0.01793661810301105, 0.5002017844515722, 0.06995780905218418, -0.5953965212473953, -0.893331755871786, -0.4276885206249931, -0.09563959360366658, -1.0687358846577641, -0.4132615252792724, -1.1265924627085102, -1.0158836321375793, -0.8364124840457989, 0.14552209972230734, -0.9166230176593521, -0.6920171829968094, -1.6550621046331626, -0.15893238921290326, -0.17812896572303005, 0.014081300519545259, -0.9415166529212549, -0.25978831770811084, -0.7041327221099256, -0.44359292590589827, -0.7039749616469351, -0.6525256271448876, -0.9028560437155045, -0.7035180570309709, -0.3924051785487742, -1.3962264232173545, 1.1541656769567346, -1.362722258837111, -0.8626639620554994, -0.18336716070449657, -0.8899352881763622, -0.681783706201093, -0.35883531101376037, 0.030684041611090757, 0.9917295101537892, -0.0998076412039693, -1.3421600564736562, 0.5312178865828453, -0.7200993869749246, 0.6213851645892193, 0.30650666488019673, 0.18891187874136645, 0.05076078719750607], "altitude_sensor_readings_scaled": [0.5981983427770347, 0.5982405674064545, 0.6033055427580792, 0.590625753553061, 0.6062057204451515, 0.5930652993748791, 0.5985570770563122, 0.5811943124193006, 0.5924121924612596, 0.5966380287665749, 0.5874448946417736, 0.5851140655837989, 0.5804900008764199, 0.566863413546401, 0.5732579237653319, 0.5511093755985667, 0.5514638940838602, 0.5535871113850837, 0.5535016583652651, 0.5306533590972293, 0.548371912680948, 0.5214357139686311, 0.5149247694927256, 0.5005696859709404, 0.49500497729444093, 0.4801038053156693, 0.47654144593663345, 0.439093343845696, 0.4499379053612707, 0.42467046382134, 0.4118453308806717, 0.39114483111155607, 0.3700536394764175, 0.34666584265069933, 0.3465582530442053, 0.3189004418351785, 0.28672024009426295, 0.2674004566701706, 0.22359021102476723, 0.20877739667493694, 0.17066520576638633, 0.1368799796263874, 0.09501454853423039, 0.055606071175966554, 0.019854540875557485, 0.009393417190321583],