{"position_x_true": [0.006188748689537672, 0.030919900730119236, 0.08656402277287706, 0.18545372933485205, 0.33987794623162515, 0.562314308036926, 0.8655140034250901, 1.262677017109029, 1.7627265351108214, 2.369892926187643, 3.088601913995949, 3.923213600261993, 4.877856098637892, 5.956675127936165, 7.163645097016142, 8.502880572411698, 9.978409301097681, 11.593971206621296, 13.353541624355705, 15.261310683600925, 17.321320995134382, 19.537633830616382, 21.914342650161387, 24.455654159183975, 27.166019584590103, 30.049541425354953, 33.10974451118063, 36.35014917713417, 39.774085161676126, 43.385247562151726, 47.188122425971095, 51.18724167354913, 55.387725559789324, 59.794573578730876, 64.41261532101356, 69.24682080715746, 74.30131705873795, 79.58051155498576, 85.08969246166751, 90.83506695796567, 96.82403777513107, 103.06495509912327, 109.56753454148117, 116.34231780428502, 123.40046555913827, 130.75316582539065, 138.41346199661436, 146.3957662644195, 154.71530709793856, 163.38864103592445, 172.4325956844961, 181.86515505222397, 191.70666687294695, 201.9820015892677, 212.71839450134428, 223.94274243389427, 235.68279603258665, 247.9685941535431], "position_y_true": [299.9468549036604, 299.78327292122583, 299.50094746982404, 299.0914230444463, 298.5539850610606, 297.89551109365226, 297.12213849221104, 296.2389520181658, 295.2466649529469, 294.1419456281235, 292.920997910075, 291.57966160425764, 290.1133831752594, 288.51755073666385, 286.7874439815828, 284.9181320333617, 282.90420361781656, 280.73985418672754, 278.4196659738597, 275.9379719749306, 273.2888989395863, 270.46684185634325, 267.4658433542005, 264.27991552932036, 260.9030617123708, 257.3284121799591, 253.54853864602447, 249.55602167071865, 245.34309882328708, 240.90224286630885, 236.22638949456461, 231.30831321703639, 226.1411966038995, 220.71762912841163, 215.02990250328057, 209.0701387740936, 202.82879251850838, 196.2965326234662, 189.4649138078383, 182.3256855794739, 174.8713501810609, 167.09503965625692, 158.99055954692895, 150.55192641555394, 141.7729659925844, 132.6469070269152, 123.1681874807349, 113.33201194178054, 103.13405056229153, 92.57028407698876, 81.63627807731264, 70.328076611997, 58.64336577764591, 46.58519723896008, 34.15921756934853, 21.369484185624724, 8.220885323958067, 0], "angular_position_true": [-0.0008399864612998855, -0.0042037567351874295, -0.011769775099096946, -0.02522548529785754, -0.04459197002122234, -0.06819590278272981, -0.09437832561243747, -0.12144522563209088, -0.1484874567155826, -0.1754253736453139, -0.2021602528276321, -0.22857817580789522, -0.25459117119306285, -0.28022212049852013, -0.30550703026249504, -0.33040855811016584, -0.3547941717435833, -0.3785232934633544, -0.4015410614917048, -0.42383244176706747, -0.44542688295592675, -0.46642755864566326, -0.4868747832092519, -0.5067521066482208, -0.5261745220005288, -0.5451792937366033, -0.5636141755803249, -0.5812649739509386, -0.5978205449235525, -0.6131011631611994, -0.6271406477811302, -0.6400521269867184, -0.6520020756593479, -0.6630201678254845, -0.6731411610796362, -0.6823437984561544, -0.6901958888887015, -0.6962787292121001, -0.7003335937070252, -0.7021979743109064, -0.7018992145275361, -0.6994452233496646, -0.6949875032583962, -0.6887262127445589, -0.6807038817701356, -0.6706532298149775, -0.6585184301958673, -0.6443045001392222, -0.628021286867578, -0.6096507951255203, -0.5888785889729076, -0.5652795091401389, -0.5385647036926668, -0.5093851836364387, -0.47852121925851154, -0.446081901536945, -0.4119336790397629, -0.376249631366008], "angular_velocity_true": [], "altitude_sensor_readings": [298.88380794846023, 291.9236751033592, 296.19852293357735, 303.47770991828975, 292.8242500004933, 295.56087560452676, 301.66924605362743, 295.8431056420367, 300.1803436421354, 289.2319551258939, 287.3134613548856, 290.4912164465534, 285.78392426005166, 289.94704555105267, 290.8660804628829, 285.32403128435107, 284.87357155260577, 284.05068622282056, 271.83600763988164, 279.026387468162, 275.52337322608855, 264.9603485281073, 258.3308210661406, 270.5248186441486, 260.8366657654547, 261.63734372919936, 249.9273662986235, 247.2882736783151, 251.9573920399192, 236.72086096881318, 231.78559834753975, 232.37451640357506, 226.4931349446327, 217.9308952142621, 219.32863692325418, 204.74343133038028, 203.13977193090972, 195.5231759990978, 194.29560201312916, 180.64419225480256, 175.49497204343973, 167.91260373222994, 160.52774619308735, 148.64998313523003, 147.3037684859729, 131.62654661207205, 125.80344624005828, 112.82605140892318, 109.26985695916424, 91.70604601300698, 83.2264263270259, 64.37268267989872, 59.28607877531081, 40.44517742005469, 33.281449931440264, 18.918904931542066, 9.147876618160812, -1.4505987796123898], "speed_sensor_readings": [2.554581110272581, 1.2107596796195026, 3.669202040826991, 0.39531315539500955, 5.984505754001708, 12.238332783949552, 4.3266941821818055, 13.314073270060778, 11.72013644697205, 10.06063672988978, 11.706959917283605, 13.98752806412072, 24.210581850598402, 20.802633821523198, 22.33340530848275, 23.36440813654974, 26.130592395033133, 28.923155848785456, 30.499834416962823, 32.01959040895948, 35.536574598683686, 40.31842959803005, 38.44002255448192, 40.06914227872973, 50.21817317753608, 44.036511315571175, 55.02387680132001, 58.598597267870794, 58.3184786889682, 64.537228109136, 62.55790790885186, 68.83378641530528, 71.27445871834367, 67.83111731199232, 76.66874282870839, 78.34628912199888, 82.96786974322308, 87.1189772546664, 92.03200388847222, 95.00463211641062, 104.60357699290307, 100.8123037498938, 105.53353025809615, 108.16727921534972, 111.34540488492034, 117.97267166943395, 124.30767950418957, 126.37657094049166, 138.31754681637761, 137.37083906470593, 146.62125761886577, 150.12951104454623, 155.70876241448173, 158.24743759802936, 162.68201301027224, 170.46862906559838, 182.41825555043908, 1.9367534913781124], "angular_position_sensor_readings": [0.07092469156188895, -0.33086576158756525, 0.282057817498689, -0.5293038147532038, -0.37504586996557704, 0.46617036453164074, 0.18268038649818946, -0.06915341032680743, -0.6727695796151623, -0.17446083073238128, 0.3215631044519641, -0.0531406999403769, -0.47840833247065917, -1.0066956355478558, -0.8160996769219122, -0.5633661323553627, 0.44341792287327453, -0.48818924131557573, -0.30188341790601575, 0.14129438190070498, -0.030285768755232534, -0.9197953522948166, -0.34120919772084657, -0.5343308695697369, -1.2530263119138092, -0.3303035499468552, -0.08713668451423262, -1.6383250454630838, -0.6315279630628146, -0.14536049389906724, -0.5187785556825184, -1.2196103201023125, -0.9152606280724005, -1.3651870640649117, -0.9549182352345722, -0.8085800854692946, -0.8926838914147444, -0.8433868231821178, -0.49409004780744237, -0.468874810476983, -1.3285871089510228, -0.8283308813477402, -0.5644857426723761, -0.7075085141465132, -1.3927260116137024, -0.5505279595205912, -0.2521094094826489, -0.3445693871588485, -0.4752575034635633, -1.090730793366084, -0.3190537770286415, -1.1611343292238954, -0.2959782047716734, -0.34553662067571744, -0.8886114164988244, -0.7342734130067734, -0.09631919846966985, -0.6412443255200737],