{"position_x_true": [0.00736618745001435, 0.036852784968566435, 0.10329064822721924, 0.22165265754304048, 0.40914620422761494, 0.6853197945958523, 1.0701707446373614, 1.5842792540071695, 2.24892084875911, 3.0861765180037395, 4.111070814168858, 5.3312693538342275, 6.7547386633407225, 8.389774393314955, 10.245018435055346, 12.329481562401545, 14.652556715617102, 17.22400989112237, 20.054041584030887, 23.15335519681485, 26.533167744052456, 30.20527093441839, 34.182059338233124, 38.47639973189542, 43.101501038433575, 48.071237631424516, 53.40021430188973, 58.98742688015559, 64.73916491489629, 70.68522714828666, 76.85614013737339, 83.28283485161698, 89.99747885183339, 97.03365693931757, 104.42613748326153, 112.11021956635233, 120.01790240254378, 128.17835889384799, 136.62169273685384, 145.37838005736265, 154.47944146123174, 163.88162860682934, 173.5389527977424, 183.4770584668616, 193.72112857665658, 204.2484999323182, 215.03406084544528, 226.0988302671188, 237.42916421101947, 249.00909251262033, 260.8326378366316, 272.88100784338735, 285.14397728159133, 297.61011970195426, 310.2684986527603, 323.1030481922573, 336.0942994041912, 349.2242588595972, 362.4734504815892, 375.81922079509286, 389.23765921911513], "position_y_true": [299.9510159313422, 299.80411686274243, 299.5593880903238, 299.2170211316384, 298.7773852089256, 298.2411147043252, 297.60896733983503, 296.88080395083387, 296.0561915370268, 295.13589857839435, 294.1199427911144, 293.00771675447135, 291.79876159367547, 290.4924766433382, 289.0879366848168, 287.58413835345675, 285.97887923016106, 284.2673799110718, 282.44560373304944, 280.51051734656164, 278.4586852400692, 276.28691683707683, 273.99192530970055, 271.56804791234464, 269.00624296270337, 266.2973308430293, 263.43209210095466, 260.42037028275735, 257.2718433577539, 253.9753846995037, 250.51862631083208, 246.88600584145593, 243.06037269320052, 239.02261284506645, 234.74984677620782, 230.2527167065161, 225.54212521664147, 220.59311050245714, 215.37892828089502, 209.86950667960457, 204.03093492323598, 197.87444382357538, 191.41143778004107, 184.60483172396317, 177.41346969627492, 169.83515761598042, 161.86685891803137, 153.4627712172105, 144.61085096197993, 135.29748195468702, 125.4977421266217, 115.1990417079982, 104.3749517777142, 92.99847477742807, 81.04272274506869, 68.47883863029307, 55.276687683529346, 41.40658369063785, 26.83813697661347, 11.539951656746123, 0], "angular_position_true": [-1.3984633521114597e-05, -6.724234784931153e-05, -0.00017813997566323787, -0.000388216849523403, -0.0007782654574669408, -0.0014886543038022866, -0.0026933932738610463, -0.004393438352319702, -0.006551868961690013, -0.00941249091035469, -0.013089362024101256, -0.017596956271976227, -0.023026116782668755, -0.029489215792840952, -0.03709427765117592, -0.04600419866832737, -0.05622866873639307, -0.06736438080141662, -0.07925743087396274, -0.09204739769602828, -0.10589558803034975, -0.12112719605167398, -0.13818885222759364, -0.1572523209068989, -0.1780687370382571, -0.20060235670971321, -0.22506381965143485, -0.2506035301318888, -0.2763852211766664, -0.3026523716304344, -0.32977671138413756, -0.35794418956424434, -0.38751829070102484, -0.4190493497975528, -0.45304709573079127, -0.48830159386633, -0.5233698217240909, -0.5584486563454754, -0.5939961969819711, -0.6305119351280362, -0.668553907106613, -0.7075552640930238, -0.7467882241381633, -0.7866130382396574, -0.8274377701941, -0.8689028344841631, -0.9105395059203873, -0.9529188761464373, -0.9959207367157935, -1.0393722330947277, -1.0832941920093742, -1.127359798261355, -1.1714540714363135, -1.2155196307722305, -1.259823166670738, -1.3041228530870432, -1.3479501657745467, -1.391330734338394, -1.4343288352690904, -1.4768359101284427, -1.518841570525528], "angular_velocity_true": [], "altitude_sensor_readings": [306.91247187400995, 303.1043812771327, 297.9132850292933, 297.8407046682858, 293.23904669019777, 301.4240820512328, 296.25187197317365, 290.29784168300563, 296.6012381133345, 297.1185434145766, 290.4348946705132, 298.862996641326, 291.2527220583136, 289.68106518149136, 294.67646305363814, 291.1028264424413, 284.406176914468, 281.15558594269515, 286.34635661191027, 280.78794791279836, 275.19141506757654, 278.64676761911954, 275.59385992958164, 272.0417427990604, 270.14121177339985, 266.5386371378745, 264.17232055890986, 257.3374256617009, 255.5946153186962, 250.19140059026935, 256.3098025907612, 249.05482110891117, 241.1662533672881, 239.72428143569647, 232.50011406085576, 229.21418659265643, 226.72675835013123, 220.74692298928116, 213.32329962080595, 207.38508599190135, 201.63057110260007, 198.65165315921874, 195.3271485091124, 185.9532550182298, 173.7941240663332, 173.33637750977965, 165.4479109642525, 166.41574938984823, 142.48681276674975, 129.81889682449426, 121.82825116739183, 118.50526369942172, 104.08843993740894, 90.96926200256569, 77.41774555444498, 63.40994002698331, 54.32193756989729, 50.9186002966793, 26.12660810720164, 3.433936907297687, 2.859240530467926], "speed_sensor_readings": [-2.3147114478985884, 2.964195279117629, -2.935802718201766, 7.909032955547147, 5.1957970024966915, 8.318616341989081, 10.92958380603427, 2.844871533428531, 13.304283332045115, 16.111887296879075, 19.36532434547754, 19.382242040988807, 19.029557242960298, 21.37410421699438, 24.41009584615183, 28.438311861494125, 25.097199514454488, 35.943898135902984, 34.632375216778634, 38.86558201791941, 40.04195443398963, 42.833171285516634, 46.42613335788733, 50.30564020327638, 55.62622848706184, 56.918067705483224, 63.585005925425776, 63.39129110012427, 63.80837167885693, 71.58667151560404, 75.98407129090471, 76.39647088709509, 77.40877369820788, 83.04946084580405, 86.85786155951473, 94.26156254131185, 89.28392917140117, 97.3970311668116, 98.93649173786565, 107.44132909417146, 114.22604468020671, 117.83020788931262, 114.58009370097821, 121.2141896367269, 123.32485216712388, 137.5203481751044, 135.84154629752985, 140.94898424358897, 142.99515888750227, 151.09840298661976, 152.410856162435, 159.28890175889936, 163.3527595555695, 170.19794758381647, 178.71421497872748, 184.61554311073164, 184.74624268726632, 198.46207343617766, 206.23847929708725, 208.47580463520995, -3.1244593941224155], "angular_position_sensor_readings": [0.06526792700529999, -0.13138120888917032, 0.027867231117642274, 0.4054217187285939, -0.11289497867368364, -0.2641537876745663, -0.4835250413338675, -0.24675529629034637, 0.3041601263419379, 0.15662800684486672, 0.6841512263559149, 0.7193730472807258, -0.2867029478688486, -0.39992005007885, -0.649872084382534, 0.8708901049514561, 0.05879049596415756, 0.21457493704403457, -0.2724670515507053, -0.020413898672211994, 0.05814611914853886, -0.34437164296496364, -0.18177959703935004, -0.6098187981018828, -0.4680571939067807, -0.4521121336604156, -0.43233031256313115, -0.7058333580164616, -0.4644775759194878, -0.02611358198370317, -0.049905770313843856, -0.8639536168855856, 0.27108764737453217, -0.05201586716996626, -0.34501025698545795, -0.7796086818671966, -0.735134499966876, -1.2581531727190185, -0.6692435218168384, -1.2118989994411318, -0.9990036463940871, -0.3784952182287947, -1.232591410103584, -0.2423755636958066, -1.2434078215465467, -1.0640290770301903, -0.950277466886932, -1.009751769547378, -1.5187750495658061, -1.2602653568169173, -0.6700467643782813, -1.1458781097513266, -1.5817413263053544, -0.9404562001004722, -1.2707380986806531, -1.0325445102834019, -0.3680791937847381, -1.531452172404983, -0.3564495521345026, -1.5374757064171958, -1.5866924887432472],