{"position_x_true": [0.013256813071929881, 0.06635174936211333, 0.1860331325258067, 0.3912242756631049, 0.6950486041527901, 1.112829944228059, 1.6602064760280906, 2.352988834863001, 3.20684371576973, 4.237151507519673, 5.45105724299123, 6.846823343778172, 8.421700546663672, 10.17176403681983, 12.090248333690354, 14.167884419669877, 16.392366072768958, 18.747837026782786, 21.215508113070538, 23.773315209662982, 26.395973093917586, 29.05306658448643, 31.708905185293997, 34.32455581304748, 36.85676274661351, 39.25998700565811, 41.48781702308991, 43.49526322020472, 45.242745582661136, 46.6985664773834, 47.84358001512854, 48.675430561078464, 49.212647458413336, 49.49770280948603, 49.598718942525, 49.608110756834066, 49.638483955567104, 49.81255213581754, 50.249252566221756, 51.04973531471996, 52.28022056782677, 53.955353047205534, 56.024943446037284, 58.367134812412, 60.79404987350782, 63.07413082052453, 64.97339960348448, 66.30894808513848, 67.26312510735852, 68.15362059677547, 69.04411608619242, 69.93461157560937, 70.82510706502632, 71.71560255444327, 72.60609804386021, 73.49659353327716, 74.38708902269411, 75.27758451211106, 76.16808000152801], "position_y_true": [299.9469341432934, 299.7837423971035, 299.5024431995297, 299.09511870432095, 298.55683812273105, 297.8855600161647, 297.07766557475503, 296.12748073299736, 295.02705906124305, 293.7642483502322, 292.32553940653025, 290.69757837944445, 288.86703595741307, 286.82071074162553, 284.5425329953172, 282.0151482332454, 279.2208875411373, 276.14160812478946, 272.7600492629426, 269.06007050478814, 265.02761485713984, 260.6509710186689, 255.92206677979968, 250.8382613004309, 245.40388929854902, 239.63152422776434, 233.54409402963904, 227.17564256584188, 220.57186282013026, 213.7908475245856, 206.90275147076272, 199.98466983848817, 193.11667755932925, 186.379006989919, 179.84263851572285, 173.5597759402381, 167.5541569043382, 161.812830410712, 156.28087115118305, 150.86004319209792, 145.41330181865465, 139.77637372845737, 133.7787540737952, 127.27016328762, 120.1521882756255, 112.4119987751569, 104.14509056048033, 95.56044712396422, 86.84546581002036, 78.04383251560213, 69.14409922118391, 60.14626592676568, 51.05033263234745, 41.85629933792922, 32.564166043510994, 23.173932749092767, 13.685599454674541, 4.099166160256317, 0], "angular_position_true": [-0.0007935285551419406, -0.003976112047635172, -0.011198756531873758, -0.024236548693742203, -0.044039278159164, -0.07079414883540203, -0.10461675933806386, -0.14558487855051996, -0.19385912177450315, -0.24926916099390017, -0.3115379368816512, -0.38050608513042533, -0.45633905416475606, -0.5395423320407099, -0.6302754920381554, -0.7286304706038387, -0.8348074345272114, -0.9489609055301694, -1.0713488840596395, -1.202272083254089, -1.3422249862305882, -1.4915887374479, -1.6506279863415447, -1.8197969242847012, -1.9994127328707623, -2.189824539173474, -2.3912917280232437, -2.6040179532243286, -2.828294585608813, -3.0642937910544443, -3.311998213905512, -3.5716223680821186, -3.843606285123094, -4.128057805243473, -4.425027239764083, -4.734599559378201, -5.0568066659755155, -5.391737130599411, -5.739773914754237, -6.101443028532322, -6.477361216332628, -6.8680364148390725, -7.2740998610788905, -7.696280049014107, -8.135065199980643, -8.590910160923935, -9.064384115360008, -9.556076572346077, -10.056659450690084, -10.556911222293161, -11.057162993896238, -11.557414765499315, -12.057666537102392, -12.557918308705469, -13.058170080308546, -13.558421851911623, -14.0586736235147, -14.558925395117777, -15.059177166720854], "angular_velocity_true": [], "altitude_sensor_readings": [300.6460308180273, 298.63825920206585, 291.61176219670955, 303.4481463606204, 298.93320560822013, 303.0131282546055, 302.9483341650934, 296.4592508721201, 295.64804960127924, 293.82529923187803, 294.50517633986016, 283.20181767076923, 289.8200486787985, 290.71320820448045, 281.1470911048212, 278.505837790199, 285.5467764565378, 274.0595197675812, 275.4184726465215, 266.44834885303015, 253.6621017250532, 261.2236467757769, 254.26523586518732, 248.78540765683044, 250.0719735132582, 243.44668292200538, 237.10575179331423, 223.80060770817758, 217.31863993132683, 220.8914919070014, 205.9868902036184, 204.1523785602067, 201.94226655743464, 181.74907525303314, 179.26183864091146, 166.62286606356668, 169.33405258911404, 156.41656120502856, 155.54212765243796, 158.22665743661474, 156.32241012532222, 138.99004859906663, 138.485207112667, 130.43426341439994, 119.3176820764784, 110.7653958090275, 102.72821884522948, 95.24990941347001, 95.39581985907876, 81.52450698451082, 61.34935356304116, 52.35100086921755, 50.25409539809193, 37.95551718784215, 38.22650738930505, 20.95881329656841, 16.008758672681182, 6.1147546905856025, 6.495839018756121], "speed_sensor_readings": [0.8603159577514226, -4.119710589630137, 5.550497175131426, 9.588716118964621, 1.8901982702372946, 6.439647731471858, 12.81709404269957, 13.32662302171856, 19.41710100543141, 12.812816665875879, 20.442614532494037, 25.399113007636675, 23.453432390047567, 29.105392247074487, 30.61082912944855, 37.4530698789674, 33.416029013259745, 37.64201350619465, 43.30893187183171, 46.61021575012227, 53.66700739617207, 53.554928788387386, 52.52229288542592, 56.42358908631552, 59.93432265566101, 60.4101398555144, 65.80884332097732, 73.75978690246711, 70.80255753588858, 70.72630901768632, 74.71964517074733, 78.5088379619018, 68.60898330389152, 66.26501432914294, 64.54824640578258, 59.16911474281325, 58.04696630268237, 57.32077274292203, 56.68034190736507, 52.10666862093941, 58.93736221323864, 66.63341133351852, 69.94795392602047, 68.14962081471039, 74.9885302955367, 89.6654905753073, 82.60913409718302, 88.1129350640752, 84.1186940147787, 89.09926627393801, 93.9445088657858, 91.37703160281585, 93.74337724330158, 95.16105868788226, 94.9376817751517, 90.18257517121083, 92.49820330538812, 95.94299142399863, -2.0676132356315544], "angular_position_sensor_readings": [0.12966526829823874, 0.5574445300561969, 0.15647100852520063, -0.8871183277416896, -0.048565563783847306, 0.8118092466689433, 0.02540189976811466, -0.3951398692669491, -0.32383907079506136, 0.1371367766514206, -0.25421468001599334, -0.38766919492851626, -0.15125227951511788, -1.098770296676464, -0.3525198917316212, -0.8210342049858805, -0.8177610400902238, -1.19756533930729, -0.5956761249657649, -2.722215018440136, -1.5728160165468084, -1.8304138163075523, -1.3665769454491823, -2.7164660826482456, -1.9683685052417368, -1.9948707535824606, -1.9742954314869798, -1.9468028371775246, -3.2206971699811024, -2.9592076319328195, -3.5184079268151534, -3.2049374264241504, -3.389272632269165, -4.257842723457967, -3.9868904865528036, -4.3748566997764256, -4.576267291168905, -5.8329624550390395, -6.218943612514833, -6.435242219246277, -5.881112136740314, -6.327187458070506, -7.1969409654828915, -7.521603628850667, -8.0060164931607, -8.63910349422579, -9.384404756088614, -9.47816944751062, -9.975825196384081, -9.867313606256863, -11.62723951745923, -11.269050577399625, -11.880768369919858, -12.868580555636976, -12.299528233573774, -13.320925949759403, -14.604623538810689, -14.299560442157262, -15.118315029057241],