{"position_x_true": [0.005866212105690356, 0.02933466670512641, 0.08206495284477322, 0.17564424896262737, 0.3176281968776221, 0.5115687641295282, 0.7651013563122391, 1.0901846515107132, 1.4990512894619505, 2.004308047474792, 2.6142665283785806, 3.3324898952192434, 4.162274373904549, 5.106796221125196, 6.169294451864539, 7.352791488431439, 8.659710274752628, 10.09198293607086, 11.651255282785721, 13.338682297992001, 15.154957844609239, 17.100416809790772, 19.17478679858877, 21.377462780340178, 23.70770117352366, 26.164082724571074, 28.74465849515168, 31.447284229719045, 34.2687856808473, 37.20565591877727, 40.25451863399296, 43.41155467888018, 46.67240736068744, 50.03235612266597, 53.48737716644698, 57.031426330404194, 60.65671885907818, 64.35596959727557, 68.12131969657767, 71.94525932022702, 75.8209203362428, 79.74091476930187, 83.69777028514928, 87.68345242363321, 91.6887038391532, 95.7062490836922, 99.72993668813632, 103.75251388731799, 107.76756734378351, 111.77073398822566, 115.75988364621509, 119.73473043134318, 123.69557273931521, 127.64272872117313, 131.57747995495401], "position_y_true": [299.9469987736708, 299.78401940493745, 299.50301396181914, 299.0956932994185, 298.55734664647287, 297.8868600256161, 297.08627766457954, 296.1605949114816, 295.1138532105112, 293.9488486219641, 292.6640216394804, 291.25417941815346, 289.7139212814244, 288.0371916454093, 286.21767508048356, 284.2487699966365, 282.123227383507, 279.8333612528446, 277.37106488426576, 274.7279281791781, 271.89506361384525, 268.8632459571403, 265.6230545139878, 262.1649086441311, 258.47932700963497, 254.55674452236732, 250.38737503734546, 245.96117143592787, 241.26753080307623, 236.2957810912727, 231.03530255946538, 225.47524755022368, 219.60462409503825, 213.41260287255201, 206.8890849837454, 200.02311229887445, 192.80304878614828, 185.21766631082488, 177.25562257526866, 168.90569516697062, 160.15668386926143, 150.99717650461355, 141.41563670007332, 131.40042460145457, 120.93988835737149, 110.02235146256346, 98.63570549199811, 86.76719455936734, 74.40367287933019, 61.53177203435701, 48.13740825907689, 34.205595598704505, 19.72036094253116, 4.664689566896367, 0], "angular_position_true": [-0.0008175212995827777, -0.00408548903394121, -0.01145661487329232, -0.024582937930393203, -0.04430392632024267, -0.07063597875107933, -0.10275431835037574, -0.13901086125774975, -0.17778728372283883, -0.2174869270657891, -0.25728621766456394, -0.297186130596671, -0.33728381190799267, -0.37764923132447153, -0.4182603041806734, -0.45912869088526465, -0.500248157357262, -0.5415847240659881, -0.5831257240377682, -0.6248457879238585, -0.6666708317065989, -0.7085246457438692, -0.7502848844464738, -0.7918362538756429, -0.8331315636447666, -0.874108791515683, -0.9147196201150032, -0.9549604346043151, -0.9947139816325739, -1.0337795134547363, -1.0720929161720933, -1.1096162741051823, -1.1463112742963273, -1.1822662840256317, -1.2177032548196534, -1.2525097521422188, -1.2863329301278235, -1.3190074587573495, -1.3503558579180903, -1.3802042967597592, -1.4083912407294272, -1.4346942029316594, -1.4590393592052135, -1.4812806950786541, -1.5009931581920857, -1.5181186414748435, -1.5326290152140438, -1.5441969348489966, -1.552642431924311, -1.5580250081590068, -1.560595210535505, -1.560657068897397, -1.558355455028156, -1.5536249498224033, -1.546257496841041], "angular_velocity_true": [], "altitude_sensor_readings": [303.19327912435926, 298.8965723631062, 299.4209393671707, 301.26725426547415, 297.34156741063066, 300.35397457956174, 299.1060809902923, 305.08544340993706, 296.19020674978464, 293.0985343082643, 291.2550850857389, 297.8844110122058, 294.2637775753893, 287.8586922165487, 285.3757196077448, 280.471617023798, 271.1879218809015, 283.0220263438523, 275.95849606923315, 278.7012429900134, 270.34791478438814, 271.8444259877536, 264.3495256226792, 260.57265004642016, 266.11749203610833, 260.9946946798032, 246.74901023282408, 245.08176477125835, 237.75110782720552, 235.0816361244083, 235.36889476949628, 228.90644970144425, 214.49349413268013, 213.65462805604838, 207.0183161366453, 203.3041086209523, 192.35467194463095, 178.39590330109178, 182.75670290401547, 165.68953378471406, 168.65382082685525, 150.9342243802375, 143.8429985238626, 133.36154572759708, 123.91526463994852, 110.459308381132, 96.33310346919657, 89.08070831707265, 74.6001823511836, 64.40383041879923, 45.65925304332151, 30.083188159882653, 20.934857497067725, 4.335522494911667, 9.37486870221446], "speed_sensor_readings": [0.9509519785424552, 4.626240472248928, 4.132263696806515, 8.940441414489687, 5.384636543833791, 7.973153406018432, 8.704834758718665, 15.076001302703146, 15.92097780476623, 13.564774375237661, 19.21161372571116, 15.610465953433417, 15.182107909949409, 22.579568390788033, 24.66774019777387, 23.67767061835942, 23.432991701365367, 22.91750053379863, 36.48166073212724, 34.897300884020986, 38.83752838801341, 38.38509638955423, 37.41118993470744, 37.904488492088795, 42.954560667912, 46.391644207294945, 50.460819154301795, 53.045415699456164, 51.331327091091865, 60.016320970103784, 63.99813327691567, 60.08747683283122, 65.06531896368008, 75.79656610309573, 80.0891147030435, 76.1119841126701, 89.32960781039056, 89.65064007476349, 92.79251549432774, 94.07601116127192, 96.92396222366828, 107.48831892275497, 105.37614511494013, 110.09538582556289, 118.48311870168452, 116.75616307100736, 127.20654338302083, 131.20751904717392, 134.17300913127306, 139.1535016305672, 141.32552616689955, 147.79327929213866, 150.5789313861628, 152.7493731555928, -5.943476016735306], "angular_position_sensor_readings": [0.1260879422201148, 0.010232584901931584, 0.055626020932146664, -0.1084851418473787, 0.13651099461371025, 0.12257964560726786, -0.058861391413201083, -0.46399392171418347, -0.4215109223848531, -0.5394840583162737, -0.25977496489666146, -0.19694370745186307, -0.32048924367304277, 0.14446150702725552, -0.30372024423319094, -0.0036772006267136725, -0.5058616366409052, -0.19871961017903672, -0.5147674488042736, -0.5540125260189676, -0.36645383049114766, -0.6885138553457789, -0.16635790035120623, -1.443380034400135, -0.597720077915688, -0.2959906905070434, -1.1984614940549367, -1.026622361519735, -1.200781896459594, -0.9173594677310712, -0.7363726020255223, -1.240626306743457, -0.769833713089632, -0.8153877607205278, -1.655446731811831, -1.5842363531664325, -1.3145881270950233, -1.6333232573644652, -1.6684726440651751, -1.1237961660578446, -1.396565218891262, -0.3529685959772888, -0.6094928252411476, -1.694760945206125, -0.5239339290727509, -1.728442416758793, -1.4109568451150318, -1.1572732716892857, -1.3129322358634172, -1.984496398232887, -1.1800764623436069, -1.4711121854617546, -1.879980224229463, -1.5851764019092152, -1.4430738185422425], "angular_velocity_sensor_readings": [-0.05781505943471798, -0.12607304366792296, -1.0166597672508322, 0.07260373401240444, -0.651994085509446, 0.03862459259887702, -0.9328541911057087, -0.5650976705408035, -0.5375891154376222, -0.8675499700945071, -0.500639958137097, 0.45530848973969906, 0.5292583776509414, -0.41975894154803506, -0.7113190557309219, -0.24471544258337977, -0.8287188396821628, -0.6793210128593437, -0.5860315885554771, -0.6221632209347192, 0.05745888944030175, -0.28583164008922146, -0.12103812669123343, -0.7045640251872844, -0.8902776036676482, -0.31587012891159394, 0.07882138160808455, 0.34369950663401944, 0.42184941087974537, -0.9347520280708078, -0.9477173100025178, -1.0074375149381438, -0.30624192582310716, -1.078206126218653, -1.2733362046218042, -0.2791957716948293, 0.20487050371045118, -1.233764129224424, -0.21640362984095446, -0.3067205877342158, -0.24191645075418777, -0.2768988571300925, -0.22305475150058915, -0.17095029763667313, -0.5394191534859968, -0.20665245599626936, -0.16819677897981195, -0.528156672903203, -0.3487355340726655, 0.8996553093169248, -0.2782530177649731, 0.017983850511891143, -0.8463406344108992, 0.06116357953552614, 0.8385536861945748],