{"position_x_true": [0.015226277708284644, 0.07620031656690936, 0.21374472990143312, 0.4592596692560809, 0.8388597063234834, 1.3732236565004379, 2.083683973715202, 2.9925964287315496, 4.112797795813508, 5.455881642898603, 7.016610763823476, 8.696569503483076, 10.428032590745167, 12.24174513953932, 14.16924153966184, 16.243035119013317, 18.491666052030457, 20.939603519580512, 23.595121841833098, 26.464614065407993, 29.486255523937597, 32.599499122952196, 35.82798597858696, 39.19550410864114, 42.726311587899524, 46.445282783106784, 50.377536511917505, 54.548895199518476, 58.96593246334308, 63.51480566810335, 68.10749972217064, 72.7820466986151, 77.5762312358026, 82.52817165268901, 87.66749454507712, 93.01490933507908, 98.52697574296727, 104.15927722094455, 109.92987616277577, 115.85542939478142, 121.95113955055265, 128.23054838707245, 134.66031508301472, 141.2062017254782, 147.87801900515396, 154.68365903563233, 161.62813368330038, 168.68671084397272, 175.8336116475881, 183.06817223592472, 190.3853016503684, 197.76491972153278, 205.1868928862356, 212.6421224283349, 220.11710295356994, 227.59231054040393, 235.0473080266622, 242.4601035564268, 249.81152713350303, 257.0808937283842, 264.2436425728934], "position_y_true": [299.9509063163097, 299.8035891531605, 299.5579289268333, 299.21362498731446, 298.770531517439, 298.2279284068003, 297.5845764258589, 296.8402213030688, 295.99548144640005, 295.04979252957673, 293.986119887363, 292.7884808673473, 291.4608597880822, 290.0105231497716, 288.44346759103547, 286.7645604948727, 284.9729708642279, 283.0617968373186, 281.0252991670601, 278.8566552421909, 276.56257618554423, 274.15113140852293, 271.6139716560878, 268.94120612868693, 266.1219872990124, 263.1445050456891, 259.99420524132097, 256.65410678666603, 253.11674041996412, 249.40253255385312, 245.52714887439333, 241.4817391423653, 237.25419482092843, 232.82865606857305, 228.18268954887137, 223.28887402374886, 218.16851208251967, 212.84350413423243, 207.28635241968936, 201.467645138041, 195.35534563190765, 188.9140217657, 182.16648772100922, 175.13665172065367, 167.7886743137787, 160.08455206224963, 151.98261416115508, 143.5017207285732, 134.6622312190941, 125.42159012047827, 115.73445914430859, 105.61165217608955, 95.06481401888036, 84.04788626487186, 72.51242649197111, 60.471990022593566, 47.940882522230396, 34.86963744425888, 21.25796017202856, 7.106323298245689, 0], "angular_position_true": [-2.248503990422378e-06, -4.493355843590118e-05, -0.00018594836019910152, -0.0004056064835295001, -0.000663731491367431, -0.000827287837910385, -0.0007095038162343765, -0.0002734581128224833, 0.00036790504118692504, 0.0013235969557392746, -0.0009845425048342646, -0.01048798314959726, -0.02645225673659124, -0.04709071647330518, -0.0706517513156401, -0.0953408794007324, -0.12015996158131752, -0.14502643137260596, -0.16997691713973134, -0.19498919492703187, -0.21997930352459566, -0.24494482135329387, -0.26991311163243953, -0.2948377516001739, -0.3196533768625311, -0.3444166075410801, -0.36899452252317627, -0.3931502011074072, -0.4170455362867374, -0.4453759817528053, -0.48147838250204766, -0.5231153622655714, -0.5681408958105948, -0.6144257167334775, -0.6608414437789302, -0.7074354515240887, -0.7539946612106094, -0.8002563395713234, -0.8463419089111932, -0.8924485850420608, -0.9388079162204278, -0.9856443129640076, -1.0326608466406657, -1.0795417578056463, -1.1265406798866628, -1.1740062288500015, -1.2220891264828615, -1.2702423132558605, -1.3180393247397308, -1.3656700833641944, -1.4132164427709752, -1.4604297405085378, -1.5072292496670152, -1.5539308095537807, -1.600796252529175, -1.6475659663545839, -1.6940104345510771, -1.7402495586731315, -1.7862185492440157, -1.8320749980374036, -1.8778436941933485], "angular_velocity_true": [], "altitude_sensor_readings": [302.1034482111911, 295.2373871467267, 296.82733152680527, 296.7745076455282, 297.6625268334613, 291.801220817704, 298.87207447185506, 297.5799895879821, 299.69202544939884, 292.134305559752, 300.5077062650935, 290.9525270854283, 294.03071227766526, 286.84953532519165, 289.308228505588, 295.635958461827, 287.54361569806076, 283.07138031656746, 284.0393341569036, 272.9691337106969, 279.8818233201555, 272.5108462006379, 269.18442195537006, 267.8384965936906, 271.9545348433349, 263.30770703048523, 258.71863590946, 257.38568858240825, 249.56288352514184, 250.36767032780918, 247.5911448037636, 241.1448619699927, 241.2162250354837, 232.03773790163126, 225.61359123784737, 225.49989685787057, 218.10073612642861, 210.09658926716133, 198.75716749123188, 200.12461983898672, 190.6528997218751, 184.35686601047738, 186.73687351661914, 172.89507076917056, 172.0856577469881, 163.35496772193284, 157.40335903157853, 142.77832751723514, 128.77415030734142, 128.67042884441761, 114.3950683630147, 111.51649558247445, 94.31171977333874, 81.61939029747516, 74.88648867034681, 60.372126681053274, 48.27738745528464, 35.492394152010704, 19.717618520791575, 9.428930412470795, -3.897291762511187], "speed_sensor_readings": [2.1143485810138563, 4.774038305583067, 4.209622994788377, 2.826836435935102, 10.77070690878445, 6.116371537549151, 7.579947240605716, 12.672005674705117, 14.270141295961809, 17.746048300038037, 18.500680223161094, 21.01511450870578, 23.999652195940484, 26.15446422943497, 28.3815096822803, 28.180356728486927, 25.32740194091577, 28.864706995516574, 37.17509342426081, 37.708929924857024, 37.3863644461765, 46.03296466850174, 40.53517215066739, 46.8308089718411, 45.9626233306954, 50.55324904226021, 43.68510614742017, 53.44217388889102, 54.97887138320205, 61.55174308503895, 64.73049737242292, 60.75609025905152, 63.38105730279903, 67.9653897169122, 65.71550647644192, 72.87968063249563, 73.28247024717145, 75.7559598553909, 90.0426631368583, 86.28465358484338, 91.91438826302554, 94.2963643079011, 97.27821996160594, 97.30117705848063, 101.89734938751016, 105.33753863773856, 108.47392283582379, 109.3676919068169, 108.6220117602754, 118.24068240278908, 119.59007046743854, 130.83034949565288, 126.72855504381175, 136.89644901168836, 142.94817352362736, 138.93849324741868, 146.3539430916539, 151.07509284412208, 156.1818023118588, 162.14418632543817, -2.229420468501768], "angular_position_sensor_readings": [-0.025023024388315183, -0.3436708474888515, 0.6985837315452499, 0.07777330877150972, 0.31818072741944825, -0.1831242015942088, 0.0701984631517572, -0.5271115868359534, 0.6024742917214363, -0.21031902450845572, -0.322979805048216, -0.126350629387553, 0.30685559686576397, -0.2188027747782465, 0.20120296853139702, 0.16348625614820667, 0.015352702291979645, -0.021318610899517892, 0.5446955896156405, -0.2243294166055083, -0.3581745249787744, -0.45548712547286124, -1.0188192133007175, -0.37533373252971286, -0.0031713884219666255, -0.49941899596585587, -0.37301129703153046, -0.5536842426569946, -0.61205541581026, -0.29254923549781686, -0.9122578396900691, -0.593427626783525, -0.5676138876109412, -0.1700623115779067, -0.24750508363639784, -0.9754479654987946, -0.4825634307099781, -0.8625323585096731, -1.2452217868450923, -1.2109004552455214, -0.4410636405986451, -0.5137097182905077, -0.9036780470097419, -1.2589611476755531, -1.52972378540758, -0.47065226757304535, -1.100872194260381, -1.1436000423228232, -0.4836342593517924, -1.394949310961483, -0.9096242726336922, -2.2446448642760735, -1.156103795988219, -1.1801876681487118, -1.479844259147703, -1.7459408658218314, -1.1275352050445546, -1.6785372043652667, -2.5587415263154685, -2.369680115779268, -1.8357330880897536],