{"position_x_true": [0.005924638149746134, 0.029670519644903248, 0.08313398982093, 0.18223867021761658, 0.3430966828196138, 0.5780418132415023, 0.8997387841754545, 1.316880283076096, 1.834024281175053, 2.455836834602525, 3.1868982363025475, 4.031585287029047, 4.9943155125406635, 6.079715549573111, 7.29248439338174, 8.637411162106435, 10.119361791392357, 11.742976274230774, 13.512886409784421, 15.434019191504431, 17.5112892049426, 19.7495929224575, 22.153771516751235, 24.72859891660394, 27.479191707938217, 30.410663666922996, 33.52794352869921, 36.83608774598248, 40.34050524952976, 44.046855661626374, 47.960831013941345, 52.08827874485537, 56.43522103021286, 61.00729763362646, 65.80994595189509, 70.84865769430428, 76.1287968752145, 81.65532781715028, 87.43255182152983, 93.46500230295004, 99.75717380055814, 106.31308246465694, 113.13632584517309, 120.22946977549704, 127.59372187966561, 135.23005577665106, 143.13826472051448, 151.31574642512197, 159.75917116152092, 168.46458507211372, 177.42667014977928, 186.63775071624087, 196.08715543609867, 205.76113421040682, 215.64397688328236, 225.71610181270117, 235.95414576197666, 246.33187721076584, 256.817768528382, 267.37666934860835], "position_y_true": [299.94707376087575, 299.78445116178455, 299.50436451230604, 299.1027575184883, 298.58294522064404, 297.95152977942763, 297.2143494366904, 296.3732573970129, 295.42600962569236, 294.3701602058098, 293.2035368832773, 291.92372151797997, 290.5279656846173, 289.0132373553529, 287.3763900307073, 285.6143305657481, 283.72415470457184, 281.7025054153523, 279.545715207941, 277.2502756444358, 274.8121990564067, 272.22750238476254, 269.49224999111277, 266.60182184361025, 263.55132706705484, 260.33628003362054, 256.95225624985983, 253.39431416615128, 249.65697373733715, 245.73485311650848, 241.62274598236957, 237.31553644491706, 232.8081222345182, 228.09450263262423, 223.16810101090715, 218.0218995592117, 212.64823311770792, 207.0381697471557, 201.1811703480494, 195.06651103487198, 188.68304545155542, 182.01892906269998, 175.06132010760243, 167.7957786441234, 160.20627982520435, 152.2762884020662, 143.98786760708307, 135.32063058467025, 126.25369219149475, 116.76566446000291, 106.8344146762488, 96.43624386409289, 85.54562836846233, 74.13559706549708, 62.178510868388315, 49.64554904284269, 36.50693666330544, 22.73325347652603, 8.294982506047592, 0], "angular_position_true": [-0.0008089686330167323, -0.004036188594169761, -0.01129554071508471, -0.023357372311955546, -0.03934123303673406, -0.05760576864258592, -0.07650374696076204, -0.09515591528562375, -0.11347879177878223, -0.13140715589382318, -0.14892068729053431, -0.16603628060424813, -0.1828036669923027, -0.1992824856761798, -0.21547239924713898, -0.2313143585326673, -0.24683984617554752, -0.2621223994630782, -0.27717788764034473, -0.29211168328907755, -0.30695324788528583, -0.3217145967316264, -0.3364950150533379, -0.35133575165481407, -0.3661798452437221, -0.38101157747269854, -0.3959112661058586, -0.410839456737857, -0.4257244624062234, -0.4406842190308174, -0.45592380054167964, -0.47161637504049336, -0.4880700279182254, -0.5055220894517316, -0.5240553587659821, -0.5437680327819202, -0.5648394777008158, -0.5873457616332424, -0.611184867294435, -0.6364684646678264, -0.6633311270096126, -0.6918924265699004, -0.7224195771729615, -0.7550204753796279, -0.7896064960309505, -0.826358123767566, -0.865376245497816, -0.9064480631952745, -0.9495327782721648, -0.9947150439159782, -1.0422350527046027, -1.0922938593408584, -1.1448811686543814, -1.1999147862384631, -1.2574836551300537, -1.317413698214451, -1.3794725727424353, -1.4436327859308253, -1.5097247384166246, -1.5777988206098443], "angular_velocity_true": [], "altitude_sensor_readings": [304.4094175826432, 298.9643904820514, 294.2776450683379, 299.7219502465383, 296.21146211274123, 309.67665190720373, 298.1779953225052, 298.853266292633, 296.35426624638563, 288.6434806715731, 292.30309073443374, 286.3291819703477, 293.6490551434363, 286.32306708264326, 285.528979203041, 282.55222330860624, 287.08993373134047, 284.797020837403, 277.39103349087105, 273.40558711839, 275.09080772367537, 273.17114152850286, 263.0333471133493, 262.30438584622885, 263.04770075905674, 262.45534277908473, 255.53955176281693, 256.61377409412387, 248.6836925625951, 251.59350875900154, 245.9539431285972, 238.19350789461865, 237.38064991491197, 223.79534517316063, 221.07245813355158, 224.85270125965465, 210.83769401540724, 211.79188947973074, 202.00490700186276, 197.38821379392, 195.06020413841202, 181.19220523511746, 175.9087542178443, 163.5631130168054, 164.54663139517228, 148.13692290269694, 146.86686945865125, 130.84959129267662, 126.40337799559875, 120.4484537253557, 107.66285246680727, 99.28219927178682, 93.95358227881249, 71.3418655285067, 59.494005803652215, 52.70227744910464, 37.07558065736272, 24.190475116106423, 10.718891514636042, 1.1350008537561218], "speed_sensor_readings": [1.0281772977220163, -0.5458660439120129, -1.0724170119292045, 5.90449764408192, 9.818064045941684, 12.206424765028888, 5.202941146986566, 9.885515790664705, 13.734347168672548, 7.811440083705088, 13.433116837982286, 17.728058320495727, 18.37366981766454, 18.739920219094653, 22.36078422332767, 26.395170234368795, 20.79684804536657, 29.599085083170078, 34.220372592070134, 29.45535256973955, 32.33046349109478, 29.73650760869369, 36.5097632924949, 40.8341691639602, 40.091025538688385, 48.414209849170426, 46.187958751197364, 47.15229010819455, 52.15341830528547, 54.58282171816094, 57.68831085319808, 59.02358082692616, 68.02228305945431, 66.66130773177954, 69.16146361988642, 73.50085973188288, 79.26301007415346, 82.9271356672723, 90.10355157317392, 92.38272990505378, 92.58020918715216, 94.87622381358986, 101.84993659475566, 103.86457909902393, 110.50980315031467, 109.86145402706558, 122.83402594457607, 125.44244346535275, 127.01944788256513, 130.13412051982135, 138.28128968564826, 140.6616728553966, 143.32204636447437, 151.03988332177218, 160.8644698681315, 162.06525668682858, 172.03028558703184, 177.89643761492366, 181.2424418661609, 1.4798465048687632], "angular_position_sensor_readings": [-0.1634734437438909, 0.67400498092331, -0.3892879814768719, 0.12926527165315455, 0.5345946998492468, 0.14554892326080027, -0.01704174285336734, 0.4567065168783816, -0.18811855806694056, -0.3173677865476533, 0.21269673549908003, -0.1337477179385962, -0.3739049099873134, -0.21021295744982188, 1.0795721925128197, -0.5747812931155885, -0.607976364967007, -0.20846747798911014, -0.5980302284921315, -1.0936764789625988, -0.553011161348316, -0.3462181126000339, -0.4668406617577864, -0.38774355600926363, -0.574182534331049, -0.6170957483028, 0.17020819801219822, -0.3137145720814255, -0.5997466436467233, -0.10960103632276663, -0.27203670844039085, -0.5512303428146081, -0.40376291112141094, 0.2300930601587876, 0.3595944086707049, -1.3098713429891073, -0.8202292154879471, -0.5169100649907552, -0.9747495173000916, -0.283123348504324, -0.6061487376468095, -0.7851691818883172, -0.05381760339338881, -0.38683661597108704, -1.355419627807315, -0.471948215039339, -0.2348233193409941, -1.1058690910648796, -1.446037190101794, -0.35849206432075675, -0.47353219151491754, -0.8830188603009602, -1.2242421595050268, -1.8264129187361822, -1.830267171550139, -0.5680396981261395, -1.400673498787678, -1.7128571966432093, -1.694545686935056, -1.7523831744523761],