{"position_x_true": [0.015178079617689152, 0.075982928265977, 0.20135870148857046, 0.4106920470919161, 0.7234177302628563, 1.1552331913825593, 1.7219822058449905, 2.4402273943736286, 3.3359298729934252, 4.436238114021673, 5.761393593483355, 7.297727235105174, 9.030635452158743, 10.97109622916946, 13.129702345577561, 15.517041581156462, 18.110592624149298, 20.88623732110667, 23.850193732669922, 27.006523796959577, 30.326218398624782, 33.77855176163768, 37.36078829886819, 41.06617932582137, 44.85426786306812, 48.67851060163191, 52.51647798273616, 56.339040910316044, 60.10890759200533, 63.77935263105256, 67.285890920841, 70.56815115752877, 73.57966032437362, 76.2686363358786, 78.57932278637162, 80.48783394896319, 81.98467014467207, 83.04500388100927, 83.68981516203945, 83.97206205578716, 83.94981542135893, 83.70949439065167, 83.36626744731149, 83.0639599938812, 82.96443540178403, 83.23521646446778, 83.82338247300282, 84.50186255917198, 85.18034264534114, 85.8588227315103, 86.53730281767946, 87.21578290384862, 87.89426299001778, 88.57274307618694, 89.2512231623561, 89.92970324852526, 90.60818333469442, 91.28666342086358, 91.96514350703274, 92.6436235932019], "position_y_true": [299.9509680832917, 299.8039245824956, 299.54717550094824, 299.16892715110976, 298.66454982825155, 298.03244056873916, 297.27080205086986, 296.3771437978483, 295.353608868002, 294.1984235554175, 292.9079989111808, 291.4624726367214, 289.841157505203, 288.0378316769643, 286.0429596344009, 283.84407645092557, 281.41909640803397, 278.74640400591676, 275.81100644468154, 272.5939177979121, 269.075168467487, 265.23606482202155, 261.0567913251577, 256.5138825609785, 251.59754829235055, 246.29968251460048, 240.59922459310778, 234.4754137485914, 227.90918121624492, 220.892989538701, 213.47233533800875, 205.69502780077354, 197.57200550829197, 189.12434310469794, 180.38561304615308, 171.45507066675566, 162.440210635207, 153.40599321948187, 144.44761520549176, 135.66777455809904, 127.1558585466022, 118.99396367056738, 111.24595952776203, 103.94693982744185, 97.09020352979367, 90.63451176717183, 84.37897295177027, 78.08714262566896, 71.69721229956765, 65.20918197346634, 58.62305164736503, 51.938821321263724, 45.156490995162414, 38.27606066906111, 31.297530342959803, 24.220900016858494, 17.046169690757186, 9.773339364655879, 2.4024090385545733, 0], "angular_position_true": [-1.0034433993025087e-05, -6.277925946335402e-05, -0.00260722574915701, -0.010103552479782316, -0.023407915054783256, -0.04263475013877443, -0.06810974849367017, -0.10028822010991481, -0.13776088831052669, -0.17885829848114754, -0.22178356888206055, -0.2693329565677857, -0.3243133741290989, -0.38495038378530433, -0.4492260471731353, -0.5149290415119006, -0.5851365424365008, -0.6631345755671498, -0.7469462084629621, -0.8344038915936305, -0.9275208727641974, -1.0286735598142833, -1.1361943160907717, -1.2482106773431814, -1.3675585491261315, -1.4967008700733895, -1.633328840359456, -1.7750161535839473, -1.9190795755655552, -2.064223891059037, -2.216273490141385, -2.37957266953216, -2.551346658407714, -2.728561380607092, -2.9077122801553377, -3.0932797647591306, -3.2901479156401456, -3.495186088399202, -3.710786107130509, -3.941354606686595, -4.187229074655529, -4.448881636937152, -4.7269061340245, -5.021905014917494, -5.3350928057877445, -5.665327176738371, -6.002913341285514, -6.340284955972444, -6.677656570659374, -7.015028185346304, -7.352399800033234, -7.6897714147201635, -8.027143029407094, -8.364514644094024, -8.701886258780954, -9.039257873467884, -9.376629488154814, -9.714001102841744, -10.051372717528674, -10.388744332215603], "angular_velocity_true": [], "altitude_sensor_readings": [298.58055728394004, 300.8574796161356, 305.99311644195524, 299.3421140084655, 293.4127355654923, 295.50509593828014, 294.91429701032996, 294.63373226813906, 293.58466386461356, 296.67199438666876, 301.0589180027556, 293.4480543512861, 293.011670089843, 288.90654370768885, 292.4254226214813, 287.56521786145703, 280.6899178738009, 278.6945649391159, 283.2778505769426, 278.03311605934914, 277.8735714257652, 270.00570806909315, 260.75274935236587, 261.46634653098454, 251.68091329369437, 246.39696083823716, 238.19161742067388, 228.85273634562037, 230.2828249293826, 223.37162403951382, 219.0364427891459, 207.50783991172256, 195.68268924982783, 191.42282543138808, 177.62395287593512, 176.7051770245166, 168.76382900372548, 153.48847697031331, 145.11048213238334, 135.23453468667523, 130.54601581826768, 116.90609426001939, 107.44004689092381, 104.66864939651705, 98.80393534803108, 91.15063920140256, 87.03905827284892, 77.19584391143327, 70.2816509171141, 65.9923186816301, 57.241179223972, 53.07465898501165, 45.41956462921577, 34.959078523475455, 23.00019432305362, 21.8836322245757, 20.038862829729265, 10.405258937018788, 1.8624885556536535, -4.110123688780926], "speed_sensor_readings": [2.8662298613807904, 2.131297505516823, -2.6136411932403596, 7.007970107567282, 4.629405437280699, 9.276575512048382, 8.95236894932111, 9.475692691062179, 19.232474534136667, 18.4409672279665, 19.685126986583672, 20.965957456235188, 28.387864765372363, 28.37449377508605, 31.582030855424666, 38.87685176571388, 36.663399192897714, 36.55576582856435, 46.4668920473382, 49.02779244375442, 48.33281866517425, 49.49263200099246, 59.54520143983439, 58.34159274700059, 64.74919223411727, 63.77304052745704, 74.27265642510346, 75.70757738770173, 80.63466778276158, 82.55025787886339, 79.8986227653174, 84.72172869313044, 87.92231324937784, 90.1255628076423, 92.01640535704274, 89.70269444958318, 91.72784660762284, 91.13701696305525, 92.07919305850537, 88.53488960201963, 83.75637243099044, 83.10926697521265, 72.51322341052979, 70.9406773028431, 63.06408015001292, 69.23004910799683, 62.447776079172, 69.25600848528165, 68.8804182140977, 67.653880400481, 64.71131298468423, 73.9873249502241, 68.68419738995759, 69.35271136015261, 73.00633084389507, 65.71540766004495, 72.7640752994991, 73.90045340216928, 72.56510117793876, -2.430511368108645], "angular_position_sensor_readings": [-0.05358557253240441, -0.9620787138633005, 0.3402893038355333, -0.21306215775194629, -0.09642659988050636, 0.22691450552996023, -0.41240564922916134, -0.6291409346390324, 0.351975193035689, -0.3337570080299719, 0.07226770159037518, 0.0641694622345535, 0.2760183697521055, 0.003046469540989305, 0.017565538598636243, -1.0728942852393764, -0.8502730873294834, -0.5111133626416903, -0.5588256057706132, -0.541488734342739, -0.28400557114417213, -1.6210012136326757, -1.2942092970047416, -1.245173569304763, -1.56489951282681, -1.3034472918991207, -1.260016318124785, -2.05990907700235, -2.038010865987927, -0.9033517748390054, -2.505971409886375, -2.3437605325655215, -1.8771136612706174, -3.2739560086468327, -3.005518334205202, -3.3011670205394528, -2.6128170333320395, -3.6777891783490784, -3.755077188738103, -4.088723922410679, -4.584022478150163, -5.1469464266173235, -4.10016696117162, -4.951932079797935, -5.552139882402781, -5.8740426935980645, -5.179049860580756, -6.024456226786387, -6.791494816379033, -7.041129146173375, -7.776783636974396, -6.907788367140068, -7.729678006947448, -8.745647945195884, -9.84426305690166, -9.651159209352036, -8.864504290222744, -10.200433840202546, -9.848594163637545, -11.067676519524092],