{"position_x_true": [0.017127285744329313, 0.08572584384277596, 0.24041928407389676, 0.5164370724845269, 0.925824689536829, 1.4772976386780654, 2.200200015567823, 3.1251022686480163, 4.266189032952951, 5.622611268257494, 7.2041244449490485, 9.033187280249606, 11.11657391035508, 13.450020688665223, 16.04608304681113, 18.92622396772836, 22.093000830219026, 25.545635987693398, 29.30441585860721, 33.39453066338743, 37.81903007382546, 42.578207452006765, 47.69662157735217, 53.20446441870551, 59.10628847888463, 65.40414673269316, 72.12887094871306, 79.31792360485065, 86.9799281585416, 95.12145459544423, 103.78254808495241, 113.01058427643511, 122.6700308667082, 132.63707773373753, 142.98654935027892, 153.79704081750415, 165.1489867127976, 177.11203666992867, 189.74810473438345, 203.0703559371222, 217.10921964788855, 231.9666940315229, 247.7524308932925, 264.55926877420217, 281.8945704152062, 299.22987205621024, 316.5651736972143, 333.9004753382183, 351.23577697922235, 368.5710786202264, 385.9063802612304, 403.24168190223446, 420.5769835432385, 437.91228518424253, 455.2475868252466, 472.5828884662506, 489.91819010725465], "position_y_true": [299.95094357227373, 299.8037556570348, 299.558391633016, 299.2148572997195, 298.7572858640258, 298.173345509076, 297.47017999227563, 296.65313776806977, 295.70922617642077, 294.64273235648125, 293.474785477776, 292.2030194935351, 290.80396957288616, 289.27002140186266, 287.6114357199772, 285.8280329848768, 283.8997060724756, 281.8120320336508, 279.5723253343326, 277.1805129406232, 274.61486141117064, 271.8610952726962, 268.92511705791526, 265.80561934961923, 262.4778174444999, 258.9252740999225, 255.1536575512888, 251.16022328148563, 246.91935072412386, 242.4151239854597, 237.65199245239043, 232.62220261665246, 227.34438532179578, 221.8261541096075, 216.03632596988956, 209.93843287291583, 203.50444996207116, 196.70643785233955, 189.50101967431078, 181.82050932115123, 173.59169741044056, 164.7425036206075, 155.17093364848276, 144.83467700794333, 134.07564415802293, 123.21851130810252, 112.26327845818211, 101.2099456082617, 90.0585127583413, 78.8089799084209, 67.4613470585005, 56.01561420858009, 44.47178135865968, 32.829848508739275, 21.08981565881887, 9.251682808898467, 0], "angular_position_true": [-1.830848798078336e-05, -8.884498871953411e-05, -0.0002550771177931081, -0.0005742270613027743, -0.0044712172448458124, -0.014521802477153872, -0.029277046915960857, -0.047164294268281906, -0.06981906784674957, -0.09537785340041553, -0.11871562551683341, -0.13911503780828172, -0.16049162794445407, -0.18396747792015647, -0.20549991617087923, -0.22306940495097877, -0.23983797781948832, -0.25779122675224225, -0.27408543520803175, -0.28663243160682267, -0.29881479581073106, -0.31295146945191243, -0.3255739403571273, -0.33431835852411484, -0.34281256409405697, -0.35345249115565175, -0.36238281764449964, -0.366958966604037, -0.37167434665549137, -0.37958377947221333, -0.38623198283428584, -0.38812383996328, -0.3885031127580555, -0.3925831925166423, -0.40070623576878067, -0.41293409043402035, -0.42795417307697753, -0.4442715873382429, -0.46141437582617334, -0.4870803513482183, -0.5272588336776394, -0.5779578575367671, -0.6347910225683432, -0.683249839946354, -0.7214658567761707, -0.7596818736059874, -0.7978978904358041, -0.8361139072656207, -0.8743299240954374, -0.9125459409252541, -0.9507619577550708, -0.9889779745848875, -1.0271939914147041, -1.0654100082445208, -1.1036260250743375, -1.1418420419041542, -1.1800580587339708], "angular_velocity_true": [], "altitude_sensor_readings": [300.65451717645914, 298.63771402598536, 294.1738544136713, 299.7883718274056, 304.14012412306784, 301.16964572255995, 298.4098695161791, 303.0636950337332, 296.86045131867957, 294.88977228740987, 298.7850152544856, 303.03779954139173, 292.230497606169, 285.9195748563535, 286.80407232911665, 284.347818527504, 275.08627893987847, 283.2745423636666, 276.4345807630099, 281.86598480515477, 283.46756391779184, 274.6904178974314, 267.78437325593956, 268.89469783399534, 259.51621406894685, 255.4108053566261, 253.2899342109944, 249.568008286323, 253.46417847655627, 238.23075739092067, 234.95662861166485, 222.0278461493777, 229.43590200977656, 220.44143019954933, 216.43358440726686, 214.40348928279224, 202.6145056058508, 195.94522271452539, 190.58443107406654, 180.12514002661933, 173.85249033489848, 167.21604864372998, 160.61474881549816, 142.50878920732478, 129.50338931976933, 113.90986247491672, 111.28894438235199, 100.94945404417552, 85.13807325070074, 80.2178134052854, 65.23521850084671, 55.6934749411231, 38.66122352417076, 33.47195025625188, 18.611385042853897, 8.820468890410691, -7.610475400064742], "speed_sensor_readings": [6.702044325442462, 0.340076042106368, 0.6292494356769582, 2.487806513239161, 13.579419502792472, 8.687731880494184, 9.455558733710692, 17.614530907690472, 9.530664095197325, 16.58261322008583, 23.784018530413473, 25.863817077821157, 25.226302546219053, 27.29695424002606, 28.753527256709543, 38.17203027650118, 40.23596408555751, 41.912348256409345, 46.28869784259923, 51.73890169659132, 52.45400914776057, 58.725898913473756, 63.55491844696478, 70.22526286383459, 67.56644663408815, 79.5409516261621, 76.72989096292174, 88.01559019973223, 98.36129827265368, 90.80574257519388, 103.57405401249459, 106.39543972925998, 110.28676874399926, 118.28858517088173, 125.52746584622884, 130.10899354561505, 134.7229102030856, 140.77397268948056, 149.33359905716847, 163.94131154714225, 166.6661073200905, 183.40377332030351, 192.4323911889085, 207.47561775845958, 203.69105644798532, 207.60262443672224, 208.86572159768966, 208.30443425774317, 203.9736069637696, 209.8138405026973, 208.91016009721582, 206.831972968591, 204.035570226928, 209.4230972372217, 205.58974181790012, 209.50700642052183, -0.17747466169321063], "angular_position_sensor_readings": [-0.3421769743407801, -0.13896963731813353, -0.4806934072931574, -0.025328825429383372, 0.24654031305290727, -0.4434185479127374, 0.16407939389196996, -0.33078781405496754, -0.17817381895573686, -0.5543714447123761, 0.4213041913363072, -0.09944480553665794, -0.13380402848944517, -0.31023751609426586, 0.059729620928709454, -0.2019758523628071, -0.6447154888603939, -0.570765193467061, -0.5380290723068213, -0.8218009378132709, 0.40588098901737496, -0.25171611844402086, -0.24204755425863433, -0.32133830026088683, -0.7060223395979213, -0.28565576858025465, -0.5381675314051926, -0.28239118963743043, -0.36727741620234394, -1.7164218361449208, -1.0717245861133904, -0.55318170378916, -0.7472232409923801, -0.0687328605828132, 0.2814904704653394, -0.585646926148939, -0.13200636629448648, -0.5242027556418158, -0.6463503287088928, -0.35568206503055955, -0.5035958744589908, -0.7399829346880366, -1.0380372093691712, -0.620952451648461, -0.8105305165115171, -1.3745763583482398, -1.4670613943648503, -0.9879550447269574, -1.0308284506660912, -0.24626523037270387, -0.4199505362186323, -0.9786370654069587, -1.1858127109043148, -1.3230430815037777, -0.6144289172904565, -1.560634641345007, -1.1964859593729957],