{"position_x_true": [0.007365961186140077, 0.036851059856859526, 0.10328489945974484, 0.22164302845312467, 0.4071114506199991, 0.6751550376646316, 1.0416002236254185, 1.5227133434564788, 2.135296035291401, 2.896783566407392, 3.817324293527621, 4.899483073908437, 6.1459142150085135, 7.559367857803735, 9.142684609656602, 10.898796802675598, 12.83074331783083, 14.941673521594126, 17.23484307034043, 19.713607087126586, 22.381387637805368, 25.241571500130732, 28.29773479757351, 31.56110919798072, 35.05087809772547, 38.78707851263415, 42.790226718972434, 47.07604262093669, 51.65507762204238, 56.53701972804194, 61.73007507809048, 67.24075358079557, 73.07266357643256, 79.22549409938266, 85.6949093034788, 92.47071740872076, 99.53283863646837, 106.76311768146306, 114.053085039234, 121.38894715397835, 128.74151857601328, 136.06467888026242, 143.3053164378093, 150.407880361571, 157.32382025080702, 164.0099016171089, 170.42090022303154, 176.52074851244726, 182.28800696325882, 187.7042979076509, 192.7963394259374, 197.64027760339573, 202.32540237329601, 206.969014575672, 211.7138215338531, 216.7071736890616, 222.0961130511218, 227.97671700242, 234.36471668137565, 241.20821596670802, 248.36395495412725, 255.6087484832459, 262.66864203421585, 269.2738139361165], "position_y_true": [299.9510376372918, 299.80427516536344, 299.5599224425996, 299.21776112377523, 298.77784056756764, 298.24077887081114, 297.606857025795, 296.8764299769788, 296.0494027626948, 295.1250128493468, 294.1033376570158, 292.9851890459737, 291.770710462094, 290.45912116322705, 289.0494856666926, 287.54079407826856, 285.93325083267274, 284.2270998264269, 282.42121886657196, 280.5137758797741, 278.5015928616719, 276.3795273056485, 274.1440188910608, 271.7855989121242, 269.2873052267104, 266.6324093396167, 263.801475293222, 260.7782621639611, 257.5502410616195, 254.10131700020173, 250.41080457613032, 246.45364246702206, 242.19945812063162, 237.61287538608056, 232.65563001987022, 227.28527647375213, 221.4523240411709, 215.22956060014724, 208.6949576569471, 201.80401577017096, 194.51023715128358, 186.76884679787955, 178.62377913591268, 170.13134968767466, 161.31065230920126, 152.21058650919744, 142.87982341060876, 133.38247644998188, 123.79664169425955, 114.21444075414448, 104.7322401150694, 95.4390610270469, 86.40989518958922, 77.69232001240125, 69.3144665045363, 61.233981612861534, 53.343953040296945, 45.490059847486975, 37.46524253272561, 29.061657883291314, 20.096476585804062, 10.456140268931236, 0.13694745835638855, 0], "angular_position_true": [-1.8588661586527274e-05, -0.00010082567139551747, -0.00029161645580878196, -0.0005464466539962323, -0.000879387992261244, -0.0014272325229429594, -0.002260318081169524, -0.0034729671875641313, -0.0050792342477873325, -0.006973212483538165, -0.009234736687658264, -0.012101930683820514, -0.01569241695107979, -0.019959318868846644, -0.024852587676904646, -0.03033538642813532, -0.036641422599601, -0.04404325870627377, -0.05258123103719493, -0.06220618935131578, -0.07265870664738519, -0.08334967745454824, -0.09403732367751416, -0.10562773054459297, -0.11999357431058552, -0.13940915069635934, -0.1661481683211619, -0.2013679988125408, -0.2452441754231246, -0.2980063361295679, -0.35982171654420364, -0.4308058605509061, -0.5109311431184026, -0.6001826420560907, -0.6990400693720082, -0.8081583704778186, -0.9275518201423771, -1.0580568602399392, -1.2007403638463463, -1.3556636801814679, -1.5227595850657252, -1.7020700681424403, -1.8938800933626174, -2.0984360303358502, -2.3161013594730475, -2.5472587757492575, -2.7921327072592663, -3.0508208274492423, -3.323392152805397, -3.60995764971228, -3.91044758665716, -4.224894313681858, -4.553723914835578, -4.897452495295861, -5.256387242577993, -5.6308181757934275, -6.021063540632953, -6.427434758691196, -6.850416891471787, -7.29053802909708, -7.748372624736571, -8.224837418908955, -8.720707042990801, -9.23641143133984], "angular_velocity_true": [], "altitude_sensor_readings": [301.40335609283244, 292.09670994465495, 295.21577990767463, 293.0879456760074, 296.51274739070243, 300.06778611296784, 300.2701597158144, 293.03551676477383, 294.43436261098486, 289.9197601305112, 298.30148306042946, 292.1198667983073, 294.8107886247716, 297.6861891697412, 285.7909870082954, 283.7101679454417, 277.38526278398757, 283.4481363323994, 279.64417975071706, 281.4182534140523, 279.8729575846695, 270.4297655281859, 270.3597599011116, 265.31688377396864, 272.54359744084354, 261.6511213397875, 260.946404448661, 260.4817561375924, 267.7139825249775, 260.2067481452565, 261.78246801968714, 254.13230376827477, 247.12452659249436, 245.80266808930782, 233.61920491357608, 218.88832080084808, 222.64864844738187, 213.34311350522447, 206.68887884008313, 201.3964621804463, 196.70443693084366, 191.49883197896486, 175.47920269193557, 167.06304426875946, 161.32235671079167, 149.54753114711673, 147.18343780974982, 133.26777385112206, 125.46519747558672, 109.13941547985222, 102.33201595869535, 102.26979823561308, 95.38729159468961, 75.99670828087231, 74.27528175094079, 66.50081290346552, 58.823512643193766, 39.742540937163525, 32.739610295522226, 25.29041000497697, 21.25148740408979, 6.5068536938711325, 2.6282809971353234, 1.2024004506588688], "speed_sensor_readings": [1.5111897670268075, 2.2385505056763293, 1.509689161677668, 5.688902285113166, 7.544725777188766, -0.12144857809669318, 10.783032125676463, 9.398117376930433, 11.915977477231355, 12.089119589275533, 18.489668876959637, 17.92022910790193, 19.486754968660886, 18.19344011081098, 22.341943789637835, 22.54070152648602, 26.45281172092924, 26.150859048095043, 35.98281361578433, 33.56457570018782, 31.182095849776942, 40.46635690236893, 43.66220156682287, 43.322658022735816, 45.2506877941521, 51.42126051800209, 43.931654706897426, 53.57429991305756, 55.41434230454816, 63.695815007639396, 65.38648692683961, 70.72614249078808, 77.1941338396104, 74.96720363482159, 87.16389755683362, 84.47451751612877, 95.46920490617616, 101.91710767359851, 98.5634564319464, 99.64126971818305, 110.08527360537501, 109.11035593410512, 109.2872557025251, 107.21392262937549, 114.3273701811996, 112.0639038192417, 111.61640857911277, 110.06563777635617, 111.04037952417113, 107.87939710697317, 107.26028705730178, 105.14432717326751, 98.56925564039364, 98.70595979007423, 98.51090147786297, 97.13765442149652, 100.87908170011097, 96.15033843365283, 108.47406901323494, 109.73330328515102, 122.74792271553788, 125.05395860420505, 131.90431723730063, 6.175188402904667], "angular_position_sensor_readings": [0.846460237487902, 0.5257233636316434, 0.48547334289931643, 0.4664565354569641, -0.17726252641668974, 0.28880608666231933, -0.20831060965096757, -0.2258740111767327, 0.09144125023138724, 0.6684636775348392, -0.9713214027430467, -0.10922472181191033, 0.4375176729576812, 0.20054700390631003, -0.45573889915491755, -0.03313392224465563, -0.45815724660478774, -0.58826991783475, 0.3103091400411708, 0.06038470950750627, -0.17493248408679296, 0.4869299283164714, 0.15894652483983684, 0.3134466136289417, -0.5956720225556134, 0.36065825349179076, 0.5613464858939017, -0.3264049815185989, -0.1110919904400593, -0.4114444113200834, -0.4642417018406324, -1.1476150690525042, -0.2872533128147537, -0.8053648159391747, -0.6440767393398946, -0.9618079910077341, -1.245729222124857, -1.0845406340108086, -1.484038946217916, -1.91671066376817, -1.45074664866628, -1.4696644243356949, -1.9878811140243613, -3.003884902759401, -2.31415016569191, -2.1900470138316352, -2.832220679928701, -2.6005541297036263, -3.722781784223033, -3.4327988605007143, -3.804374441127802, -4.105706936906235, -4.408645231354087, -4.379592861279741, -5.278157907055966, -5.275444152397766, -6.585720652044988, -6.718453073945068, -6.519719867157188, -6.39766672268644, -7.888203460832629, -7.543018677918049, -8.90850019873425, -8.790034316099964],