{"position_x_true": [0.0, 0.0, 0.0, 0.0, 0.0, 0.0, 0.0, 0.0, 0.0, 0.0, 0.0, 0.0, 0.0, 0.0, 0.0, 0.0, 0.0, 0.0, 0.0, 0.0, 0.0, 0.0, 0.0, 0.0, 0.0, 0.0, 0.0, 0.0, 0.0, 0.0, 0.0, 0.0, 0.0, 0.0, 0.0, 0.0, 0.0, 0.0, 0.0, 0.0, 0.0, 0.0, 0.0, 0.0, 0.0, 0.0, 0.0, 0.0, 0.0, 0.0, 0.0, 0.0, 0.0, 0.0, 0.0, 0.0, 0.0, 0.0, 0.0, 0.0, 0.0, 0.0, 0.0, 0.0, 0.0, 0.0, 0.0, 0.0, 0.0, 0.0, 0.0, 0.0, 0.0, 0.0, 0.0, 0.0, 0.0, 0.0, 0.0], "position_y_true": [299.95095, 299.80379999999997, 299.55854999999997, 299.2152, 298.77375, 298.2342, 297.59655, 296.8608, 296.02695, 295.095, 294.06495, 292.9368, 291.71055, 290.38620000000003, 288.96375, 287.4432, 285.82455, 284.1078, 282.29295, 280.38, 278.36895, 276.2598, 274.05255, 271.7472, 269.34375, 266.8422, 264.24255, 261.5448, 258.74895, 255.855, 252.86294999999998, 249.7728, 246.58454999999998, 243.29819999999998, 239.91374999999996, 236.43119999999996, 232.85054999999997, 229.17179999999996, 225.39494999999997, 221.51999999999995, 217.54694999999995, 213.47579999999994, 209.30654999999993, 205.03919999999994, 200.67374999999993, 196.21019999999993, 191.64854999999991, 186.9887999999999, 182.2309499999999, 177.3749999999999, 172.4209499999999, 167.36879999999988, 162.21854999999988, 156.97019999999986, 151.62374999999986, 146.17919999999987, 140.63654999999986, 134.99579999999986, 129.25694999999985, 123.41999999999985, 117.48494999999984, 111.45179999999984, 105.32054999999983, 99.09119999999982, 92.7637499999998, 86.3381999999998, 79.8145499999998, 73.19279999999979, 66.47294999999978, 59.654999999999774, 52.73894999999977, 45.72479999999976, 38.61254999999976, 31.402199999999752, 24.093749999999748, 16.687199999999745, 9.182549999999742, 1.5797999999997385, 0], "angular_position_true": [0.0, 0.0, 0.0, 0.0, 0.0, 0.0, 0.0, 0.0, 0.0, 0.0, 0.0, 0.0, 0.0, 0.0, 0.0, 0.0, 0.0, 0.0, 0.0, 0.0, 0.0, 0.0, 0.0, 0.0, 0.0, 0.0, 0.0, 0.0, 0.0, 0.0, 0.0, 0.0, 0.0, 0.0, 0.0, 0.0, 0.0, 0.0, 0.0, 0.0, 0.0, 0.0, 0.0, 0.0, 0.0, 0.0, 0.0, 0.0, 0.0, 0.0, 0.0, 0.0, 0.0, 0.0, 0.0, 0.0, 0.0, 0.0, 0.0, 0.0, 0.0, 0.0, 0.0, 0.0, 0.0, 0.0, 0.0, 0.0, 0.0, 0.0, 0.0, 0.0, 0.0, 0.0, 0.0, 0.0, 0.0, 0.0, 0.0], "angular_velocity_true": [], "altitude_sensor_readings": [297.1255301115746, 306.77564514326656, 293.04014292195797, 307.5378061988249, 298.8800295162234, 298.4082190759914, 297.2366508361803, 296.7887834922306, 307.87728219954244, 297.22102469271334, 294.52856656123004, 291.13751579320285, 298.1278935257491, 291.4381900657675, 297.1469590844616, 290.3454469720373, 281.5687033327261, 279.7967617119143, 277.66070401592657, 281.01567784413476, 278.38916621906276, 267.275806612129, 276.10804425410475, 271.50604203633253, 272.6383790953744, 261.52661211346685, 260.4522215515418, 250.60786517093612, 255.51352786336687, 252.70679427251358, 249.7747365745432, 249.05850492152152, 246.9369123571245, 241.11873887917002, 240.5308931036996, 238.1403493473958, 234.04131312753404, 230.81074481116576, 227.4535509975844, 220.33830091533798, 221.2007248838779, 210.95041119377981, 209.31407659985055, 207.66570334415164, 204.3359567092633, 198.86283389054364, 188.57371249070093, 191.32111321012826, 186.32031593066628, 177.67919019456608, 178.60591401579327, 167.989816972482, 159.1849503076188, 157.63921501881435, 158.31285283115471, 154.61177692252846, 143.95584641285149, 130.55630977034014, 132.29880397925012, 122.67225048378074, 114.06009612163072, 109.51349807650708, 111.24249507467005, 97.02329007609231, 91.79508499642189, 90.75157100971224, 83.18950838792838, 72.02946990678267, 63.26317826171847, 61.8194473894127, 53.58542564873212, 42.4986793158288, 38.393035818394914, 29.537075620787224, 17.657374163718647, 23.811107733948962, 12.30867883835061, -6.614516878979832, -1.217834142018769], "speed_sensor_readings": [-4.219780577137989, 2.563138784633489, 3.573598958978532, 4.418086044307028, 9.330693232424123, 6.2100629547426704, 7.469992903578273, 7.733126675333176, 5.66415690658555, 12.498423640065202, 11.572040847146571, 8.461790850394571, 17.175521204476425, 11.146820300514603, 15.738468586844718, 15.848458325829467, 13.329720590954828, 15.793462994842763, 24.291690719710054, 16.590224755739236, 22.123025699248792, 19.67745868945389, 19.419843482739203, 19.28735599378316, 23.72942568318121, 26.29533201351883, 27.460392433954627, 24.128024625391124, 27.899445351923397, 31.337328176786365, 38.477995420182275, 30.529788807661674, 33.52951285908657, 33.88781456214457, 33.694528245113325, 37.02804098515172, 31.806896620310713, 39.41829868926446, 38.68493220272057, 37.536609263211844, 39.89023393951333, 38.5164518312742, 39.079642656893014, 43.18816882222132, 45.32999264673348, 46.61296467098135, 48.305101076333706, 50.721179471723985, 50.58071426586349, 50.32226341387435, 56.04561729656709, 49.20509778674895, 50.11047260666595, 53.6129224674618, 53.095861262806764, 55.53337959275456, 61.12168913037286, 55.456665322369716, 62.72068642059847, 62.93153003001503, 62.833120068516806, 57.55719278803533, 58.4949669646719, 63.81022384183235, 68.01857725484822, 68.62343849418984, 64.73555925619769, 65.38905903956113, 67.54985784127888, 66.67120152063245, 67.64328273908794, 76.73549351104985, 68.39598315846432, 72.68678232615837, 70.33926322482947, 70.37379083500406, 75.18232590292982, 72.68266243196187, -0.2923115766948645], "angular_position_sensor_readings": [-0.07757683939475997, 0.24940818437528464, 0.3136992793867532, -0.2545871156521986, -0.2797262794826408, 0.08334342604418077, 0.43483053285598744, 0.40176948580310995, 0.32460033060821786, -0.3710330154240209, 0.3048769364632892, -0.524728802960697, -0.28483722757714824, 0.45082252106815707, 0.4207183353011734, 0.3440302520700226, 0.2800523092133817, -0.4061729060247677, 0.22667792834586276, 0.1476103812466561, 0.3135569097948961, -0.08581173052400959, 0.632630546759236, -0.6591839341553964, 0.008497411489149342, -0.047134700003692395, -0.049499459215873266, 0.1786870196235515, 0.4537794573438144, 0.16799534915105446, -0.19495756499052325, -0.20851558377055165, -0.05431954684367808, 0.44503033260967534, -0.33754535217375303, -0.150144415158908, -0.04429390512394436, -0.7922591918398275, -0.08980924830175728, 0.49832141575996974, 0.1919242643301833, -0.3313832406126007, 0.47785232279269085, 0.3802900213517031, 0.05888590037186703, -0.5008426368711841, 0.45974280131815015, -0.18120011308052844, 0.1685636378484484, 0.7618121117033471, -0.35930180538412354, -0.6599249607493031, 0.39313838272368545, 0.40470057252776415, -0.44883465506492853, -0.029325259068120592, 0.05477965112450611, 0.3713296944891369, -0.26631373703149996, 0.3016435142886268, 0.14168195669357708, 0.31901653553737086, -0.024584875954998107, 0.24867127676835665, -0.33594239595612013, 0.09337864451853765, 0.06830667924592172, -0.017993211155832255, -0.6937401982079985, -0.31213519808904977, 0.11304000937947989, -0.4075059680546854, 0.4541434067293822, -0.5355823460970309, 0.1830987961915884, -0.1255758412566436, -0.31195527461615524, -0.16090474724084347, -0.4967791800238967],