{"position_x_true": [0.013256316091319114, 0.06631853998335883, 0.18587041552346362, 0.3989601961709431, 0.7290672618601284, 1.1960374097151432, 1.8200745012635042, 2.6218032729367264, 3.621994742150545, 4.841501853520546, 6.292776713605546, 7.979367533746852, 9.903118555499931, 12.062221007816671, 14.451483576826512, 17.06205347608009, 19.879707967013417, 22.881730510545726, 26.036125568939003, 29.30386358712343, 32.63813999870529, 35.98285499324381, 39.2722539613947, 42.431446400190076, 45.37773153549237, 48.02458037378476, 50.28715205200971, 52.08803373253599, 53.36493419046426, 54.08154054885945, 54.24044972271658, 53.89317206769432, 53.149063059503746, 52.17532601671557, 51.19232540463886, 50.46761953047645, 50.28779709804924, 50.917458741974926, 52.543055359109, 55.20214427996807, 58.5312611604981, 62.02715919259113, 65.52305722468417, 69.0189552567772, 72.51485328887024, 76.01075132096328, 79.50664935305632, 83.00254738514936, 86.4984454172424, 89.99434344933543, 93.49024148142847, 96.98613951352151, 100.48203754561455, 103.97793557770758, 107.47383360980062, 110.96973164189366, 114.4656296739867, 117.96152770607974, 121.45742573817277, 124.95332377026581, 128.44922180235884, 131.94511983445187], "position_y_true": [299.9471643752632, 299.78483330423376, 299.5053293978333, 299.1004160723876, 298.5647380569559, 297.8960749095186, 297.09058880097183, 296.1429030359828, 295.0444398850266, 293.78174527666204, 292.3385680037417, 290.6977777677245, 288.83983279667996, 286.73995555751446, 284.3705496653497, 281.70272580161543, 278.70527182816505, 275.34352301187266, 271.58198448664785, 267.3886784562022, 262.7360081721079, 257.60218785465014, 251.97386963984889, 245.8496769204115, 239.24419241142428, 232.19178889958243, 224.74978999248762, 217.00074736008983, 209.05502840861888, 201.0511366132294, 193.15095500194172, 185.52484760859318, 178.33514720349774, 171.71674416242362, 165.75331167843345, 160.45306835599968, 155.72241886137908, 151.3438483540192, 146.97111308721068, 142.15986454526103, 136.75203473300635, 131.0380857414641, 125.22603674992185, 119.31588775837959, 113.30763876683733, 107.20128977529507, 100.99684078375282, 94.69429179221056, 88.29364280066831, 81.79489380912605, 75.19804481758379, 68.50309582604153, 61.71004683449927, 54.81889784295702, 47.82964885141477, 40.74229985987252, 33.556850868330265, 26.27330187678801, 18.891652885245758, 11.411903893703506, 3.834054902161256, 0], "angular_position_true": [-0.000842398658187754, -0.004220493456480584, -0.011875933082532472, -0.025521265069539875, -0.04602984137729406, -0.07361008430020577, -0.10852993431296307, -0.15124461245154674, -0.20222451590548374, -0.2616736507562202, -0.3296939320406551, -0.4066078400872722, -0.4928466775556488, -0.5884508427509582, -0.6934845575007402, -0.8083108169339335, -0.9333053618706297, -1.0682440947060299, -1.2126845247456364, -1.3667839973786884, -1.5310553816050703, -1.7060614246745316, -1.8923004518651287, -2.090200081472494, -2.3000179514296724, -2.5220534732514674, -2.7568621165998244, -3.0050805487538463, -3.267195530216247, -3.543443556182298, -3.833616077024473, -4.137711800041441, -4.456150195617051, -4.789873941117763, -5.140389967275467, -5.508780275044715, -5.896202322624529, -6.303674687226292, -6.731635617354929, -7.180972099069228, -7.641415845413904, -8.101942351990555, -8.562468858567208, -9.02299536514386, -9.483521871720512, -9.944048378297165, -10.404574884873817, -10.86510139145047, -11.325627898027122, -11.786154404603774, -12.246680911180427, -12.707207417757079, -13.167733924333731, -13.628260430910384, -14.088786937487036, -14.549313444063689, -15.009839950640341, -15.470366457216993, -15.930892963793646, -16.3914194703703, -16.85194597694695, -17.312472483523603], "angular_velocity_true": [], "altitude_sensor_readings": [296.1559489837136, 296.53581682204174, 293.7593987221426, 299.0050904820556, 300.93730050210826, 294.3200860127184, 295.72766279665535, 291.5452483635632, 301.02358157773824, 293.65655630488493, 295.3358413458623, 298.6834350090736, 288.4377269649848, 288.4177866882258, 281.1640324594966, 276.5614336330605, 278.715870812764, 281.65416078969287, 271.9322709739442, 266.80571844277557, 258.6679954104672, 260.3445297905529, 255.5026167156359, 240.5990540140622, 236.9172293771671, 232.16120385944075, 227.976600078076, 214.4127997913618, 214.68608504740456, 199.48074096629003, 191.70016694685623, 182.15410175459448, 174.450949205934, 178.08999375808554, 174.49040404048577, 156.47921971492087, 155.63832246380437, 150.79686459299495, 145.2393158648494, 136.40982177364526, 137.2032814161448, 138.84116397256707, 129.95089300350858, 120.07776314326328, 114.50441506602883, 106.75536163632323, 101.86764202066327, 95.17279895270705, 95.17581369060991, 80.05395817970752, 69.50550045162817, 72.92069179979715, 60.42714694772024, 57.315755560859195, 50.192809397440016, 40.02768200543361, 33.87174473091267, 34.16816178476796, 17.9165713569464, 11.682214759233078, -3.020832717657594, 4.254506215245885], "speed_sensor_readings": [-2.30563343212268, -2.6310343257713704, 3.385960959268229, 3.829687664676654, 9.96766846380506, 9.538108740233149, 15.59388073370993, 9.340502752216954, 14.681834744240813, 17.250339339549047, 21.49915491133495, 31.32330440197282, 28.50508438100274, 33.47734545215377, 31.644332765786125, 39.49722864184262, 42.23950857067334, 46.699574859733744, 52.58437857686211, 53.620192875709286, 59.91306491464991, 66.65943242070813, 65.41647072583255, 70.2276085587421, 73.9806787244468, 70.19251054975976, 72.87516999441075, 75.65957015622666, 80.1110767412743, 81.83509468410527, 73.58340393050288, 79.84940442257785, 73.43533851148862, 64.4476929433723, 64.53011815371296, 51.54364561481523, 44.89666342305959, 43.20122152175861, 46.36247351274849, 61.11110086061495, 71.73232640383844, 66.13043118460511, 65.70379968526792, 65.03488183381735, 71.95187765236604, 74.77883442357131, 70.07601049868084, 69.34545361677341, 78.78691957087375, 77.16511017066153, 72.43316801986542, 78.82381268516895, 75.98310038756837, 82.30818625643045, 78.81931301153001, 81.03527016004655, 75.44310915901139, 78.43864131938197, 79.08929229424258, 84.46710932768522, 80.92604746271692, 1.3352010956582918], "angular_position_sensor_readings": [0.44564140431043214, 0.4763883635168215, -0.2957268980551447, -0.6294598663401139, 0.5021822467014332, 0.028699019906785056, -0.9027631986485181, 0.07956544180066977, -0.2697878623703433, 0.36670809789337055, 0.13690802647705946, -0.3802309481447347, -0.20018070475096966, -0.34189501925241716, -0.24089598006754492, -0.801895799772187, -1.049447785057723, -1.5549842171658455, -1.1197382622875351, -1.2192547283266717, -2.4742567933442614, -2.2522307111103035, -1.870684946355126, -1.8651229585188533, -2.1627290318039005, -2.7338035454753493, -2.096402110776668, -2.8900225063438816, -2.824508184041223, -3.3796286428562556, -4.09880825742387, -3.9066434942817234, -4.497322276719813, -4.76318571340861, -5.447391779102398, -5.989664733837001, -6.166311052233211, -6.921486296362187, -6.3522597451274905, -6.696401186996176, -7.267778601563506, -8.079987743216334, -8.734658952085464, -9.427495612987196, -9.290623057364417, -9.437251455644052, -10.494092448412855, -10.86541734047599, -10.886062816198457, -12.207619985986272, -11.950313628490322, -12.93342127256444, -12.927191466391303, -13.176055033538661, -14.217167412714282, -14.100988687455331, -15.117885592198844, -14.970574907915406, -15.95891790901046, -16.69542044306754, -17.662792014824255, -16.975247261063956],