{"position_x_true": [0.00390389716776847, 0.01947258717915306, 0.05440206332841682, 0.12363086180006495, 0.24556465406668898, 0.4347934597116398, 0.7058066295690697, 1.0729713965512673, 1.550748059267256, 2.153373671072693, 2.8946839799377506, 3.787853790219344, 4.844667304803333, 6.068055809645294, 7.451392800969933, 8.986469118697777, 10.663365297107491, 12.468533111878935, 14.385590739084098, 16.39537326900257, 18.47381693007773, 20.593922084582253, 22.724819057105837, 24.830951797788096, 26.872725437775127, 28.80873247239283, 30.597292802436563, 32.196523419957, 33.56867511579405, 34.6804943142108, 35.5066299864931, 36.03353707087818, 36.26098823437759, 36.205303852826546, 35.90095472263367, 35.4006692158568, 34.77536641167105, 34.11188641056155, 33.510552538972014, 33.07735892438488, 32.91270369271984, 33.103446404609855, 33.71123954705937, 34.75972433167421, 36.22429749150172, 38.02240698930775, 40.01391195455354, 42.01380215090194, 43.81053351105904, 45.19374091237804, 46.05112715871178, 46.6398032019857, 47.22847924525962, 47.81715528853354, 48.40583133180746, 48.99450737508138, 49.583183418355304, 50.171859461629225, 50.760535504903146, 51.34921154817707], "position_y_true": [299.94704056453185, 299.7841986443384, 299.5035105665526, 299.09680297239515, 298.55941019155364, 297.88985777505155, 297.0853356689707, 296.14142945949504, 295.0526133899953, 293.8107079320593, 292.40549796713765, 290.8243920635712, 289.05025276953427, 287.0664677211029, 284.85752512873853, 282.40771868321133, 279.7019632004905, 276.7240111870035, 273.457630485587, 269.88790698214507, 266.0008456459803, 261.7847639752664, 257.23126341878066, 252.33576547578897, 247.09967121700208, 241.53122769454467, 235.64693667783607, 229.47278815203228, 223.04333989936748, 216.4041591603274, 209.60965263972, 202.72064645717685, 195.80454389592467, 188.93231281618444, 182.17372183693152, 175.59069505411924, 169.23331810967707, 163.13418923796948, 157.3019813672377, 151.71636205346766, 146.32496631860047, 141.04224171690254, 135.75177677436892, 130.3132737162956, 124.57567263240747, 118.39255091382158, 111.64561015417668, 104.27235879823118, 96.28592489194621, 87.79217680686949, 78.96269480556673, 69.96303427141203, 60.865273737257326, 51.66941320310262, 42.375452668947915, 32.98339213479321, 23.493231600638513, 13.904971066483812, 4.218610532329112, 0], "angular_position_true": [-0.0008127630180799097, -0.004073695161094328, -0.011428258994423995, -0.02454906736822961, -0.04429394445865021, -0.0706807339280018, -0.10370627216233022, -0.1433552626924526, -0.18970344648325022, -0.24267328426046858, -0.3023328226691257, -0.3688662354682788, -0.44214587601897487, -0.5221647025402375, -0.6088773740207297, -0.7023476927720322, -0.8029404047459316, -0.9108369142242805, -1.0261400013742057, -1.1491587350497767, -1.2800542947784774, -1.4190948902510154, -1.5665297707472334, -1.7223707532877817, -1.8864806782617336, -2.0588594043686257, -2.2396350891793264, -2.4287708898123164, -2.6265027582748104, -2.832733977819328, -3.0473885332573634, -3.270687085042926, -3.502774285697285, -3.7436609640432987, -3.9933325979956558, -4.252144181615696, -4.52048150900405, -4.7987450776484675, -5.087176693102043, -5.386045213383211, -5.696106900229967, -6.018136068264829, -6.35288442754724, -6.701121882875148, -7.063709960468945, -7.441354383361663, -7.834705350707979, -8.245068899610384, -8.67415401328967, -9.123427578174036, -9.5862471387312, -10.052223230049202, -10.518199321367206, -10.98417541268521, -11.450151504003212, -11.916127595321216, -12.38210368663922, -12.848079777957222, -13.314055869275226, -13.780031960593229], "angular_velocity_true": [], "altitude_sensor_readings": [301.31139405868885, 299.2374298756398, 297.6377902270491, 298.4339972320278, 300.9674046370824, 299.406633395422, 298.7626898331389, 292.2696193866647, 293.56377237183557, 289.8458235017751, 289.9423753628398, 288.5504692038538, 293.41386018999407, 290.2868665256893, 287.10646556922507, 285.3213895751797, 272.80553424235757, 284.155753615349, 270.7207478593133, 275.40822687829024, 263.47288187278195, 263.2301964667089, 254.233543696245, 247.91620118635382, 242.40351760665507, 244.4611434503882, 236.00319856696845, 231.175145844512, 226.7965289593138, 211.98315622526468, 216.92255205410072, 204.01926204320995, 200.0334225252631, 193.42107393972813, 185.55309841145976, 170.0402354471362, 177.1238382716933, 166.8310578742474, 158.54105386919449, 151.22066028374883, 144.33816143126387, 141.42041242932356, 128.49751486909886, 123.32189702304244, 121.51168608201995, 120.6390171872326, 112.4037873625172, 102.2100641953407, 98.74429420798154, 85.23044260583896, 84.63580974650674, 70.91778607946796, 67.28707836703882, 53.676244189286685, 36.6303957830912, 27.937476200851773, 30.671223593562658, 11.386199749841492, 6.346907120494978, 0.53759172627084], "speed_sensor_readings": [1.1961666892764982, 0.5875979399478979, 8.165248183904003, 7.035571931869725, 5.461957754077369, 7.19280626428731, 13.261076560357996, 13.889937308088841, 14.041082835328856, 14.885271373707281, 17.78629801455108, 19.549736209557196, 20.04768895990874, 30.235765241818644, 25.624184280776937, 31.065302417735936, 34.959294770264705, 36.24599302105108, 37.299569748243854, 43.1499228595781, 40.76224923843948, 50.516285465087286, 53.819336214390745, 54.33643807251038, 56.06186138367111, 61.734292508420765, 61.2937270388042, 68.01128107701318, 69.36372770582093, 71.17303767083554, 72.97396517341619, 66.06097872440682, 68.67159366974572, 65.68709353264977, 64.21528128682365, 68.55182198464668, 65.29168083828108, 60.73709152933638, 59.68783941086331, 54.10380514325909, 54.21737579081963, 55.526630481037415, 54.76734948461515, 59.098235191704184, 57.958692070820845, 67.69312913831051, 74.27895633415817, 81.73005670848137, 85.61172302359368, 88.26375258732361, 89.01922669525356, 89.41451270530997, 91.42547946785682, 94.91433059100689, 95.17577880947115, 93.82345835277958, 97.99659594617061, 94.01972709306682, 99.63945428554815, 2.2734534253167396], "angular_position_sensor_readings": [-0.2608603189890777, 0.012486487879546392, -0.05433969992735686, -0.10596881234525335, 0.43241778649929186, -0.6143770043322436, 0.7450147446759856, -0.4062369705943557, -0.5422107728729804, -0.7086604230458529, -0.44601040935877334, -0.12275817970010999, -0.37957516458197454, -0.5629442489607496, -0.31663532301766306, -0.4805993324626936, -1.488505608357255, -1.0292514588772113, -1.2913281528221943, -0.6488926622781944, -1.6485085021902197, -1.47173859057, -1.9358787246703735, -1.4796006739103957, -1.798979020889896, -2.071887767557432, -2.556612956782359, -3.012796008613743, -2.4441339710902024, -2.3234663828351776, -3.144764309430631, -3.115433759134003, -2.9849434907347465, -3.2526427583718056, -4.488181896819587, -4.313107818116755, -5.223302406945766, -5.088072177148081, -4.818399667942412, -5.428157304562862, -6.06753896057042, -6.03534612453691, -6.135226816140648, -6.802387983941004, -7.364493666589161, -7.432470108619381, -7.910222446975415, -8.00099672711543, -8.515564418977384, -9.012562309145444, -10.39112368649682, -9.644184805366548, -9.953097719181697, -10.923286658277975, -11.335116661337775, -11.611238972593439, -12.322132042159891, -12.746790064504903, -13.366730935763444, -13.600104076551636],