{"position_x_true": [0.013284936259150629, 0.06647082314996518, 0.18031898007105718, 0.3580172079592796, 0.6089331534883937, 0.956336256948664, 1.4101362853017205, 1.982644033475872, 2.690574098786895, 3.547325569175094, 4.562645383208261, 5.73873544876832, 7.078157992808741, 8.583519909482844, 10.257370303035785, 12.102490164506733, 14.121808912156586, 16.318365785300283, 18.695471388730134, 21.256939463573705, 24.006631198333814, 26.94837021850558, 30.086316664119813, 33.424891561172025, 36.96868034953832, 40.72230813105277, 44.69057773020065, 48.87847743284271, 53.29110245502265, 57.933561014956254, 62.810967005220256, 67.9282648989057, 73.29023940019452, 78.90146543899283, 84.77142311368308, 90.91337632429833, 97.34801163661268, 104.10497298785751, 111.21030149131153, 118.64059222083762, 126.24001412295786, 133.91120840110366, 141.69929856344044, 149.63291546460104, 157.72088727585063, 165.96219388540896, 174.34951783101332, 182.8659091644903, 191.4853927249467, 200.12752563947188, 208.70969738822913, 217.18788176500604, 225.49512578600928, 233.5240943788428, 241.15380703104717, 248.45894871736112, 255.665487708516, 262.87202669967087, 270.07856569082577, 277.28510468198067, 284.49164367313557, 291.69818266429047, 298.90472165544537, 306.1112606466003, 313.3177996377552, 320.5243386289101], "position_y_true": [299.95485804382986, 299.8235337879843, 299.61450884194824, 299.3210693029775, 298.9365938981206, 298.47086674353335, 297.9223506549468, 297.29026386538965, 296.57774412286665, 295.78410861087195, 294.9137529330887, 293.9697310522934, 292.95307810882366, 291.86507992865944, 290.7079283688992, 289.48299676493184, 288.19139138639486, 286.8342324995182, 285.4117986134095, 283.92211863832205, 282.36370713263693, 280.7360101703438, 279.0371197446986, 277.2639264143495, 275.41287958076754, 273.4810429349674, 271.46477718507185, 269.35888575413367, 267.1578884184975, 264.8544643048213, 262.4398778317694, 259.90464265607415, 257.2380891594727, 254.42914541954033, 251.45841350358836, 248.29469754184402, 244.9058714327446, 241.26142137761335, 237.33494665128805, 233.09100221840416, 228.57891742696825, 223.85945622702656, 218.8994871664725, 213.66879977533392, 208.13387368085478, 202.2463252244406, 195.95351928626332, 189.1986068384998, 181.92120293262303, 174.09701377571432, 165.68936730120566, 156.64234357152378, 146.92605690072978, 136.5778939859954, 125.64914263371422, 114.28514124510167, 102.7285195089547, 91.07379777280775, 79.3209760366608, 67.47005430051384, 55.52103256436688, 43.473910828219914, 31.328689092072956, 19.085367355925996, 6.743945619779039, 0], "angular_position_true": [0.0008047862118465876, 0.0039952792162728495, 0.011092978879215787, 0.020313003107831365, 0.029960079259916155, 0.04159713200071759, 0.05417138469611935, 0.06661316603091852, 0.0787837097862964, 0.08969156689686003, 0.09895383052015164, 0.1063266591440664, 0.11193875476225001, 0.11581563856323666, 0.11774538108878635, 0.11762863652678981, 0.11535761729831022, 0.11075142441008179, 0.10372063086062239, 0.09453526278736193, 0.08327863051257789, 0.06975922888354853, 0.05395784194901841, 0.03598143931501033, 0.015912637132513004, -0.006394856736850606, -0.031071457374097965, -0.05808730721391872, -0.0874990102743961, -0.11917778849958138, -0.1528931377037301, -0.18844007817753075, -0.2255570396384226, -0.26406507866275725, -0.30536513712718644, -0.3521016184073971, -0.4053311168131811, -0.4652046678277887, -0.5304799175241431, -0.6043789879626853, -0.6899155567566188, -0.7838039262861018, -0.8828152308201707, -0.9838584153640791, -1.0855283659455925, -1.1878412718038478, -1.2909259623936649, -1.3948191277363138, -1.499555462576947, -1.6135759450123655, -1.7435577959771054, -1.8859884455981615, -2.036518846819608, -2.200463348205361, -2.3831292576596943, -2.574049332905986, -2.7650575753783984, -2.956065817850811, -3.1470740603232232, -3.3380823027956357, -3.529090545268048, -3.7200987877404605, -3.911107030212873, -4.102115272685285, -4.293123515157698, -4.484131757630111], "angular_velocity_true": [], "altitude_sensor_readings": [301.3323809453461, 301.65832969717695, 296.51133770544715, 306.8991079673498, 307.2935674498786, 302.21035205096456, 306.9153275685836, 303.96008314370414, 297.48431165050425, 293.20017542365986, 292.11295038811454, 292.4078118395357, 297.5943304303247, 294.2019390001341, 299.45523595648604, 291.57707138622743, 287.35727923711636, 291.93967394788586, 282.160320075126, 286.8687789247958, 279.2602744204453, 288.13035437443614, 278.44766863043355, 284.46899293823907, 276.8779283002161, 281.90275329100376, 271.893949966401, 270.1038939241999, 267.8943459702215, 264.26358084700854, 271.4357304079286, 256.86731052187287, 254.28941097688673, 251.19454368342664, 243.7566763518704, 246.95586248616678, 241.76621083256822, 241.37984296097034, 238.16494056188995, 232.75197557108987, 227.50737313031817, 224.83078710357367, 221.57297021121266, 214.49899716510416, 204.14330711561252, 198.99784577718492, 199.64369996397912, 196.46653645242742, 177.91365389867806, 175.74245038452614, 162.53850164317672, 146.09349071757916, 144.58298195701184, 133.81037468522666, 127.4200188207466, 116.72840937277027, 107.4442947793487, 89.16446359762153, 81.63270302325394, 63.81612005478394, 56.05956371676387, 46.153073243633855, 33.19997433798313, 16.337080827237095, 11.424473370218747, 9.54946119982388], "speed_sensor_readings": [5.969065614882313, 2.425566498445452, 11.547936505784097, 2.5761438420273914, 8.655016397703127, 6.408403247029653, 4.6011515164256584, 9.515130382934363, 8.254468231838116, 15.609410155452625, 14.910972019410819, 14.12882319877761, 19.69445534331156, 22.262529342160228, 21.857989377945852, 20.28462786161006, 25.490856091467293, 25.940589714080296, 30.400470418992633, 34.59992317835066, 34.237563252036246, 41.87545224240632, 37.8615682260911, 38.49715088593581, 37.10718484580354, 41.19951513879312, 43.71712658859696, 47.15954046394383, 49.763389322419286, 51.49030732624958, 55.02680114162825, 58.45969254359011, 61.175100795293005, 62.08920493981534, 71.48869531680228, 69.04742334007102, 76.14432493059066, 79.93486025131938, 75.7907643892213, 92.99609990851107, 89.91032740910632, 91.97560300124597, 91.77389790457401, 99.70192503535334, 99.18948511802017, 104.93032369624412, 103.98533616117894, 106.43533311622353, 119.46097681806715, 123.65801559797026, 119.22112135267847, 124.92848622699424, 129.37814553836768, 127.16625675008467, 134.0376988777015, 137.9695147026167, 140.89728343292063, 136.7013731414481, 135.46886210242204, 137.44194610229266, 140.02561244499253, 142.05523664583276, 142.08923197079463, 140.20126808144784, 142.78257532697384, -0.9386039537952542],