{"position_x_true": [0.0, 0.0, 0.0, 0.0, 0.0, 0.0, 0.0, 0.0, 0.0, 0.0, 0.0, 0.0, 0.0, 0.0, 0.0, 0.0, 0.0, 0.0, 0.0, 0.0, 0.0, 0.0, 0.0, 0.0, 0.0, 0.0, 0.0, 0.0, 0.0, 0.0, 0.0, 0.0, 0.0, 0.0, 0.0, 0.0, 0.0, 0.0, 0.0, 0.0, 0.0, 0.0, 0.0, 0.0, 0.0, 0.0, 0.0, 0.0, 0.0, 0.0, 0.0, 0.0, 0.0, 0.0, 0.0, 0.0, 0.0, 0.0, 0.0, 0.0, 0.0, 0.0, 0.0, 0.0, 0.0, 0.0, 0.0, 0.0, 0.0, 0.0, 0.0, 0.0, 0.0, 0.0, 0.0, 0.0, 0.0, 0.0, 0.0], "position_y_true": [299.95095, 299.80379999999997, 299.55854999999997, 299.2152, 298.77375, 298.2342, 297.59655, 296.8608, 296.02695, 295.095, 294.06495, 292.9368, 291.71055, 290.38620000000003, 288.96375, 287.4432, 285.82455, 284.1078, 282.29295, 280.38, 278.36895, 276.2598, 274.05255, 271.7472, 269.34375, 266.8422, 264.24255, 261.5448, 258.74895, 255.855, 252.86294999999998, 249.7728, 246.58454999999998, 243.29819999999998, 239.91374999999996, 236.43119999999996, 232.85054999999997, 229.17179999999996, 225.39494999999997, 221.51999999999995, 217.54694999999995, 213.47579999999994, 209.30654999999993, 205.03919999999994, 200.67374999999993, 196.21019999999993, 191.64854999999991, 186.9887999999999, 182.2309499999999, 177.3749999999999, 172.4209499999999, 167.36879999999988, 162.21854999999988, 156.97019999999986, 151.62374999999986, 146.17919999999987, 140.63654999999986, 134.99579999999986, 129.25694999999985, 123.41999999999985, 117.48494999999984, 111.45179999999984, 105.32054999999983, 99.09119999999982, 92.7637499999998, 86.3381999999998, 79.8145499999998, 73.19279999999979, 66.47294999999978, 59.654999999999774, 52.73894999999977, 45.72479999999976, 38.61254999999976, 31.402199999999752, 24.093749999999748, 16.687199999999745, 9.182549999999742, 1.5797999999997385, 0], "angular_position_true": [0.0, 0.0, 0.0, 0.0, 0.0, 0.0, 0.0, 0.0, 0.0, 0.0, 0.0, 0.0, 0.0, 0.0, 0.0, 0.0, 0.0, 0.0, 0.0, 0.0, 0.0, 0.0, 0.0, 0.0, 0.0, 0.0, 0.0, 0.0, 0.0, 0.0, 0.0, 0.0, 0.0, 0.0, 0.0, 0.0, 0.0, 0.0, 0.0, 0.0, 0.0, 0.0, 0.0, 0.0, 0.0, 0.0, 0.0, 0.0, 0.0, 0.0, 0.0, 0.0, 0.0, 0.0, 0.0, 0.0, 0.0, 0.0, 0.0, 0.0, 0.0, 0.0, 0.0, 0.0, 0.0, 0.0, 0.0, 0.0, 0.0, 0.0, 0.0, 0.0, 0.0, 0.0, 0.0, 0.0, 0.0, 0.0, 0.0], "angular_velocity_true": [], "altitude_sensor_readings": [297.34988673277496, 303.26621590475946, 293.1392572878964, 302.4312716334837, 299.91990764936287, 291.7831253917946, 288.89977272666493, 293.6604654598844, 294.6447450787568, 291.2193231321561, 295.7439301742041, 291.33597952844633, 293.31937999111244, 296.7854978241567, 290.26074602326213, 285.98322868474077, 285.3960961954946, 290.0519439191971, 287.15871864790756, 277.6390805058191, 280.4966080451482, 281.32608335173273, 268.8797220550745, 269.06702636928304, 271.02849983219267, 273.06173789570136, 268.3679760913795, 258.515010864413, 257.30785188307465, 256.1855703654837, 255.29972634421347, 245.83149464088623, 252.58496154834538, 247.68103562867014, 241.00320362102607, 240.32754431527817, 230.13472530373397, 232.82535476320137, 222.30344627045645, 220.77514162814307, 222.44107901693638, 206.88611515716494, 210.46801577224159, 206.36432433010697, 198.77596503282706, 194.33085184387124, 199.54580856068475, 182.7486704839566, 180.99161554231097, 178.56679611348412, 168.0678352496571, 160.08055062411623, 159.87831662527836, 162.2576769783641, 148.16296449314646, 148.61014742947074, 143.58006046784197, 140.4612356631164, 128.28989940922114, 120.96547299160933, 119.2737563639656, 113.08261197824605, 106.0072312508943, 94.81280738997259, 92.12637661997586, 91.75073748312533, 75.81355504698928, 76.8040641267301, 64.44703704262157, 56.714285435659676, 56.54297470922101, 48.7504795794095, 40.71109273538483, 38.622089079951245, 22.708611487482145, 15.044509543858188, 7.994404129895464, 0.4046077973534614, 5.551609857653514], "speed_sensor_readings": [-5.333008164160008, 2.030997975923037, 4.288587639749255, 0.7413176602389937, 6.206779425235857, 4.147316621813534, 7.211383963009139, 4.376228968566021, 4.691052744707742, 7.392536896254914, 17.346221281789383, 12.751819200537456, 10.783531113185054, 10.383973119232294, 16.51922519359686, 16.965302413432486, 19.70978536967113, 19.861975081318477, 19.078236613640275, 16.15037975069903, 18.988380897100093, 21.621639393283317, 22.043285554499295, 19.383886223732446, 24.862437158810557, 22.17150880182748, 20.73696942656423, 32.68459406350944, 30.33815078878751, 28.838251559753704, 29.167822525745247, 32.555103818079104, 31.843561657114765, 33.069548196468006, 30.116130860526876, 32.5475332695665, 32.08400401550577, 35.35218109506398, 42.22231367578052, 44.246862305896826, 41.88029066338308, 45.11540861151057, 38.89156363365845, 47.20896162446323, 42.11598765198191, 47.3787859765081, 48.35098257693888, 46.27278679237139, 49.1412907088132, 49.19512503471666, 47.436142279066836, 56.18143533580422, 55.5117662329062, 53.20259307609598, 48.3012400124644, 53.39992930598927, 55.10639119085913, 58.145681310049156, 58.45748072702676, 56.09413806654642, 61.04739702097682, 52.4081740329114, 65.1494090609198, 61.707422293668685, 66.0973262927106, 62.833173537916274, 60.935040667996816, 65.73106337547563, 63.52403383385576, 65.09495645090125, 68.2851070075154, 70.03069615014547, 71.9976213676759, 71.14360481970964, 73.71593251011545, 73.6175119258551, 78.34933476508279, 78.0219803690953, 2.6593019182941466], "angular_position_sensor_readings": [-0.10950963792130129, 0.08017475990198975, -0.0005629685985177745, 0.5966230136993965, -0.33426181845530495, 0.4648845595918578, 0.4479657253006523, 0.290986603815931, -0.009419252141509054, 0.29926083403909864, -0.27942522120651997, -0.0968519895291004, -0.27487715751137, 0.5325319008072151, 0.437538404636143, -0.44674878206355395, 0.26780806471660024, 0.30486283872008496, -0.38014524784726594, 0.027494623980238792, -0.773777445943559, -0.326525294290261, 0.034509080732063234, -0.07193241153680334, -0.4812717272328845, -0.5357157827183053, 0.3253831156566849, -0.24882256501086197, -0.21026002667270316, 0.4434392017364812, -0.2386691135333494, -0.10857851622610969, -0.28330936429383013, 0.5592293958193942, -0.5690934577521749, -0.35755284161655426, -0.08607076048151935, 0.10097115783341909, -0.038170392098957555, -0.33628253183237383, -0.40166589887108706, 0.025809833027273712, 0.11166486876911644, 0.09789163732785022, -0.2920940379090813, 0.6133030473599215, 0.15609698259691385, -0.09979866695640177, 0.28560355624907574, 0.47295966603967377, -0.8024826379284917, 0.1416657264574885, -0.1809708460400026, -0.3864833811781368, -0.48098888053568256, -0.1248776361083952, -0.21626769262372947, 0.07434576121963045, 0.3062041733140702, -0.5785119398942884, -0.24576430679508318, 0.15203443346814371, 0.2685629568467488, 0.12406194559932625, 0.3001425963339428, 0.22111420970691387, 0.07691199196026699, -0.08142934242313588, 0.0696650180115405, 0.2548120182255965, 0.014034206030452072, 0.13882701061093652, 0.3497924608168302, 0.6520084972216645, -0.5761579012947127, 0.10228765931365483, 0.5113709326688841, -0.12238709830470973, -0.7323448447464898],