{"position_x_true": [0.0, 0.0, 0.0, 0.0, 0.0, 0.0, 0.0, 0.0, 0.0, 0.0, 0.0, 0.0, 0.0, 0.0, 0.0, 0.0, 0.0, 0.0, 0.0, 0.0, 0.0, 0.0, 0.0, 0.0, 0.0, 0.0, 0.0, 0.0, 0.0, 0.0, 0.0, 0.0, 0.0, 0.0, 0.0, 0.0, 0.0, 0.0, 0.0, 0.0, 0.0, 0.0, 0.0, 0.0, 0.0, 0.0, 0.0, 0.0, 0.0, 0.0, 0.0, 0.0, 0.0, 0.0, 0.0, 0.0, 0.0, 0.0, 0.0, 0.0, 0.0, 0.0, 0.0, 0.0, 0.0, 0.0, 0.0, 0.0, 0.0, 0.0, 0.0, 0.0, 0.0, 0.0, 0.0, 0.0, 0.0, 0.0, 0.0], "position_y_true": [299.95095, 299.80379999999997, 299.55854999999997, 299.2152, 298.77375, 298.2342, 297.59655, 296.8608, 296.02695, 295.095, 294.06495, 292.9368, 291.71055, 290.38620000000003, 288.96375, 287.4432, 285.82455, 284.1078, 282.29295, 280.38, 278.36895, 276.2598, 274.05255, 271.7472, 269.34375, 266.8422, 264.24255, 261.5448, 258.74895, 255.855, 252.86294999999998, 249.7728, 246.58454999999998, 243.29819999999998, 239.91374999999996, 236.43119999999996, 232.85054999999997, 229.17179999999996, 225.39494999999997, 221.51999999999995, 217.54694999999995, 213.47579999999994, 209.30654999999993, 205.03919999999994, 200.67374999999993, 196.21019999999993, 191.64854999999991, 186.9887999999999, 182.2309499999999, 177.3749999999999, 172.4209499999999, 167.36879999999988, 162.21854999999988, 156.97019999999986, 151.62374999999986, 146.17919999999987, 140.63654999999986, 134.99579999999986, 129.25694999999985, 123.41999999999985, 117.48494999999984, 111.45179999999984, 105.32054999999983, 99.09119999999982, 92.7637499999998, 86.3381999999998, 79.8145499999998, 73.19279999999979, 66.47294999999978, 59.654999999999774, 52.73894999999977, 45.72479999999976, 38.61254999999976, 31.402199999999752, 24.093749999999748, 16.687199999999745, 9.182549999999742, 1.5797999999997385, 0], "angular_position_true": [0.0, 0.0, 0.0, 0.0, 0.0, 0.0, 0.0, 0.0, 0.0, 0.0, 0.0, 0.0, 0.0, 0.0, 0.0, 0.0, 0.0, 0.0, 0.0, 0.0, 0.0, 0.0, 0.0, 0.0, 0.0, 0.0, 0.0, 0.0, 0.0, 0.0, 0.0, 0.0, 0.0, 0.0, 0.0, 0.0, 0.0, 0.0, 0.0, 0.0, 0.0, 0.0, 0.0, 0.0, 0.0, 0.0, 0.0, 0.0, 0.0, 0.0, 0.0, 0.0, 0.0, 0.0, 0.0, 0.0, 0.0, 0.0, 0.0, 0.0, 0.0, 0.0, 0.0, 0.0, 0.0, 0.0, 0.0, 0.0, 0.0, 0.0, 0.0, 0.0, 0.0, 0.0, 0.0, 0.0, 0.0, 0.0, 0.0], "angular_velocity_true": [], "altitude_sensor_readings": [301.6726941107529, 299.24773018078395, 299.7014620248621, 300.10717067414026, 296.5765626851336, 301.7755431807086, 300.2583056946647, 294.5827581024023, 296.5719931049107, 290.9036294363089, 290.8146680784824, 297.6197410348305, 291.42093603522665, 289.12208072836376, 292.05240401689815, 293.96641263277985, 284.6229994960949, 283.7026039004489, 278.010463531229, 280.5964766103477, 278.50589557046226, 274.181102341051, 280.4260176883989, 271.38818014025685, 271.4548229046131, 267.7112134557824, 272.1357258665441, 256.58472729911387, 257.6001467925495, 257.29859257675514, 253.95736951111488, 250.77625964902217, 241.47416173494906, 241.86613667334714, 238.21087635765485, 234.22563709004524, 236.11874931310416, 232.9163242585759, 223.22380274940224, 222.8592256193542, 218.74844605863757, 204.55763902348977, 210.00094715212012, 200.84777880064433, 203.77084393900088, 199.00664180477708, 192.42650959954128, 191.06225310917458, 185.07891367018664, 180.97259353826342, 174.4075050287611, 175.43044068066627, 162.06963168183418, 160.5540178130265, 151.85845020480264, 152.53553126253954, 144.85770484300863, 136.51380255390833, 135.83820032104654, 125.59642755314555, 115.27404599372213, 107.93311307925364, 101.47933220085598, 100.7736387044301, 89.16982656942393, 85.53671560390079, 82.76016988179884, 68.67728460895351, 64.4428001113354, 58.93899645100362, 48.09627093623623, 44.91066260387826, 33.365254512082906, 32.64755623516424, 23.987586847730498, 19.335050155393418, 8.220720327522935, 2.603217990280631, -0.5848673243798954], "speed_sensor_readings": [-2.527960902155823, 3.5642490311664696, 9.447711005394236, -3.6610668438456093, 3.2601739391095954, 5.824789333706208, 7.078736170900835, 7.407187214027607, 11.473635772787445, 12.154247992170248, 9.34442202408804, 13.42858679283584, 7.7760367095774106, 17.182003826815716, 13.202513038745924, 12.996894682487365, 19.863595511969958, 27.394151941579988, 23.082798390896414, 20.438221132469895, 16.494402971815564, 23.952329257884134, 24.661687527042893, 28.402927267888515, 22.195280676971024, 35.76436228104423, 25.55784476024222, 20.516942375072333, 24.429715975366125, 32.398172118393916, 30.792615915442898, 29.365560099982346, 28.760486892062936, 34.44140525764479, 35.54245441805395, 29.97971927860622, 38.38900082685422, 32.76688964783253, 35.063311857409936, 37.32683690706779, 36.46202304587071, 46.50018409364592, 44.097992959160266, 45.7405959071669, 45.29082931283446, 44.60445242141516, 47.37815577626866, 47.960553379034245, 47.08409028146128, 43.95152315405216, 55.99231395159676, 50.99577600839207, 55.506210545266256, 54.47764623153871, 59.00662543402386, 51.25025275029212, 56.8887210484988, 60.37184581386233, 57.24847022436254, 58.54107024105775, 60.29471530434619, 63.809433650554254, 64.31772371920592, 60.50568459322729, 62.407639070248955, 64.34833753660118, 62.8138263238731, 67.61914552979593, 68.98689665990777, 71.8217632890539, 70.71851818758353, 68.40082618517268, 74.4458842211047, 68.87493812139451, 74.81088762055724, 74.33945486101462, 79.03203635502761, 71.78790076792612, -2.287247051590475], "angular_position_sensor_readings": [0.19608416138172172, 0.28391227076128006, 0.08917562344580571, 0.2629120264997364, -0.5428072645268055, -0.007775665828201023, 0.2613667970830097, 0.07467871187550333, -0.2588057279430908, -0.3780072852871611, -0.26371936548755154, -0.24803799450878397, -0.17341810407650038, -0.10597554035623911, 0.7316751976043041, 0.11568430101944212, 0.24253327310991862, 0.9114809135829627, -0.24450208803851298, 0.15861322827696417, 0.6626482911953557, -0.1658489601628954, 0.0024013237658035563, 0.25254292074618456, 0.1631541789257962, 0.37213842974001404, -0.03717610566804446, 0.19384468073756042, 0.19467132010096824, -1.1873087136627356, -0.19634251101153954, 1.0919224457143126, -1.0501618284929282, 0.00266673022478609, -0.05002287122319148, 0.10023178684497756, -0.058216701636935014, -0.10005754703026758, -0.8587347808604809, 0.0027970255577480572, 0.35884152303346806, 0.11892019864729408, -0.45185601420457505, 0.1706001697230754, 0.20714284852820924, 0.8704882674231595, 0.1558598723501753, 0.20317232801921914, 0.2589148282017068, -0.5419152047137469, -0.18396739588102012, -0.21082530822577994, -0.5731825861590301, 0.06422727885440925, -0.4114465378462173, 0.6012268831392698, -0.3940318759629667, 0.03685810942784204, -0.7671757533779028, 0.48900403869359255, -0.021437280082804613, 0.037649223414261704, -0.3119499022779095, -0.4356804097329266, -0.33901767278350753, 0.004390550660520776, 0.5436879971116164, -0.173359578249491, -0.7029283255579535, 0.002731653905955324, -0.5635168614808017, 0.3366414788344407, -0.22929083348752496, 0.25768047077749695, 0.07193485040488172, 0.17198108173555543, 0.37079503509950873, -0.27247508075774823, 0.15366988659477587],