{"position_x_true": [0.013264718477512944, 0.06637087046563074, 0.18601036218480355, 0.3990379360600279, 0.7287647893942091, 1.1951209808305174, 1.8183280650527727, 2.618687390226318, 3.616805348774668, 4.833470149920897, 6.281301157741062, 7.9638962960282775, 9.882827615504969, 12.036957843248203, 14.421905081072822, 17.02917663255834, 19.845555968976466, 22.851646035315987, 26.021158651355258, 29.320134475174978, 32.704649753763455, 36.11986631439748, 39.50236735775018, 42.77783672279426, 45.86188532522135, 48.66493673676182, 51.09711704729745, 53.07628996474502, 54.53620611671169, 55.43678603448308, 55.776370142564296, 55.604867107716025, 55.033697060428175, 54.24068583221573, 53.46951876904993, 53.00801403459106, 53.15211594422023, 54.154156981485976, 56.15026379633878, 59.088065455579546, 62.56815806842485, 66.16091131439815, 69.75366456037145, 73.34641780634475, 76.93917105231804, 80.53192429829134, 84.12467754426464, 87.71743079023794, 91.31018403621124, 94.90293728218454, 98.49569052815784, 102.08844377413114, 105.68119702010443, 109.27395026607773, 112.86670351205103, 116.45945675802433, 120.05221000399763, 123.64496324997093, 127.23771649594423, 130.8304697419175], "position_y_true": [299.94703028913244, 299.78424901658565, 299.503804547838, 299.0972667125485, 298.55948667801266, 297.88879768865235, 297.08188495508836, 296.13133879367956, 295.0271791639704, 293.7565451141652, 292.3038638144987, 290.65210299637477, 288.7811189326166, 286.6671885107694, 284.28348968521345, 281.6012213862332, 278.59003117840524, 275.2181030100763, 271.45288271169215, 267.2626504218059, 262.61802210458586, 257.4942081343913, 251.8740557078943, 245.75227234381674, 239.13916206868453, 232.06576144681316, 224.587856575444, 216.7882991389576, 208.77690242973705, 200.69045227328166, 192.69096488217178, 184.95280306694238, 177.6443880502518, 170.90531963308112, 164.8162009741711, 159.3663771307934, 154.42341754241838, 149.71835505721728, 144.85900783285683, 139.37222545637616, 133.15622173907337, 126.60046638570876, 119.94661103234414, 113.19465567897952, 106.3446003256149, 99.3964449722503, 92.35018961888568, 85.20583426552106, 77.96337891215644, 70.62282355879184, 63.18416820542723, 55.647412852062615, 48.012557498698, 40.27960214533339, 32.44854679196878, 24.51939143860417, 16.49213608523956, 8.366780731874954, 0.14332537851034566, 0], "angular_position_true": [-0.000810853948540942, -0.004076860079928847, -0.011500426813369751, -0.024830245239585713, -0.04504519866787967, -0.07242889100456534, -0.10734730984289875, -0.14989071953478417, -0.2002378670298905, -0.25868613391141626, -0.3253980587254455, -0.40059922725862795, -0.4845225762620241, -0.5772388055602843, -0.6787267208656126, -0.7891760242468183, -0.9090015986721788, -1.0386832644869666, -1.1787120498522294, -1.3296496852918163, -1.4920709234369973, -1.6663781147794023, -1.8532026799441927, -2.0530764057349615, -2.2662440989394423, -2.4929323649761512, -2.7334802995523595, -2.9884551591825863, -3.258677444423581, -3.545079376740385, -3.848229127107839, -4.168752397130912, -4.5074370799788355, -4.865174443649526, -5.242587106613398, -5.640568260102587, -6.060119589389127, -6.5020040832816886, -6.96757889327863, -7.458053770167905, -7.962353944769189, -8.467844518241867, -8.973335091714544, -9.478825665187221, -9.984316238659899, -10.489806812132576, -10.995297385605253, -11.50078795907793, -12.006278532550608, -12.511769106023285, -13.017259679495963, -13.52275025296864, -14.028240826441317, -14.533731399913995, -15.039221973386672, -15.54471254685935, -16.05020312033203, -16.555693693804706, -17.061184267277383, -17.56667484075006], "angular_velocity_true": [], "altitude_sensor_readings": [295.6687031895647, 298.3336961777719, 298.182121148267, 297.48262386724275, 296.1568551518038, 304.6876968375458, 301.44110998925436, 292.0936271498384, 293.9812607729599, 291.69869654843563, 292.3391438320169, 288.4290292176006, 290.27055527386386, 284.37469487111684, 291.60993885481145, 288.0536214866032, 283.3176833777868, 276.66460148200196, 270.9088197598172, 265.49235991963116, 252.01205302740635, 258.68002646605464, 259.54259493319176, 247.74315091341612, 236.58068300455523, 226.66900614589372, 223.88773490230068, 219.60527969200007, 207.7821028692131, 204.01494417398507, 193.24578659846105, 175.62515517863642, 181.0497702799277, 168.48153900619832, 168.2237268799954, 154.4840309385284, 156.54729229610788, 146.36041187496855, 141.73989050646875, 139.51645218415825, 134.73915791698778, 130.49206885628075, 121.0766344494052, 115.04170398980584, 104.46548230472706, 99.33392897456518, 93.00610974505338, 86.5015146859982, 84.66733928423973, 70.22048606876818, 67.83192246115706, 57.88143550242638, 48.983701705972344, 32.42291740354277, 23.766023741513273, 23.20688793437798, 9.864989075178352, 8.152374314606872, 7.474012848623815, 0.7263647201263508], "speed_sensor_readings": [-1.030854041949058, -0.17202601447882993, 0.42615400406283577, 7.489748000413728, 8.880703579834005, 6.02595811280377, 10.620067686933837, 9.84596344064617, 15.05871202809669, 19.624385178484477, 21.23941042020821, 25.733844025215102, 29.00644001856473, 30.13858240454832, 42.993876216607966, 38.29130044524958, 43.065838892235156, 46.02986106881044, 53.82050240724501, 53.12360909724617, 61.265684756969954, 64.67040181845897, 67.06311517829543, 79.51158433204564, 70.37219154687288, 80.26860120883806, 73.96961221140148, 79.99309376284344, 84.1877051643345, 78.76358651789715, 75.84230114734036, 80.7084527657249, 74.4554397833021, 64.7456866322339, 58.31963890742154, 44.23114717111993, 49.8377544649951, 50.35861659701065, 53.77382695936506, 68.8073759528684, 77.98896604406598, 75.63000048115232, 76.95799243391906, 74.44647247797461, 80.71675795077506, 82.79261871365804, 78.92280056694607, 77.27976417691504, 79.27287064547794, 81.30996970839914, 83.82788849709773, 83.74441981822362, 84.81751884654861, 84.0234116723596, 87.75208542569345, 89.22709110571667, 89.20853908599433, 89.46982966124308, 88.19506976653456, -1.6081186296929217], "angular_position_sensor_readings": [0.19721586922881254, -0.2524776021417889, -0.00235413184351059, -0.3159233831004138, -0.7201308281214358, 0.354349225996997, -0.433176170474478, 0.036648564922422744, 0.18083885601639477, -0.6288825317971787, -0.225539601510917, -0.8338398867721885, 0.1269968089903898, -1.1483300153303944, -1.2990455580357545, -1.439651607370109, -0.6826160238590373, -1.7251111870001004, -1.1351517976928795, -1.667826793729099, -0.909942325566887, -0.8369535020157515, -2.451186472482074, -2.2303782761002062, -2.4530935410494172, -2.104853474729521, -2.8253318974514072, -2.8480264328971123, -3.293627571822923, -3.8029861997303818, -3.706968032977933, -4.193397000831957, -4.000076759503415, -5.394321821328734, -5.268218545216258, -5.7559525124456705, -6.590445912449825, -6.9313032705016955, -7.30118921388525, -7.644848781450668, -8.237529042009625, -8.249945111528175, -9.118348179178739, -8.746715739628396, -10.09732745028959, -10.45795430338074, -11.526810322028226, -11.174379494567123, -11.309201542676785, -13.193730593861723, -12.770802184755267, -13.593874062176521, -14.254491523580445, -14.96543405050789, -15.235672541537777, -15.434244574833643, -16.553591231424136, -16.9781250992978, -16.646035123475272, -17.69879400786236],