{"position_x_true": [0.0061859035936325715, 0.03099824748884228, 0.09104062474536714, 0.2069554186166538, 0.39533200905705357, 0.6690505111218229, 1.0372019262303163, 1.5046570320033963, 2.076145316755037, 2.7564433233639436, 3.5504848685328536, 4.463334191211543, 5.500032020869828, 6.6654553626331525, 7.964497105354351, 9.402375207303255, 10.984476386053625, 12.716041091072695, 14.602286272952721, 16.64872484687437, 18.861022106593058, 21.244596300758086, 23.80503471966068, 26.54821824607021, 29.479845835724298, 32.60560740444295, 35.931343010894125, 39.462784005590954, 43.20555130075675, 47.16547695330408, 51.348595291703305, 55.76125623104237, 60.4097179976395, 65.30008849397684, 70.4384756143728, 75.83136524262804, 81.4856374432282, 87.40803778456127, 93.60519067851737, 100.08344447935536, 106.84859450442178, 113.90650378716654, 121.26341891064072, 128.92661704184331, 136.90426382839357, 145.20469752682703, 153.83502358946424, 162.80124939714727, 172.11049301432783, 181.7695337790422, 191.78372662053548, 202.15682547039435, 212.89222812332105, 223.99145405625413, 235.45442784898677, 247.28228105816925, 259.4729911826084, 272.0210408097187, 284.91954639148423, 298.1563385143838, 311.71335659079404], "position_y_true": [299.9468334821248, 299.78324885732746, 299.50508445288875, 299.1118789336641, 298.60682247155916, 297.99686363576353, 297.28496054754464, 296.47009735042855, 295.55081318390705, 294.52544721847136, 293.39217932579083, 292.14896066226555, 290.79383815943817, 289.3242558705344, 287.7373730822473, 286.03091926326977, 284.20300781538174, 282.25130092318057, 280.1728296593798, 277.9645858098193, 275.6232778841712, 273.1453861806803, 270.52756947569196, 267.76664015507174, 264.8584619752832, 261.7981181936165, 258.5805047778005, 255.2001796743847, 251.65094845151273, 247.92648091937681, 244.0208248281414, 239.92816162313417, 235.64183764990696, 231.15427455943677, 226.45723326959202, 221.5428980693853, 216.40402874479932, 211.03247989032582, 205.4191780035827, 199.55409515801898, 193.42607950377644, 187.02336182612143, 180.33403623764653, 173.3473772128223, 166.0526461914966, 158.43828535904942, 150.49058912077228, 142.19336721170853, 133.5312047193208, 124.48739111375835, 115.0428358371469, 105.17630913372, 94.86498324271884, 84.08250489677332, 72.80070075817112, 60.991769010856025, 48.62457270807772, 35.664909841638874, 22.076581463788877, 7.819518203758138, 0], "angular_position_true": [-0.0008362359567373825, -0.0041635194635670555, -0.01078698499274196, -0.02068518275397022, -0.03299145080512242, -0.04601768113770597, -0.05894358142923779, -0.07180154996407989, -0.08466991721105523, -0.09753586629718491, -0.11037155226705393, -0.12319202563701792, -0.1359933596029685, -0.14875175182062067, -0.1614072601100899, -0.17403454169833932, -0.18682695550584694, -0.19988459661833816, -0.21314902992802745, -0.22654012396029596, -0.24000518989361355, -0.25353314559847034, -0.26721144615061193, -0.2812396318918854, -0.29573398235649784, -0.3106468801917896, -0.3258808904556598, -0.34137425862711357, -0.3570072506866295, -0.3728086984725008, -0.3888097127935654, -0.4050787384776198, -0.42166292855869014, -0.43837791227558104, -0.4549865383300236, -0.47142984220286727, -0.48804212701281474, -0.5051342404986704, -0.5227656201072126, -0.5408815275723863, -0.5592629731250549, -0.5777527185266854, -0.5963357942855406, -0.615301120359921, -0.6350925624673194, -0.6561258119926932, -0.6785267408364801, -0.7021233751574901, -0.7272290465076504, -0.7542336318737414, -0.7832882913525305, -0.8143020256521658, -0.8473104740828283, -0.8821430751906316, -0.9185595929917174, -0.9569456722906691, -0.9973322005345567, -1.0395028298105082, -1.0835181475048161, -1.1288799669644898, -1.174937747893887], "angular_velocity_true": [], "altitude_sensor_readings": [295.1321529640665, 297.1105715510856, 297.38620874353927, 302.7345058579158, 302.23582077710614, 300.02901355526154, 294.7130580207956, 299.19718418474963, 296.92938441077484, 295.41723459490225, 289.85295518027175, 294.3886375952336, 287.6569020346616, 289.87997841146944, 285.60081551386145, 292.52909567632156, 282.7282492062506, 277.09205804216634, 279.50943839956705, 280.1384248456871, 285.6222922649055, 275.17942561226346, 271.19870548066024, 273.03121470398173, 264.7310659813233, 261.580761676681, 261.998127280454, 254.6061442567716, 245.36121449731553, 244.42422018051127, 241.21684806415166, 232.7263694672376, 230.5924991382156, 231.63840762810526, 228.9068856226735, 221.12725763625573, 212.60497492728797, 208.40915009378793, 213.09566140573136, 197.79965302421724, 196.71666231156289, 191.330471701554, 175.79457974307545, 178.12855895232985, 160.81420435936576, 159.38863429952013, 150.42272052045908, 140.8737282342054, 137.27996390431494, 124.89406891502907, 116.56815465577672, 100.57074715925643, 91.55671190485623, 84.3973600422533, 65.8247929060368, 57.18833661970975, 44.09897947169615, 37.1226878265286, 18.654793343011587, 10.842881943904148, -7.5420815514743555], "speed_sensor_readings": [-7.150419331108708, 0.5687922713796314, 5.541866696010043, -1.5856402173145687, 1.7648219733475132, 9.311829647768548, 6.647536442811096, 9.573966057034438, 6.308697985536151, 14.258416222991581, 12.90714317747882, 18.350184932354814, 18.575198510961194, 25.963614633498178, 31.799172486079925, 24.058465989972596, 25.08897376829884, 26.883651293591605, 32.62433268963708, 36.35624881422012, 35.184140297548446, 32.80632170639886, 42.804434838240596, 42.41930447825545, 39.9885230068873, 45.43281773278594, 47.23293070202241, 58.133814395320464, 55.93789040988089, 55.44483421832381, 56.694472447467476, 56.92134459888894, 68.69816620227768, 72.09964361301549, 74.09473509746776, 69.92114011160541, 82.40429614976836, 86.21352643742804, 85.36210254233934, 91.08412214638969, 93.18568093993126, 96.55297669045923, 99.19210906646148, 108.06153847007342, 112.23643983959639, 119.93828785300167, 116.42189563918248, 123.11764108955244, 130.3340756891487, 136.66345398811342, 140.49263007253737, 147.1579957909822, 152.21450232683526, 149.7604144369484, 164.6901882725039, 173.75665086660482, 177.4376946490836, 187.82727523361496, 184.94523518129262, 195.9158391376271, -2.4704058449039294], "angular_position_sensor_readings": [-0.06414311750793394, -0.1961472483139652, 0.16964356025727115, 0.3653682443674513, -0.2648372629633472, -0.30443680155720676, 0.49315958354595385, 0.31081522469663597, -0.41275396884366106, -0.2321114877825263, 0.29520996267170413, -0.38703836759484905, -0.039796072759403694, -0.1242648544053272, 0.29212273198390537, -0.013680850878124762, 0.14481130153460725, -0.6479474010424852, -0.2830093993488203, -0.46530892059363316, -0.2821591665144154, 0.4148448297359241, -0.1511646549247454, -0.956976400982751, -0.3581382070999549, -1.085154333696275, -0.1808915666460464, -0.7552411568524764, -0.7737715169053692, -0.5661360748179354, -0.3887582013592524, -0.015408014485111254, -1.1936154808202053, -0.10834837181136048, -0.6777816857521299, -0.31016180468596133, -0.5205574393576226, -0.4862025984672819, -0.5013128251472554, -0.5601442700821871, -0.7705483142878465, -0.9345222967702883, -0.955502746336477, -0.7717320273450942, -0.375537656987534, -0.086341853140121, 0.10881651365648426, -1.1020150686395027, -0.10812981046001635, -0.7985962193915266, -0.8401655449637331, -0.5979824962021995, -1.1419129916124027, -0.9531100969623549, -1.490325762695421, -0.6332040421327474, -1.0945395965677387, -1.491195507193368, -0.507943200558553, -0.7478570578363244, -0.9251710008932954],