{"position_x_true": [0.0132340903286119, 0.06622643125598641, 0.18572405325070007, 0.3987424129133236, 0.7287076681026698, 1.1953608028446197, 1.8186348048436194, 2.6188213537628497, 3.616551899635333, 4.832485066690562, 6.279274423336169, 7.9609046528678995, 9.879590381824723, 12.035258674204727, 14.424724005444446, 17.04141489487323, 19.87473472000788, 22.907314510576064, 26.113806191703194, 29.462474427657092, 32.91505299547891, 36.42350858149787, 39.93060433242357, 43.368848068253165, 46.66086954324444, 49.72320969137661, 52.46915597639274, 54.81363935843521, 56.67814390345355, 57.99521542565605, 58.864381423031006, 59.40504435625042, 59.60774076378384, 59.49288592123115, 59.11986178948743, 58.593767148867805, 58.06479147866252, 57.69184384035295, 57.63018256551575, 58.0392609258064, 59.05498638203325, 60.753644352803555, 63.11223136019226, 65.97904993697014, 69.05558320786575, 71.89766932498547, 74.19913381676336, 76.2053126499269, 78.21149148309044, 80.21767031625399, 82.22384914941753, 84.23002798258108, 86.23620681574462], "position_y_true": [299.94708681161217, 299.7844259375381, 299.504083956782, 299.0972259725554, 298.5581970736047, 297.8835452379208, 297.0681566540599, 296.1061885995052, 294.9890445918935, 293.70313828729877, 292.23301604813537, 290.5629146724363, 288.67419440585473, 286.5454461593258, 284.1517051052436, 281.46521923562545, 278.4567758247774, 275.09419414354284, 271.34341686403974, 267.17155691155773, 262.5481155478375, 257.4459501827905, 251.84362488978357, 245.7284758590639, 239.0995451920879, 231.9715613329627, 224.37745343302532, 216.37042722685203, 208.02466764341824, 199.43869544411558, 190.73487640136682, 182.02142601912425, 173.3909005470613, 164.95127579644495, 156.8174146274033, 149.0963152616764, 141.766248842683, 134.7566965248118, 128.04046182385864, 121.52585272431433, 115.04512405363919, 108.35951887161893, 101.18050192854929, 93.21048838349921, 84.20393092704445, 74.04362609872915, 62.9771634377986, 51.53995355520156, 40.00464367260453, 28.371233790007494, 16.63972390741046, 4.810114024813426, 0], "angular_position_true": [-0.0008354825846609148, -0.004174069855407169, -0.01167834228323637, -0.02494358249710041, -0.0447919535848047, -0.07117564229453345, -0.10413886216722382, -0.1440758498847422, -0.19137508686675697, -0.24604455073284032, -0.30808757206867776, -0.37777140427183525, -0.45538061487047493, -0.5412526212918429, -0.6355271908715642, -0.7382437734478878, -0.8496935735633222, -0.9699110391260247, -1.0986843063555507, -1.2360240520291952, -1.3821897284649571, -1.5373562603100845, -1.7017825697106823, -1.87553118158498, -2.05833672299897, -2.2500399794798502, -2.4505352179413222, -2.6600053456869923, -2.879096597796133, -3.108381961473604, -3.349186789080148, -3.602808290977038, -3.8695730799962464, -4.149730361083186, -4.44346871093701, -4.751154670353192, -5.073241110588131, -5.410104571858346, -5.76195150449946, -6.129105013639334, -6.5117848807647665, -6.910385918568698, -7.325526669820651, -7.758264213895928, -8.210273008995843, -8.682796678253874, -9.165930869353293, -9.649226784916182, -10.132522700479072, -10.615818616041961, -11.099114531604851, -11.58241044716774, -12.06570636273063], "angular_velocity_true": [], "altitude_sensor_readings": [295.86261145065293, 300.5090724769849, 303.4075577367807, 304.7572232723895, 298.69183399821776, 296.2719310658497, 306.68701270145135, 299.52835652451546, 295.3824550875224, 298.71815305014604, 295.49851657500193, 289.9151672679294, 292.69647164852444, 288.92525458384677, 278.5489080266302, 280.3660355105209, 282.7464147489176, 277.35068326480797, 278.791894102891, 262.63639917893596, 256.62962183872133, 261.8313096358284, 254.70452917576284, 243.85567553663049, 238.5156202118327, 231.25610767414344, 218.21927136193582, 215.8049821556532, 208.06815917409472, 196.43511658827552, 190.8749163910253, 186.6808235059166, 168.5017503428482, 169.15609476981234, 165.05971626298015, 149.13885972124245, 144.63559399966664, 126.75742949024179, 130.3486074260842, 119.82168851951775, 117.9197088350175, 109.39283007151238, 107.90894908827558, 92.13852467919735, 94.3007422766558, 79.40814415357889, 64.3702156761562, 55.33210055697497, 38.2407497338791, 31.153429308601332, 16.501308330999713, 2.0341670911807306, -3.520502167276148], "speed_sensor_readings": [0.8691830939230076, 5.1630498282550565, 0.3555026205885974, 3.100691384411266, 12.392480358239393, 10.86964816499825, 4.0342798619903295, 13.97712540789842, 14.728376639187843, 21.55236045416363, 19.014673754490246, 25.0980076314144, 27.837528357796636, 25.4488763533846, 32.38087209021241, 43.794880406319585, 38.38220124881572, 44.43511076837918, 49.674946982471745, 57.286939133084815, 56.709160180418834, 58.33583904090444, 63.32158193824706, 70.14502748169565, 75.88111559580787, 76.96161370522555, 80.33313329856453, 84.51944345872157, 88.83102371501818, 87.93917804712527, 87.96479928223687, 87.57118183063088, 84.97842312461763, 83.69115883907502, 78.12838543436563, 78.09726373020521, 74.46630289781719, 64.76148519813256, 63.679636878087834, 66.88162551369184, 63.48538307832085, 72.34358571294108, 82.79041610664018, 87.78086806819078, 99.55936914601197, 111.02521666919071, 113.9844071841187, 112.02998323812005, 119.09689191618457, 115.25812384031572, 115.63987076055362, 117.33049150858324, 1.838137006247727], "angular_position_sensor_readings": [-0.10409557358706158, -0.029952890903361173, -0.42476200483774407, 0.458314488935083, -0.20028013832373792, -0.4149657502061278, 0.17173043144335012, 0.1165148445093232, -0.25352813983427697, 0.14681089645765327, -0.46394675168939303, -0.038808551842706984, 0.07307803500557469, -0.308554657686024, -0.8958177452449679, -0.7594574878860032, -0.7732736169965903, -1.7254665155887787, -0.8556176063664166, -1.4852836216859213, -1.4047499541180521, -1.9266843413305907, -2.2211985834962817, -2.6226251954250466, -1.7233629234452157, -1.9352905938460636, -2.102040425474135, -2.577343853118773, -3.1924890373625123, -2.927854249243197, -3.88936479317701, -4.1707171911966165, -3.597976238267134, -3.444874747017879, -4.738187462141823, -5.0442316073966325, -4.6143731700395, -5.734397203315871, -5.254473543608503, -6.10755212591876, -6.934152898319612, -7.005403443737562, -7.444197683956323, -7.92631138109736, -8.468956775308886, -8.270880716626545, -9.191736804732157, -9.461620244041901, -9.36650577015095, -10.629215255501318, -10.64114411803963, -12.040005033704663, -12.250683409100088], "angular_velocity_sensor_readings": [0.24132772964793073, -0.941581631507143, -0.7405466351729316, -0.17870377822185476, 0.5153641001831238, -0.8239363441651526, -0.25377947270464224, -0.29426973303581117, -0.7185239170540463, -0.3082466271194207, -0.4861963304334569, -1.340408151832757, -0.8336673218653476, -1.2023199664968025, -0.9946882582182474, -1.8980269914746346, -1.0606041119773975, -0.9273279426115991, -2.0863284162055966, -1.6722553567457263, -0.9325276897126601, -1.3330929792902806, -2.2258671488553983, -1.4753442777196892, -1.5756036503620732, -2.273695308400295, -2.528092027895037, -2.9046153684986504, -1.1924980622065098, -2.011986744219061, -1.9136289092085201, -2.4960441972151632, -2.554704867977567, -3.7766707197561264, -2.0386948772836493, -4.042067779535505, -3.671109535257343, -3.764555736577967, -3.781814804254902, -2.955419170247021, -3.6151196182676526, -4.446854085706367, -3.732082598888626, -5.535452545482006, -4.525626036447779, -4.862177705853021, -5.2276039694072844, -4.369860143502051, -4.4771511508174475, -3.9168052567908638, -4.457490052732664, -4.698118170341731, -4.3647169420911744],