{"position_x_true": [0.017145429783615475, 0.07803440922798782, 0.20955577591241437, 0.43892511462050116, 0.7898814896715576, 1.2907499046639117, 1.957886023236503, 2.80818504413816, 3.872092310296841, 5.166810886226189, 6.701990410329431, 8.49390979457971, 10.542167272043425, 12.846146810973423, 15.422078959242846, 18.26563205703457, 21.370520693702982, 24.735033643248606, 28.35425059675402, 32.216679554208945, 36.30597640064861, 40.59833909385807, 45.06412015206726, 49.66621077232034, 54.36064518840643, 59.09406710259307, 63.79835402017699, 68.41155833693321, 72.87787838517913, 77.14054841104986, 81.14470287358465, 84.96347871310267, 88.67569082915368, 92.24882720338694, 95.65030816560358, 98.85339071453195, 101.8527204044429, 104.67266889596249, 107.34693214226768, 109.94194921344774, 112.5542078810477, 115.30932608710958, 118.35143294901731, 121.80148244673771, 125.75689498641417, 130.25146535977117, 135.2573560306465, 140.65817384134044, 146.26763048713525, 151.93567529565746, 157.60372010417967, 163.27176491270188, 168.9398097212241, 174.6078545297463], "position_y_true": [299.95092730782824, 299.79593148241116, 299.527245395102, 299.1368976850413, 298.620158150651, 297.98251207764145, 297.21638106010283, 296.3113587420231, 295.2659371225572, 294.06517490965115, 292.69189450755664, 291.1386630948177, 289.38548771787924, 287.41164263732855, 285.20572035365313, 282.74439446515714, 280.00072687909807, 276.95115478067083, 273.56778972671515, 269.8190899591207, 265.6700805382758, 261.08519121461023, 256.0272394155928, 250.4619697858207, 244.35507430589624, 237.67799360507826, 230.49941391433705, 222.90328560342277, 214.88998916195317, 206.4718467330426, 197.68562389834193, 188.6804381456945, 179.5871814757487, 170.41411336067804, 161.18603585687725, 151.94641316926337, 142.743349438756, 133.63882919898157, 124.70678218672259, 116.00859357803063, 107.60169150227136, 99.50824704991143, 91.69632670890682, 84.06296055685638, 76.45963906486463, 68.70678101125368, 60.59544935050791, 51.934675048330405, 42.68776129752781, 33.126182474016176, 23.46650365050455, 13.708724826992922, 3.852846003481295, 0], "angular_position_true": [2.5317925791216694e-06, -0.0016310586860720355, -0.006544423027532266, -0.016434064405329737, -0.0322009196713982, -0.052221088843346294, -0.0774751104265462, -0.1087146087887763, -0.1440453290293495, -0.18434550539933375, -0.2303247713477094, -0.2800042495431987, -0.3340589227601819, -0.39338948243073063, -0.45662570788158574, -0.5250808649812752, -0.5997813342563771, -0.6813686075661654, -0.7703039792762978, -0.8666673451421727, -0.9705311747672174, -1.0817971775040318, -1.200581794483138, -1.3272480443302201, -1.4624577976363453, -1.607001935259043, -1.7604742735161878, -1.9225549113513625, -2.0935647640279216, -2.2742395560573687, -2.4648644092030025, -2.665975272130931, -2.879722979516056, -3.106170867607249, -3.345398495494282, -3.597493614689375, -3.8608603907645422, -4.135541679615217, -4.421657475465589, -4.719572388166338, -5.029622235045818, -5.352028939344471, -5.686925463205348, -6.034755405010532, -6.395892608842184, -6.771663529001949, -7.16279918729993, -7.570334728001324, -7.98726811865807, -8.403708721158807, -8.820149323659544, -9.236589926160281, -9.653030528661018, -10.069471131161755], "angular_velocity_true": [], "altitude_sensor_readings": [298.8661047481048, 303.72752416213365, 294.93948520034337, 299.66882405108345, 303.21022252220223, 304.5913300182006, 292.72267405851517, 298.2869817126814, 297.6827120609853, 298.928299485141, 292.5660469870622, 301.18652715583517, 290.03468141839005, 290.1596290846752, 288.05658237344005, 283.45380809812883, 271.3243534981187, 268.67733719077273, 275.48869147574595, 269.8689564374381, 258.31546051628663, 264.84586294606316, 252.287589276984, 250.75387635027434, 243.86890138725624, 244.45359610610646, 228.92945598862943, 228.6619815491332, 220.65650697911397, 204.44758362843865, 198.21216186747, 185.65435605104327, 169.8346750993793, 174.64362352567068, 169.0831573808864, 150.38402140822913, 137.34209660598037, 132.4991723591729, 114.48366379354077, 115.15817727133717, 108.88296246577801, 100.07758047715377, 82.57912720210297, 90.13252457857125, 78.16123751239215, 69.96941202672248, 55.952783733652225, 52.56410380608057, 47.54586289568653, 24.221243674520647, 20.72420759709124, 14.976929480756187, 2.174912267337694, -0.5646668514665716], "speed_sensor_readings": [0.007457935391345982, 0.6769569524419699, 5.205384591334337, 0.6896440632545797, 9.861277610716497, 3.4088212151949557, 9.773618731704241, 13.056770857504484, 14.316557009032303, 11.475474832280444, 22.94308594282575, 30.752508016138197, 31.246405816206433, 36.998700496944764, 36.79479229139065, 38.215411045348844, 45.3783017365917, 49.35431797873687, 51.591255095236335, 57.15792863514375, 59.76736835151113, 63.16933973637946, 70.0759038236774, 74.56615785299421, 78.18321950570746, 78.78363252356601, 89.17784233667433, 93.26157123779765, 91.51329505460917, 89.51539409423354, 100.19731966625797, 92.580191952111, 96.12053462486062, 98.9020389287889, 94.85514936213553, 94.6711256244732, 95.80428980177288, 99.36771288032665, 94.82736187608549, 95.73176837106175, 85.78916131353927, 82.8664773283923, 82.18541726224191, 79.54297790237008, 89.73323982928565, 91.2261327716165, 97.89890283167223, 108.40963839896166, 110.84031727902503, 109.73828602002051, 116.57716022904232, 113.78388751035781, 113.89610155811575, 2.083761253691172], "angular_position_sensor_readings": [-0.4427090656704253, 0.2582707570419847, -0.25673071841134365, 0.2596385787489617, -0.023688185776127094, -0.719468723685653, -0.538616893753376, -0.6406036364470644, 0.23064401951238542, -0.368461165543056, 0.23844651667798583, -0.101279443099247, -0.42566861127642314, -0.008938516186575762, 0.10981703160453615, -0.44419162004834445, -0.5977125341983412, -0.27065880803661446, -1.1086440593339584, -1.0107327621534383, -0.6250003318616739, -1.1086948375296155, -1.1051791536299427, -1.2618942559332993, -1.7605202440647125, -1.8445381264372522, -1.766086621015679, -1.8630243155674882, -1.9128281580417688, -2.005623628586989, -2.2578033251124703, -2.289059959002386, -2.034984245525166, -2.9803905530217705, -3.583748505634819, -3.1884988636120117, -3.5706644214931202, -3.735878617627513, -3.673699346290997, -4.817124879645724, -5.053871082093166, -5.622147931597489, -5.696047801349239, -5.665626455257071, -6.168851065825739, -6.505886775984289, -7.567146766369975, -7.750401179272974, -7.785299919380561, -8.55417119410147, -8.610831905752969, -8.852183028101566, -9.703105786170907, -10.386946495207038], "angular_velocity_sensor_readings": [-0.8640989487258888, 0.7711183922166344, 0.6082926420663434, -0.4176069405588141, 1.4975313137080437, -0.7862288717658014, -0.6200633602387835, -0.6501512231951967, -0.3021545668091657, -0.3329529526804668, -0.07082673248294913, -0.9078526517254413, -0.39406895421628174, -0.9583985767124936, 0.15977016549304013, -0.4387658261881843, 0.6730011649862975, -1.529659840375267, -0.0296713661846012, -1.596291674141778, -1.4325227379193346, -0.9506215220722933, -1.5663441572181163, -1.6551615295222963, -0.7427132519186339, -1.2034377355139108, -1.3015187419323322, -1.731699547958019, -2.6357431987345246, -1.9422904291996521, -1.9860403475754098, -1.7900252151249363, -1.8339764460050134, -1.6922394297933026, -2.8733942822835044, -2.161599941702492, -2.754545529010784, -2.517346667012331, -2.199453938216628, -1.6152407079042905, -3.3677161534528643, -2.7589434624825286, -3.5007817382906685, -3.7722157377934904, -3.409755661692268, -4.182784366881704, -3.4842856570530545, -4.184687395650104, -4.1461511697462745, -4.5880969779037875, -4.69284524210894, -3.76256762070713, -3.9926306753547123, -3.7067159285664504],