{"position_x_true": [0.005914387123163375, 0.029592978038015243, 0.08278477152828326, 0.17713338694276243, 0.3243817446592412, 0.5213340039580672, 0.7689548496660364, 1.0873616807831916, 1.4924865374261154, 1.981609653822998, 2.5520704055673384, 3.21572839948849, 3.984506088303623, 4.855661213556947, 5.826394282903191, 6.9087280428821405, 8.115135221624458, 9.441992358586095, 10.88555260374789, 12.458497708680532, 14.174171988104007, 16.02713970437056, 18.011413434119035, 20.139851544812593, 22.42533023751146, 24.858210023876403, 27.428023220595996, 30.145505260651376, 33.02074992281963, 36.037489142828925, 39.177307072857985, 42.44440088334892, 45.84054571599879, 49.338612585593374, 52.90975530939217, 56.54861768692858, 60.24465865835943, 63.96085767723428, 67.65790436127395, 71.3133241696057, 74.88790733618202, 78.3681879337824, 81.7512340094091, 85.00504333619263, 88.093417029651, 90.98561813035221, 93.65561649776497, 96.0743181206288, 98.21227957678721, 100.03999898617225, 101.55634936871475, 102.76411774932352, 103.64167051512749, 104.16764169726207, 104.32104812215805, 104.12077237445531, 103.58754453039136, 102.70447623895959, 101.45424616354323, 99.81890984880903, 97.79231326974873, 95.37804960538885], "position_y_true": [299.9548425482733, 299.8232402820508, 299.613169123411, 299.3329144885641, 298.9831686663557, 298.5410104342094, 297.98801409983594, 297.32643547055363, 296.56240194609234, 295.6882971848864, 294.6965095033742, 293.59668797395693, 292.39784760872845, 291.09066293420057, 289.6655478104987, 288.129996699307, 286.49065481599314, 284.7361654744166, 282.8542149863593, 280.84907442469756, 278.72367174033974, 276.46446261566956, 274.05732406346556, 271.50126412400533, 268.7923785306453, 265.9148842209074, 262.8522097056866, 259.596297035532, 256.13643884290644, 252.45590957554515, 248.53744580109463, 244.36605046707103, 239.92396360480637, 235.1969689750558, 230.1721333994927, 224.8319165426076, 219.15657233121638, 213.14275350543087, 206.79005157054036, 200.0844111019727, 193.0325435218697, 185.65705035978772, 177.963406007286, 169.94616253050256, 161.60514053629313, 152.982037167053, 144.12196886668661, 135.03590151078026, 125.73807347433637, 116.24633303004279, 106.60943019689515, 96.87531444032672, 87.06280677409343, 77.19512201401315, 67.29835655365036, 57.41253033291075, 47.5754409133826, 37.810492805733475, 28.14275152801688, 18.59862138297141, 9.20499930599621, 0], "angular_position_true": [0.0008098598381493142, 0.004049809970684112, 0.011351476888812223, 0.024346107405134883, 0.04302091714112767, 0.06245553614246537, 0.07852733102869157, 0.09117412822302608, 0.10115432555631367, 0.10679549004466876, 0.10646105549680583, 0.10181476864919327, 0.09457001588017129, 0.08308121312334862, 0.06565366379769733, 0.04392389467827715, 0.01955014781841896, -0.009174869263113568, -0.04392586324482839, -0.08306398368717088, -0.124965042760531, -0.17136797854720182, -0.2240922791197614, -0.2814856793082515, -0.34178042976539347, -0.4067957557607842, -0.478315934155207, -0.5545496313301206, -0.6338035110023763, -0.7178822688456062, -0.8085744574228663, -0.9040462217602812, -1.0023792011206902, -1.1052594131046145, -1.2146431799650566, -1.329010722077609, -1.4465168743918484, -1.5690955356037635, -1.6988360569268532, -1.8336710766128288, -1.974339087961946, -2.117828790616803, -2.2582502078820776, -2.393672020557145, -2.521698814057931, -2.6449942462244698, -2.7663560348031733, -2.883498895719623, -2.9942108140533223, -3.0960911590627656, -3.1924171507227483, -3.2866526845750803, -3.376796307887319, -3.4605258853556324, -3.5352713685825994, -3.6047958236052646, -3.672959960592842, -3.737357646521677, -3.7956267150142193, -3.8453611454912937, -3.8850491412147377, -3.9145474322793183], "angular_velocity_true": [], "altitude_sensor_readings": [301.5180055249331, 303.1410213329544, 301.16970380053914, 303.4241212096687, 293.2503272993214, 295.6016173893814, 295.6030549562575, 295.4892468917163, 289.8472766497174, 293.5994734162565, 289.2477400084721, 293.2648290626553, 290.3600949111516, 293.9253582069026, 288.57727945908607, 289.4438403943255, 291.96923095736133, 287.1917815015546, 280.24297442433624, 280.0588864733879, 284.7346650749435, 277.5366647609231, 276.2741008622272, 268.133495868857, 267.9154249069375, 267.21878743756747, 266.1950466218561, 268.7193736728297, 257.54591479746864, 253.68075821463583, 243.19813653123524, 243.22774808699546, 237.3829511907619, 240.252431234923, 232.27844353212302, 225.00171941275786, 221.56884208818636, 213.5970819817846, 212.54208121926766, 205.83192222912973, 192.95203613752219, 186.77573561342766, 168.80354742080945, 170.44458063287342, 161.11684840010147, 157.39001014086492, 145.35081731771174, 129.3578860781937, 122.83900998706572, 113.55763815999424, 111.14347940544478, 90.86436496197106, 83.25318019270871, 75.80712400801556, 70.93631141016256, 58.46075590987908, 46.26008123002971, 36.97440189007433, 24.36583482609148, 23.716139995575972, 4.59112631337456, -6.42761868502726], "speed_sensor_readings": [0.7046300718342482, 1.288015091493128, 1.2863888229069766, 2.3922182118233044, 3.262390997218115, 7.743218961699864, 9.020778623809276, 3.1034826140822247, 9.504457837965829, 11.928624539686517, 8.983801705884947, 17.01836816598004, 15.772526973650288, 14.511257054056802, 16.51787939509631, 21.67568717845947, 22.20913305973322, 28.947672543137976, 23.58070745866123, 28.660552480520842, 27.816630102074495, 30.58551684275097, 33.93301388088883, 30.3385655496957, 33.285612059543986, 39.016955673819474, 41.11727813683215, 46.88914572980548, 46.80619642010702, 49.517536413088656, 49.87300065311572, 53.706729998692595, 57.397745664663915, 63.06266977474819, 59.9543604870556, 66.10483574253688, 68.73506216670444, 74.57781609965507, 78.81605802935816, 79.13212408831437, 82.83363969051705, 88.45226292416734, 80.66978269291558, 85.94939979616893, 87.70980953090582, 90.51125862813855, 94.67236000093273, 95.89566124264992, 99.37584043171856, 97.56308913154788, 94.18480983081069, 97.29281953063393, 105.28552959375726, 100.59896405324015, 103.46214783868642, 101.57021975399115, 98.72567101427458, 98.39180412906857, 96.25450638883012, 96.33089738612775, 89.81419129271421, -3.602574104332718], "angular_position_sensor_readings": [-0.10106012890597031, -0.30991547797942176, 0.5048469643988471, -0.318462876613404, 0.6143070469237519, 0.6191439617434386, 0.06648737632351698, 0.23693780402323267, 0.23102092982731492, 0.2046344143398618, 0.08155504253116552, 0.23873858209997545, 0.15339242085252333, -0.00537034134604876, 0.443426865357562, 0.2678708693847802, 0.1783582269551725, 0.15351905020086715, -0.213025048638825, -0.28882732266182015, -0.11839180469672697, -0.43742048076716944, -0.47220541991392617, -0.40290643180747, -0.6728249640437807, -0.5853226474435861, -0.29535872295030235, -1.1141314781109415, -1.2041707340819454, -1.0737593253493039, -0.38714020783085473, -1.2683662382015681, -0.34458369537918254, -0.9680112011270325, -1.6111520011208689, -0.7111105141011392, -1.453308872716112, -2.0021203153825815, -1.7169903693476132, -2.059199489970494, -1.9110661863685503, -2.0901025298271336, -2.359587367866246, -1.8627512161582231, -2.9434240530313893, -2.6239511139562075, -3.2327875689993153, -3.2418592109989874, -3.2422336618334, -3.4219305106860354, -3.136546808837151, -3.185660345012076, -2.9825023662734873, -3.9749579967869226, -3.3766531148244097, -3.3931190150562904, -3.7919482573761694, -3.484264522967198, -3.76610102424015, -4.038885155226836, -4.145096296128305, -3.791438978313619],