{"position_x_true": [0.0, 0.0, 0.0, 0.0, 0.0, 0.0, 0.0, 0.0, 0.0, 0.0, 0.0, 0.0, 0.0, 0.0, 0.0, 0.0, 0.0, 0.0, 0.0, 0.0, 0.0, 0.0, 0.0, 0.0, 0.0, 0.0, 0.0, 0.0, 0.0, 0.0, 0.0, 0.0, 0.0, 0.0, 0.0, 0.0, 0.0, 0.0, 0.0, 0.0, 0.0, 0.0, 0.0, 0.0, 0.0, 0.0, 0.0, 0.0, 0.0, 0.0, 0.0, 0.0, 0.0, 0.0, 0.0, 0.0, 0.0, 0.0, 0.0, 0.0, 0.0, 0.0, 0.0, 0.0, 0.0, 0.0, 0.0, 0.0, 0.0, 0.0, 0.0, 0.0, 0.0, 0.0, 0.0, 0.0, 0.0, 0.0, 0.0], "position_y_true": [299.95095, 299.80379999999997, 299.55854999999997, 299.2152, 298.77375, 298.2342, 297.59655, 296.8608, 296.02695, 295.095, 294.06495, 292.9368, 291.71055, 290.38620000000003, 288.96375, 287.4432, 285.82455, 284.1078, 282.29295, 280.38, 278.36895, 276.2598, 274.05255, 271.7472, 269.34375, 266.8422, 264.24255, 261.5448, 258.74895, 255.855, 252.86294999999998, 249.7728, 246.58454999999998, 243.29819999999998, 239.91374999999996, 236.43119999999996, 232.85054999999997, 229.17179999999996, 225.39494999999997, 221.51999999999995, 217.54694999999995, 213.47579999999994, 209.30654999999993, 205.03919999999994, 200.67374999999993, 196.21019999999993, 191.64854999999991, 186.9887999999999, 182.2309499999999, 177.3749999999999, 172.4209499999999, 167.36879999999988, 162.21854999999988, 156.97019999999986, 151.62374999999986, 146.17919999999987, 140.63654999999986, 134.99579999999986, 129.25694999999985, 123.41999999999985, 117.48494999999984, 111.45179999999984, 105.32054999999983, 99.09119999999982, 92.7637499999998, 86.3381999999998, 79.8145499999998, 73.19279999999979, 66.47294999999978, 59.654999999999774, 52.73894999999977, 45.72479999999976, 38.61254999999976, 31.402199999999752, 24.093749999999748, 16.687199999999745, 9.182549999999742, 1.5797999999997385, 0], "angular_position_true": [0.0, 0.0, 0.0, 0.0, 0.0, 0.0, 0.0, 0.0, 0.0, 0.0, 0.0, 0.0, 0.0, 0.0, 0.0, 0.0, 0.0, 0.0, 0.0, 0.0, 0.0, 0.0, 0.0, 0.0, 0.0, 0.0, 0.0, 0.0, 0.0, 0.0, 0.0, 0.0, 0.0, 0.0, 0.0, 0.0, 0.0, 0.0, 0.0, 0.0, 0.0, 0.0, 0.0, 0.0, 0.0, 0.0, 0.0, 0.0, 0.0, 0.0, 0.0, 0.0, 0.0, 0.0, 0.0, 0.0, 0.0, 0.0, 0.0, 0.0, 0.0, 0.0, 0.0, 0.0, 0.0, 0.0, 0.0, 0.0, 0.0, 0.0, 0.0, 0.0, 0.0, 0.0, 0.0, 0.0, 0.0, 0.0, 0.0], "angular_velocity_true": [], "altitude_sensor_readings": [296.4894196657338, 296.26278909767893, 299.2594084362015, 305.45133655011733, 292.1943599800106, 298.62543666098094, 294.94493536589073, 297.09656548325233, 298.1599499745357, 295.98425243122637, 289.3993709163004, 295.9243355837782, 290.43394001499166, 295.25177710023905, 283.39562932835435, 279.80776444827933, 287.9767723093813, 290.2184118065022, 284.3400369917721, 280.00084597974654, 282.092706707092, 275.2655856203141, 276.08775212444095, 260.6344463705102, 261.2000156154372, 256.78192597661507, 260.48743254432634, 258.9458949304483, 255.14584012775606, 255.31991867274186, 257.9517985773017, 252.6421005030691, 243.1438434436143, 244.9596140744757, 232.3515319539832, 237.33141501173313, 230.34717464333784, 227.38844923316694, 228.7907843460756, 219.78444024797975, 214.57509447810065, 211.36627633455993, 202.21636107917863, 207.47294363451795, 206.20886933707263, 201.53683384989608, 191.070566400591, 184.60204870775257, 177.8095021869475, 180.19081947707178, 171.11921096275094, 176.2798601704434, 155.89114383326495, 157.65620672551316, 157.3161002171859, 141.23130727211336, 135.6959412663803, 132.7504302689708, 129.89734735810467, 116.92043545695705, 118.52396287411361, 113.64613800374912, 110.14165991715953, 101.52774506698756, 94.3403951276431, 84.61886474829208, 73.62748812201698, 67.64838529332167, 67.9174803545615, 63.996931806495375, 48.58964115522471, 42.078266721591135, 38.45987661238196, 27.59518553753543, 27.00949300420643, 22.316154888079716, 5.153677967589603, 0.31785447363243446, -0.7080383968542032], "speed_sensor_readings": [1.5867811647349432, 4.981455171708138, 3.564279348263747, 2.856222471698871, 3.0023968402934127, 3.7883456225169483, 3.9832781282198155, 7.4387377004642055, 11.758535630949982, 2.4733922081728403, 5.787419336352576, 7.80754575015366, 15.134928945210993, 12.245315752788057, 13.600644030890301, 8.378320670941493, 15.966119509978537, 17.618511945127157, 20.186305844969763, 16.788523822462082, 19.952232807341478, 24.286374033720485, 25.8279691026984, 23.643068771831665, 20.2900747652538, 27.194264488267347, 25.038546155044724, 28.36222340739596, 31.745774191232673, 31.30885443642916, 26.94280662572347, 30.624110374751933, 30.879064870999564, 32.681265409719586, 35.205632626860556, 29.313620686499352, 43.349444374989915, 42.81548515731082, 34.58121784650965, 40.650090326187225, 32.89827973578224, 42.94643091543112, 39.1977737200579, 38.382568747438, 48.285231836750555, 46.351903784676, 45.116857476978815, 49.2373580939823, 50.13614212510059, 46.97629733139469, 48.58499066859147, 49.68957723744021, 53.115521426135324, 51.19949391504876, 52.73029387682193, 58.295872455799355, 56.518642910869744, 58.641081463846334, 61.924989917562236, 58.58158173184845, 56.687010935969624, 63.867785013951526, 60.6505021467868, 63.73036826913371, 63.07086003103416, 62.993704105359534, 66.15840151280064, 65.44371284523743, 64.85148841448888, 68.62521909377192, 75.05874873229854, 67.88635060286532, 71.98120558189389, 69.64989324861915, 72.52530661383119, 72.2299515897158, 77.43897281891857, 71.77836791580498, 1.1239480305177576], "angular_position_sensor_readings": [-0.06016035233343864, 0.5899617011922139, 0.6070327542888293, 0.11479307659433793, -0.6608824355957097, 0.15571632701647115, 0.3529620590039359, 0.22556583139585032, 0.21212245101230243, -0.1525132068305308, -0.3616617627681338, -0.457205497779311, -0.29787880751877, 0.4896465017436386, -0.2069754068920553, 0.2154117565017208, -0.05343468163391344, 0.21387078485419547, -0.33402938139908517, 0.267408624192046, 0.18986707885860155, -0.22508710633150436, -0.039265872223064074, 0.056100145508024606, 0.20487518042084563, 0.0553610359701324, 0.15086937240082957, -0.09995466516805786, -0.08872862579230215, 0.1665621465007634, -0.763037190240194, 0.04364534971193135, -0.18295868904820503, -0.2261546243846552, 0.20359323249331582, -0.20262512302975844, -0.3970941519520924, -0.6439916003523235, 0.24791668070170458, 0.14617359102554325, -0.5087120157556145, 0.8100898731991208, -0.047535243483158775, -0.20665042249888665, -0.7661352634265189, -0.5669268795332274, 0.17898369986979404, 0.3710670954145787, 0.7013128136769653, 0.4682239200474347, -0.19671174655432985, 0.6646722077185255, -0.3164222907497106, 0.17408956025424815, 0.3814115724109689, -0.43691186552117367, 0.28296357117416887, -0.19946594744414983, -0.21205310240512132, 0.31115092197216027, 0.23062538730433194, -0.046338183640968506, -0.3089242689720877, 0.27181554155820414, -0.41379918806487004, 0.09812209481273355, -0.09714105855563489, -0.848605322882002, -0.5758353827699091, 0.504192751295379, 0.0936254414763892, 0.03513151697525132, 0.16624800819551547, 0.8620079211834837, 0.03886095666776144, 0.15599289351917978, 0.11085010696828348, 0.12379541359570351, 0.13856039674195467],