{"position_x_true": [0.01513602831567765, 0.0757334372192445, 0.2123354730490744, 0.4402691609872487, 0.7673269591494543, 1.2092660800445985, 1.7821922526811969, 2.5025321318266722, 3.3868741299439744, 4.4519533860933285, 5.706825730110377, 7.152088301069085, 8.78694533332088, 10.608802716582113, 12.61294947154475, 14.791229881534932, 17.13252558247802, 19.62195519075327, 22.238827204713616, 24.958256034405178, 27.74942749400867, 30.57418114297154, 33.38931788334199, 36.149672664282235, 38.80704122066003, 41.31302251680445, 43.62226879724886, 45.69091527041578, 47.481860700011794, 48.97109563098398, 50.15090423758366, 51.03356099452918, 51.65525426704886, 52.07671030134627, 52.382507012133495, 52.67636028377754, 53.073547813011984, 53.69129976063703, 54.63505898154079, 55.98256916265389, 57.76527434354928, 59.952868895374, 62.44652920399479, 65.08110191008481, 67.64245612656764, 69.90443190441985, 71.67267263473182, 72.8375453498989, 73.66347981438719, 74.46498653134378, 75.26649324830038, 76.06799996525697, 76.86950668221357, 77.67101339917016, 78.47252011612676, 79.27402683308335, 80.07553355003995, 80.87704026699654, 81.67854698395314, 82.48005370090974, 83.28156041786633], "position_y_true": [299.9510834271313, 299.80452801987775, 299.5605556352809, 299.2036301715383, 298.71808944284504, 298.10319800926874, 297.3570513445724, 296.4766540929645, 295.4565622410244, 294.28852066934394, 292.96471880206104, 291.47636308687777, 289.8113004366888, 287.95482398269826, 285.890255593242, 283.59782662870174, 281.0569821321901, 278.24716778757903, 275.14619730165947, 271.7338416417754, 267.9924034660325, 263.9073269020761, 259.4700546744355, 254.67985739301983, 249.5454934039584, 244.08512424967023, 238.32724310408022, 232.31432189076924, 226.10249898321976, 219.7582242765102, 213.3568421993591, 206.98022121872108, 200.7098220384997, 194.6183149679701, 188.762123243382, 183.17265119682457, 177.8479292088409, 172.74714629609608, 167.78798388728453, 162.8468361507704, 157.7673997699014, 152.3813433460072, 146.53434766491307, 140.11401208330722, 133.08111488976533, 125.49424103380585, 117.51983028814577, 109.41767964941205, 101.29046217821904, 93.07845026636943, 84.76833835451981, 76.3601264426702, 67.85381453082059, 59.249402618970976, 50.546890707121364, 41.74627879527175, 32.84756688342214, 23.850754971572528, 14.755843059722917, 5.5628311478733075, 0], "angular_position_true": [-1.927014732033075e-05, -0.00010941867859899346, -0.0003195538251349828, -0.004073360748969808, -0.01486039194899201, -0.03284372252645925, -0.05816780119170963, -0.0910862005993138, -0.13181985559596143, -0.18056329590479028, -0.23790417377141956, -0.3044634631476434, -0.3806147558087398, -0.4666403118936575, -0.56281988360513, -0.6691165554769044, -0.7856125434678061, -0.9125323959668588, -1.0496575749160075, -1.1970007775685894, -1.3545882707571775, -1.5220500772305987, -1.6989886430161552, -1.8854871505977184, -2.0816944956677914, -2.2879168789755875, -2.504828839763171, -2.7325996313678247, -2.971111334750291, -3.2206011146959397, -3.4813637382669107, -3.7533910409732845, -4.036748196444258, -4.331691942106038, -4.638399044993942, -4.957172536247652, -5.288596456376852, -5.633333348064504, -5.991952743919051, -6.364793948653984, -6.752086224233206, -7.154298386156629, -7.572281155450715, -8.006744719713389, -8.45826209526102, -8.928074298422095, -9.417529888329678, -9.927771999223603, -10.448759444912067, -10.969759761007431, -11.490760077102795, -12.01176039319816, -12.532760709293523, -13.053761025388887, -13.574761341484251, -14.095761657579615, -14.61676197367498, -15.137762289770343, -15.658762605865707, -16.17976292196107, -16.700763238056435], "angular_velocity_true": [], "altitude_sensor_readings": [300.18347968464275, 295.048242013772, 297.48672717009765, 299.8578113559864, 300.9911351885635, 290.3923217013119, 295.0481195160376, 292.3408530814449, 298.8025355110789, 292.83533485746506, 293.8599016787996, 282.9823844844609, 289.38650503045795, 287.6210970995095, 287.5919094944764, 284.2184729255137, 281.5482159825085, 277.2987077352216, 276.25999515021437, 273.9072702240045, 269.8902823648806, 262.7739816127035, 265.16278878185705, 250.5929305599387, 250.08293072367408, 245.86606325089036, 244.76352856586598, 239.07309907664694, 230.16691284568688, 213.14969050426217, 216.02687657832155, 203.02680255143133, 199.6252873375037, 198.52816869237603, 191.24292952443895, 181.78192076836245, 178.75708894297037, 170.68108739752705, 163.01315468500516, 167.4932289074874, 155.56107078074604, 155.5602090605451, 148.85134667335302, 140.38871602392715, 132.5714548187541, 120.70532241754093, 111.85742729002855, 116.47186410746228, 104.01590724531245, 92.17181833683475, 84.54091326450677, 72.20474574164102, 62.20958962883719, 63.947724606582064, 45.89176169102005, 44.65326787358737, 34.81412885410137, 21.614428942725187, 9.955599741656366, 4.07299242924819, 3.012156974027743], "speed_sensor_readings": [0.17060050562064233, 2.641067365830339, 5.907883503775271, 10.848184607857885, 6.554046623636269, 4.577109464279657, 12.798953686637773, 5.362379525941018, 13.378692085247625, 22.070430830797736, 22.74463965863877, 21.20293301918331, 27.380177923577822, 28.92518700929163, 26.20100805870935, 32.34677532542535, 38.01790028032228, 47.20294053636232, 44.111746445024835, 46.95241457189741, 48.736400159660036, 48.86904322851945, 55.21958254890912, 56.76223051120774, 60.25552375380538, 63.44417036420059, 65.8742762353238, 61.45751484290812, 65.0127569923634, 66.61810038871279, 64.72069001692392, 62.75877378789443, 64.41091825239344, 57.80527784410022, 51.856252517061655, 48.1051240172743, 55.909157944838284, 50.845842576191444, 51.654571948985875, 51.128660215817746, 54.014009117378784, 62.04084650794564, 73.85411474690585, 70.5740059521539, 75.40370065329446, 80.90138981890904, 83.82217041605757, 82.53088012358573, 74.50797834220577, 81.63851921783596, 81.59075105076876, 87.43962405879792, 88.08988325408166, 87.73070699288502, 86.18637803845847, 90.1044031245508, 85.86691267676646, 86.1876607830196, 89.37486117581298, 98.81587927442939, 1.3038753045172597], "angular_position_sensor_readings": [0.22237145702230757, -0.09029039118705409, 0.4803049531357105, 0.33898902822066423, -0.7399097337948789, -0.45517563738352984, -0.34845526510557595, 0.06291840903031021, 0.11320577071429588, -0.48111026312214955, -0.15738775153348572, -0.17473179768001695, 0.08901047036555232, -0.7120420864990201, -0.9250658358567558, -0.49708681928779014, -0.8612573000867748, -1.31653634661451, -0.9973230486811296, -1.4224258872220146, -1.0823231268520934, -1.7076159535354978, -1.794282867281678, -1.3090391001767534, -1.7430574294653245, -1.7771919985711102, -2.561828603906717, -2.6960145105580855, -3.1839751373491456, -3.1002822276096516, -3.7624668515375235, -3.701725996854881, -3.7254432074521535, -4.407202992956683, -4.763433480813778, -4.729033146614072, -5.50379455261198, -5.637584618065102, -5.703412980061644, -6.361866231680424, -6.7899370801722, -7.235789389643811, -7.5364925381468355, -8.292754856711982, -8.259149796060544, -8.278131921987958, -9.332533597331768, -9.770436310433105, -10.479983517278894, -11.671862817747236, -11.555732439901933, -11.31410280254304, -12.345603331801945, -13.192012376123005, -13.877966020334839, -14.273539785601601, -14.530575409635006, -15.962316841195333, -15.549847402712114, -16.26801319188315, -15.879168327560656],