{"position_x_true": [0.009361483799177176, 0.04683758464042538, 0.13128850486538846, 0.2817767970450905, 0.5176561237467963, 0.8586774174882896, 1.325103364708147, 1.941895268729831, 2.7307720606693913, 3.714477694279015, 4.912933137362245, 6.343367096259408, 8.023758343907124, 9.968641252914296, 12.193111856097612, 14.708168179774098, 17.524863084469775, 20.65418197007254, 24.10715659269314, 27.894588028340063, 32.02617077331597, 36.50988070029533, 41.35085933253549, 46.54966497601135, 52.101186385147095, 57.9932506953534, 64.20351114819393, 70.69671708844123, 77.42184716624448, 84.3087640243941, 91.26728894739082, 98.19037573313013, 104.95187767210037, 111.40875754906907, 117.40705535466228, 122.78964976102735, 127.41011861651845, 131.14967293572957, 133.94153369420866, 135.7990219759351, 136.8488189323235, 137.53053478754146, 138.19998097850382, 138.86942716946618, 139.53887336042854, 140.2083195513909, 140.87776574235326, 141.54721193331562, 142.21665812427798, 142.88610431524035, 143.5555505062027, 144.22499669716507, 144.89444288812743, 145.5638890790898, 146.23333527005215], "position_y_true": [299.9509140657133, 299.8035816664425, 299.5578826950109, 299.2138453897968, 298.77097614702274, 298.2285595414078, 297.58626837170374, 296.8484044112491, 296.0157307290032, 295.0893484625969, 294.06615730119927, 292.9397517205798, 291.7026469761357, 290.34235889506783, 288.85372132122706, 287.2323536219863, 285.47111911767365, 283.5589181265719, 281.4831885646274, 279.229562691627, 276.777877898372, 274.1025842161628, 271.1720584086518, 267.9471874147615, 264.38321755120546, 260.43088193460625, 256.0358733360708, 251.13991514645647, 245.68311990741617, 239.60746453701233, 232.86267619424197, 225.41266432602598, 217.24167665437244, 208.36091544872414, 198.8186054504989, 188.70802331284384, 178.1752070568456, 167.4249098524825, 156.71764218947806, 146.3627282282827, 136.69846618971346, 127.44526548245463, 118.12247772136645, 108.70158996027827, 99.18260219919009, 89.56551443810191, 79.85032667701374, 70.03703891592556, 60.125651154837385, 50.11616339374921, 40.008575632661035, 29.80288787157286, 19.499100110484687, 9.097212349396512, 0], "angular_position_true": [7.621986960339515e-06, 4.6329649324223624e-05, 0.00014182830021141325, 0.00028919332083892957, 0.0005951334652769587, 0.0012162968022304652, 0.0022350433135381854, 0.00449398394214146, 0.007899073790230807, 0.012396438794653079, 0.01704121222704052, 0.019829650889949244, 0.01874844565338118, 0.01071315293233214, -0.0055424351494064526, -0.03008521468067543, -0.0630554970743434, -0.10446250735499518, -0.1546947788900689, -0.21455448161056762, -0.28462106540711746, -0.3654347882537482, -0.45744113871276715, -0.5607651551622026, -0.6755935834555469, -0.8023331199775181, -0.941413844074338, -1.0931514248546566, -1.2576512956651866, -1.434713922601255, -1.6240913400365584, -1.8262184828769965, -2.041591085185447, -2.270617216500635, -2.5139344582852003, -2.7723424853208987, -3.04673686772437, -3.337883855402405, -3.6467890919725257, -3.9743945399054725, -4.3213114374972665, -4.678049906495751, -5.034840070595467, -5.391630234695183, -5.7484203987949, -6.105210562894616, -6.462000726994332, -6.818790891094048, -7.175581055193764, -7.532371219293481, -7.889161383393197, -8.245951547492913, -8.602741711592628, -8.959531875692344, -9.316322039792059], "angular_velocity_true": [], "altitude_sensor_readings": [307.67927140270194, 297.99211467837415, 302.93326372497035, 297.06592796915373, 300.82461670823176, 296.6060566316224, 299.9450988682147, 297.4873527853767, 291.7581444528185, 295.6762961678468, 293.70483511723097, 288.3024384590945, 295.32559490863554, 291.79049536021995, 284.8847362777141, 291.8620682928869, 284.56820507406, 272.66571537680255, 282.42365487048545, 277.7277551956307, 279.13388794137205, 270.562788683109, 270.755822908928, 271.01370048414475, 257.3553653619096, 264.61628069621463, 254.53965167442541, 245.61388234942407, 245.38734779755117, 245.72871250708764, 230.60883226129334, 218.09824267653178, 214.8141398355944, 210.63024980044509, 196.01357646120485, 189.91118023434376, 177.79320931852538, 165.48267689300036, 153.44563585706663, 147.78218157223205, 140.19902609604898, 127.45570481750282, 117.44536420998611, 110.1162686238092, 104.36335707512869, 86.41321107483121, 75.49009876409589, 70.5661078835957, 64.94602253372544, 48.5846002559278, 42.008591913516035, 23.08515082694169, 23.214235197291593, 14.165243849236985, -3.202439736370162], "speed_sensor_readings": [-4.101127034574761, 0.30369760335069884, 1.846494632250296, 3.650740144227024, 10.560252452122949, 7.578970644788295, 7.005142270780215, 7.431636215597359, 11.643604911080434, 10.856819047422041, 13.630885869387818, 18.48046056380154, 22.13543701733664, 25.42209825802639, 27.61822706317859, 32.77274546138644, 37.10764411305442, 42.19153392337744, 38.595436122304314, 40.43317710825059, 43.26744774802244, 56.968094876099784, 58.2438556711611, 60.107108648005905, 63.62866109671243, 65.84574809345767, 81.70321076604738, 85.89513911269177, 84.14231490113718, 94.6680774485447, 100.84437135184348, 101.59704231001687, 104.76489083993457, 110.86989126830872, 118.81918450277468, 113.21579433334067, 114.74323863120004, 117.17200970990967, 113.0517392700958, 102.38284939538325, 93.11985565023878, 88.52323378333104, 99.51155180376941, 94.4869505303883, 91.22966424740667, 97.33476330065703, 95.97182755861807, 89.46392622625672, 95.51241851462852, 99.94759292335493, 100.4427233407432, 105.54673277035813, 111.42366374842182, 105.74089045463376, -2.8682478019292548], "angular_position_sensor_readings": [-0.599920433336237, -0.04950272549628729, -0.05791492755587391, 0.09363140838137346, -0.20152432399637826, -0.42014665600236567, 0.016632948470648463, 0.3495909911290079, 0.5131858424172322, -0.37151670629269234, 0.2661504652691381, -0.09105199428829718, -0.010394001367840182, -0.29158125950222286, -0.7317938520823024, -0.24922382210516172, -0.10934084415192964, 0.06945303957611018, -0.27725838732665453, -0.32932375320740137, -0.5869633091471732, -0.8262191292619492, -0.5044027650770898, -1.1430514883958804, -1.4948692410542779, -0.9122480346653512, -0.7234773087846087, -1.5062950885185666, -1.5687485830208296, -0.9995664095089445, -2.2957907548042256, -2.0410386703616235, -2.1996778328937237, -1.8884536644739278, -2.210142485725494, -2.595334625578535, -3.344835958339775, -3.233762426936688, -3.548245844790572, -4.0809133881358095, -4.39760184153566, -3.9773388594676313, -4.325343736090229, -5.332180078178778, -5.495177130777456, -5.689295372588784, -6.428450796692757, -7.263314995029282, -6.6522758915494995, -7.806023783780664, -8.025715278750338, -7.79227526441155, -8.849648429010873, -9.032577911353147, -9.549562544376974], "angular_velocity_sensor_readings": [-0.6990773733238324, 0.45738567816415154, -0.10618601312746255, -0.27802011104214214, 0.10240995766990307, 0.7886038882555103, 0.608462260236509, 0.5465406334295131, -0.1820173051358316, 0.892862525423038, 0.2538677882004904, -0.3243953521973368, 0.5977511958420478, -0.8496651960660898, -0.419247313658691, -0.43383671274285956, -0.9871889690448961, 0.27371746741721287, -0.8191680584941179, -0.028719512565919314, -0.7411031562593878, -1.1277581700362307, -0.6138585894854023, -1.25287527825488, -1.4265994386396383, -1.8856993201426202, -0.737463792270023, -1.5615647088193356, -1.1546173420577643, -2.2913492817074728, -1.4262406593632528, -2.830972330515984, -1.3985384305664725, -2.8656951331115783, -2.9343716781386, -2.6148549509889887, -2.4540813992011192, -2.99181583382923, -2.4311194486294445, -4.0620023215540355, -4.031838688900677, -2.9077717689801035, -3.8033606493703087, -2.752774467955339, -2.6173581827066967, -3.4964408923074335, -3.4918255712889934, -3.8007079073879373, -3.262553707003131, -2.8783033186413, -4.693758094566494, -3.543087799545978, -3.048176066510216, -2.7089981825126594, -2.715318160491891],