{"position_x_true": [0.011291974722422594, 0.05650215359491843, 0.16038813632654397, 0.3497748842737979, 0.6476723821607662, 1.0734379913191106, 1.6467891178527208, 2.387764414435801, 3.3167310009453836, 4.454284858266482, 5.8127473711278155, 7.396028310178378, 9.206394282193472, 11.243563805666891, 13.506119969639775, 15.990355230420775, 18.687064410740234, 21.58263119874589, 24.660213074086517, 27.89640810570828, 31.267847284319355, 34.74977733038417, 38.287146654028845, 41.817781564809344, 45.30995303002724, 48.72381167615471, 52.00386526083426, 55.09747171974162, 57.94532533825982, 60.48223055432909, 62.63839808801785, 64.34222170603256, 65.55191228476124, 66.25657125301308, 66.45417408747726, 66.18400044018728, 65.54235863542037, 64.69636380749834, 63.85698663945879, 63.20090020469279, 62.884612698548814, 63.074180682736426, 63.92267855160483, 65.5482731980858, 68.00083150035363, 71.09825105467866, 74.49494806620913, 77.88227342679404, 80.928749751606, 83.71261032429348, 86.49647089698095, 89.28033146966843, 92.0641920423559, 94.84805261504337, 97.63191318773085, 100.41577376041832, 103.19963433310579], "position_y_true": [299.94711210957087, 299.78432515165656, 299.50322408188214, 299.09476065428356, 298.5532483137039, 297.87556007359575, 297.05628975726864, 296.0878806140985, 294.96150952279254, 293.665311840124, 292.1841900326807, 290.50348065005596, 288.60596496099674, 286.4705120324183, 284.07613934503036, 281.4003760439068, 278.41591838230164, 275.09357889748657, 271.40456794014796, 267.3188661839207, 262.80382483594997, 257.8233558715994, 252.354281476566, 246.37828395140744, 239.98514373457644, 233.28385225506136, 226.27573086874827, 218.9584237602587, 211.34325144443744, 203.4603733962407, 195.35334506453785, 187.08257704302045, 178.75866190018004, 170.52316393013908, 162.5177595304418, 154.89063183781494, 147.78847199317306, 141.17322085529338, 134.92613907688366, 129.04007587507556, 123.49139406681296, 118.19661616108081, 112.99585511298551, 107.66023189079066, 101.8974574253717, 95.50399060825565, 88.35863529749591, 80.32159641064356, 71.3424613740621, 61.84661526741701, 52.252669160771916, 42.56062305412682, 32.770476947481725, 22.882230840836634, 12.895884734191542, 2.811438627546451, 0], "angular_position_true": [-0.0008187597585324792, -0.004041303057698084, -0.011199401035013776, -0.023870404169097026, -0.04296194206661119, -0.06854429516549425, -0.1005181296861492, -0.13875050525443833, -0.18341402251971023, -0.23464872629330807, -0.2922356776237207, -0.35635913225316707, -0.4271878164921182, -0.5045964210723801, -0.5890170401164059, -0.6810683440344568, -0.7807901478768603, -0.8882180603027542, -1.0038126926637914, -1.1279065808893487, -1.2597065221151618, -1.3970487003027516, -1.5410048411972421, -1.6929257261251147, -1.8514698616897116, -2.018769023082176, -2.197108004071094, -2.3864685047018037, -2.5870785793342534, -2.7989579932770177, -3.0207010063260653, -3.2496354729337833, -3.4872174106589906, -3.7363059699038277, -3.995916674231384, -4.263461960834408, -4.5358061034682295, -4.810736720130232, -5.095041550645378, -5.396301996612822, -5.714874817892747, -6.051241605311157, -6.405599449003038, -6.776000186457307, -7.158660857589051, -7.550036616829016, -7.956298429925425, -8.382825587157479, -8.824270717977411, -9.27169176127482, -9.719112804572228, -10.166533847869637, -10.613954891167046, -11.061375934464454, -11.508796977761863, -11.956218021059271, -12.40363906435668], "angular_velocity_true": [], "altitude_sensor_readings": [303.2541567755915, 302.10124166971275, 298.6378632198591, 298.007422408977, 295.8689907919892, 299.1757507615923, 288.81106365973807, 295.6854367284935, 290.9156621331633, 291.0432128922459, 288.6478382720021, 290.7867639455311, 286.2485046233459, 288.906244367099, 280.7882592640308, 278.93982292069813, 276.84528385532116, 273.12994774207294, 273.60682386688666, 264.71378548398934, 263.04240294230107, 259.60707976471343, 255.90779388967977, 246.53707672605876, 246.122624400054, 233.35124881750366, 230.86346160092967, 212.63210315292702, 211.72897442738346, 199.77702888113953, 190.67335320772642, 189.87225626618803, 170.86459866804935, 167.0496899819479, 155.2014112134452, 154.3025954836614, 143.78304710557939, 136.56736716176425, 138.07140923966776, 136.26403212316862, 119.33843953936639, 124.71597956091479, 110.70444215819057, 111.18304403016448, 94.805488929966, 95.27583741763226, 99.4737064725101, 85.89518876267083, 72.57883118529062, 53.72823625755113, 51.4234066124583, 47.00856920079215, 28.62205978025066, 25.06737596935962, 16.11803346197748, 0.921728085456843, -5.359818725247387], "speed_sensor_readings": [-1.4403977677628406, -1.8507268227293117, 3.9394487474450686, 4.6658291660634585, 5.119462541821476, 5.315213128274964, 13.598489444116943, 16.2244465150738, 16.189154401423824, 18.821073048362038, 20.218168379753294, 22.10829984131699, 29.076966036014955, 27.847689769140853, 31.88370952494552, 42.45876352099075, 40.52600558466358, 52.838682821937134, 44.74364803689707, 51.70247699169636, 56.047205459374304, 60.78751093605155, 69.47310854101477, 68.32403443361505, 69.37090757531128, 80.41722581331197, 80.60833915583072, 79.81717432334413, 83.96073383815876, 83.91281293420774, 85.95799333153303, 84.39147797152083, 80.59031236016148, 80.72932349322129, 78.86833750847097, 72.9275156745329, 65.37773258876707, 64.41250855941944, 59.97906111109986, 57.09088868301121, 52.31998626690774, 50.38240834492103, 54.103574344362244, 66.3517654678611, 62.93116755684302, 71.92010545487581, 85.79211985086175, 94.94119131696098, 100.03497107406139, 101.03916518854331, 100.56671565509346, 104.85968961850088, 106.03464023034422, 102.85033836002798, 106.33626584566808, 95.4654865722223, 4.342016299062843], "angular_position_sensor_readings": [-0.1394935457220812, -0.42738556215173157, 0.33788397042566864, -0.11588520335155272, -0.35430187845609123, 0.3982057352424988, 0.499628475840777, 0.05093137224190067, -0.2537916681841219, -0.6985232671333936, 0.5093018238846365, -0.5666911583091903, -0.3239973233495753, 0.16673446133527947, -1.292654902166208, -0.8456424342477461, -0.27454311339207726, -1.3123595306907072, -0.7882524556239235, -0.7402111080151861, -0.9906257823200926, -1.282738946927581, -1.3865302155127728, -1.896396818578236, -2.0101224311095396, -2.243362351201495, -2.2058033608253953, -2.235293431885668, -3.477695515336224, -3.0179337757092366, -2.697408791648057, -3.452182129373581, -3.664048292941041, -3.8838444229656863, -4.249105375076572, -3.957509356488283, -4.559589975694217, -4.7816811573658375, -5.519702526523623, -5.521169883823408, -5.9350453913170265, -5.7108193412283885, -6.700172440778133, -7.198946632459644, -7.04532077651045, -8.253466496481293, -8.411207474914342, -8.583912651253765, -8.571202033688111, -9.039367897436989, -9.36710017734157, -10.886294108954393, -10.732949319301227, -11.720857192662496, -11.189566295694439, -11.661966392058103, -12.034377359116787],