{"position_x_true": [0.017166090950723908, 0.0859848805800108, 0.24123617175628587, 0.5183945957288322, 0.945735012234013, 1.544339166992305, 2.336312579564292, 3.344712150559303, 4.593715564284809, 6.108708336097484, 7.908391927228935, 10.004252051944151, 12.408115931599408, 15.132495117684538, 18.190632805223544, 21.59653892723586, 25.365113678222244, 29.5120817015096, 34.05375941759124, 39.007241252118874, 44.390182186881056, 50.22063313741763, 56.51756353355978, 63.30086870227594, 70.59121141084042, 78.41044936676093, 86.78146068811527, 95.72650110864413, 105.26693468692609, 115.28471783123322, 125.6529705578264, 136.3748270046076, 147.45303879333298, 158.88858250297514, 170.67947641742816, 182.82367976831407, 195.3194461925038, 208.16231022640335, 221.34466597791558, 234.8592211222548, 248.69823871162313, 262.85114181086925, 277.3032445326806, 292.03491096332067, 307.0251449952073, 322.2512516285416, 337.6844946526151, 353.2927393958516, 369.0000197775306, 384.7267383973533, 400.453457017176, 416.1801756369987, 431.9068942568214, 447.63361287664407], "position_y_true": [299.9509539233053, 299.80386293573594, 299.5590146095721, 299.21680003909336, 298.7779372775702, 298.24337989729656, 297.6136974826335, 296.8891615868439, 296.06964243332874, 295.1538670713233, 294.1399620291406, 293.0281270933345, 291.8191565639587, 290.51208052152924, 289.10520886518685, 287.5955504696883, 285.9783575403385, 284.2455455856384, 282.3853661931098, 280.38471916451374, 278.2284209197328, 275.89928275720473, 273.37856207774195, 270.64432748931654, 267.67139343454926, 264.43352265009685, 260.9019046297677, 257.0405096292984, 252.80587483191997, 248.22764537347126, 243.34528189783265, 238.13140802515625, 232.55840004168633, 226.5966380639772, 220.21363977861878, 213.37753515179125, 206.0563238778762, 198.2155111546821, 189.81789760937627, 180.82530028287533, 171.19863964957293, 160.89656976778372, 149.87559934987408, 138.0890090337416, 125.48805315132016, 112.02248191233639, 97.63839050953223, 82.27880330021469, 66.21109334003363, 49.888388902508915, 33.4675844649842, 16.948680027459485, 0.33167558993477186, 0], "angular_position_true": [6.274986668742449e-06, 1.248361954528116e-05, -1.2545050672801019e-05, -0.0001279857959297786, -0.0004987135801791628, -0.0013261330888737102, -0.0028256494207738207, -0.005274110019219031, -0.008784013125925794, -0.013258146923372929, -0.018592644995583413, -0.025221180591068742, -0.033810910662530023, -0.04465147387559494, -0.0579588980481305, -0.07405812385546909, -0.09325628613888023, -0.11550584214993526, -0.14047202918570204, -0.1678935135620362, -0.197531228661383, -0.2291255846185928, -0.2626289615891859, -0.2980631595001455, -0.3353144458633263, -0.37452433734918, -0.4159754377232822, -0.45953600990376287, -0.504649558148708, -0.5508936745787268, -0.5979873140359341, -0.6455866118817846, -0.6936914542998546, -0.7422215708913081, -0.7906896198715441, -0.8390067807369427, -0.8874322346740532, -0.9359756303049971, -0.9845107795972221, -1.0331493018031785, -1.082168540951386, -1.1317351599863583, -1.181746129921205, -1.2318497957038113, -1.2820460198290684, -1.332461392636969, -1.38284807975489, -1.4331214438031181, -1.4831452342692901, -1.5329186636155583, -1.5826920929618264, -1.6324655223080946, -1.6822389516543628, -1.732012381000631], "angular_velocity_true": [], "altitude_sensor_readings": [303.7463907759057, 299.11120801437613, 301.5874670740635, 294.9419520045351, 299.71335572922703, 298.0314865342969, 297.3715201366017, 296.3694975174673, 288.71696194640134, 296.45933937690984, 299.31228766820465, 296.26173795595486, 287.53592591393675, 291.5075397265357, 289.3364415980798, 283.7657560012175, 284.35816153498087, 285.6672946753983, 285.78334871466416, 284.1068959409933, 276.7233800749345, 276.18274611156755, 268.39692655134576, 269.7198817234795, 275.39905113797613, 265.8633072843931, 259.91288654756215, 257.02237471363344, 260.37324611341984, 249.92313177096625, 241.5287941842684, 238.63236235469932, 237.58323858882682, 225.49196898063659, 219.90619893951677, 217.47238099898095, 209.3673330693976, 199.84795684963743, 184.53821127643937, 181.7395790735776, 167.76163897901142, 164.47296794079034, 147.70723800767885, 134.50376953214368, 127.48083152592245, 117.518176872672, 94.18146789919938, 84.99624090508452, 62.756263581227394, 50.50670214751301, 38.4218570251199, 21.826941169763927, 4.35239083311451, -2.1366078955374506], "speed_sensor_readings": [-1.0790407018645183, 3.6454076227871473, 1.3187857001839052, 9.134033514707278, 8.872114169707352, 11.722333127336992, 10.59285793678034, 15.860885356073766, 18.44825795860963, 18.529594134443162, 23.905273536071878, 22.446222704392042, 27.89803095531099, 31.29406975683416, 36.22057280437219, 36.33177388543957, 41.184848918455174, 47.47289707864398, 51.232415366999014, 56.715271652178316, 58.78709621146846, 66.54377059823508, 69.86615133239087, 74.05448456231619, 81.40146333242956, 84.97422491345475, 96.42883970914303, 95.71444334815106, 105.36632999364086, 108.73527607617211, 119.65274198015837, 123.9052337563415, 120.83154083281242, 129.9482461358932, 136.8836232919879, 139.16585436800275, 149.53343435029817, 153.72067837604757, 157.14494651854847, 163.7440361552299, 165.65553253766655, 176.19584676218355, 187.46807629350658, 188.85493725469337, 196.16062338689733, 208.74395324604134, 221.0024737004123, 224.0613428826476, 224.67926302671665, 231.6231976596174, 230.62546560222884, 229.62791461567562, 226.3184860694825, 3.9032842006439425], "angular_position_sensor_readings": [0.11563735039840807, -0.3238635443136585, 0.5850348965386105, -0.056010798036415094, -0.928789950790147, -0.05646749595214529, 0.12465927174027036, -0.005670803284658369, 0.2605175564681299, 0.3859915955459317, -0.900646466297348, 0.5479289734494597, 0.49445866002740385, 0.10454402171738196, 0.03235869836031007, -0.16331978380367013, -0.3994343538995112, -0.1763284078420232, -0.5366428349533419, -0.5189950625002179, 0.22432603641805177, -0.6387230209273173, -0.36238876269117437, -0.45761423651678657, -0.29616773977613176, 0.26641862553743656, -0.3411317124136974, -0.7635892895806996, -0.5912782665145309, -0.3141951537276192, -0.8118230407075344, -0.6986278726727987, -0.6222786929926872, -0.24828037715602408, -0.4587073820914756, -0.4522195550527923, -0.388900310516505, -1.9302319062247846, -0.9347213300364441, -1.9053654359741665, -0.21657476006524157, -1.9829647590058852, -0.8462365084072228, -0.08811264056185442, -1.4112303111402371, -1.1394742940870852, -1.7213106222183367, -1.2890162894018347, -1.5594036638360291, -1.325729061643444, -1.7312648886443627, -1.462709676639951, -1.7653987416422985, -1.8846689405639983], "angular_velocity_sensor_readings": [0.5584131235110117, 0.7982260063477068, 0.5328705811133739, 0.7223965189768558, -0.18252626596407592, 0.028514874413583587, -0.6862941532936024, 0.6953135796378975, 0.4996064728460036, 0.18321986442896487, -0.22392575995647246, -0.22039787975621983, -1.2180183464636556, 0.16375961991820287, -0.6901566678478757, -0.35718927570057835, -0.35429154712971667, -0.7443327918868864, -1.083408619849464, -0.11194356921994456, -0.13728775973103458, -0.7457227857228095, -0.08592838319804347, -0.02859690910568613, -0.3012776363164773, -0.022243061960889765, -1.3254986956677548, -0.612452253116955, -0.21878947599047663, -0.5296186890357825, -0.5796110342720492, -0.2708441815444238, -0.53685637806384, -0.04192490987376968, -0.34044272226614414, -0.3125579215717583, 0.07087471261291489, -0.7249216480135906, -0.07013867800784346, -0.5645808914074227, -0.5136808287499006, 0.0654818127833221, -1.0230109738725375, 0.3952020314139125, -0.11862588605023283, -1.1783212656514408, 0.2708749106181091, -0.4849430412747755, -0.00654659515559991, -0.7799967355968236, -0.016279741038367157, -1.2925229351176932, -0.6029367810510313, -0.28411599610228827],