{"position_x_true": [0.009807505731031764, 0.056506581349478564, 0.16291926962191164, 0.34807636150396604, 0.6352164268286504, 1.044021362055486, 1.5945050159154965, 2.3069037504258416, 3.201751529442669, 4.2997758735888425, 5.621380859510902, 7.178500051641123, 8.97405980529035, 11.009424546074218, 13.28363025139392, 15.793508887657055, 18.5334996662928, 21.49395602681999, 24.659491434796443, 28.008197271323482, 31.51317388537626, 35.141478743299004, 38.85134112584129, 42.59196845825119, 46.30173969161935, 49.90607360027771, 53.32265358510125, 56.46589395288007, 59.2449250444588, 61.56851488581393, 63.35471353228129, 64.53667363887277, 65.07179222444631, 64.95315714177514, 64.22190239971503, 62.977111347682786, 61.3839245194895, 59.67738899801283, 58.157687495244765, 57.17103900269161, 56.95923751845806, 57.1654917009802, 57.371745883502335, 57.57800006602447, 57.78425424854661, 57.99050843106875, 58.196762613590884, 58.40301679611302, 58.60927097863516, 58.8155251611573, 59.021779343679434, 59.22803352620157, 59.43428770872371, 59.640541891245846, 59.84679607376798, 60.05305025629012, 60.25930443881226, 60.465558621334395, 60.67181280385653, 60.87806698637867, 61.08432116890081, 61.290575351422945, 61.49682953394508], "position_y_true": [299.95094709284274, 299.8038739295545, 299.5471010139896, 299.1643362477384, 298.6505335629188, 298.0042921383083, 297.22256922212455, 296.3000396793281, 295.2297482688304, 294.0014316998429, 292.59988134835356, 291.0079403717811, 289.2074363454539, 287.17819051496264, 284.89750192950595, 282.34113263883427, 279.4838184897998, 276.29766840441766, 272.7518834425739, 268.8138919271328, 264.45199448773735, 259.63596203612866, 254.33700334166474, 248.52998020624727, 242.1959729357697, 235.32562480187377, 227.92271608321124, 220.00673297756913, 211.6185207808677, 202.823913517744, 193.7128873637873, 184.40464593787036, 175.04612043487867, 165.80422342489013, 156.86354172072228, 148.41212636844895, 140.62082363313897, 133.62036024815416, 127.46991606050811, 122.12314271513569, 117.39413835715952, 112.85899616234423, 108.22575396752893, 103.49441177271365, 98.66496957789836, 93.73742738308307, 88.71178518826778, 83.58804299345249, 78.3662007986372, 73.04625860382191, 67.62821640900663, 62.11207421419134, 56.49783201937605, 50.785489824560756, 44.97504762974547, 39.06650543493018, 33.059863240114886, 26.955121045299595, 20.752278850484302, 14.45133665566901, 8.05229446085372, 1.5551522660384274, 0], "angular_position_true": [-2.0848236470777376e-06, -1.955377490003235e-05, -0.0025046224611948997, -0.010656859421506277, -0.02525726433072434, -0.04639360208040948, -0.07410474467819758, -0.10839317502428715, -0.14945207568125765, -0.19738491076420428, -0.25203707715014706, -0.31328859437155965, -0.3810671171521609, -0.45538750135717365, -0.5362547896772918, -0.6238797201969191, -0.718756219465303, -0.8212872458178904, -0.931602789358589, -1.0496774877921047, -1.175880674792085, -1.310906623413871, -1.4553009371166605, -1.6096264614145153, -1.774282268503638, -1.9490178974772063, -2.1337799981177805, -2.329206040733958, -2.535641796951465, -2.7531751780503457, -2.98244945739225, -3.223947336623678, -3.4780362921506573, -3.7456441268293004, -4.027501031173942, -4.324381241820558, -4.63735855118782, -4.967519963293803, -5.315897591748258, -5.68365550749188, -6.062065050628623, -6.44106857653786, -6.820072102447097, -7.199075628356334, -7.578079154265571, -7.957082680174808, -8.336086206084044, -8.715089731993281, -9.094093257902518, -9.473096783811755, -9.852100309720992, -10.231103835630229, -10.610107361539466, -10.989110887448703, -11.36811441335794, -11.747117939267177, -12.126121465176414, -12.505124991085651, -12.884128516994888, -13.263132042904125, -13.642135568813362, -14.0211390947226, -14.400142620631836], "angular_velocity_true": [], "altitude_sensor_readings": [306.5978098610495, 298.83885791192876, 296.2944329508171, 308.77478879431624, 299.2030010918899, 296.28448086910936, 297.9454907709009, 298.61470597959044, 292.43557619221406, 291.4330801974145, 296.15318898876916, 291.8639846956909, 290.3417027689159, 287.77557691921527, 282.9519476107461, 288.2358697979577, 281.85736471107106, 274.7221589541908, 267.71558402149316, 271.8919356547923, 258.2492085367953, 265.6975791178457, 255.68508003245987, 245.67317555449083, 245.85348666401083, 234.38646809537533, 227.83922926402593, 221.07367234517812, 208.66357907778107, 201.39549257497418, 192.10934799361522, 183.78737933442707, 173.92287828677607, 169.3572450032565, 161.97029003612377, 149.34133672950657, 143.6946172760116, 127.30834313327506, 128.0323033993513, 123.72240000245789, 114.7756753652164, 117.60505534218073, 108.85361965851475, 111.24225469579821, 103.42692362362538, 94.04034843840665, 92.57658826298314, 82.60987200327065, 78.13098901121174, 72.42408366998251, 62.14148818336159, 63.360429281849285, 58.42051206146416, 46.75371274457968, 47.184850069785426, 39.12481725613397, 35.62328896252444, 28.00066225419463, 21.69584445635235, 19.570730205701217, 4.814334839363058, -10.830632933156576, -5.382480525255495], "speed_sensor_readings": [0.12218700687614703, 2.709670440909572, 2.542650972979315, 4.480154208784285, 6.825392564567467, 9.798395337239466, 12.679531937797577, 7.182758739588516, 14.195061126728767, 16.150376107542613, 22.02300827728845, 25.577273538483112, 28.340310858810685, 28.437652631933943, 29.447421330531807, 36.28294413292859, 42.576278995943866, 43.9683311395585, 49.09551086580421, 54.57167431787316, 54.8782107576243, 63.290102369968196, 65.40465288959278, 68.69898107389594, 81.24449636307018, 77.4044821755965, 82.58760541602092, 88.92977529100094, 89.59788469902814, 96.06621636183557, 100.22784608312605, 91.42303932141358, 89.09548135081127, 92.04127386175857, 88.37254419949166, 85.23656450707668, 73.65154274468522, 64.16040420417026, 57.48022473915971, 48.68542011628968, 43.00944239651557, 48.00951388363311, 49.49532468722269, 48.7831786103875, 46.82056215176348, 45.4256759926143, 50.366135286731954, 49.59853126240994, 50.101448705775105, 52.84168381241057, 52.24481975175575, 57.45984591064343, 52.45886167309955, 58.65699707518836, 59.162320226176995, 58.31789084725821, 58.3462177484812, 63.46449127980914, 69.47325866335986, 64.01489864602677, 65.78903340473916, 66.64126439800437, -0.16679145717008906], "angular_position_sensor_readings": [0.34298573581716807, 0.40130044041488716, -0.042469911971502926, 0.370939487439957, 0.27422719609233964, -0.34424123050072225, 0.4275861041723752, -0.4503988072319681, -1.0099040335570333, 0.04887787220748843, 0.3239983799852753, -0.02622377702181089, -0.27361655311873934, 0.33670089949778015, -0.19146923324963394, -0.5223222991244385, -0.6697672040258221, -0.5495153589960529, -0.7727373301566494, -0.9893078337747884, -1.388497448615839, -1.240158049228428, -2.2182868488685292, -1.336323225473168, -1.2395537074263479, -1.4266729394796287, -2.4805466346614526, -2.0926000211566986, -2.228425392801086, -3.0414583689619987, -2.644448183797318, -2.5765150146568505, -3.6970532484283227, -3.8311142681429122, -3.944892953589467, -4.500529668303846, -4.317680637257302, -5.083549829527711, -5.6682933490963645, -5.065445479211643, -6.165886286748979, -6.694204263058976, -7.133259782123913, -7.373512399107713, -8.127853664042753, -8.005445020193774, -8.537208848268966, -7.9699067522537685, -8.858699610944761, -9.38930735837857, -9.98497033715526, -10.020596088712983, -10.745547370794322, -10.315223583313958, -11.129386879968271, -10.963341697785099, -12.713933414011885, -12.302333966364365, -12.107376429601134, -13.48572127224559, -13.470547435661533, -13.861350023439122, -13.910274718926653],