{"position_x_true": [0.009361360473536964, 0.04683685186860768, 0.13128805911073022, 0.2817789928917468, 0.5176719942713062, 0.8587303361745814, 1.3252264892462189, 1.9380592675214485, 2.7230625015535566, 3.7113411105155754, 4.927360708228095, 6.388619114463237, 8.078898848182796, 9.974577304547532, 12.078310759565255, 14.39207496866506, 16.91705340571242, 19.653282408522315, 22.59899722835168, 25.750638217797682, 29.10294302448589, 32.64764107426337, 36.37282638857781, 40.26142476545508, 44.29056635663183, 48.431251874401596, 52.65039198033868, 56.909129743801245, 61.16472666805798, 65.37208598394577, 69.48004405829568, 73.43410775665065, 77.17791955084724, 80.65746228554819, 83.82436425901, 86.63866078469806, 89.07382128454374, 91.12134094921728, 92.79460797467723, 94.13193633661545, 95.2003921614179, 96.09434211628746, 96.9340314007888, 97.86750111612479, 99.05536532357759, 100.65196949795428, 102.78517043186487, 105.52746658901643, 108.71157398705522, 112.02329304461917, 115.33501210218311, 118.64673115974706, 121.95845021731101, 125.27016927487496, 128.58188833243892, 131.89360739000287, 135.20532644756682, 138.51704550513077, 141.82876456269472, 145.14048362025866, 148.4522026778226, 151.76392173538656, 155.0756407929505, 158.38735985051446, 161.6990789080784], "position_y_true": [299.9509987912876, 299.80408566164704, 299.5592850152521, 299.2166272280422, 298.77622189917, 298.2382584300446, 297.6031316354307, 296.8714072351744, 296.0395437409568, 295.10006651473157, 294.04438912077376, 292.8620284838096, 291.5453290935892, 290.0885641438756, 288.4831814252659, 286.7186428727177, 284.78358613187595, 282.665441446842, 280.3483885804584, 277.8145838151156, 275.04599812336994, 272.02225309756227, 268.72109894806954, 265.11873262253965, 261.1906964175941, 256.91374199695184, 252.2676886173028, 247.23652236065553, 241.80939887041436, 235.98226255377875, 229.75872606808454, 223.1522103204178, 216.18850398922723, 208.90645854387418, 201.35835733913194, 193.6108951156782, 185.74397520173505, 177.84574433369153, 170.01038292111647, 162.33446502470136, 154.90891367579943, 147.80910619488722, 141.08479737991956, 134.75069493378066, 128.77417033902373, 123.06442209925726, 117.46990692743506, 111.78472465406635, 105.89088244319834, 99.84251960336012, 93.6960567635219, 87.45149392368367, 81.10883108384546, 74.66806824400724, 68.12920540416903, 61.49224256433081, 54.757179724492595, 47.92401688465438, 40.99275404481617, 33.96339120497795, 26.835928365139736, 19.61036552530152, 12.286702685463307, 4.864939845625095, 0], "angular_position_true": [-1.0349073032862188e-05, -6.0618479733482135e-05, -0.00015632467581733986, -0.0003050303994008439, -0.0005325196533514534, -0.0008837222923408522, -0.0014508383825389774, -0.0023690735388014737, -0.0046411297078623945, -0.010246792039756068, -0.02116294245472667, -0.03932526002728045, -0.06575117662437215, -0.10038117926360021, -0.1430395673566236, -0.19355903148995487, -0.25202928476339587, -0.3187703442213054, -0.3938577576901393, -0.4773227655382367, -0.5695259462731185, -0.6706392109031315, -0.7807105156387061, -0.8996222281271928, -1.0270911229848243, -1.1627591765047243, -1.3064809183409773, -1.4581230209062055, -1.6178826711303205, -1.7863605119571129, -1.963826040860532, -2.15044600388951, -2.346246793652754, -2.5514879772915826, -2.7664657308993044, -2.991319821591494, -3.22614100786583, -3.471472179310606, -3.727994138690733, -3.9961817236236166, -4.27655802247113, -4.570095049656669, -4.878254564041209, -5.201680613190453, -5.540725531240441, -5.895856525584548, -6.267546363842319, -6.656559839439969, -7.0537593361173, -7.4502922445392405, -7.846825152961181, -8.243358061383123, -8.639890969805064, -9.036423878227005, -9.432956786648946, -9.829489695070887, -10.226022603492828, -10.622555511914769, -11.01908842033671, -11.41562132875865, -11.812154237180591, -12.208687145602532, -12.605220054024473, -13.001752962446414, -13.398285870868355], "angular_velocity_true": [], "altitude_sensor_readings": [299.7680944225452, 296.38237358761, 301.457266049918, 298.28726801941355, 300.91926307150504, 297.79788155377355, 299.2020141989097, 304.05462997981664, 292.4573114088355, 295.13449865880347, 292.8816862267503, 286.77223292538827, 294.94712527106185, 293.42519805892806, 282.858128623126, 283.1047708386619, 279.33175870546336, 277.9454526630771, 282.105292664749, 270.0193873323049, 272.346438340574, 268.17333101652616, 271.46912554209774, 263.3750817819004, 265.5269946720194, 253.83566335271098, 252.58069434499288, 247.7047096323274, 246.65283181616115, 233.89264442453018, 228.43488340524758, 227.0494309100098, 220.18474971491506, 206.25858686377302, 203.48373231650442, 186.54916622926746, 186.82164294596274, 175.19334044456988, 172.61553063488554, 162.82934784194276, 154.64494786906994, 144.41809214444305, 143.85335682785654, 140.42750072343136, 133.3493071634917, 124.33161056210321, 125.0277847228246, 116.70849495486223, 106.247376564533, 102.907140826798, 90.4761089020703, 81.75676490325694, 82.71338205265981, 70.50646010000885, 64.30087991723724, 54.09093407777421, 52.601050115028045, 39.036953107668126, 33.87362017462593, 33.270034265066705, 29.36941713171042, 21.714354014018507, 18.30499225561519, 6.777257776783539, 0.005782510572449113], "speed_sensor_readings": [-0.7012466526096932, 0.945831981405538, 4.658293100905714, 7.415322826404096, 5.861708052670411, 3.3550672032192503, 4.731604045936314, 11.679264204821004, 11.435380700757229, 19.295145533950176, 22.520532725673412, 15.822038277848165, 23.71022270035724, 20.978991696737438, 26.859611798090487, 28.919631145782642, 33.787725237135305, 39.758198927518315, 41.085127683942254, 40.98320522028841, 43.363612427509274, 51.18315092696855, 47.83315470816622, 56.86058499652162, 60.32011398758388, 59.11246871263512, 68.41640536661943, 70.2859951114252, 69.62321047268279, 71.776368732727, 72.59174535604696, 80.6446432154893, 87.78319837292516, 83.41349096903704, 87.49139707272786, 79.1717942992676, 84.06163355706852, 83.10268379344959, 76.7655886216467, 78.18420135784584, 78.70082892743802, 65.18449189707657, 70.13032155583832, 60.84879365293934, 59.309145877345316, 62.682764746598046, 57.45737789767914, 65.2436459661946, 66.41071905806784, 67.86232864133922, 68.04562038823666, 71.92831105387626, 71.6296496020956, 70.11298920709916, 70.10301797156949, 72.40368868411466, 80.66339401653723, 77.74692157113532, 78.59203089187305, 80.8790825346653, 81.10302512533593, 75.18588657706451, 80.17959816417847, 76.66741488568823, 3.462626066546642], "angular_position_sensor_readings": [-0.22910995854369937, -0.7245730938555567, 0.23033038394491795, 0.25343562949792, 0.3809927817204301, -0.1563370668378689, -0.18816501911333824, -0.17317866968806606, -0.8874558285152302, 0.41194580378763906, -0.4247337897365449, -0.5293788026270874, 0.1478730562091456, -0.0782481637518358, -0.2595265943677342, -0.38636746480459727, -0.9771241569368563, -0.30711478099026485, -0.49227740037441875, -1.1331750083400065, 0.3178487685565906, -0.9121656239343502, -1.0833571027897038, -0.707636427954205, -1.0196052459216245, -1.5236727356314237, -1.7585181846008409, -1.4208214824369283, -2.0012363725775715, -0.952082952431881, -1.7541919472023189, -2.1402267337585106, -1.4104757453160537, -2.0418171514399144, -2.7042041629852855, -3.1858075474286025, -4.06989780614141, -3.6970104653588565, -3.72086760411821, -4.1977565274210065, -4.321662090591983, -4.824271276935593, -5.095211174064239, -4.993287029356952, -5.100753038456782, -5.376202987135632, -6.267506766534726, -6.236324638628852, -7.477159718804294, -7.506386491252698, -7.9287596169441095, -8.574978688254244, -8.121653976738168, -9.029930590640165, -9.512122167126998, -9.45180536939532, -10.545678719110006, -11.198919582341476, -10.860619750797092, -11.176295885254763, -11.279582012123502, -11.527031873727404, -11.65294753236132, -12.883593780609766, -14.36697299018852],