{"position_x_true": [0.007366341236761752, 0.03685256984863434, 0.10328990278960698, 0.22165310972925786, 0.4071278005297596, 0.6791684770849373, 1.0616766637288473, 1.5813535072099474, 2.2679197690473396, 3.1478402592982295, 4.23619843052459, 5.540371465235822, 7.0674547002078105, 8.824067116107607, 10.816215897726629, 13.04890401070178, 15.525918958466264, 18.248866611102656, 21.216334843768873, 24.423322495073986, 27.86041401897539, 31.513537563353925, 35.36340667227416, 39.38346572124148, 43.537167583377695, 47.746721924919534, 51.943739852494694, 56.09883518718096, 60.1706098250581, 64.10587973175234, 67.84086243416924, 71.30335222020429, 74.41588029998638, 77.10133514227361, 79.41622696060492, 81.44355496948184, 83.17202645779766, 84.61594151207112, 85.82181603757459, 86.87531106781319, 87.90664322129281, 89.05621664938707, 90.4523045043938, 92.22581006978297, 94.49365669780015, 97.32951040988361, 100.7376811929451, 104.55139740051189, 108.54293062024558, 112.49098699442101, 116.1078888581539, 119.18808970471017, 121.60091316069283, 123.29759482503141, 124.4559347857715, 125.3923958962104, 126.51260894401405, 127.99767023891832, 129.63349542065347, 131.26932060238863], "position_y_true": [299.95099562098443, 299.8041216297783, 299.55933054644777, 299.21659365543206, 298.7758861405235, 298.2338472696262, 297.583364936372, 296.8168789479839, 295.92529682633244, 294.9002802191148, 293.7360583638927, 292.426094475063, 290.96204397589264, 289.33245415217317, 287.5236831854099, 285.5200466348144, 283.303770171688, 280.85385004867896, 278.1453322984316, 275.1502199451578, 271.83734083045226, 268.1741708529437, 264.12766930850916, 259.66388785285653, 254.74822487426593, 249.4602462026, 243.88252139942568, 237.9880621284551, 231.75469549373693, 225.16876224553522, 218.22908305463778, 210.95148307376405, 203.37387534258372, 195.5613193367805, 187.61815709982253, 179.6456867866128, 171.7261836915589, 163.95536216973446, 156.43394493995999, 149.25774142531748, 142.5035714437708, 136.09943540946287, 129.93466342858886, 123.94215762909953, 117.9853260942948, 111.88470282994483, 105.415631081111, 98.4232648795479, 90.80488289640383, 82.4746218522146, 73.45402950606808, 63.93721085615813, 54.21317591059394, 44.60471201106706, 35.423877161174644, 26.899754741397935, 19.127813060292475, 11.795438132013476, 4.4834267083968085, 0], "angular_position_true": [-9.676623083997231e-06, -6.823401530083869e-05, -0.00016592261431987659, -0.0002975959261776214, -0.0004600428832359823, -0.001619840126417633, -0.005668247978083172, -0.014505707271485407, -0.029919702699002276, -0.052550182612067564, -0.08226972160200435, -0.11916060346574994, -0.16339221219842717, -0.2149390549622471, -0.27381942959056105, -0.3401934386746982, -0.41439740902011307, -0.49674509955892354, -0.5873872307978252, -0.6864372990127522, -0.7938305906182996, -0.9097361351757802, -1.034691013870087, -1.169244557115826, -1.3135738155294008, -1.467505572967239, -1.631053489075203, -1.8044390268517956, -1.9877949262389816, -2.181216771566364, -2.384850717751404, -2.598929125386647, -2.8236659440795355, -3.059139776018267, -3.305560958606233, -3.5632071828367735, -3.8321646273177974, -4.112563642439363, -4.4048690500966075, -4.7097581162783655, -5.0276820675386205, -5.358338918175501, -5.6996697895669755, -6.051817321203163, -6.416748102455913, -6.795110700498687, -7.187550050100513, -7.594095183160575, -8.012892886828089, -8.444392285875663, -8.890905274697728, -9.352630650971168, -9.827506845026413, -10.316172185572938, -10.821514341994263, -11.341377326066928, -11.876502697833008, -12.420294073931586, -12.963581216015303, -13.50686835809902], "angular_velocity_true": [], "altitude_sensor_readings": [298.9830290392569, 300.0522826194943, 297.5556481135658, 300.38424250585837, 295.43111124827965, 293.1313595725144, 298.6479510594463, 301.4245785501273, 295.05787983585844, 289.78946653051594, 296.18119291265594, 291.4460879854005, 285.26612759221797, 292.86506337172216, 278.0033038814898, 289.98264599628163, 282.4295221477202, 281.11315714210053, 275.32636394856127, 272.0442418616748, 272.8275319752144, 265.682881781841, 265.0784324463682, 265.9830974744304, 257.80796301257874, 243.20833953532843, 244.2034514283913, 240.0767375277366, 233.55057899423753, 228.16190082008015, 218.31317147032655, 217.1119242123957, 200.40116694025764, 193.03392737025743, 186.98430888000416, 181.64896589000296, 170.28284706967415, 161.17991819223172, 160.95337644751845, 153.3485705347884, 151.3487467542287, 129.65273130774955, 127.65001613447342, 123.71881860644069, 115.61305187430541, 115.96886150686618, 105.34296127578381, 94.17569100680801, 91.74928193490393, 79.96883588505679, 66.16511787121526, 61.922500391846675, 54.61307094915397, 43.43163142364497, 31.781124560296668, 27.567453289152724, 21.06086131264928, 13.800632778105221, 6.229027510873337, -1.5538424216565945], "speed_sensor_readings": [4.1316584977207, 1.3117319389648814, 2.7084700775277226, 7.94540891955654, -3.134042297595781, 5.749476859662464, 4.467208122777357, 7.262756680232392, 17.417736581049546, 12.30945862502773, 15.149770769209997, 14.651455099686721, 21.93082923008527, 18.986321273662746, 26.333570044999014, 34.09041108818977, 33.5951664055184, 36.88330011562903, 47.25593219244821, 49.28650229025277, 51.203622114635195, 50.13091013228911, 61.66314983890275, 61.90949429417218, 62.55788664747739, 71.39995360954708, 64.98537026607958, 74.74452517168982, 76.05156247229834, 82.84783045445279, 79.67135716250255, 78.00933300249844, 79.71571325962994, 78.20266629862859, 86.87564078328778, 82.3867851894225, 78.8025862888627, 81.32030161967513, 79.2165863385423, 71.91063590062438, 73.02208474182387, 58.31732499528386, 55.10424241944748, 61.02250354505907, 65.23338995074997, 74.39707045923129, 74.02138994918468, 79.42904902101827, 86.18460228723119, 94.04006950986633, 95.13598535224774, 108.84061581278705, 97.4405860598804, 100.4669579344688, 87.27371306745529, 81.3031384324442, 74.04438247378522, 77.54145518325633, 75.58212868988198, 0.4096474761668772], "angular_position_sensor_readings": [-0.1555249554923188, -0.7366990398683609, -0.01437468681895156, -0.19661706274555035, -0.1423868667299724, 0.790532766675573, 0.33216039617863347, 0.15118074232299514, 0.6096004976284987, -0.23784140521491431, -0.6332556996094385, -0.39011130558187734, -0.38769941006123154, 0.04412982718051836, -0.3878801391289878, 0.07243186295272797, 0.4453110935318895, -0.4687040935213451, -0.5972057078524553, -1.1045945833555662, -0.6891528550924934, -1.4328530184322457, -1.3872528614541189, -1.549642182200259, -1.038678573176343, -1.5154142390514849, -1.3913830871063522, -1.7358747165353299, -1.6764168982097063, -1.6599781523080055, -2.4951636078078305, -2.764859126434988, -2.6150003439230516, -2.7895536909918524, -3.5570161805431706, -3.899887976926428, -3.909910334003819, -3.8906256694493293, -4.571484274385426, -4.584501112551636, -5.310584347501029, -4.982889013273713, -5.560000094990182, -5.684092192072214, -7.257730878449615, -7.211460851850651, -7.153890778244054, -7.412502682940592, -7.415713529620169, -8.470412402639885, -9.14898220187153, -9.754437328615841, -10.758662286244672, -9.823088044077322, -10.49708392429531, -11.530890558426949, -12.397846845984475, -12.331295820014493, -13.198671798430645, -13.758068393968548],