{"position_x_true": [0.007366250856200156, 0.03885117424484019, 0.11329424434820924, 0.24972689448720886, 0.4674672339783795, 0.7862213215350844, 1.226193142175366, 1.8081948081799917, 2.5537807641921217, 3.489614359005797, 4.639807075706876, 6.021594931764836, 7.652958533303244, 9.547973179327064, 11.716384104252977, 14.167941344491481, 16.912391467959367, 19.959118777150284, 23.316447138114338, 26.990846709163343, 30.98744617923713, 35.308801861968846, 39.95383579752279, 44.91604459768596, 50.18191748468359, 55.73017247493923, 61.53103123407102, 67.54442394329284, 73.71507077637585, 79.94386865299846, 86.14078292243427, 92.25434500552869, 98.21888436742277, 103.95377229253263, 109.36636531537935, 114.35365353181777, 118.80933017184564, 122.76470470714477, 126.28480194286139, 129.37041456784902, 132.0447043292812, 134.3361757005237, 136.31706470362317, 138.10820731657526, 139.87943344361886, 141.8436380067623, 144.27088776906646, 147.4809222629386, 151.54419630985134, 156.21107337550262, 161.10276300549216, 165.9944526354817, 170.88614226547125, 175.7778318954608, 180.66952152545034, 185.56121115543988, 190.45290078542942, 195.34459041541896, 200.2362800454085, 205.12796967539805, 210.0196593053876, 214.91134893537713, 219.80303856536668], "position_y_true": [299.9508915807038, 299.80352693461595, 299.5575320546528, 299.2127657093914, 298.76911896620356, 298.2269616131834, 297.5870256191437, 296.849554480423, 296.0145129493154, 295.0781537739728, 294.03161678647, 292.8649739387732, 291.5682892190685, 290.1348989319713, 288.55968126591847, 286.83412023064557, 284.9474703364466, 282.88524826621045, 280.62851377334096, 278.15373101721235, 275.4354285258159, 272.444585971229, 269.14730861701867, 265.5047798185255, 261.4731207560093, 257.00528128794303, 252.05279824181503, 246.56690273361946, 240.49832702978827, 233.93609184064005, 226.9768260446721, 219.59041199358072, 211.75579090205454, 203.46609512787495, 194.73357497808186, 185.5975196701646, 176.1297942529733, 166.47026446007553, 156.76809835761944, 147.09476813811784, 137.53619712020972, 128.23180969484847, 119.3224113857233, 110.9383329889642, 103.18506423688746, 96.12784072479533, 89.777541838884, 84.06573565529924, 78.69209461583137, 73.33069945347458, 67.88435055014104, 62.33990164680749, 56.69735274347394, 50.95670384014039, 45.117954936806846, 39.1811060334733, 33.14615713013975, 27.0131082268062, 20.781959323472652, 14.452710420139104, 8.025361516805557, 1.4999126134720084, 0], "angular_position_true": [1.2391260668934683e-05, 5.795473493307851e-05, 0.0002162196204798546, 0.000518605298243586, 0.000992471846627894, 0.00156967994609881, 0.0021125872858873546, 0.002592549955894163, 0.0030427098621654187, 0.0025324673476424574, -0.000609510139748881, -0.008024568917359361, -0.021667562144324595, -0.04278555640451993, -0.07166525946969914, -0.10843718549203832, -0.15332358722974299, -0.20640440232857468, -0.26761918230015297, -0.33683830867643644, -0.41432764858346166, -0.5004892304452385, -0.5956489015328587, -0.7000371337273152, -0.8137145346710254, -0.9367099040906562, -1.0693367847014013, -1.2120630831120403, -1.3647871977607202, -1.5272541625817486, -1.6993748770665054, -1.8813869350033585, -2.0736475667678826, -2.276585754381987, -2.4908282722157202, -2.7168326521001154, -2.955260006369402, -3.206307627668619, -3.4698652858839614, -3.739534351159294, -4.008756287219193, -4.277700115338929, -4.546686394108708, -4.815935392747101, -5.085574245423167, -5.356067260779303, -5.629932231289605, -5.912199561688369, -6.207356416895462, -6.509344207906258, -6.810898853571887, -7.112453499237516, -7.4140081449031445, -7.715562790568773, -8.017117436234402, -8.318672081900031, -8.62022672756566, -8.921781373231289, -9.223336018896918, -9.524890664562546, -9.826445310228175, -10.127999955893804, -10.429554601559433], "angular_velocity_true": [], "altitude_sensor_readings": [301.43929708527736, 300.4308422301682, 308.084230799415, 297.40900946639556, 300.6185369441109, 302.4044594329412, 302.26348020924667, 295.8357031809748, 298.4151391168619, 295.6101447376629, 299.51510048011033, 301.43470760468296, 290.50965701473507, 290.267815246338, 290.2651112973339, 284.5511383318114, 284.19563511563786, 285.9367738888614, 276.34936309925774, 280.32074701678005, 275.483865892928, 270.2746420372243, 259.9974590367626, 260.4217149501859, 257.2190764297322, 259.416705497598, 249.2274448160067, 242.98809784066503, 247.7070259942383, 244.5999236430744, 218.49062104249396, 213.45812752590612, 212.55077764670992, 205.2021834318667, 201.5231030069948, 181.8981238425534, 169.19157537939446, 168.23762813596855, 152.83871149518896, 147.15760023749914, 141.16518368354232, 127.46674454149085, 119.13185575173732, 110.17619660848808, 104.74230132008464, 94.21957263135046, 80.53839860339517, 85.39482644837007, 82.66327142629815, 67.69976514426274, 75.1849887817929, 69.302339308764, 60.4390151487269, 51.0589631790841, 49.303625422135084, 42.62978257556402, 27.502078160194802, 36.600635009475276, 28.459656838837468, 19.819143497779848, 7.646677170950883, -3.052553592634128, -5.05830574189599], "speed_sensor_readings": [5.794774489326635, 5.046909228148769, 7.590075075573889, 4.7094899553800404, 2.6345749925287816, 4.005275377084274, 3.1298259811510016, 9.639612454151539, 9.819419004924638, 10.129955268012708, 19.83346437879278, 17.181104991861105, 21.132343664731227, 23.502682440138475, 28.004465842363896, 27.807430057668395, 32.86991692679791, 40.431966188244324, 39.5443224308209, 44.62088550328318, 52.43706632621108, 53.159919841351005, 57.19772030820025, 63.682203452321765, 70.95314910161, 75.69670094114704, 79.42495613195764, 83.7648866224421, 84.33132019297749, 97.90875359288056, 99.2935086367744, 91.50244526990241, 101.85060347477734, 106.11183356005256, 101.85583788458719, 105.39748125413152, 102.72511361928461, 104.64177971577965, 94.93133023201901, 99.91576357047192, 93.49949945791656, 99.71113303567873, 89.46719100963497, 83.59594395508321, 78.02338298697381, 66.67525162596861, 61.669119246057235, 66.26633950387226, 67.8601849259899, 70.13453192600504, 75.88007646421462, 72.34422456444243, 72.77652307032203, 75.80099618679165, 74.0593086345431, 77.80853709072738, 83.01768312931168, 75.49075464636233, 78.55856304894978, 71.38832692925908, 85.20665264714476, 84.50731406412825, 3.796909530278497], "angular_position_sensor_readings": [-0.14599907286877215, -0.4528965905544554, -0.28655151615782426, 0.6874387575638092, 0.33535974868677954, 0.20483369758585085, 0.28801802744764315, -0.05043188302394121, 0.2646781885992056, -0.3813167710437334, 0.2522750674342876, -0.24863362903921926, -0.14721018782607376, 0.0873262132955561, -0.019959657879048368, 0.8783352373077351, -0.639728127188073, -0.045139693096276384, 0.3085724122211863, -0.4422309014775531, -0.6694925779894559, -1.2581717758911277, -0.9682441574445462, -0.6180803541018034, -1.2649948052667752, -1.130822418640672, -1.5105553419003792, -2.096946645095906, -1.7721079526437247, -1.2747677495219254, -1.2074990636872887, -1.819843977189381, -2.174070658437186, -2.222154287751064, -2.156611955105765, -3.1164495455920562, -2.660547786899871, -3.7031531538387483, -3.5497504954792656, -4.032971792209148, -4.157203150180528, -4.451600845193593, -4.802059627049183, -4.431848196390678, -4.92897260979168, -5.613902917984681, -5.723178073316248, -5.878060962336587, -7.18688382683732, -6.535228070806877, -7.066751265646183, -6.8917240052357265, -7.6846491886552535, -7.84753767500129, -7.994115005066455, -8.006817042683334, -8.637952052885117, -8.784607468799342, -9.50817729926176, -9.43526302353445, -10.181300991126465, -10.148581860867818, -10.144717517099943],