{"position_x_true": [0.005893333051819863, 0.03678332091846659, 0.10756444312095338, 0.21104054614275167, 0.3516648846407635, 0.5561346755494713, 0.8358668493033986, 1.1723646820455573, 1.5623165374002697, 2.021204855956954, 2.5418779621683236, 3.1279920435580606, 3.8055697388066347, 4.587112827401482, 5.454559652697496, 6.4027822005238795, 7.447747665551228, 8.582254268267203, 9.807124693151534, 11.138050861387297, 12.567922878192979, 14.095714905291103, 15.740947089424564, 17.521157251590363, 19.450106929213945, 21.536991032438785, 23.787844159836546, 26.204375197790334, 28.782543578356766, 31.512184907269322, 34.37430913854134, 37.336183776014906, 40.3497370692519, 43.35492553977425, 46.28140106342453, 49.0515211607019, 51.58094156979696, 53.856369501549366, 55.87941310816262, 57.5911418579029, 58.93716018441836, 59.89883998932196, 60.5298152014171, 60.88397281985002, 60.98846256184997, 60.89795747553004, 60.70252593205937, 60.52473469362887, 60.502253781844246, 60.75108158696724, 61.34927578066092, 62.377953547764434, 63.90757506310036, 65.94523887771491, 68.41188840768754, 71.1318681459618, 73.83441630807098, 76.17548414419629, 77.7930712072788], "position_y_true": [299.9470524847396, 299.78415023102826, 299.5149223396523, 299.1432320798272, 298.6610581968205, 298.05969599099456, 297.34630311061693, 296.52888669842116, 295.5985696623773, 294.5576333012732, 293.40976047584024, 292.1450681922021, 290.75069187853245, 289.2306779035109, 287.593227275459, 285.82750678845235, 283.93157006317085, 281.9080074675509, 279.7429586024395, 277.4318077063282, 274.9774386574564, 272.3652111105909, 269.5697327207116, 266.5628865845673, 263.3191181163187, 259.8144030251258, 256.0210148820912, 251.9073592121873, 247.437743186881, 242.5734737828664, 237.27248309132983, 231.49921614477546, 225.22808795465772, 218.43872875097884, 211.11993201845294, 203.27233817825638, 194.91277994632048, 186.1644460735527, 177.15297014311565, 167.92078763244604, 158.53393145985865, 149.05552090510415, 139.55171390787407, 130.10178409678826, 120.79993415285934, 111.73921882104133, 102.9921407272868, 94.55303874214688, 86.38010779422528, 78.44812546095501, 70.66037740611176, 62.87593800740126, 54.933525273245536, 46.633209116046984, 37.7658882025371, 28.150476856878576, 17.67064143737714, 6.328839684195843, 0], "angular_position_true": [-0.0008176269382440751, -0.004082286074422824, -0.008937456708668724, -0.014570413083417007, -0.022646384825564365, -0.03478603716941326, -0.04939334221791009, -0.06490148182875313, -0.08298834423434492, -0.10287776679779678, -0.12379369916820238, -0.147472158302739, -0.17570903676032995, -0.2068470777012973, -0.23909596095448732, -0.27413828898332215, -0.3112687157694753, -0.3496002239155366, -0.3907697825593111, -0.43409560488375576, -0.4787918471686191, -0.5266749750188354, -0.5797483884986376, -0.6401100318522834, -0.7090038656721857, -0.7866269240615975, -0.8732367194889841, -0.9691585288028012, -1.0747689076864226, -1.1908032069429968, -1.318045982340664, -1.4571847056441527, -1.6085993963288676, -1.7723633859328682, -1.9485518553798964, -2.1376057233297767, -2.3402019308672695, -2.5560185674924014, -2.784923187266273, -3.027659435845711, -3.2847809121045928, -3.5513162477173306, -3.823125819055202, -4.1001402414259, -4.382906479697358, -4.672022339751262, -4.966418426856807, -5.266958055638787, -5.576444699343227, -5.894087665365435, -6.218372199320705, -6.552302731558793, -6.90010550620161, -7.266680178125892, -7.65511595476758, -8.066868868685564, -8.503352214506549, -8.966083439617936, -9.457015415463845], "angular_velocity_true": [], "altitude_sensor_readings": [298.09131166237773, 297.6818174258711, 302.59092873408497, 295.6845746608957, 295.40770565816086, 292.1894053505806, 300.6763489396987, 292.7795751627097, 295.57409268209847, 295.90658532723273, 292.20031325682874, 296.5411849854973, 284.26431912657824, 286.07381753646996, 283.8545925247251, 284.4988271037488, 277.46574053985444, 282.25718236740187, 279.8214575530779, 281.18415516068376, 273.3291722632078, 271.17852109814936, 267.2159009481967, 259.1259904709528, 266.1848242322897, 260.7266587335542, 260.6529423771104, 247.2460272642007, 250.96988504169246, 246.08722831499458, 235.64757793589015, 235.85554767562894, 229.49608413561322, 215.40367324241657, 213.92868776969812, 202.62890774645743, 196.30298851743012, 179.94378687318988, 182.79745346043597, 171.6937478056535, 154.1478275703814, 147.86263774825784, 147.07979547318877, 132.14237614786646, 122.8727143484959, 111.64115916544945, 96.81710520321532, 91.23264854164468, 82.4396222486341, 72.87109653241748, 74.47120032887821, 64.98451826596897, 52.20302891909898, 41.047992411050856, 37.029128029241214, 29.40020851799114, 25.504257539741396, 7.443872781120052, 1.9642016787238827], "speed_sensor_readings": [-0.014171864417257485, 6.551381909362797, 3.3185363615881966, 7.076915365527615, 7.400932310883639, 6.957148414901798, 6.387588391143854, 7.423785656028388, 12.560582045280155, 11.345646758603733, 12.863154909191715, 12.945685596139935, 15.184051955356592, 21.419374919304985, 23.398352939223173, 23.029697594974525, 22.564596577616484, 21.29994982915766, 23.531003587882168, 26.259120729534153, 22.626665822828258, 27.390227849282585, 35.332408086654446, 38.35132843762304, 39.398390885597166, 40.02164618604997, 44.9155725675977, 51.766526001228875, 51.57783015065955, 64.94792372035063, 61.15977759414205, 74.70569122760261, 72.9391378013615, 78.9516483520518, 81.7783904488806, 83.50288473390283, 86.77312063288674, 94.57625233642393, 93.96206927434983, 90.2921547465186, 100.50830709774283, 100.20155966475285, 94.32020439483681, 92.9263057116609, 91.67476604563099, 90.54780993633423, 89.76800990719326, 86.03725555196968, 80.35642939305288, 76.744259219829, 80.53961684120853, 82.89958716990138, 84.64485533919273, 88.41679033527429, 97.99750377582461, 104.15713027378276, 115.33146318499482, 119.73054563202803, 1.7829967948640708], "angular_position_sensor_readings": [0.21395610001657264, 0.47085323731824236, 0.30595628736218405, -0.21179336059764725, 0.17265028131313476, -0.39814537967831415, 0.17334141412786558, 0.4191443685159951, -0.6304325307173595, 0.22367836785477038, -0.2861549818115925, 0.02688079198082524, -0.492844625278657, -0.17913742607260755, -0.2973473385942755, -0.32578474562547555, -0.7844017062771562, -0.9678230114038168, 0.48117246129288777, -0.9009799079922086, -0.7407918497063719, -1.0691579241068383, -0.8085469397719236, -0.218698057736608, -0.3205355592544999, -1.401044278002105, -0.8302030218567797, -0.7981548632044884, -1.0078940033063895, -1.4970479137420856, -1.8027701229654678, -1.3220713425460362, -1.344018801154973, -1.2710826841017302, -1.466133436675855, -2.8017851670590064, -1.7243415606973116, -1.468002029757951, -2.544518173312391, -3.584403921378122, -2.9606372795697893, -3.467771765122207, -3.591457353683257, -3.8057891796737247, -4.652529032058466, -4.188970511750116, -4.730078395870178, -5.543974813301643, -6.007832010319977, -6.020766767412684, -6.2332588757670155, -5.279606280348938, -6.568691511204408, -7.055098982301547, -7.139279351666836, -8.180582038651728, -8.456386067253895, -8.132399443628833, -10.268850570635577],