{"position_x_true": [0.006187297906987754, 0.035033171592678075, 0.1072173844460074, 0.24359370093859642, 0.46115106419511864, 0.7686469134995386, 1.1706078434656964, 1.6717493143147002, 2.2767659598107337, 2.9902854455715024, 3.8173131737598545, 4.763084481895399, 5.83276152807536, 7.031700977807564, 8.365237540085722, 9.838557849808256, 11.45694086617945, 13.225895467895043, 15.150922662734391, 17.237521194712325, 19.49144446173029, 21.91854069906, 24.524677565293928, 27.3156553960257, 30.297308619973386, 33.47586813388643, 36.857569217306015, 40.44848517461375, 44.254838177489255, 48.28279897333892, 52.53851507476499, 57.02811428762289, 61.757093890740634, 66.73057409448009, 71.95408826920713, 77.43283484953349, 83.1707950808763, 89.17085811555472, 95.43577029815248, 101.9673403175193, 108.76511886377627, 115.82772356098818, 123.15244239230837, 130.73404823362344, 138.56568217014808, 146.63728121087112, 154.93514968259072, 163.44269777133152, 172.1393072774231, 180.9995976817509, 189.99375018653296, 199.08761596751611, 208.24092830884453, 217.40688048696495, 226.53297876308272, 235.56101278077023, 244.42860868345338, 253.0694216493252, 261.41072352678395, 269.3743909306536], "position_y_true": [299.94685671436446, 299.78736990339905, 299.5212924799521, 299.14820465021137, 298.6716860542649, 298.0950630100356, 297.41754836186846, 296.6385525589341, 295.75745469173245, 294.77350242581167, 293.68581142198275, 292.4930558322757, 291.1935828342493, 289.7857462213912, 288.2680564417724, 286.63913975623655, 284.89739293201376, 283.0409060816482, 281.0676110088086, 278.9747379216908, 276.75921808608996, 274.4182792519067, 271.9478348617985, 269.34342129672194, 266.60154678335823, 263.7190097524372, 260.6913300256227, 257.5132249944822, 254.17946009089545, 250.68351437425886, 247.01879415611475, 243.17807381792917, 239.1523026716089, 234.93157216806767, 230.50588859499052, 225.86407339746341, 220.99296331950026, 215.87794271458037, 210.5036929319008, 204.85304472484026, 198.90606624148614, 192.64271385213718, 186.04218196077153, 179.0814408013108, 171.7368631438098, 163.98322017944105, 155.79342072776097, 147.13991001423497, 137.99476940003498, 128.330084886456, 118.1182948170691, 107.33289517188976, 95.94910759752204, 83.94418434966572, 71.29868949916423, 57.998457276203126, 44.03434036518951, 29.403068383232842, 14.110171957967587, 0], "angular_position_true": [-0.0008410384301114235, -0.0033735711051623494, -0.007633210862722896, -0.01365649545660013, -0.020589745733966658, -0.027608530077564877, -0.03479570473722448, -0.04222665854246069, -0.04993496043766985, -0.057943686927499904, -0.06633737806147585, -0.075128209258579, -0.08424358564738094, -0.09363759620513523, -0.10337262897185562, -0.11355665399155941, -0.12426090349537652, -0.1355525327191654, -0.14751559438901898, -0.16019314763796605, -0.17352831296205928, -0.18754913631376624, -0.2022161551014879, -0.2175385604810179, -0.23370689590332858, -0.2509469265069728, -0.2694559657350599, -0.28944444924684765, -0.31108779357082866, -0.33442034323516834, -0.35959572925190714, -0.3867854992980275, -0.41598954530357407, -0.44724378920083974, -0.48083748884527666, -0.5170179734585634, -0.5558268574318587, -0.5973257257042476, -0.6417807749202823, -0.6894070681432055, -0.7400888509623834, -0.7938361005223624, -0.8507899094891482, -0.9109186029797605, -0.9744265321572738, -1.041451073724647, -1.1119860026297852, -1.1861565793674163, -1.2640881784630627, -1.3458801828017637, -1.4316347338301194, -1.5215632097073004, -1.61579863659867, -1.714244292141948, -1.8169170799645007, -1.9239451412106037, -2.035733595126723, -2.1532258672994966, -2.277293682998384, -2.4089021864549163], "angular_velocity_true": [], "altitude_sensor_readings": [298.64667494250733, 308.8627143142222, 302.638658997529, 300.1822995200943, 298.0466363960693, 302.5571845521779, 296.8856757465732, 298.128118566707, 296.58270491516487, 293.39421410124305, 298.25884457290357, 289.78037383540203, 294.7552834061966, 295.86071504329414, 285.4968845943383, 287.956374546553, 283.7586347481346, 284.24876069802554, 281.9740058560154, 280.6815635118745, 275.3527232902944, 276.1956675212331, 271.3157727793054, 270.7653104898395, 269.21114530314725, 262.1386199324998, 270.5577084736767, 248.7945049277909, 253.26673751338097, 251.0417902651567, 243.4875976501464, 240.14157151103203, 239.21114178252304, 237.83937891223087, 233.4235241220355, 225.02272803036163, 217.82146940793479, 208.05549111660883, 204.02706669451996, 203.69952043767495, 195.79388756507123, 195.73063177016616, 182.45431346275842, 183.903060243416, 178.86460862085335, 161.21960719998404, 157.22018617984796, 142.68986236078814, 139.10210160405703, 128.91528262141637, 117.09215966133755, 105.96206570131494, 98.61689677050924, 82.66483476648573, 72.36076682079546, 57.67697662636236, 41.268557585030024, 28.058353666602144, 22.244922155000502, -2.9032760372558406], "speed_sensor_readings": [3.6619982303669594, 1.005342388506984, 6.414224078192973, 7.964441342559649, 7.170459256475021, 6.667926651177388, 10.977154498518695, 10.410588082330493, 6.673267346707425, 10.701112150378545, 15.522909818739894, 18.36811261123791, 14.580736603147994, 16.759447370734662, 22.866438196311748, 25.07019094439955, 24.60927396765067, 27.99590825431379, 30.815530589444926, 29.437884417999506, 31.443292682652945, 37.22450364226036, 32.962540893105405, 38.88595999163497, 48.1814556468029, 39.616372698453716, 45.59999421308728, 42.648106037876204, 47.93145180923558, 53.59898921429895, 61.58811528572797, 57.79245045425335, 62.322097412495125, 65.53248453566344, 65.2358891555173, 79.836857651453, 75.25273426892399, 84.58732940235409, 82.63192339991942, 84.02383489419874, 88.42576388512357, 93.21625287488855, 98.7706466316649, 105.82198679070113, 109.13932966369111, 114.21143729718213, 122.97093539274215, 115.8431367195716, 128.19746133380397, 133.89495367099738, 137.06074664155602, 142.68756559928852, 144.1623792307572, 151.1634909168, 158.55003285320652, 166.55913792355489, 168.2594538953415, 170.5675237932883, 177.6169266726159, 4.632164637417897], "angular_position_sensor_readings": [-0.14398327924796073, 0.7175904192839446, 0.38509777776221543, 0.2866612509992909, 0.4393395977585791, -0.29108583046330927, 0.2621777831352485, -0.07777413957989653, -0.03196218995303689, -0.22315761564765726, -0.3284345642707387, -0.39967402507446653, -0.2105016086346775, 0.13373266815434803, -0.1561459406161983, -0.40015964387894126, -0.24344789398835068, 0.5070816654366568, -0.28831785027581036, 0.2833514216795939, -0.2418382906448625, 0.4225381771216853, -0.9296694451986534, 0.13941133084296356, -0.29972511560493914, -0.05105095840139595, 0.6019592766943489, -0.9743976647463909, -0.8582486394505224, -0.4861108618647667, -0.8433428066966226, -0.47560753147064366, -0.06404597927862038, -0.7694006342497093, -0.5385810485925656, -0.8806117037126306, 0.32616642116587735, -0.42446842040789645, -0.3452271612851547, -0.7391871853014643, -1.41275863369416, -0.9934503735057671, -0.8740253823693217, -1.1304210738312503, -1.1740870848463136, -0.5971022883078582, -1.5867434020406557, -1.1695299237468533, -2.060447448337347, -0.9050649112005411, -1.5704920995360052, -1.551972163020075, -1.304776246046583, -2.857807890297846, -1.205876184413241, -1.642301505070532, -2.282561913052072, -2.4530416383266407, -1.6507568432324755, -3.0440482512664273],