{"position_x_true": [0.0, 0.0, 0.0, 0.0, 0.0, 0.0, 0.0, 0.0, 0.0, 0.0, 0.0, 0.0, 0.0, 0.0, 0.0, 0.0, 0.0, 0.0, 0.0, 0.0, 0.0, 0.0, 0.0, 0.0, 0.0, 0.0, 0.0, 0.0, 0.0, 0.0, 0.0, 0.0, 0.0, 0.0, 0.0, 0.0, 0.0, 0.0, 0.0, 0.0, 0.0, 0.0, 0.0, 0.0, 0.0, 0.0, 0.0, 0.0, 0.0, 0.0, 0.0, 0.0, 0.0, 0.0, 0.0, 0.0, 0.0, 0.0, 0.0, 0.0, 0.0, 0.0, 0.0, 0.0, 0.0, 0.0, 0.0, 0.0, 0.0, 0.0, 0.0, 0.0, 0.0, 0.0, 0.0, 0.0, 0.0, 0.0, 0.0], "position_y_true": [299.95095, 299.80379999999997, 299.55854999999997, 299.2152, 298.77375, 298.2342, 297.59655, 296.8608, 296.02695, 295.095, 294.06495, 292.9368, 291.71055, 290.38620000000003, 288.96375, 287.4432, 285.82455, 284.1078, 282.29295, 280.38, 278.36895, 276.2598, 274.05255, 271.7472, 269.34375, 266.8422, 264.24255, 261.5448, 258.74895, 255.855, 252.86294999999998, 249.7728, 246.58454999999998, 243.29819999999998, 239.91374999999996, 236.43119999999996, 232.85054999999997, 229.17179999999996, 225.39494999999997, 221.51999999999995, 217.54694999999995, 213.47579999999994, 209.30654999999993, 205.03919999999994, 200.67374999999993, 196.21019999999993, 191.64854999999991, 186.9887999999999, 182.2309499999999, 177.3749999999999, 172.4209499999999, 167.36879999999988, 162.21854999999988, 156.97019999999986, 151.62374999999986, 146.17919999999987, 140.63654999999986, 134.99579999999986, 129.25694999999985, 123.41999999999985, 117.48494999999984, 111.45179999999984, 105.32054999999983, 99.09119999999982, 92.7637499999998, 86.3381999999998, 79.8145499999998, 73.19279999999979, 66.47294999999978, 59.654999999999774, 52.73894999999977, 45.72479999999976, 38.61254999999976, 31.402199999999752, 24.093749999999748, 16.687199999999745, 9.182549999999742, 1.5797999999997385, 0], "angular_position_true": [0.0, 0.0, 0.0, 0.0, 0.0, 0.0, 0.0, 0.0, 0.0, 0.0, 0.0, 0.0, 0.0, 0.0, 0.0, 0.0, 0.0, 0.0, 0.0, 0.0, 0.0, 0.0, 0.0, 0.0, 0.0, 0.0, 0.0, 0.0, 0.0, 0.0, 0.0, 0.0, 0.0, 0.0, 0.0, 0.0, 0.0, 0.0, 0.0, 0.0, 0.0, 0.0, 0.0, 0.0, 0.0, 0.0, 0.0, 0.0, 0.0, 0.0, 0.0, 0.0, 0.0, 0.0, 0.0, 0.0, 0.0, 0.0, 0.0, 0.0, 0.0, 0.0, 0.0, 0.0, 0.0, 0.0, 0.0, 0.0, 0.0, 0.0, 0.0, 0.0, 0.0, 0.0, 0.0, 0.0, 0.0, 0.0, 0.0], "angular_velocity_true": [], "altitude_sensor_readings": [300.7646863814948, 299.7200280736637, 302.2621932217079, 299.83915275339956, 296.3570081657691, 300.7279720672111, 300.75336763805905, 292.4527694465075, 295.7070281734499, 290.06418058430427, 291.22006777531846, 295.0075191275731, 296.6025204292733, 289.88252626993227, 290.81115903948927, 294.2084694495548, 287.91717151657457, 278.4101886301144, 286.0048746844783, 272.0701166919875, 277.68240099425094, 272.05885710368983, 268.7094290593694, 273.967539055098, 261.5634981197177, 269.1046395215842, 258.726861193803, 268.4256932049181, 262.6651158939697, 267.8152503820949, 262.4612039784227, 252.74684085486774, 250.71183428099454, 243.59477477006826, 242.61016359904346, 235.45636533160283, 235.18357169802198, 235.30421448442522, 226.5111328628268, 225.07967714706388, 208.69714571154697, 216.7320888350399, 207.7328399822356, 202.62198820355738, 202.94113722237995, 195.55406593889012, 190.34253850746876, 186.32358819669602, 188.3078572542306, 179.90246477297444, 180.36291338320953, 168.5298083751102, 165.99124519693223, 153.42091195922887, 158.70021927012047, 145.84892662268064, 135.87545895929873, 133.55113648433624, 126.5282786979346, 118.35127614091216, 118.59567378662611, 112.21934235422049, 104.25635451288466, 105.82926059445806, 87.44743297120355, 90.83937835071727, 77.12680619184408, 72.11339605809836, 65.76845624740078, 56.189369829387346, 60.42467261015876, 37.90234394935815, 34.13954542220183, 31.984262865931466, 29.720548515620894, 15.21297310435735, 12.429155580657927, -0.17454928280624693, -7.183623750205312], "speed_sensor_readings": [-0.6372673480432074, 2.0974066776372347, 3.1011589227430854, 9.011320130300883, 6.251559307498509, 9.041188725630672, 1.7258215752545114, 11.238755442727577, 6.8988361164389325, 13.42518357700827, 18.279482184691364, 10.570602008860263, 14.033707066428118, 16.50974769145437, 15.295612340705922, 10.175724549939194, 15.708034428829258, 21.216129050739788, 22.797757381298535, 24.612899408364477, 22.003663857898317, 24.595732230036774, 24.628377679959428, 26.045477406676067, 32.039104240393144, 21.327098916529977, 27.873590145999653, 25.65794133438208, 26.509960018380557, 27.06367604535437, 31.549060995668142, 33.23463457993545, 39.60743618218784, 34.56542834659725, 40.30019601642374, 35.32935890681304, 33.419503947988275, 33.94447675833246, 39.8148820273075, 40.48014248613839, 41.79826539840899, 42.87617911562052, 37.421395814848466, 44.69920117767929, 42.912534434068846, 45.820693156889135, 45.99076513193674, 47.937586768855695, 45.368458977981085, 46.23218260303024, 53.648671421386204, 50.18622687689837, 55.22451485897014, 59.961559317609826, 56.26032619424013, 51.61260814721011, 54.313234470014535, 54.70562076058331, 55.375783878078416, 63.102719460204646, 58.41163834551878, 61.39481052324578, 60.94521182272105, 57.34936661165018, 65.70184923704187, 66.86682925836736, 70.00699466608015, 66.77826263194777, 67.48912550626403, 69.89965869361049, 70.95887527648145, 66.5552259162667, 71.1670478543584, 72.54121870675893, 71.92984442045554, 75.4204709958039, 73.90845607433191, 76.80193053483117, -1.161031827556458], "angular_position_sensor_readings": [-0.10437401272829301, -0.28779512353847214, 0.13563543647030601, 0.33489649016517875, -0.0010583213393095758, -0.1626774607051371, -0.14734027408374914, -0.04243669050129613, 0.2686681638082035, 0.04613773276760852, 0.19272806345075177, -0.11308946883331057, -0.05377018883513307, 0.12253400744204401, -0.3533893012595226, -0.38508022413068166, 0.34221195406318006, 0.1513611440013648, 0.34328357395288456, -0.37657862626128397, -0.29954256596969653, 0.07905040905169237, -0.39953324160513737, 0.41980405782730545, -0.024422925589849678, 0.022370492445413306, 0.6498917589313361, 0.46137210774076487, -0.10917262811502576, -0.00402626612990663, -0.5467506559721832, -0.21572426823006566, 0.3737868706802499, 0.3871343335051874, -0.6217495709980195, -0.18800363970245426, 0.007447653165648356, 0.2955548597806659, -0.6977865065359588, -0.21329547074374655, -0.1255534773345675, 0.7432331813351913, 0.2304597144528473, 0.33708674811180533, -0.2718677398940492, 0.266712590827271, -0.45844551584929827, 0.3022129706800927, 0.07953722271358707, 0.16124624751742506, 0.5157903441776385, 0.15880370090025075, -0.19822884816536587, -0.1644564329564029, -0.30658733536373317, -0.10855365922826765, -0.3031530201632049, -0.07298534551600658, 0.5273792774254398, 0.19486459998752262, 0.7928838588004322, 0.42585127454739347, 0.41418715701601017, 0.8122924054523444, -0.44366203828984113, 0.23173907054965298, 0.2146634522443086, -0.5486833875857964, 0.09842509499109812, -0.21039559965003218, 0.6827983578408587, -0.37798681124357225, 0.042387730028224685, -0.3240467234879611, -0.4575879154080383, -0.33689237766556324, -0.5435668994748917, -0.6406314282703273, -0.24965021206079394],