{"position_x_true": [0.009852483617478338, 0.049304076737286706, 0.12633707945784706, 0.24901818201944548, 0.4332649572435032, 0.6910945554972583, 1.0183394708377072, 1.410710820125178, 1.8802869854368032, 2.439472185276607, 3.0829154447095046, 3.8049738056799036, 4.617848830491983, 5.53423547518105, 6.567213971788886, 7.70348378594628, 8.928984804991295, 10.25522528015042, 11.693608242941124, 13.255405782990351, 14.921499017636208, 16.67114154056138, 18.511759542071943, 20.44962293102048, 22.489262412501162, 24.62795923082279, 26.831626063037973, 29.070465813504143, 31.34255284998673, 33.64270577458964, 35.96297759639046, 38.28767463397071, 40.59402673082581, 42.85906665102943, 45.0594613968592, 47.1700604130263, 49.165623943366676, 51.02160399710242, 52.713173870339915, 54.215673762423975, 55.504975173729804, 56.557118599565584, 57.348267781185704, 57.8559483547604, 58.058825853131765, 57.93659467626311, 57.46983429623335, 56.6403241058281, 55.43121366412904, 53.82628617813937, 51.810275943276054, 49.36842664697495, 46.48598830088832, 43.14858479876962, 39.34181601298277, 35.05045219745841, 30.258524098125875], "position_y_true": [299.9509971729627, 299.8039852781724, 299.54728180236333, 299.169295873109, 298.6738030898777, 298.0678895301388, 297.34280713034207, 296.4893860366432, 295.51328508221513, 294.41941184684765, 293.1976689905279, 291.83713703450434, 290.34009642545135, 288.7075518132997, 286.93926966956593, 285.02081239195735, 282.9372908960843, 280.6858305686068, 278.2615510954005, 275.6574712543474, 272.8602927269253, 269.8566736437372, 266.63724137636996, 263.19045526955125, 259.5025272366504, 255.55959965874035, 251.3568033998722, 246.88914025576668, 242.14269312716175, 237.1022855923418, 231.75209717982935, 226.08045294127552, 220.08098510322841, 213.74912441316448, 207.08231609648757, 200.080631898919, 192.74620620513593, 185.08313496381592, 177.09769016553415, 168.79820409576377, 160.19483996145607, 151.30042651969504, 142.13036605934934, 132.70114446437097, 123.03096407852607, 113.13957448161544, 103.04814681918296, 92.77833757801663, 82.35115304978171, 71.78638809854016, 61.10128464073112, 50.315421657086034, 39.45171849971717, 28.53060372089601, 17.571999661928356, 6.59528870405356, 0], "angular_position_true": [2.0434943791455156e-06, 6.244327540133494e-06, -0.0024310762845794107, -0.009746070831027928, -0.021134944241910134, -0.03499672103837101, -0.05303769850358498, -0.07695592391318651, -0.10514171006627582, -0.13595697161311676, -0.17107331944730053, -0.2121300059903964, -0.2573837245119866, -0.3050931741677136, -0.3535777520042931, -0.405438862951996, -0.4632485397483289, -0.5252669094484058, -0.5897817899613742, -0.6550484804753958, -0.7236636060289666, -0.7982345780389912, -0.8769433458909752, -0.957938050873172, -1.0393297870961513, -1.1202319295075356, -1.2043684506779042, -1.2944460724744407, -1.3885309512137296, -1.4846445524992158, -1.5807989430016047, -1.6758596238590444, -1.769550338715896, -1.8617938673617422, -1.9525883714717887, -2.0417231521495465, -2.1291096513684185, -2.2147676717302645, -2.2986241700778143, -2.380652125222367, -2.460911101277497, -2.539279804499238, -2.6153985399943283, -2.6890362097373686, -2.7599459824177424, -2.8277564533778707, -2.8919939554047276, -2.9522544614397694, -3.0082839102126995, -3.060111389386596, -3.108306458720227, -3.153003850825018, -3.193741262817975, -3.2304084657632757, -3.2627969845089133, -3.290616021584337, -3.3138580934703206], "angular_velocity_true": [], "altitude_sensor_readings": [299.0786307516524, 301.58229211790194, 298.9468549152631, 299.91764339693424, 296.5582592223373, 302.98761892307186, 294.79632815349214, 296.7330070876527, 295.90283379434175, 295.1331696722687, 297.411565853333, 289.00649109769586, 295.075754934488, 278.98412117899306, 284.72519890952526, 285.619087678662, 283.50676748140734, 276.6318236503581, 280.06572210038667, 276.0880473025745, 272.12017780015896, 271.56502518101945, 262.6744394444209, 266.4508682712837, 264.1228679948571, 257.55707666761043, 250.5795345383348, 253.71361877782923, 239.93165561476835, 240.39652774268944, 232.10238668148656, 227.49935252351116, 220.55367437419696, 216.10105652046266, 210.76147991975856, 196.63055635758374, 197.39036874360778, 180.1271941841435, 176.29996096831653, 172.81302423890529, 162.9166780206306, 153.74011799617162, 137.64308486409374, 137.70560618474101, 121.92036400656909, 118.39366010712172, 101.63040479934374, 89.24136310167628, 81.29958510286566, 79.29539073580447, 67.54806159548764, 51.37509490638075, 35.90008573844385, 24.741253922575222, 19.01049470880252, 5.913187216410742, 0.7017831063846276], "speed_sensor_readings": [4.684510361234142, 1.7418145202056243, 3.7286011465224433, 7.230633519044296, 5.529011178734289, 8.871544405807912, 6.53714611469317, 11.890170192039486, 10.565151901174648, 15.914423686750236, 16.307544797308612, 17.07778035971416, 15.967356000857196, 19.21398954663278, 26.8841611380303, 24.68956176287815, 25.56122395769129, 27.71319299498252, 25.957958645171605, 28.47409064370327, 30.881520055257905, 37.88391555765324, 42.24437415746982, 38.75983180925989, 44.80889736180832, 41.774921341244, 42.6599614008734, 51.88681433802073, 53.64715749601894, 54.97032367147285, 56.7728009974888, 60.15306539767044, 63.73583632666036, 65.94613119965759, 67.88201102804067, 64.70788452158112, 72.34220908364574, 83.33720382197421, 83.97585987760444, 82.61390403520127, 87.14526349647471, 94.05905865296066, 91.29161800506913, 91.84623717254783, 100.44110959907732, 100.07752911773589, 104.61201448324454, 102.13779886360753, 109.3876803723294, 110.4636672401532, 108.41483029765493, 107.71094011317321, 111.3098861764252, 117.47090449384999, 106.94404825989372, 124.58157578897111, 0.5995812267151344], "angular_position_sensor_readings": [-0.20775694397300037, -0.40048107593083015, -0.5865002265933142, -0.2255004304159973, -0.04131462094190454, -0.035345073573948144, 0.07306143029718323, -0.07991988322555017, -0.12238792079851876, -0.10995144187817657, 0.36788021358487755, -0.5446605234127666, -0.5995973158487395, -0.9525134888009303, -0.502595850447158, 0.030215101849043136, 0.09024258773177496, -0.29715576662855603, 0.27294710854652193, -0.21319349988509018, -0.3888278644468401, -1.2199532846809535, -1.3063730916264014, -1.6480939882253245, -0.6025406087838396, -0.637027008286194, -1.0001101180431595, -1.6339952485049165, -1.5332633875317865, -1.3623271994730275, -1.9950956679884326, -1.957810164437298, -1.6675362368109703, -1.4389665442258945, -2.3679011695043886, -2.1789556981971328, -1.843738405919822, -2.5806970973022034, -2.282292997244516, -2.4001321490628538, -2.9701386507619145, -1.9839628914685181, -3.0387551119755107, -2.2429502570797073, -2.0943662174876208, -2.5440568142041715, -2.824527075071362, -2.417277276525265, -3.2670104311964803, -3.6586341041813464, -3.1428172309806843, -2.938705810294352, -2.6872940601846786, -2.3584474233792605, -3.2279532708350125, -2.8709849124186904, -3.1405861200690364],