{"position_x_true": [0.0, 0.0, 0.0, 0.0, 0.0, 0.0, 0.0, 0.0, 0.0, 0.0, 0.0, 0.0, 0.0, 0.0, 0.0, 0.0, 0.0, 0.0, 0.0, 0.0, 0.0, 0.0, 0.0, 0.0, 0.0, 0.0, 0.0, 0.0, 0.0, 0.0, 0.0, 0.0, 0.0, 0.0, 0.0, 0.0, 0.0, 0.0, 0.0, 0.0, 0.0, 0.0, 0.0, 0.0, 0.0, 0.0, 0.0, 0.0, 0.0, 0.0, 0.0, 0.0, 0.0, 0.0, 0.0, 0.0, 0.0, 0.0, 0.0, 0.0, 0.0, 0.0, 0.0, 0.0, 0.0, 0.0, 0.0, 0.0, 0.0, 0.0, 0.0, 0.0, 0.0, 0.0, 0.0, 0.0, 0.0, 0.0, 0.0], "position_y_true": [299.95095, 299.80379999999997, 299.55854999999997, 299.2152, 298.77375, 298.2342, 297.59655, 296.8608, 296.02695, 295.095, 294.06495, 292.9368, 291.71055, 290.38620000000003, 288.96375, 287.4432, 285.82455, 284.1078, 282.29295, 280.38, 278.36895, 276.2598, 274.05255, 271.7472, 269.34375, 266.8422, 264.24255, 261.5448, 258.74895, 255.855, 252.86294999999998, 249.7728, 246.58454999999998, 243.29819999999998, 239.91374999999996, 236.43119999999996, 232.85054999999997, 229.17179999999996, 225.39494999999997, 221.51999999999995, 217.54694999999995, 213.47579999999994, 209.30654999999993, 205.03919999999994, 200.67374999999993, 196.21019999999993, 191.64854999999991, 186.9887999999999, 182.2309499999999, 177.3749999999999, 172.4209499999999, 167.36879999999988, 162.21854999999988, 156.97019999999986, 151.62374999999986, 146.17919999999987, 140.63654999999986, 134.99579999999986, 129.25694999999985, 123.41999999999985, 117.48494999999984, 111.45179999999984, 105.32054999999983, 99.09119999999982, 92.7637499999998, 86.3381999999998, 79.8145499999998, 73.19279999999979, 66.47294999999978, 59.654999999999774, 52.73894999999977, 45.72479999999976, 38.61254999999976, 31.402199999999752, 24.093749999999748, 16.687199999999745, 9.182549999999742, 1.5797999999997385, 0], "angular_position_true": [0.0, 0.0, 0.0, 0.0, 0.0, 0.0, 0.0, 0.0, 0.0, 0.0, 0.0, 0.0, 0.0, 0.0, 0.0, 0.0, 0.0, 0.0, 0.0, 0.0, 0.0, 0.0, 0.0, 0.0, 0.0, 0.0, 0.0, 0.0, 0.0, 0.0, 0.0, 0.0, 0.0, 0.0, 0.0, 0.0, 0.0, 0.0, 0.0, 0.0, 0.0, 0.0, 0.0, 0.0, 0.0, 0.0, 0.0, 0.0, 0.0, 0.0, 0.0, 0.0, 0.0, 0.0, 0.0, 0.0, 0.0, 0.0, 0.0, 0.0, 0.0, 0.0, 0.0, 0.0, 0.0, 0.0, 0.0, 0.0, 0.0, 0.0, 0.0, 0.0, 0.0, 0.0, 0.0, 0.0, 0.0, 0.0, 0.0], "angular_velocity_true": [], "altitude_sensor_readings": [298.61584582558385, 302.56884227744405, 293.47750134008004, 303.8159424544791, 299.31638084297185, 295.48588756356855, 290.6427506436113, 299.5267438466069, 290.876629652848, 293.6143628172461, 288.82367915877524, 290.86479121110585, 287.73041318935816, 291.08293038141926, 288.9027723749549, 290.1677438780534, 285.1129411064518, 282.58266691391276, 282.9531555038663, 278.4111541326064, 278.0013940546933, 270.6636401910021, 272.9740334033854, 272.2432032039177, 268.7125057427081, 269.8353038284943, 254.71622309378682, 265.065121524856, 255.27770144665712, 253.78178512137458, 255.40897970949598, 251.36270227953284, 249.16442299545918, 241.67844678990303, 243.01960472886793, 236.45319772980076, 236.4005300264184, 233.90803926055253, 228.95282333247113, 220.53313677795438, 218.71404096978068, 214.09899722211406, 209.50693562811747, 210.9959795130734, 203.4209187531148, 196.78232762147314, 188.33605317999462, 183.16412799940187, 184.4112411104154, 174.49263683391146, 167.3401805492796, 163.85690242401355, 162.33686131307758, 154.7535321272575, 150.43603510449105, 144.66050647130723, 140.88784588736138, 133.89639311653482, 134.8488248671472, 124.8361168461363, 117.69695406981832, 103.60598681057081, 103.51104273927271, 99.20964048638362, 91.4285494827434, 87.86642142315615, 79.40836405180113, 61.74363131921396, 58.60166031707083, 58.749238743243, 57.30831744408254, 48.36438498294679, 40.37622419982151, 34.051263812038215, 17.50128140374388, 17.93790561673705, 17.056044884180775, 2.883392972265008, 1.3112460422935677], "speed_sensor_readings": [1.353921900039739, 2.469253624493424, 1.635572459664986, 4.547419654916742, 7.173434049090614, 11.321959902540216, 13.541871296706518, 4.702456413096357, 7.165145191080424, 8.506302823035146, 11.460131535572984, 8.676585687746329, 16.761802949299437, 16.52864096680644, 12.808682052230534, 16.46959253296833, 16.1562712990742, 19.71135034728713, 20.625827696871088, 22.674911162745023, 20.113227190848725, 18.75193839944845, 23.588520417554722, 20.070878261611917, 22.394763071409365, 23.53007794939628, 28.369205959466193, 32.30936700325623, 32.69239149738928, 28.626435624988282, 27.984942302060123, 33.2433821691376, 30.982633216823302, 36.44946639527555, 34.537035097512046, 34.97947927541965, 40.7137444473174, 39.36896625563772, 37.09985192484629, 43.504974013430065, 41.85639611913408, 39.70169888588828, 42.353188208987916, 44.92551790273283, 41.915245946122155, 40.50264333131503, 41.27165906294884, 44.48707717284258, 51.2671838299823, 45.006161059109324, 51.310333794419684, 52.88618139278919, 50.205072196504105, 55.27958068085556, 56.75513899952954, 56.92712281565088, 54.358592155350436, 55.0399246546291, 58.557631937420176, 59.461326407424856, 55.89692648609955, 58.79901804596331, 60.575628453560896, 63.21464880327468, 59.63958156250958, 62.8889633437646, 67.39202789991593, 63.402709908965505, 67.19749732418414, 73.46204075565427, 69.25492332988279, 73.38321736405368, 67.96630194928093, 68.5882365156024, 69.51100625352818, 78.94260081533525, 83.62218818062387, 76.79919273170175, 2.1118786001876426], "angular_position_sensor_readings": [0.2470345818812517, 0.8093439745113455, 0.41240093786678894, -0.19610459565567478, 0.054351446157837435, 0.21433679754079615, 0.06085127570507365, -0.13161726805560933, -0.13243890518053789, -0.02953084531484461, -0.13455656084955736, -0.006495318416378182, -0.2281490082737468, 0.3918905647259398, 0.1783658829107639, 0.07016274382929977, 0.3118541314074901, 0.5427440222624598, -0.1565161634697938, -0.027497771564108844, -0.1335596620368226, -0.18109871239246467, 0.2378823147509023, -0.42979402238280673, 0.7085539404446961, 0.6808339991433461, 0.0630903594386633, 0.3774890431970929, 0.290016062408787, -0.8727914052971664, -0.2485983333427565, -0.5485655774418497, -0.5579452895326508, 0.6757088463208691, 0.5070587767056177, -0.19013637688761914, 0.22558878084205178, -0.061190716174862485, -0.17654735535976246, -0.9039963586412374, -0.3128411725367114, -0.0033312080387187977, 0.1964923256223169, 0.5146054169978955, 0.5262506381448706, 0.36696246394327203, 0.26436450371844095, 0.6658544109730898, -0.1532296337044724, -0.20750662019115163, -0.3024986990212164, 0.40813348902482405, -0.22658967447540151, 0.14817989439332335, 0.16112476661039554, 0.16499438465352456, -0.03350808944863118, -0.12922018044921305, 0.28766706168074385, 0.6299782358238617, 0.27493610042688227, -0.27738158057764106, 0.1890696878850568, -0.12058992908179476, 0.6938865081228383, -0.01591770977859287, -0.06226343024577048, -0.21444638580823971, -0.38507877511456795, -0.7534366589863203, -0.34515650539039977, -0.02209241294755331, 0.263782009094293, -0.7268855425809748, -0.3367966203208294, -0.05631483136857356, -0.23277481418930274, 0.03790975886888645, -0.415819324952874],