{"position_x_true": [0.017177604690421112, 0.08606177995449968, 0.24133841419940208, 0.5182472415191439, 0.9449352931123886, 1.542326118099592, 2.332363716426949, 3.3381627367739024, 4.583762046042578, 6.094350773457897, 7.888314892767761, 9.97666617285382, 12.371010528204735, 15.0835515776499, 18.12740316117092, 21.51664176954883, 25.265984989498413, 29.39080437909165, 33.90744595275882, 38.833730295837704, 44.18861001400586, 49.992315756368654, 56.26708445979535, 63.03640402280182, 70.32517485386715, 78.16022393336839, 86.57002746791656, 95.58496384991068, 105.23746606036752, 115.56211465334569, 126.59648283291264, 138.38089181375938, 150.95943240104134, 164.3815838775294, 178.70093957369878, 193.97631773410845, 210.27257016545997, 227.29312574228896, 244.51071345903438, 261.7283011757798, 278.9458888925252, 296.1634766092706, 313.38106432601603, 330.59865204276144, 347.81623975950686, 365.03382747625227, 382.2514151929977, 399.4690029097431, 416.6865906264885, 433.9041783432339, 451.12176605997934, 468.33935377672475, 485.55694149347016, 502.7745292102156, 519.992116926961, 537.2097046437063, 554.4272923604517, 571.6448800771971, 588.8624677939424, 606.0800555106878, 623.2976432274331, 640.5152309441785, 657.7328186609238], "position_y_true": [299.95098348821847, 299.8040813251489, 299.55927441269716, 299.2164055525317, 298.7755827767519, 298.2370153780127, 297.6009495913612, 296.86830657866926, 296.03930167120336, 295.11376249509794, 294.09209331121724, 292.97392930293114, 291.7577617807713, 290.4413857466965, 289.02422488363595, 287.50564945795327, 285.8835849108631, 284.1551885184228, 282.3168239499929, 280.3646998315053, 278.29395893907474, 276.0985970496017, 273.77265013844027, 271.30880094581784, 268.69707856075996, 265.92477114405375, 262.97436681378093, 259.8225967354547, 256.44376648607204, 252.80833430018254, 248.88164876650475, 244.62362798814064, 239.9879698530131, 234.92409884278564, 229.37075225772253, 223.25445083229556, 216.48820882079946, 209.20256738529224, 201.6975346055623, 194.09440182583236, 186.39316904610243, 178.59383626637248, 170.69640348664254, 162.7008707069126, 154.60723792718267, 146.41550514745273, 138.1256723677228, 129.73773958799288, 121.25170680826294, 112.66757402853301, 103.98534124880308, 95.20500846907315, 86.32657568934322, 77.35004290961328, 68.27541012988335, 59.10267735015343, 49.8318445704235, 40.46291179069357, 30.99587901096364, 21.430746231233712, 11.767513451503785, 2.0061806717738584, 0], "angular_position_true": [-2.9461567712018207e-06, -5.655352633343827e-05, -0.00016377019036742943, -0.0002893297453979009, -0.0004407568243319403, -0.0006544567003774429, -0.0010303943656047969, -0.0018579466805582355, -0.003321378516063067, -0.005487091450533176, -0.00847526222497839, -0.012293802921572896, -0.016861196972553026, -0.021951425331173217, -0.02769639469417716, -0.03440816194099193, -0.04226555312846323, -0.051315244977035795, -0.06149740535663481, -0.07296593065029602, -0.08588482974878463, -0.1003804776249135, -0.11677734367095104, -0.13547963325278245, -0.15684492775704031, -0.18113390035508728, -0.20821742806125862, -0.2376946532027378, -0.26934960890378246, -0.3030178080371456, -0.3385334411701806, -0.37583618656291523, -0.4150401390397436, -0.45663164914550797, -0.5008823638845332, -0.5480438046991278, -0.5986365712243434, -0.6522546590443654, -0.7070693567887952, -0.761884054533225, -0.8166987522776549, -0.8715134500220847, -0.9263281477665145, -0.9811428455109443, -1.035957543255374, -1.0907722409998037, -1.1455869387442335, -1.2004016364886632, -1.2552163342330929, -1.3100310319775226, -1.3648457297219523, -1.419660427466382, -1.4744751252108117, -1.5292898229552414, -1.5841045206996711, -1.6389192184441008, -1.6937339161885305, -1.7485486139329602, -1.80336331167739, -1.8581780094218197, -1.9129927071662494, -1.967807404910679, -2.022622102655109], "angular_velocity_true": [], "altitude_sensor_readings": [298.7913250725431, 300.33763809521855, 299.69540439650524, 301.2451558291806, 297.5683651254826, 300.13576086511415, 296.83843792173025, 295.3587370598576, 292.26525188997584, 293.611261782544, 303.28190298307254, 285.8037785801535, 294.78772576828777, 295.6083062348562, 296.4493716457904, 285.73479391325844, 284.83035879321307, 291.1463667468836, 283.98634481043047, 281.7905224030567, 276.60187610305496, 278.18752847954823, 277.35040415936857, 272.823374002266, 268.943461830642, 266.57560229364617, 264.33770296626443, 256.3808991683742, 250.73917152569783, 247.31572107309114, 251.97741137702178, 245.32139904398596, 230.80724387391862, 231.1396357632682, 228.80238219608268, 229.78836871711002, 212.85405141069748, 204.68903359592497, 192.92872090384097, 195.40108471525502, 190.5203191181559, 177.94917088173958, 164.8181532945798, 162.7178683716672, 153.86738553493308, 146.1035961813124, 136.37293816759302, 124.90544799396122, 123.3542835008797, 118.49259954393796, 105.26872680028565, 95.52148843581587, 88.00728115860657, 77.29125701947387, 67.87714332670629, 63.646326841822344, 51.7419692598657, 38.2200958129581, 32.866000927193745, 17.712215292098687, 8.688263960195327, 0.3085251332555681, -3.7535913043902296], "speed_sensor_readings": [1.8181573722310636, 3.08756935522631, 4.446434233570193, 6.793903535609992, 4.653640772607968, 14.557272275519603, 8.744307717535174, 10.968911867403298, 17.10773967863903, 16.12695388530482, 23.355814814458284, 28.0857040324749, 32.93563226890295, 33.287999005522295, 37.75957846158663, 36.72789239734295, 41.467110859550935, 47.22342571261555, 48.06628623824923, 57.89319462425853, 60.02991709489302, 65.85616502000867, 69.11677437610486, 71.51791396981316, 80.04131276122777, 79.76463247919975, 97.69373295381965, 102.00950439455394, 106.16255238885715, 114.30059214846003, 118.52477719615312, 129.60784922181358, 143.19371916511545, 146.176997864217, 160.86079405804168, 173.26493733259062, 181.79103090572036, 190.87880600766562, 192.98436591404305, 185.00421770289006, 195.95064675700004, 188.378633777099, 193.23740845780736, 192.05500125641927, 194.09650143812223, 187.58859323620044, 191.1897773216508, 198.04383797155702, 193.6598266428307, 190.87223100561948, 194.29224712859147, 191.59731715804838, 194.99317389998853, 196.11097271717284, 197.52002233190055, 198.1163340746399, 199.8086811115186, 200.148487772764, 193.65783121339166, 199.0889107774895, 203.1415223181134, 190.27734028196483, -1.0644331724977063], "angular_position_sensor_readings": [0.13130972238441027, -0.021782066961898692, -0.42779840142077746, 0.2552921433532904, 0.237928192429831, -0.1408299022157473, -0.45716479068686494, -0.0221808792999274, 0.22936754643306193, -0.0013193322458922296, 0.3578279740849357, 0.5309834722273411, -0.0629470184025065, 0.35472262298176105, 0.1070153319009891, 0.4839228912175739, -0.2663326818198239, -0.2868862809627811, 0.058897370222268736, -0.07551248978605145, -0.22056571751353965, -0.26713031478629606, -0.005718877695622834, 0.22063387602081674, 0.06829811445389444, 0.4069970602137015, 0.608709370733684, -0.13919067101648985, -0.7363374642670288, 0.061971769858714, 0.45173566807953114, -0.5857309485384105, -0.8136233245088026, -0.32546590253082225, -0.49134576412400155, -0.4382690497120627, -0.28347525742294666, -0.49291945778133084, -0.6281954965438625, -0.8832819056627422, -1.4876950290505562, -0.12004993460555091, -0.27010430131986063, -0.7007662320371343, -1.7398660448661696, -1.1115774039538615, -1.2547366532193904, -1.4391810625942156, -1.327602272969341, -1.0214845774523051, -0.8601435495219296, -0.7139476273150763, -1.659412975751781, -1.1770566190422453, -1.5108695877362244, -2.1056524557242264, -1.741386947692417, -1.6252683281564722, -1.6769318735746488, -2.264011139875848, -2.742352790185684, -2.5457259213937213, -1.6088477706074442],