{"position_x_true": [0.005909962889323539, 0.021722671212838864, 0.05534663261069332, 0.12653152275947033, 0.25516646984041974, 0.4456962013841325, 0.6985164481876625, 1.025582004838781, 1.4389481604571592, 1.9508370873999121, 2.553268411259163, 3.238028046876898, 4.017363514852779, 4.903804573715262, 5.910148382821307, 7.026647793182995, 8.24330767120517, 9.572679742384224, 11.027707885829656, 12.62147249907142, 14.361933772412474, 16.251883691981043, 18.293914102530128, 20.490285916606574, 22.843164942644314, 25.35441347797989, 28.025497566824235, 30.85769525958861, 33.85188256572558, 37.00879887700283, 40.3288693185175, 43.81248954884008, 47.45990615672411, 51.27107287618372, 55.24515749928268, 59.38117166972548, 63.67798458070201, 68.13314492572832, 72.7445923807942, 77.51099854096707, 82.4308914662657, 87.50187343151477, 92.72043481090509, 98.08419854409279, 103.59170067789522, 109.23962271301457, 115.02353726875086, 120.94009845493612, 126.98569340762039, 133.15619114201203, 139.4475680842293, 145.85379840244357, 152.36817784997606, 158.98542678287598, 165.69846794457706, 172.4664402678558, 179.25449895443822, 186.0611605421186], "position_y_true": [299.9548442776416, 299.81548224693296, 299.5780597905929, 299.2426602246559, 298.80952826644335, 298.26312450335513, 297.5916509111865, 296.80280029144035, 295.9036615667768, 294.9007426195302, 293.7806291060344, 292.5294326179556, 291.15250090783667, 289.6547904734792, 288.0402638005393, 286.29405820247985, 284.40095729501644, 282.36276938194305, 280.18004375903854, 277.85182752076275, 275.3732876135527, 272.73590446342473, 269.930801392548, 266.9493255184025, 263.78309714756347, 260.42308786232286, 256.8595709325543, 253.08309552279744, 249.0840495373731, 244.8526792276061, 240.37857812253588, 235.65145862076633, 230.66126716212474, 225.39732684329314, 219.8484959764941, 214.00370439470967, 207.85144786862656, 201.37944774993917, 194.57561665400985, 187.42805690435867, 179.92488747839218, 172.0536740420564, 163.80103443266515, 155.1536852192127, 146.09864746785118, 136.62179272770769, 126.70821072637892, 116.34335563938998, 105.51223466069239, 94.19911219567362, 82.38797051408395, 70.06209131426867, 57.203716386835104, 43.79480418439917, 29.816632514242276, 15.273020743578613, 0.16295337545159505, 0], "angular_position_true": [0.000811359574920858, 0.002434890009255699, 0.004060494891250623, 0.005727995453948734, 0.007506454293795031, 0.006156928707517988, -0.0007833217857375896, -0.011638838703267491, -0.024712983800115287, -0.03828555496587916, -0.0549045897676699, -0.07710820728498669, -0.10311792808219938, -0.13119563823709585, -0.15956314657106294, -0.19088601352969597, -0.2277897172642857, -0.2683752703809741, -0.3108560719684194, -0.3534497507681115, -0.39521840384630386, -0.43611748271404727, -0.47609898851135807, -0.5151789340398277, -0.553491292814856, -0.5911047481805067, -0.628006712873991, -0.6642317783691257, -0.6997985608310398, -0.7346984366713912, -0.7688010068920302, -0.8020561832938048, -0.8345835145304584, -0.8664716021436318, -0.8976855835781165, -0.9282443376417783, -0.9582068649720192, -0.9874002406056107, -1.0157724221399096, -1.0434259934444632, -1.0704691350355295, -1.0969433014258847, -1.1227022660442498, -1.1478669258252376, -1.172766469568872, -1.1973569272271485, -1.221454300993396, -1.2451731826809282, -1.2687237866370753, -1.2922854845372147, -1.3160988849481428, -1.3401305563048422, -1.3643013190299966, -1.3890057291883215, -1.4144913271151889, -1.4462493974658106, -1.4885596144382578, -1.538793396629956], "angular_velocity_true": [], "altitude_sensor_readings": [293.9697593858135, 307.33737262555854, 294.6168783709383, 294.67276817108836, 296.9001212410619, 302.5367320084247, 302.3057748593603, 298.6685241522524, 290.66477480344093, 298.63783302120873, 289.16190827325744, 289.085636373563, 295.5188682117929, 289.89700317155183, 289.30355030684785, 292.1697778513977, 282.0934591158406, 276.4707113480863, 280.25175584812763, 279.9257315553085, 269.86186669792204, 271.6433842472145, 267.74281626706255, 270.5732843730261, 260.3246030307893, 268.02485142425473, 255.73031198076578, 250.46374162488226, 253.97664636173312, 241.2744278322093, 239.55590939629212, 233.46315301113978, 229.1727170915658, 223.35659997904284, 219.58117762594094, 214.91208728861642, 209.79519237025104, 205.29484064803663, 192.7952675882961, 185.61436555203412, 175.0035348782212, 166.71484476321427, 170.4331940601348, 150.66922434744717, 148.48178145734283, 135.01612194166606, 128.44996021706376, 120.01758298107785, 108.76572788765655, 93.56255446971232, 83.75886876718265, 68.41334048953313, 53.09057812359734, 41.76171700979455, 26.188629368414933, 15.903438141784699, 1.7796808750317068, -1.8212330153948293], "speed_sensor_readings": [5.321828796151897, 4.740766970843806, 3.784150899783572, 6.183726099742067, 4.820427275251972, 4.489575048112014, 6.200322855716995, 17.800439395059858, 9.138395960228536, 13.215522040825212, 14.041559509390547, 15.777093450713538, 13.444073422609133, 15.881575625888608, 20.01177398889134, 22.91462452643196, 22.239879106865914, 26.16119581463022, 26.64639686414396, 26.635489192409022, 33.69565241061077, 37.684080234832805, 36.15649069081862, 35.0500597063107, 38.56190095332456, 38.969838864959065, 47.14956987165553, 49.19619108890715, 52.26117818107799, 52.0867657825139, 57.2822352035899, 52.200273554843974, 66.59655313103974, 69.81606524395265, 67.36971066859168, 76.19855377979543, 74.71563090299243, 78.1488009063674, 83.96469336427465, 89.87226080384649, 88.26669034033269, 93.31761211342943, 98.2601030214654, 103.85674459264602, 103.78935072387917, 106.0944728306641, 114.62741188892855, 120.1488217016641, 126.22735339482524, 133.4582842874795, 140.8334130982911, 141.40767202370031, 146.93421352432978, 159.94107829349971, 160.22767952643437, 164.7327812106489, 166.6660188013993, -4.23509753727791], "angular_position_sensor_readings": [-0.2624891295404245, -0.33866616251351356, -0.0004699658739582115, -0.4115119809725241, -0.6896365564520047, 0.3508168737051058, -0.5628500061479299, 0.05033211916084541, 0.09161815726138596, 0.41782383404703966, -0.12961924644951814, 1.1538843627298065, -0.34286764387881374, -0.006585023228072362, 0.04183286808982464, -0.09992219992570345, -1.0029067513677938, -0.20235262633168605, -0.5252805299820218, 0.08866572081560037, 0.08326422355964386, -0.22298943349416017, -0.7155027516543112, -1.0409395975115185, -1.1093735899866348, -0.9412289190617842, -0.46516076915464044, -1.544174033894369, -0.5838527302178436, -0.31658046776821347, -0.49582199273132793, -1.19861618612592, -1.3025095251150263, -0.8932000243068601, -1.2611059776557727, -0.7598510627336427, -1.1581369615538681, -0.3373105606156489, -0.548495707376178, -1.4926877952347803, -1.0275226840559513, -1.416690883953284, -0.9536511671051344, -0.6593658500000237, -1.1845930782076866, -1.5885371682235376, -1.3608273898023064, -1.5740314037736394, -1.271916205554204, -0.9600160346538672, -1.29518437271734, -1.543884182514922, -1.431153857431077, -0.922118067002591, -0.8407258272051975, -1.4914883616585548, -1.364767903124419, -1.8938826743610218],