{"position_x_true": [0.00592040807501256, 0.029573725657325273, 0.09011368148849341, 0.21411167185638733, 0.4129611053462735, 0.7025252949609158, 1.1186637664126178, 1.6981365971883404, 2.4592587910798738, 3.416900459771076, 4.602203835165262, 6.0360138139882125, 7.732142416117005, 9.708854347577375, 11.972734834983177, 14.530786878207575, 17.39400412666781, 20.574281498835607, 24.08330762565302, 27.933320832037385, 32.13557974961002, 36.70163819644796, 41.64161641186401, 46.95752877185669, 52.65446624306068, 58.73429572646457, 65.1946912553942, 71.95048073041328, 78.90976455506309, 86.04938761543636, 93.33877092045871, 100.74025635259159, 108.20691239795511, 115.68430521234028, 123.11222024150157, 130.42054651169937, 137.5325350718081, 144.37153997446876, 150.8630586764945, 156.93846763713398, 162.54086978213093, 167.63575486306274, 172.22186851963556, 176.33921945908978, 180.07522156836683, 183.56733092270565, 186.97571875615853, 190.38167183063823, 193.78762490511792, 197.19357797959762, 200.59953105407732, 204.00548412855701, 207.4114372030367, 210.8173902775164, 214.2233433519961, 217.6292964264758, 221.0352495009555, 224.4412025754352, 227.8471556499149], "position_y_true": [299.95484121904246, 299.8233243136004, 299.6134055778279, 299.33327550574694, 298.9679206673471, 298.49910423764857, 297.92935031631896, 297.2615411148241, 296.48555155918496, 295.5957988418209, 294.60246310226927, 293.5003931927539, 292.2847138036561, 290.9630829079051, 289.52700200628743, 287.96622770256755, 286.27312007441174, 284.4395562623797, 282.4561149800466, 280.31024954889693, 277.985582353167, 275.4620365697135, 272.7171351024939, 269.718827015324, 266.4327910946353, 262.8204229303608, 258.8389357216445, 254.49777060510218, 249.81586680686203, 244.76435220277946, 239.31365753864068, 233.43658052211714, 227.10895650591644, 220.3126177046405, 213.03787581151573, 205.2861278934781, 197.07277820752512, 188.42978240073893, 179.4083487658741, 170.0815062525686, 160.5484206112966, 150.9300128680986, 141.36799864053137, 132.015120177493, 123.01519555906988, 114.49083889899373, 106.20907362241913, 97.85607629130683, 89.40497896019454, 80.85578162908224, 72.20848429796995, 63.46308696685765, 54.619589635745356, 45.677992304633065, 36.63829497352077, 27.500497642408483, 18.264600311296192, 8.930602980183902, 0], "angular_position_true": [0.0008075916327310448, 0.004040054013513851, 0.011329665535100022, 0.024339775709289985, 0.03983204956863643, 0.05378220571978559, 0.06626664382574912, 0.07747059911296049, 0.08497447635213877, 0.08704278244819612, 0.08564182556167381, 0.08025741997736234, 0.07001703611157166, 0.05662044461570738, 0.03909182258353841, 0.016536644991648305, -0.011001797922606308, -0.043686700983786686, -0.08192260481843526, -0.12603193477947838, -0.17625991513891995, -0.2327925150918272, -0.2960792330475269, -0.3675477254322056, -0.4471105505029284, -0.5348751047341321, -0.6311747004309982, -0.7365713725399816, -0.8518618811784813, -0.977301473286222, -1.1129275155658813, -1.2589760512518096, -1.4154815511553775, -1.5826469045749962, -1.7610728825103392, -1.9509450157414172, -2.152225873253856, -2.365378420960114, -2.5912329667995455, -2.8305879559674882, -3.0838073472633223, -3.3515141643883246, -3.634001053225683, -3.9312786817804244, -4.244306524855935, -4.574614876804822, -4.91386026993757, -5.2529660688932305, -5.592071867848891, -5.931177666804552, -6.270283465760213, -6.609389264715873, -6.948495063671534, -7.287600862627195, -7.626706661582856, -7.965812460538516, -8.304918259494178, -8.644024058449839, -8.9831298574055], "angular_velocity_true": [], "altitude_sensor_readings": [293.95543726491206, 304.0676510768206, 301.6633533501897, 297.54875028765235, 304.18235619799435, 304.26443610381386, 300.44768655062546, 304.5159039588997, 290.5303948372313, 296.02501454487026, 294.71950962248565, 297.0952994269837, 290.50156509621064, 291.65589459767693, 291.5833447788857, 291.59964211998425, 282.2602186213878, 280.7505105722108, 279.3291880082834, 275.3596790767534, 278.2612756957436, 272.9418814288449, 265.78003460987196, 270.57972401101904, 274.3198869332748, 268.650421943693, 262.9163981998326, 255.97935800019366, 248.25841548448585, 246.7098407113879, 238.33586444022617, 231.3389716006659, 225.73518966094812, 222.70342083056005, 210.07334363494897, 206.66210710541924, 193.9153031220014, 188.13031495896396, 182.6724081340447, 175.0876446647171, 164.31069500719076, 154.9371601659378, 134.86307949023535, 123.08636521748703, 121.22406538865309, 117.32709051573462, 104.1051304568578, 90.94209701440764, 86.32808509370781, 79.77936501606348, 74.41793955920241, 60.79176558689154, 52.795892794744226, 50.346050744507615, 38.198435458890984, 30.49405582569665, 15.476340420728592, 14.132172733860907, -3.093916122471001], "speed_sensor_readings": [-0.2897775057865636, 9.258081639779174, -1.8409490391024197, 3.8195922385392036, 2.170484513726291, 12.120219742399414, 14.05534360244648, 6.853214190773931, 8.424828200610696, 16.097130853636635, 13.544320958664231, 17.368686269730752, 28.692170181996993, 18.786166260013882, 23.340313567092036, 34.79526306773867, 35.493419812638564, 42.59632209942137, 42.72914813473115, 48.73580202207421, 56.53308433362666, 47.83323310417358, 57.17490321368846, 64.14448075003554, 70.30737113092256, 70.03637287902555, 78.91196450616998, 87.48124092834387, 84.12779491967162, 87.40316993786948, 95.24565772525774, 97.37381641639833, 94.72868929027187, 102.24728036526255, 104.84933319390895, 105.24920333102422, 117.44031142937058, 114.1019498550711, 111.62671956412193, 109.73463856504627, 106.82300681535764, 111.26885397021711, 101.74526570180734, 96.24240107759205, 96.06785676264946, 89.96510399693672, 93.06006521423838, 92.13501877547995, 99.7473762705468, 90.78415604145306, 89.44473725773264, 88.82087911125093, 98.52757741312614, 96.04726626597584, 97.77402961342715, 99.62598513793698, 102.81616665814558, 94.89973404244215, -2.4752141164251182], "angular_position_sensor_readings": [-0.049432845327269534, 0.11780868308453538, 0.159984217969863, -0.6566549516857328, -0.40454207467084086, 0.002270259353980196, 0.28791787253236517, -0.016770660295136713, 0.5053210553235099, 0.09837819373858313, -0.11564331048640027, 0.868532743066758, 0.42944442662999127, 0.44513042196043145, -0.05317283935172057, 0.46012181202683006, 0.13912097792105957, 0.11751700567001899, -0.19727435792178938, 0.13055262829096687, -1.0765266130513775, -0.20399113218121345, 0.12613931167337905, -0.6004149615790169, -0.07075078971084064, -0.6555422954091513, -0.7147100370101527, -1.0937991689538105, -0.7193488553825307, -1.7364475385850686, -1.1485867166590658, -0.600983998028953, -1.6098116968087086, -1.4482444176450797, -1.7606907614994238, -1.8471152050295823, -1.501049192726781, -1.9335420094709084, -2.213991451010339, -3.1900483078140947, -3.4697192385373783, -3.738387701446261, -3.316640714966286, -3.8077815758626197, -4.969799384987277, -4.189795015587225, -4.62043700508414, -4.873451997319895, -5.707033309433051, -6.083055475125121, -6.68657132467458, -6.3441779453423335, -6.906042245638296, -6.564619436425448, -7.476716000318156, -8.084887990822873, -8.054268377700469, -8.873179414099566, -8.98958428016256],