{"position_x_true": [0.009361561938845502, 0.046838429367365056, 0.13129045262563493, 0.2817773940382095, 0.5176386423982678, 0.8586034663767601, 1.3249281200066578, 1.9374860596751857, 2.717874514501959, 3.6886188551717463, 4.865263824327413, 6.256010233958034, 7.869375723454522, 9.714219596468087, 11.799771448083664, 14.135645633209732, 16.731841905991576, 19.598745437440645, 22.74707469000226, 26.18788278567764, 29.93262628183619, 33.99347077344359, 38.38279351149193, 43.11273047421541, 48.195566449468366, 53.64306511562318, 59.46590672512953, 65.6748535393016, 72.28007465699407, 79.28996774426459, 86.71155755402188, 94.55046303313827, 102.8110902788589, 111.49552744019306, 120.60640002219353, 130.14503409539975, 140.10428135472918, 150.4690877513923, 161.22209500428016, 172.34568278290666, 183.81433253453915, 195.50538923004942, 207.31047674539042, 219.21407885474167, 231.18326641707193, 243.15662388956451, 255.07598912685376, 266.9603105954358, 278.8446320640179, 290.7289535326, 302.61327500118205, 314.4975964697641, 326.3819179383462], "position_y_true": [299.95094901036936, 299.8038130638468, 299.55880646554044, 299.2163184096493, 298.7773336796383, 298.2432265147837, 297.6146931547095, 296.8921632638541, 296.07630144598664, 295.16736130687593, 294.16530102108254, 293.0690704367456, 291.87746562921353, 290.5894366363416, 289.2026281052597, 287.71351906747185, 286.1173752953185, 284.4076690807486, 282.5762441008555, 280.6145051372422, 278.51391912570864, 276.2676690418198, 273.866430563767, 271.29592679781786, 268.5403875914172, 265.5804280381777, 262.3916837958459, 258.9494864147335, 255.22748909757817, 251.1940213464203, 246.81431971545464, 242.05102118212187, 236.8641270351141, 231.20995695364522, 225.04416231320496, 218.31963098585325, 210.9795213364642, 202.95940938552948, 194.19195016476806, 184.60694070062945, 174.12651913255647, 162.86309831600386, 150.94693302691144, 138.31323574534667, 124.87624491916014, 110.5289012639038, 95.27910562105754, 79.5641734086226, 63.75114119618765, 47.84000898375271, 31.83077677131777, 15.723444558882825, 0], "angular_position_true": [2.0990959827372653e-07, -2.7685044283382023e-06, -5.4342988678252856e-05, -0.0002372549494668193, -0.0007615918592785098, -0.0019251391344826687, -0.003897707101104483, -0.006821421752515921, -0.010931293918174923, -0.016440544748219443, -0.02356370920530431, -0.03237815326755062, -0.04302523339449448, -0.055789465378475414, -0.07082205409942358, -0.08819679649730268, -0.10792403073718919, -0.12985973130139764, -0.15375591728912302, -0.1795045667905807, -0.20724208560741872, -0.2376852513316309, -0.27136836075247894, -0.3082450376252087, -0.34840574702233984, -0.391713037747753, -0.43758538875611, -0.48589259563034937, -0.5367010473914416, -0.5896440998824526, -0.6443598473481741, -0.7005931493142094, -0.7582361600905512, -0.8171290205995162, -0.8777727886715051, -0.9409714500123387, -1.0064263958542763, -1.0732225376225468, -1.1410059053201462, -1.2102764953871223, -1.281264160369777, -1.3543305151530516, -1.4277668457300492, -1.4996581933992108, -1.5704980595517555, -1.642882495239195, -1.7162900720563619, -1.788745183689848, -1.8612002953233342, -1.9336554069568204, -2.0061105185903068, -2.078565630223793, -2.151020741857279], "angular_velocity_true": [], "altitude_sensor_readings": [296.54498065581885, 297.8755540526465, 296.26315002385996, 293.99661177109715, 302.4052524229808, 300.964051191567, 294.6356528034462, 288.5784260189276, 297.0029832997422, 296.5086037024979, 289.1207085462655, 289.9866739391552, 290.3054776496005, 284.8451910817213, 295.3933910460595, 289.7319668775585, 285.3853478802187, 287.076985796754, 284.2655457203849, 273.0138639127157, 283.20300678453077, 269.6363039586554, 272.2308537309878, 271.2390941296697, 270.91785370008415, 270.166402740109, 261.70411971211263, 264.00749003075407, 258.50793379172734, 255.26620560044543, 247.88635706856437, 243.68341150819575, 235.08238934225574, 230.67085350383414, 226.03939837523492, 218.1176932706446, 213.46056215598196, 204.61793526952584, 200.13755839857023, 182.59945412775926, 179.64222574956077, 173.5825324553842, 144.4231127504565, 141.4839313063661, 127.72369775155374, 106.03184109845972, 99.2205739894858, 73.54676840280358, 57.05101273434598, 46.400295894939745, 35.203532191905516, 13.187371543730094, -3.2086374156145485], "speed_sensor_readings": [0.307431284459446, 3.085137547812452, 4.421518296019852, 5.050445136461708, 3.618126878791337, 11.219399657905264, 10.521915871614683, 8.654971668980323, 13.417743843368841, 16.853219012099228, 12.238156313818283, 16.453397094410327, 24.935022275250105, 20.711193934219505, 28.345884009985944, 26.444429329716908, 32.00175634335463, 35.567894421968724, 41.396864701934746, 42.33235549825953, 45.08030300168325, 46.86251720670921, 54.890078834283074, 52.67310514167302, 58.91054145633433, 61.67716449322089, 73.86715903779844, 77.42762435001389, 78.1233035392779, 92.83153345674853, 90.17686641969446, 96.71106414803877, 104.72325508736387, 111.4978622649229, 114.68682995482389, 120.86902426383965, 126.64903336037155, 130.1887326839464, 143.36801923904153, 152.9052019157296, 156.30564767706898, 163.68973750367778, 170.69112241338405, 180.9524476463315, 181.99544930062947, 190.14975453484487, 201.1244790015288, 195.62008298981561, 197.54047984332774, 201.07891413869734, 196.85444095305877, 198.65835526499316, 5.178047872570979], "angular_position_sensor_readings": [0.34321877695218644, -0.5201596061875002, 0.12545712389025673, 0.09948488405381554, 0.13888034708082486, 0.45403063508180336, -0.5607756470297128, 0.15498775659007907, -0.5467533122783724, 0.4079368985450067, -0.9330670869520642, -0.017892013175230703, -0.45077285041526105, -0.06010897172092908, -0.5891757715472339, -0.3413970784108349, -0.281180329340667, 0.02115965482659607, -0.7324988523516416, 0.7572957948963277, -0.5785186037820006, -0.6800377436764327, -0.20763100385914768, -0.21059989778576915, 0.055316415573496036, -0.00592349768749012, -0.01706494133680131, -0.5547912864324889, -0.688713155565974, -0.3274555523021968, -0.818081671012693, -1.0427578276363665, -0.8896134995401859, -0.49189553124955343, -0.7933337714677422, -0.5595346094132432, -0.934219343336049, -1.6743360405060326, -0.7663321997248438, -1.6541712268617144, -2.0193615969393535, -1.1837931580114454, -1.0576708299261803, -1.0986408369608323, -1.0724799654939754, -1.6256168043555659, -1.396953162132219, -1.925210955111733, -1.942888882069494, -1.374900899034452, -1.7387110888788406, -1.8327762290815444, -2.6352484683222084], "angular_velocity_sensor_readings": [0.5406248465225697, -0.4050740236075498, 0.6644074923141241, -0.26221534086396053, 0.24570450569742058, -0.5429051948319297, -0.2527824433630078, 0.1414900782662903, -0.5740721988068902, -0.23484138643898447, -0.1736200050898843, -0.6082222067002229, 0.7062384608608285, -0.13390430721195418, -0.2763791678725852, 0.08088480157889136, 0.03112232670021492, -0.3399268508638484, -0.20228711533215013, -0.36310161661937923, -0.21475452019290464, -1.132135464316392, -0.8417643885932073, -0.5349492492544102, -0.4515345293531639, -0.45928200360069876, -0.3888118732418688, -0.5156062818760471, -1.0612762862457048, 0.47630956470298935, -1.5360317308242029, -0.9989385945231237, -0.38963947464552007, -0.09320551290417578, -0.552223753603627, -0.47942754703453794, -0.6302753315448093, -1.0737747453690247, -1.0903292203843895, -0.24164781437978122, -0.6247215213265864, -0.40079749237555334, 0.13634030393195862, -0.8063219635870309, -0.8318512265864506, -1.594392310922957, -0.955850543360368, -0.691562356592043, -1.3230561950770616, -0.9536101473103028, -0.35594516126711523, -0.4300314348107502, -1.4434814111254761],