{"position_x_true": [0.0, 0.0, 0.0, 0.0, 0.0, 0.0, 0.0, 0.0, 0.0, 0.0, 0.0, 0.0, 0.0, 0.0, 0.0, 0.0, 0.0, 0.0, 0.0, 0.0, 0.0, 0.0, 0.0, 0.0, 0.0, 0.0, 0.0, 0.0, 0.0, 0.0, 0.0, 0.0, 0.0, 0.0, 0.0, 0.0, 0.0, 0.0, 0.0, 0.0, 0.0, 0.0, 0.0, 0.0, 0.0, 0.0, 0.0, 0.0, 0.0, 0.0, 0.0, 0.0, 0.0, 0.0, 0.0, 0.0, 0.0, 0.0, 0.0, 0.0, 0.0, 0.0, 0.0, 0.0, 0.0, 0.0, 0.0, 0.0, 0.0, 0.0, 0.0, 0.0, 0.0, 0.0, 0.0, 0.0, 0.0, 0.0, 0.0040878924176646035], "position_y_true": [299.95095, 299.80379999999997, 299.55854999999997, 299.2152, 298.77375, 298.2342, 297.59655, 296.8608, 296.02695, 295.095, 294.06495, 292.9368, 291.71055, 290.38620000000003, 288.96375, 287.4432, 285.82455, 284.1078, 282.29295, 280.38, 278.36895, 276.2598, 274.05255, 271.7472, 269.34375, 266.8422, 264.24255, 261.5448, 258.74895, 255.855, 252.86294999999998, 249.7728, 246.58454999999998, 243.29819999999998, 239.91374999999996, 236.43119999999996, 232.85054999999997, 229.17179999999996, 225.39494999999997, 221.51999999999995, 217.54694999999995, 213.47579999999994, 209.30654999999993, 205.03919999999994, 200.67374999999993, 196.21019999999993, 191.64854999999991, 186.9887999999999, 182.2309499999999, 177.3749999999999, 172.4209499999999, 167.36879999999988, 162.21854999999988, 156.97019999999986, 151.62374999999986, 146.17919999999987, 140.63654999999986, 134.99579999999986, 129.25694999999985, 123.41999999999985, 117.48494999999984, 111.45179999999984, 105.32054999999983, 99.09119999999982, 92.7637499999998, 86.3381999999998, 79.8145499999998, 73.19279999999979, 66.47294999999978, 59.654999999999774, 52.73894999999977, 45.72479999999976, 38.61254999999976, 31.402199999999752, 24.093749999999748, 16.687199999999745, 9.182549999999742, 1.5797999999997385, 0], "angular_position_true": [0.0, 0.0, 0.0, 0.0, 0.0, 0.0, 0.0, 0.0, 0.0, 0.0, 0.0, 0.0, 0.0, 0.0, 0.0, 0.0, 0.0, 0.0, 0.0, 0.0, 0.0, 0.0, 0.0, 0.0, 0.0, 0.0, 0.0, 0.0, 0.0, 0.0, 0.0, 0.0, 0.0, 0.0, 0.0, 0.0, 0.0, 0.0, 0.0, 0.0, 0.0, 0.0, 0.0, 0.0, 0.0, 0.0, 0.0, 0.0, 0.0, 0.0, 0.0, 0.0, 0.0, 0.0, 0.0, 0.0, 0.0, 0.0, 0.0, 0.0, 0.0, 0.0, 0.0, 0.0, 0.0, 0.0, 0.0, 0.0, 0.0, 0.0, 0.0, 0.0, 0.0, 0.0, 0.0, 0.0, 0.0, 0.0, -0.0008424027883215579], "angular_velocity_true": [], "altitude_sensor_readings": [307.3663970342148, 301.5110379481944, 303.17421833768685, 295.5458114763894, 295.17410574630946, 294.1449098896457, 294.39302046647464, 299.269568603012, 290.1750178890872, 297.5199465351644, 290.92412569347175, 293.7151036638096, 288.25265464609356, 290.5635888595387, 291.83058183775125, 280.79917277987374, 285.99334046231894, 291.6881955192236, 279.5718749978803, 276.85883762179844, 280.6770162200062, 271.2586587182022, 275.747259697244, 272.18219990632065, 266.87579819369, 267.98810705216283, 270.7341661583019, 260.73697662865413, 252.7142512417004, 256.98330169996666, 244.78981934491824, 249.83086162983307, 247.04611719527483, 238.6572781054661, 236.54371244729617, 239.49353865263913, 234.01699140395905, 231.40457957592048, 218.0341686056793, 222.73208875340265, 224.71001561803197, 219.17621179338644, 212.0379721987633, 204.721636026821, 200.69608374344833, 197.35529238746793, 186.5617269794137, 186.00770376749452, 178.78660318958399, 175.88656427153634, 164.62071212064387, 171.06061352442958, 163.86386021365055, 160.7303801555181, 145.30965545121288, 141.14441572615723, 138.27168628802403, 136.46810731383786, 122.31340328532956, 125.04862054808508, 116.02588312811127, 107.64190944486319, 106.00453600985705, 99.41989895812695, 93.13435994364215, 78.40312604607529, 78.97947610156262, 68.12442040320775, 64.82760032373618, 55.63045227179169, 45.874461582148804, 47.09523814667467, 36.42509598328869, 40.5048080960587, 21.58316826253433, 18.356522316828787, 6.902733242675293, -0.9756769868828745, 3.4979375213347947], "speed_sensor_readings": [2.7615791664907663, 1.931674984325439, 3.824926283040321, 5.398931514298418, 5.953536469781962, 3.3309569039639664, 1.9768544994448494, 6.348747467476752, 7.50389990005591, 7.173184456204428, 10.498089755100162, 12.805316527475371, 12.984127611841537, 14.363460445209093, 14.478260480524723, 18.74697995755315, 16.799022215992576, 16.43223619474624, 17.546632089331556, 12.833109844601754, 22.601280323617928, 19.350598003911532, 23.563392382215067, 27.06557558646185, 19.564961444955152, 26.6471690913557, 28.33596549658119, 27.738684641014252, 26.14238093028628, 25.73877492876264, 33.121702071599515, 33.41479870252838, 31.697040822118982, 28.207100299171547, 34.521506336125576, 33.82399459653206, 33.72043857185895, 32.923993066793976, 37.40537513039528, 39.68510539556499, 42.26392738383221, 43.37056964899777, 40.89907028108256, 45.191466709848, 48.40409067518563, 44.49984474369502, 44.91546038545427, 49.76471638534164, 44.635209446055526, 49.20195376328922, 51.62927915760838, 52.26039261856432, 51.33404386003983, 51.479327113802746, 49.19286696081289, 56.494423071029296, 57.7463130424334, 54.292454659124594, 61.97965857873319, 55.61117808625162, 52.40222480687818, 63.46512343693462, 57.627808754511236, 63.95973419401533, 69.15177456075402, 62.87661265694214, 66.32685063892444, 59.7626314055498, 68.4010070851488, 70.03716552449464, 67.95736264426073, 74.1478937241583, 70.08780419899291, 68.92177639098928, 67.64133924760118, 77.89778500408786, 78.30895989427378, 75.97683763744645, -4.257265148546828], "angular_position_sensor_readings": [0.550414107120062, -0.3240821180207255, 0.7796046866718409, 0.5396301151345003, 0.02634817850265885, -0.09282030638735767, 0.38488106585986787, 1.1492691625773306, 0.5584427250469295, -0.0957347709611662, -0.11730198161685956, 0.38884834548448355, -0.23857220675953716, -0.4229882762243839, -0.5545293953183229, -0.16905861493978175, 0.5721671765427161, -0.0909832543661604, -0.3813394004302042, 0.24990241426275228, -0.5927658086034644, 0.33650040723043095, 0.023091606315551703, 0.08983798162218884, 0.5779113574553756, 0.08270091792106068, -0.7691184764445854, -0.5211032494543199, -0.21410016577266525, -0.306632989294266, -0.06255485221854372, 0.29307576277839104, 0.3457402341864615, -0.39353354025429016, 0.8914207309102713, 0.5644947772899863, 0.27636352852876084, -0.08175685734601296, -0.17707579475253815, -0.03595795699878259, 0.42145556544326546, -0.08084856026011644, -0.3927356846113776, 0.05811562152156583, 0.13599804845102012, -0.5856312487339616, -0.14078399663655328, -0.31393715150051354, -0.502065657350833, 0.470423645900316, 0.12331054720527879, 0.5684692398406493, -0.7582441612098081, 0.0990440630422304, 0.3705576486548608, -0.005018315646222807, -0.14804626065067952, 0.32704647172134155, -0.046937951757800925, 0.28387097763209945, -0.1809670057979236, 0.06152708519746508, -0.01907784160057953, 0.7479342359515194, 0.3828580789989906, 0.27104765489296234, -0.08479763061419925, -0.4264516824997424, -0.06354552372953833, -0.3189841261258548, 0.4061828916596666, -0.0778914773110273, -0.11681809595552117, -0.6149294285119021, 0.1695774912238, 0.8027673117732163, -0.1799154241692759, -0.19106312189062818, -0.19116630555149194],