{"position_x_true": [0.0, 0.0, 0.0, 0.0, 0.0, 0.0, 0.0, 0.0, 0.0, 0.0, 0.0, 0.0, 0.0, 0.0, 0.0, 0.0, 0.0, 0.0, 0.0, 0.0, 0.0, 0.0, 0.0, 0.0, 0.0, 0.0, 0.0, 0.0, 0.0, 0.0, 0.0, 0.0, 0.0, 0.0, 0.0, 0.0, 0.0, 0.0, 0.0, 0.0, 0.0, 0.0, 0.0, 0.0, 0.0, 0.0, 0.0, 0.0, 0.0, 0.0, 0.0, 0.0, 0.0, 0.0, 0.0, 0.0, 0.0, 0.0, 0.0, 0.0, 0.0, 0.0, 0.0, 0.0, 0.0, 0.0, 0.0, 0.0, 0.0, 0.0, 0.0, 0.0, 0.0, 0.0, 0.0, 0.0, 0.0, 0.0, 0.0], "position_y_true": [299.95095, 299.80379999999997, 299.55854999999997, 299.2152, 298.77375, 298.2342, 297.59655, 296.8608, 296.02695, 295.095, 294.06495, 292.9368, 291.71055, 290.38620000000003, 288.96375, 287.4432, 285.82455, 284.1078, 282.29295, 280.38, 278.36895, 276.2598, 274.05255, 271.7472, 269.34375, 266.8422, 264.24255, 261.5448, 258.74895, 255.855, 252.86294999999998, 249.7728, 246.58454999999998, 243.29819999999998, 239.91374999999996, 236.43119999999996, 232.85054999999997, 229.17179999999996, 225.39494999999997, 221.51999999999995, 217.54694999999995, 213.47579999999994, 209.30654999999993, 205.03919999999994, 200.67374999999993, 196.21019999999993, 191.64854999999991, 186.9887999999999, 182.2309499999999, 177.3749999999999, 172.4209499999999, 167.36879999999988, 162.21854999999988, 156.97019999999986, 151.62374999999986, 146.17919999999987, 140.63654999999986, 134.99579999999986, 129.25694999999985, 123.41999999999985, 117.48494999999984, 111.45179999999984, 105.32054999999983, 99.09119999999982, 92.7637499999998, 86.3381999999998, 79.8145499999998, 73.19279999999979, 66.47294999999978, 59.654999999999774, 52.73894999999977, 45.72479999999976, 38.61254999999976, 31.402199999999752, 24.093749999999748, 16.687199999999745, 9.182549999999742, 1.5797999999997385, 0], "angular_position_true": [0.0, 0.0, 0.0, 0.0, 0.0, 0.0, 0.0, 0.0, 0.0, 0.0, 0.0, 0.0, 0.0, 0.0, 0.0, 0.0, 0.0, 0.0, 0.0, 0.0, 0.0, 0.0, 0.0, 0.0, 0.0, 0.0, 0.0, 0.0, 0.0, 0.0, 0.0, 0.0, 0.0, 0.0, 0.0, 0.0, 0.0, 0.0, 0.0, 0.0, 0.0, 0.0, 0.0, 0.0, 0.0, 0.0, 0.0, 0.0, 0.0, 0.0, 0.0, 0.0, 0.0, 0.0, 0.0, 0.0, 0.0, 0.0, 0.0, 0.0, 0.0, 0.0, 0.0, 0.0, 0.0, 0.0, 0.0, 0.0, 0.0, 0.0, 0.0, 0.0, 0.0, 0.0, 0.0, 0.0, 0.0, 0.0, 0.0], "angular_velocity_true": [], "altitude_sensor_readings": [300.4542385442886, 304.30308904423686, 298.58182384746624, 304.58656566422917, 295.95843046297585, 298.30816348625666, 300.95920795379965, 298.02921312372615, 297.3098381131936, 296.7117769928387, 296.28500273323164, 290.95073471972194, 281.2492202887039, 294.6098529546724, 284.1111996435693, 288.81823177975355, 287.3867924483969, 281.8020503866125, 283.33756367579804, 277.4761148964298, 270.2078019618546, 277.91421391469015, 272.4467578192558, 269.54338949180413, 266.19194854575034, 269.23025795512325, 268.40369439181126, 263.05036164340044, 261.2489378556837, 261.09332484851427, 254.06857582391845, 254.45555050282445, 252.15114032699822, 246.71452385097183, 233.63265252052116, 246.56868215814566, 233.59956782362568, 228.06730653233535, 227.58529575208414, 215.24055841131243, 219.07038736634166, 217.1253155793348, 206.91114539763868, 200.28116122593937, 194.31493069485, 193.95701674987012, 197.15572460973104, 189.48972213735115, 180.47657106757077, 178.88426008828964, 173.33907437000104, 166.79327126688653, 165.3499748910735, 160.76958552291532, 152.50391773083913, 141.91080094878058, 140.874495877251, 136.42651267303125, 127.5679834592133, 127.52677674922262, 121.39699684134814, 112.39548816432767, 108.32301188305443, 98.99753069255492, 90.38470940980112, 85.6707758648223, 83.97814269806588, 70.16695661993782, 68.92362420652913, 63.80542445695813, 51.14118408874467, 46.73068744796802, 41.2604710082155, 33.78954236396693, 17.39904992127618, 18.401384657006734, 13.884782693622414, 0.9339018074997366, -1.7355637666772292], "speed_sensor_readings": [0.9507125697495198, 0.4975264629375977, 3.875566198709404, -0.01920728603392341, 7.622588574647526, 6.786368845836251, 3.406373872438696, 8.311697151744616, 9.511561888998257, 13.695504907005546, 6.688657799102856, 9.24198599001642, 11.86413595826119, 19.331219956751028, 10.215048513278955, 17.138388194463598, 17.30154832715465, 20.65985883180341, 17.594462598113374, 21.081125729184524, 22.12420195680038, 22.96844464700166, 24.963894820327493, 20.71233610980321, 24.635632582997346, 21.890428965053992, 27.347312242077965, 27.461700405204812, 27.504770586917253, 27.957508617552154, 30.40747124887984, 33.37737487318042, 37.27049054397098, 32.12271112825248, 35.640828793961504, 36.96291021789177, 35.93758195503709, 41.92474764203496, 32.52969423292809, 39.017534868501286, 42.29446823550653, 39.501721394339995, 41.046529286038755, 43.78826638104013, 45.05411645157123, 48.22364960895599, 47.070297124211436, 50.10192557592189, 48.64212903125788, 46.29656857821074, 43.36966727925648, 54.500344840917016, 53.23172035757108, 48.47703807885929, 56.68751310248492, 55.070885634635665, 57.54092205273586, 55.28488141208924, 55.629200188893364, 59.73886363464324, 61.410238134431154, 60.06583490431746, 63.27708001413049, 68.2598444828793, 65.36960968729953, 63.13232133785704, 68.9764268430415, 70.80670769478911, 63.57560750917689, 69.67473152353652, 67.17285465100078, 77.81228975864367, 67.69867881166185, 71.44925910803978, 71.96685498402432, 72.14649747312899, 70.67585129183865, 71.09217448134864, 5.335974114618509], "angular_position_sensor_readings": [0.1715106530344225, -0.29843333572109315, 0.005366661676213182, -0.2777485919702238, -0.28101770514555513, 0.018473091468401523, 0.5829136544820696, 0.06892181379069239, -0.34852675373582237, 1.2904012989815552, 0.057235238600196504, -0.4829673684990355, -0.6984511283000767, -0.05305312629452061, -0.05838261302767, -0.12197107584620125, -0.2620277095438419, 0.2702399037391345, 0.7774464725513037, 0.37850123233466904, -0.06263854920876552, 0.4955186117114001, -0.37861535852746137, 0.12105570938057396, 0.35209653816482755, 0.06124058537121853, 0.12897433053755547, -0.21259386681703718, 0.39864420190774863, -0.7449170903448941, 0.841833513529908, 0.9528104299611094, -0.2585198834377631, 0.9991757496761636, -0.34106201396171726, 0.08779012263366918, 0.029629816576831332, -0.29580664194634515, -0.35247947839109756, 0.5508674810352341, -0.17889736379832266, -0.7044797838108642, -0.3627997388956965, 0.8995096588695161, -0.03854969382197432, -0.2955019316861017, -0.2897961433651175, 0.1552661024198959, 0.5157108630875425, -0.5509875525628458, -0.5303480592002133, -0.18143172723592957, -0.12402354740168371, -0.4800001634634968, -0.038798766071169576, 0.13852501351472898, -0.09186771228853469, 0.20058259703789136, 0.3213742362815292, -0.5473535469257388, 0.22352984330373574, -0.2860901021907797, -0.383654066374771, -0.06321374004560747, -0.20871328962143165, 0.07075169427115005, 0.11314841303719364, 0.18524733810531033, -0.2087783440278214, 0.5436701720605103, 0.20497402399864684, -0.3998190497556582, -0.02840711960861589, 0.14955004684757547, -0.16143539107416577, 0.3915138936392257, 0.060720013643121434, 0.6995515202644955, 0.463581881374814],