{"position_x_true": [0.013277442385372977, 0.06647513381877593, 0.1864194360849325, 0.4001263130117857, 0.7310615048994769, 1.1990624390238178, 1.824135177461654, 2.626487167064095, 3.626626012560469, 4.845303157721398, 6.294887266535649, 7.978512858979711, 9.897198551610133, 12.049887681168974, 14.432631258769796, 17.037038756279955, 19.849181988123274, 22.849345883239582, 26.009343196380676, 29.292453007003996, 32.653594686903375, 36.03749504653264, 39.37994871042061, 42.60709178454459, 45.638105204335034, 48.38935598635495, 50.77695256354725, 52.72075430352866, 54.15229688808687, 55.168641248715026, 55.89306347003902, 56.332498759120746, 56.52704589825282, 56.556711182374634, 56.546855838495446, 56.666664028062456, 57.11731659941797, 58.109305896281796, 59.82475118273767, 62.3723810402639, 65.7171357720352, 69.5144889163254, 73.34203778696501, 76.88648665416167, 79.81564057327763, 81.87231578369605, 83.30374476771837, 84.593730231358, 85.88371569499762, 87.17370115863724, 88.46368662227687, 89.75367208591649, 91.04365754955612, 92.33364301319574, 93.62362847683536], "position_y_true": [299.9471499110164, 299.7848435419726, 299.50545261548297, 299.10100223121145, 298.5666298886067, 297.8997012236455, 297.0961915980658, 296.14925452591064, 295.04852253447217, 293.7813076798812, 292.33177612045284, 290.68154720277715, 288.80979499350894, 286.6936750763923, 284.3081688780392, 281.62509527539595, 278.6134331499467, 275.24089501479256, 271.47404537137317, 267.28023312163583, 262.6304987021281, 257.5010797220831, 251.8764679765727, 245.7524871961044, 239.13981317337715, 232.06687607524694, 224.58284091274038, 216.76244341216642, 208.70813273995648, 200.55507180236006, 192.42421577391084, 184.4086640064107, 176.6098707418135, 169.12644051257317, 162.0381250312196, 155.38584663645344, 149.14748042130785, 143.21691211785375, 137.39451879416117, 131.3817218263089, 124.81586288199553, 117.53549006764217, 109.52193635163034, 100.7588236665107, 91.39798107530092, 81.77953650054648, 72.17115227700246, 62.544251635823564, 52.81925099464466, 42.996150353465765, 33.074949712286866, 23.05564907110797, 12.938248429929072, 2.7227477887501745, 0], "angular_position_true": [-0.0008306371538074613, -0.004157392478858278, -0.011673213659923236, -0.025157703263562044, -0.045591685634577946, -0.0730951378668963, -0.10797415214114232, -0.15048929228165314, -0.20075952284054366, -0.2591468009686537, -0.32580054553740906, -0.4006927097835818, -0.48393994518037087, -0.5758167712892133, -0.6767355854637398, -0.7870439542462005, -0.9069381410310106, -1.0367033730650106, -1.1764159526930968, -1.3261349929786936, -1.4861319885607271, -1.6566403009793569, -1.8380477549467842, -2.030585779082809, -2.2346336880354225, -2.450974706133894, -2.6805588915025353, -2.924135053618649, -3.182345529964712, -3.454039034661557, -3.737826002481992, -4.034166242668568, -4.343652735415027, -4.667040672606355, -5.005115252513353, -5.3585969363779204, -5.728328736815056, -6.115196585928547, -6.5208108871966814, -6.946713965517904, -7.3941937708729, -7.861734573245616, -8.34733792053557, -8.8522774869542, -9.378040054309333, -9.926311605940752, -10.486166541942668, -11.045825716017069, -11.60548489009147, -12.16514406416587, -12.724803238240272, -13.284462412314673, -13.844121586389074, -14.403780760463475, -14.963439934537876], "angular_velocity_true": [], "altitude_sensor_readings": [304.21839958128646, 299.37758872456294, 305.2077858370471, 299.5877221194175, 304.81600209351944, 298.38229499619695, 293.6660907097462, 290.9954218594852, 299.599798895649, 296.409861911241, 294.9174086743137, 284.9404510337729, 287.55285590072, 293.14939783494685, 280.2807730288291, 281.3243112865564, 281.6689665902768, 275.52481299333044, 275.89275153560146, 272.8802563865383, 268.58023516626764, 263.5976959448753, 251.43176548976322, 241.26491403629544, 234.66286082225017, 224.78164832842333, 234.10577775049464, 222.4878046659933, 218.818131968808, 207.09189644638823, 192.44636690591304, 190.10529060699272, 173.94306812265438, 167.60977221738085, 162.20987708892184, 153.40130319423182, 151.13835475949747, 145.22830167273142, 136.4482024292648, 126.68291575502633, 123.60884793885538, 115.01209011142052, 112.63511795132656, 96.48082076097998, 89.1080182639954, 88.24980815957875, 72.50136218610814, 63.99878536238872, 54.195709071630205, 43.570443820685036, 34.066104665565604, 23.494495555674913, 16.212137302205953, 11.772709169805797, 1.5729239643771955], "speed_sensor_readings": [2.651101018035339, -1.1207833114174046, 6.495598958086598, 6.541523652648957, 13.450167572759831, 7.963937613325701, 9.54765222037341, 18.733600798376575, 13.834638829075551, 18.72025550014093, 21.055666495118064, 22.65390326563492, 29.71804049422692, 37.525245085723476, 41.53327081965758, 38.0807626661798, 40.59831941187069, 52.36223242259679, 54.67796667155524, 53.94808305635278, 65.30419361490813, 60.409115312170485, 70.18673329252503, 71.22382967220763, 76.7766585891052, 74.24922062795015, 82.14050195530507, 84.03176840392018, 79.2098389483467, 74.70116006496329, 79.47815052179709, 85.09325711050835, 76.03702823005855, 70.91439274680766, 71.16282890713683, 61.998844722944725, 57.784738181451075, 60.34271017471055, 64.71799034393932, 68.53335897739052, 73.36136444619358, 80.20506686672665, 94.7600301804418, 98.28187612159954, 105.88229279130736, 104.68511101766606, 98.58533775411131, 96.603650797525, 98.82834049216079, 95.1326478101687, 97.88317938347733, 97.70165544609574, 105.5991772433471, 103.16114148414302, 4.525942605399196], "angular_position_sensor_readings": [-0.04097504217888119, 0.5712822688345128, -0.21376770777514256, -0.9880366322389053, 0.47564256514779313, -0.2935934891849357, -0.6266741532640483, -0.13919330148690962, -0.5844720017771771, 0.18683805450594765, -0.022306892559267988, -0.46869626949130533, -0.43381535561731843, -0.5555839962518423, -0.2860911067188284, -1.4430539817091828, -0.454948546782439, -1.1727739913347766, -1.5267882673421025, -1.6046811668442305, -1.0363261230703933, -1.7057649899365788, -2.160164840640672, -2.069431917512554, -2.376104021253696, -1.8454361973984108, -2.585549740361073, -3.4045800811910514, -2.8141027933176, -2.717885273204729, -4.232763440892242, -3.986536933974573, -4.821276294326815, -4.3188198522486205, -4.623043880164371, -4.795588248484572, -5.864196082783122, -7.069760111129096, -7.001067248115872, -6.795144912842896, -7.230182321464479, -8.162133382249605, -8.175376095209549, -8.537576162862901, -9.429752942257524, -10.039868702315172, -10.189609835727754, -10.991707804766886, -11.62997962398252, -11.82662145301285, -12.156304163142558, -13.758858145032026, -14.087697390771579, -14.204507110638938, -15.26562501362844], "angular_velocity_sensor_readings": [-0.5725347522361831, 0.0941958261008867, 0.5465210143321961, -0.000430833987255963, -0.43853527242567536, -0.4532716021566173, -0.41394195218361696, 0.33772549439371286, -0.24112350265578386, -0.9902731524674234, -1.1694210415648683, -1.2225715310778165, -1.5075403447352171, -1.1240230916992724, -0.7053665308295283, -0.7349456916296644, -0.4639993053366164, -0.8364128491380186, -2.123600012072848, -1.268830214944636, -2.208833818052706, -1.6798193037745404, -2.0054409700324496, -2.073717611937975, -1.7610805523088375, -2.4537136019402745, -1.9369733380648717, -2.2117884748015246, -3.872993689834355, -2.68471081990315, -2.9213720523634503, -3.3731844936828805, -2.932263853428064, -3.7722186039105043, -3.951950722505773, -2.8527475614347804, -3.6614589805144178, -3.6215646560363814, -4.480815232349949, -4.691151042023021, -4.549076121540783, -5.394793364570686, -5.522080266538568, -5.423680398089855, -4.873147018502326, -5.842318504417149, -6.740400900645845, -5.445201402724714, -5.68448665062476, -5.435988917021351, -5.79842617163225, -5.666707029419437, -5.275908994189081, -6.351894478930547, -5.776235406928555],