{"position_x_true": [0.009361416166430957, 0.04683779258535644, 0.13129058061961263, 0.28178136913804164, 0.5176706984144153, 0.8587242114123481, 1.3252178481210093, 1.938054400854249, 2.7188907925201304, 3.6902863660806795, 4.872095435304014, 6.281298513598088, 7.935592501755766, 9.853373496380534, 12.049271398660384, 14.533829640269005, 17.31756509162094, 20.410878673283726, 23.823865270994094, 27.565678277033726, 31.54587090861044, 35.67969236846452, 39.98580301637367, 44.48014518135135, 49.17417697087776, 54.07365431428079, 59.177297963813544, 64.42876565778852, 69.76719072383801, 75.17320105637992, 80.61618900282883, 86.05045412100665, 91.41543538329009, 96.66048283779033, 101.7360498053917, 106.5741065228247, 111.13134321302826, 115.36862927865485, 119.22804598918741, 122.70753051519357, 125.84104333075331, 128.64959542758064, 131.17580079247352, 133.5223354076603, 135.82530493677825, 138.22056795191062, 140.85064826141698, 143.84784665406627, 147.31391662891832, 151.29894129741785, 155.78300932367583, 160.66720925263527, 165.7764796026905, 170.8755181232989, 175.70301473555978, 180.02161719159272, 183.67060823880618, 186.61772978316668, 188.99445467664907, 191.09622472454947, 193.3315134556983], "position_y_true": [299.9510023748763, 299.80405184557065, 299.5589797000063, 299.21530599818107, 298.77269721168426, 298.2313211839574, 297.5913287951034, 296.8528901687552, 296.0156469529752, 295.07884941849807, 294.03913593910113, 292.8892642870655, 291.62095050921357, 290.2232930786959, 288.68695645668345, 287.0051333072964, 285.1683976427009, 283.16498450008623, 280.98042887255957, 278.5957177740167, 276.0156657886639, 273.24650578644537, 270.2663669332742, 267.0482962721491, 263.55933655863, 259.76035606689123, 255.6064615679757, 251.11177104286787, 246.2949860198717, 241.11677975838379, 235.5375882509472, 229.52010065323086, 223.0331832930118, 216.12778240217756, 208.86833381290805, 201.26322444034005, 193.36543650077851, 185.2477318511501, 176.97824869691462, 168.6440571109853, 160.33813781316613, 152.15990400570007, 144.21955971762983, 136.58340521372088, 129.27614685860306, 122.30663139733197, 115.63696856536788, 109.17796835897641, 102.79010559558405, 96.29607740276258, 89.49971913618502, 82.21202267266767, 74.28732634265947, 65.65645107539581, 56.354036743107315, 46.53090236522981, 36.44679920427435, 26.42810180357703, 16.80197715700578, 7.816006036525492, 0], "angular_position_true": [-1.1109184580482231e-05, -5.345331398090322e-05, -9.16019311575853e-05, -2.468850746200886e-05, 0.00021767859791977463, 0.0006031700652565219, 0.0011084332645143052, 0.001713139031724045, 0.0025148049129014205, 0.0037032503959483847, 0.004254970014416116, 0.002089337509338491, -0.00490179716400145, -0.018684775236101916, -0.040104726645154666, -0.06912008725687913, -0.10573517317613676, -0.1500968966696335, -0.20248081118411854, -0.26300599245843304, -0.3320764261578347, -0.41012426733342344, -0.4970828987064671, -0.5929702612194129, -0.6978657648802059, -0.8118907163635769, -0.9352080251507309, -1.0681779679179877, -1.2110615390542756, -1.3638643007943918, -1.5266389529781477, -1.6992506028626502, -1.8816737246722735, -2.0742974071203952, -2.2774707330831743, -2.491514710981289, -2.716697081436728, -2.9528009819842436, -3.1995788991706036, -3.4574953288646992, -3.727256645398263, -4.009255568147961, -4.303575520809399, -4.610224559369916, -4.929315070454195, -5.260956141597271, -5.605295599603598, -5.962419184012528, -6.332120278202644, -6.71436772433611, -7.109435107038879, -7.517478761726067, -7.938872041922273, -8.37390024583348, -8.822841802311505, -9.286591243873406, -9.765836195062121, -10.261456208308509, -10.774571131419435, -11.305689291291882, -11.855352039828668], "angular_velocity_true": [], "altitude_sensor_readings": [302.85935144030617, 301.2054320850822, 292.84295471742286, 301.34738131176624, 292.0740589125827, 300.6151696919727, 295.66683383841774, 308.5943437823115, 301.0141446433019, 294.77167654735536, 285.5681290221573, 295.59549453847904, 289.02868081238995, 283.691649155864, 283.13413437626997, 283.64456037347964, 281.67116433904977, 287.667167371792, 279.0920001634529, 278.5283573117981, 273.95198876347854, 270.80142036337026, 264.9980535522124, 270.740818532092, 264.2495828552478, 258.4837089536351, 254.4614910193645, 252.65800703253984, 246.02449212080955, 232.0129229979622, 229.3559942957482, 232.70119043296756, 230.13695976309677, 215.62945368908044, 204.2653976772802, 201.54531605470638, 193.7136914262631, 178.62376370963048, 167.26814212148017, 168.5780138281727, 155.14291522538048, 153.20556879642547, 145.93858382175225, 127.28429111028719, 133.29304934567764, 114.14935233261558, 117.40479298770863, 109.85565285664165, 96.73671114287319, 102.55485473245875, 91.7772181688456, 86.23803741154231, 74.16156726128258, 61.546693449862694, 46.53988307774526, 37.90432917767553, 37.2125705419957, 26.13334135739378, 17.181311566970493, 12.19188774228772, 13.307328367830856], "speed_sensor_readings": [2.89771561071787, 2.2824139332734505, 1.5186063629733986, 1.1796397045752727, 6.565586356732782, 5.271448098032222, 7.023365368182635, 9.793985838485597, 10.1041824614913, 17.373560785260437, 14.414328097888726, 21.982984703161097, 21.54695449714447, 23.519875389409194, 25.311138690400785, 35.83988835487247, 36.60135485324247, 41.59267941277821, 40.97803148792957, 48.72207197021935, 48.052851290071665, 50.90018132355252, 54.36580704739955, 56.81295344484887, 60.95529961951089, 67.41212969535678, 67.59785261020065, 71.04543760592664, 75.86262875075157, 82.44205036328727, 83.30447721633907, 84.80231251115225, 83.09461597464357, 85.52623562370263, 89.88415328813885, 95.14451188598153, 93.72563289081846, 84.14203669643912, 95.29511979378972, 91.33358352919795, 83.5424286902539, 82.2534160380821, 79.91761921432112, 74.27174637222129, 79.32960821426187, 71.82323654438956, 69.56736143103896, 65.63759205033043, 70.8970437058579, 83.65745840214319, 85.49913461609493, 87.61199596272301, 100.5582747809671, 103.01480761087188, 107.93574766533193, 108.63249040616402, 100.7861203568439, 99.13012825381365, 96.78922622054726, 87.30058352349747, 1.075220254321442], "angular_position_sensor_readings": [0.14145197157430872, -0.11406359551679518, -0.14991813092423925, 0.35660994951729447, -0.27603430359225234, -0.07359110217646773, -0.2527910417047441, 0.2497619792053593, 0.1123042145120346, 0.027438310697436314, 0.07339231830281945, -0.4231005646836982, -0.5600032486524582, -0.34887939891437264, 0.14423822311520026, -0.5529240255627716, -0.4988512068402816, 0.0006120940618948301, -0.0008750924362751489, -0.03809216063673426, -0.6540160652368712, -0.5017007777289026, -0.7359820847929819, -1.2830846426058033, -0.6924084465607752, -0.7180291848958584, -0.6464218734859466, -1.0745012352238412, -0.9562401412743411, -1.3552341078474983, -1.3756556703629323, -2.0750916759486087, -2.360871246205597, -2.286740304339363, -2.278990463446616, -2.2418186258881825, -2.6401348177960413, -3.0698063054131373, -3.032347726914596, -3.5487705461432317, -3.477362413836392, -3.8880688976082043, -4.376222141541422, -4.521351383504518, -5.101773021597347, -5.809865096774103, -6.432374683677107, -5.500768842500869, -6.247151941792231, -6.422483091242121, -7.526184921452697, -7.010587811412051, -7.898755365250059, -7.989499336334944, -9.25949244307453, -9.16334641054293, -9.86928412667422, -9.933759040151587, -11.129028199053066, -11.415190838753237, -12.015089894968341],