{"position_x_true": [0.007365541683780601, 0.036844780278115635, 0.10326509294262341, 0.22159549181573257, 0.4070135091096838, 0.6749854565067166, 1.041346854817495, 1.5223814939854625, 2.134894831167072, 2.8963148828398078, 3.816789256247244, 4.898870784759799, 6.145187802298183, 7.558468780138156, 9.141539341762076, 10.897344977033908, 12.828917820340767, 14.939395208243775, 17.232057745206603, 19.710306191845056, 22.377680107437886, 25.237842877615524, 28.29458469752796, 31.551845573382657, 35.01370588117105, 38.684371391667085, 42.56825377178542, 46.67000261007928, 50.9943984254986, 55.54624418723608, 60.33041034844067, 65.35189707901048, 70.61598702946937, 76.12819542393822, 81.89389868020743, 87.9183065703469, 94.2062582077506, 100.76262648550177, 107.59221097561662, 114.6997162268606, 122.0895893552043, 129.7655541011493, 137.73101215363548, 145.98673818537378, 154.53272138550446, 163.37045403850058, 172.5003529325184, 181.9233862234493, 191.639259326673, 201.6426114385736, 211.92662683743154, 222.49203339435851, 233.34299987255417, 244.47702728026377, 255.76515287965006, 267.1027194262219, 278.5309487517231, 290.0853450878805, 301.71063984604257, 313.3359346042046, 324.9612293623667, 336.58652412052874, 348.2118188786908, 359.83711363685285, 371.4624083950149, 383.08770315317696], "position_y_true": [299.95106772932996, 299.8045927102794, 299.56091102658314, 299.2204120567669, 298.7836173610971, 298.25083335038573, 297.6218658519377, 296.8953978846378, 296.070465086858, 295.14741673911163, 294.12598222913647, 293.00426841115797, 291.7805617330306, 290.4541972443914, 289.0247212597161, 287.4924838768682, 285.8572293114851, 284.11851893660736, 282.27694874845184, 280.33323229200744, 278.2895108166057, 276.14746357625063, 273.9070919457119, 271.5678065226957, 269.12755046513524, 266.58311360500363, 263.93282920995534, 261.1765478388581, 258.3123578621833, 255.33529446634603, 252.23929044566762, 249.01843160294337, 245.667663699645, 242.18214105422763, 238.55472588408244, 234.77639901326796, 230.83608022076487, 226.72239743633344, 222.42359381672196, 217.92708587660505, 213.21935269731011, 208.28475258280562, 203.10678154567296, 197.6642187086762, 191.93460947283566, 185.89809078117926, 179.53303085503055, 172.81788032369514, 165.7291840714557, 158.23782313213536, 150.31313568617605, 141.92185688249194, 133.02335043677, 123.5691249927759, 113.74887798951644, 103.76386636016365, 93.5823820815705, 83.17011263474234, 72.58480277715161, 61.90139291956088, 51.11988306197014, 40.24027320437941, 29.26256334678868, 18.18675348919795, 7.012843631607222, 0], "angular_position_true": [-2.4971454821372288e-05, -0.00016817904743057267, -0.0005015755072304852, -0.0011104112812720807, -0.0021125138956302426, -0.003588716052455819, -0.00552856461373192, -0.00770584298679742, -0.0099906209569715, -0.01254839136953464, -0.015418957515262012, -0.018307085628688335, -0.020965255381456174, -0.023362759079273935, -0.025507332576066535, -0.027562998165742675, -0.029568748749861148, -0.03152579578104634, -0.03364295897854457, -0.03615467964914068, -0.039585211838042866, -0.0443923283887623, -0.05075111499163736, -0.05878442164618394, -0.06840679286104911, -0.07939258943136744, -0.09188260086434566, -0.10637640832480093, -0.1231366016592155, -0.14197926442908373, -0.1626463713398905, -0.1850340169742589, -0.20931445267103038, -0.23582597134633623, -0.2646476145566066, -0.29569488063177135, -0.3287023166878441, -0.36353474853355466, -0.4001727223677366, -0.4386411558779377, -0.47900227554119496, -0.5211642657726571, -0.565111114891502, -0.6102306264273025, -0.655924315323221, -0.7022689148715302, -0.7492441701413534, -0.7970990141668782, -0.8460036100863167, -0.8953551939816958, -0.9445633080901092, -0.9938957609736662, -1.0437628401334016, -1.0938239083555372, -1.143872008511663, -1.19133077349569, -1.2307489772640063, -1.2571422943716375, -1.2759036159975286, -1.2946649376234196, -1.3134262592493107, -1.3321875808752017, -1.3509489025010928, -1.3697102241269838, -1.388471545752875, -1.407232867378766], "angular_velocity_true": [], "altitude_sensor_readings": [306.730504091631, 298.82058393639096, 304.6800337289732, 297.8166902311491, 297.77025626155967, 292.1448063963461, 301.2431228138646, 295.0277904614065, 290.3288995649517, 302.0379173816668, 293.51197178303823, 289.95566437407837, 293.2941595789413, 295.8509288733104, 291.21370075194153, 288.32226145112185, 286.0138022855747, 280.17924871005346, 285.6648742771257, 282.4173230046179, 279.8658107262681, 274.4915024171344, 277.61732894567024, 275.6788117605119, 266.8482973076904, 263.9176067411288, 267.7180793424464, 261.8927492411762, 261.26172528668013, 263.7296809833008, 251.6111028572085, 247.5652748321795, 248.56577683317784, 237.82119154161603, 240.0516134211887, 232.53416362953703, 224.75140192491057, 229.65746511136575, 216.5822720523349, 218.6419291993488, 217.43296834784553, 213.6975280875763, 205.68151020650149, 199.50864928551155, 192.88134863150464, 189.16075021248145, 180.87876452785457, 169.98086122636, 164.95852724498747, 154.9204485105793, 152.5346198161114, 143.4190314939633, 126.43786010196173, 120.90422506310225, 112.51352943371656, 102.63298254597666, 91.01161499610512, 87.23094611411985, 72.11146402654417, 61.846846255027984, 50.462966014680745, 33.773043901075084, 24.297657035224493, 26.18428924968744, 6.772987186661995, -2.979797518160293], "speed_sensor_readings": [3.625015249671269, -4.683280653293178, 6.1605222748785415, 7.05314584493564, 4.028678930127154, 6.915671497350184, 5.500703397096479, 15.671532686719853, 12.16498162728722, 14.592340478945163, 14.356462955400763, 20.0847665264221, 21.704418871455665, 17.417579675020633, 22.08851866962594, 23.915258222285168, 24.280413022245398, 27.30369186765903, 30.4600523963394, 31.070365977513113, 31.88532922133412, 37.99704004479446, 34.525188845336714, 38.36079423838177, 43.34807077514573, 41.957459971857006, 45.702168942415895, 48.90851931787835, 54.10637811448478, 56.30648015741423, 57.09209134790662, 60.23302839506687, 64.8920608561177, 66.29044764215146, 71.96978728945221, 73.05461295394524, 81.1279022507138, 87.97058045632474, 92.76175259057216, 87.9235567349771, 91.96012520820945, 92.77694290847867, 96.31622421804325, 101.65205852195449, 106.49634600090963, 110.7984691750482, 112.22273625970972, 120.6286162470317, 126.24000746039206, 119.95185036519077, 132.343111032513, 137.15712298579666, 142.94165472269125, 142.61012396667024, 148.6390430544822, 152.79200921065853, 153.41179782127685, 154.41761922831287, 158.14218118840895, 159.33077445792148, 157.65522832560384, 157.62535232290097, 159.71514808656832, 153.90509676052017, 162.84543864367524, 4.739024995042796],