{"position_x_true": [0.006145510013552069, 0.03483706965734447, 0.1066361772364652, 0.2422080096525932, 0.4422956335665844, 0.6865389289288857, 0.974600984240297, 1.3274264358070142, 1.7660749338079653, 2.2918960284161543, 2.901973458092736, 3.6090098612874137, 4.42589272887399, 5.365747105737225, 6.4211563608181, 7.584531828942964, 8.869208817848435, 10.289040882990202, 11.858231116512412, 13.567245100667026, 15.406080439688708, 17.388470778024658, 19.528677763190267, 21.84147179164346, 24.33633586251229, 27.016625958434915, 29.860131554823493, 32.8495170046172, 35.99684328747069, 39.31283056804352, 42.807372614948, 46.48284375145242, 50.33321791674355, 54.35075562874553, 58.52604695957151, 62.848167410392044, 67.30500432694994, 71.88319932148255, 76.56637074248171, 81.33609274861847, 86.17219821879794, 91.052936827098, 95.95504675671958, 100.85416028605856, 105.7246338877706, 110.53775019006261, 115.2648911015984, 119.87608322101273, 124.34118363360932, 128.63002574746778, 132.71230862927396, 136.5568854048515, 140.12960627270454, 143.39664543993646, 146.32347557201206, 148.87609605615575, 151.01989301397677, 152.71890535165352], "position_y_true": [299.9551054007277, 299.8206072295803, 299.596827974034, 299.2842707218372, 298.8625589161364, 298.33145879897444, 297.7118237574897, 297.0043412550868, 296.2101068594708, 295.3086885647455, 294.28347545579896, 293.1435291531076, 291.8974923827152, 290.5536711877269, 289.09792082815125, 287.51581672323863, 285.81459189680174, 284.0003303351016, 282.0777785314633, 280.03011418488336, 277.83985772703846, 275.50870531825785, 273.0363810721755, 270.42076080058234, 267.65484496190436, 264.72728467746447, 261.61620284810874, 258.3025893475082, 254.77855065208837, 251.0326450043971, 247.0507872787331, 242.81658152261605, 238.311922665029, 233.51859175518902, 228.4183134620219, 222.99297025077857, 217.22487832219977, 211.09694332413076, 204.59215666492904, 197.69380255883453, 190.3863189467109, 182.65514784251062, 174.48695841452346, 165.86991487095233, 156.79383466279612, 147.25002714737195, 137.2309188841124, 126.73079118754352, 115.74500005974997, 104.26996085735198, 92.30288246362898, 79.8426014529273, 66.89117187408154, 53.45152613210506, 39.528207172712584, 25.126215646024143, 10.251542455129458, 0], "angular_position_true": [0.0008447067349683396, 0.003391051259888614, 0.0076445992788113865, 0.013610035841158712, 0.0170358875280121, 0.01790347998649211, 0.020479574863693856, 0.02481470552007639, 0.030962351534768656, 0.03457143531612766, 0.03210618944413175, 0.025280997077298844, 0.015827669512404927, 0.005510383293938853, -0.008394712349889796, -0.02867884878319063, -0.053704930916227175, -0.0818535238256349, -0.11136778019094452, -0.14498183685288157, -0.1854974987563595, -0.23113477311917818, -0.28006941981234795, -0.3305108100602009, -0.3814822122119788, -0.43290131039643787, -0.48853007526429304, -0.5512467494789952, -0.6191866991857682, -0.6903028650972866, -0.7625389305245728, -0.8349221120911232, -0.9073728872378178, -0.9797429470969787, -1.051963501565912, -1.1239149730481983, -1.1956361923248917, -1.2674013720086779, -1.3392058404214795, -1.4109279339460121, -1.4823886751718376, -1.5534345812835209, -1.6239461666808344, -1.6938433532070196, -1.7630228608147713, -1.831083157588975, -1.8979207071236566, -1.9633201365034756, -2.027123121720197, -2.0893078126915237, -2.1501119227822074, -2.2097704483272027, -2.267918498031783, -2.3244510773707914, -2.3793379012631557, -2.43273784417892, -2.484771129451221, -2.5356200396624966], "angular_velocity_true": [], "altitude_sensor_readings": [302.07674460871664, 300.93650541863775, 303.7813226257867, 296.9357833931463, 303.02279954898773, 300.70000926460006, 293.9417585312507, 290.2466899449982, 301.88086111537893, 294.63873030556357, 299.4488231942794, 296.8067772508769, 286.10806733833795, 290.3046448482617, 290.1306542632425, 289.26511712469863, 283.5668504178697, 278.0506202833412, 280.2721569200678, 281.2559713917774, 276.4419163370917, 279.52642668202253, 274.959831882847, 278.0009560763446, 267.768155337274, 264.52874623721425, 267.9886127303978, 264.0569387826846, 255.43665346390952, 249.3923917517119, 242.33708636066473, 246.0358700925089, 243.68843365988914, 237.7216254991907, 234.73119367140197, 224.6216368571091, 218.79847550970965, 211.9575297157413, 208.5728583255953, 196.44840485846044, 194.14712381940726, 179.877922563475, 179.9093562520288, 173.23944577225632, 147.57268993902906, 146.2451426711609, 139.51375010878843, 119.50957972393047, 117.54807549091522, 99.350950705055, 97.35868408059115, 78.17779019178069, 68.10882515409367, 51.40237221516687, 44.65376832263316, 27.91727541081197, 6.985748158375193, 4.767081605310273], "speed_sensor_readings": [6.001513485148334, -0.8801860145544957, 1.5994579571420122, 5.4911776632736204, 7.239417262624621, 7.094924690190204, 10.496681661293715, 8.739452533436923, 10.647253634411747, 8.05627962203987, 9.696131771633773, 13.950298901118439, 20.9304851033506, 22.101476349924432, 26.454631190987786, 26.45955984205517, 17.205805958339102, 26.550767461623554, 30.124852333611987, 28.790963679962477, 29.115420480335494, 31.90341023425204, 31.27611141177717, 30.95987905217931, 34.76903888995122, 44.05678163217997, 40.04396253079665, 42.301625180848575, 50.93190876901525, 54.02592208890023, 55.95156113770344, 60.944451524937506, 63.973233392520676, 61.215917564236975, 69.84897469703694, 72.56653226030524, 84.67030356376047, 74.49824747983736, 79.33300887798582, 87.17296837737285, 86.87807817313457, 93.03478341199937, 97.68235198665144, 103.7322192051429, 110.72927945695069, 109.76757705847729, 117.3654073463177, 114.52404774277969, 124.35486795618019, 122.49561534033802, 133.1730028896266, 128.16927260125394, 132.5060295142495, 140.23018459395726, 143.89464976488784, 150.33581041222152, 155.0930447110434, -1.4944990359278094], "angular_position_sensor_readings": [-0.4144867301718403, 0.29659577606163445, 0.7060668586042992, -0.2455667881600634, -0.6170289621205364, 0.23669360033900674, 0.00899727456087522, 0.7812189766701229, 0.20076610548531043, 0.47325375475074755, 0.28679672264407685, 0.37037528033824313, 0.015460779053269532, -0.05227312835194117, 0.9925524466179774, -0.21915926446811645, -0.3738168141065898, -0.12878890005270893, -0.1009413285158492, -0.2268528417271684, -0.6677592585699723, -0.050686555024912705, -0.18552329994969952, -0.3023702197557174, -0.16948863415026016, -0.05611690302095074, -0.10797123823347426, -0.23741093124374524, -0.42516296016692157, -0.9646373241890411, -1.6617648310744146, -0.9982771354882326, -0.8966315587023665, -1.2434736490206855, -1.2028988868440125, -1.7600527926867457, -0.6588297396866812, -1.17036453049108, -2.008382118703083, -1.4922116674843613, -1.6500508516868178, -1.385530845824741, -1.2188031459813158, -1.2858188233064611, -1.5025805229467346, -1.442553464707896, -2.5746764880270576, -1.64590337443407, -1.699465326408676, -2.3519792455834203, -1.355757206293509, -2.0196600108446843, -2.4549585422000164, -1.9697218982881406, -2.5021973564359015, -1.820377366404319, -2.4582711746366197, -2.710572256613406],