{"position_x_true": [0.006166253917911728, 0.030834653209038984, 0.08638880525542343, 0.18917193233605806, 0.35555022854520935, 0.5982420040653041, 0.9303778439406415, 1.3610066897689475, 1.8948356130560864, 2.536640253632787, 3.2912678714719985, 4.163398975268772, 5.157754726801346, 6.27910442787372, 7.53212217868573, 8.921721908399125, 10.452944408382427, 12.13050028017147, 13.958931871086143, 15.942643780946675, 18.08614545724676, 20.39409726229757, 22.871111987337716, 25.521662122265454, 28.350459469591353, 31.362347529998726, 34.56206620566644, 37.954362824978475, 41.543701387504605, 45.33484445387854, 49.33242387603849, 53.54093956647651, 57.96549106846247, 62.6112524652696, 67.48402957431783, 72.59010029682503, 77.9358301389811, 83.5281054197159, 89.37409626211745, 95.48183878955426, 101.86016982052699, 108.519500848737, 115.4719858176194, 122.73103272178744, 130.31132613652804, 138.22736215071754, 146.4946189029783, 155.1302652104943, 164.15254100693227, 173.5796307053031, 183.43038852132148, 193.72590476461195, 204.48817119857665, 215.73994492525242, 227.50467673601395, 239.8076201140735, 252.67571581542444, 266.1364832470814, 280.21841183902717, 294.9521236999232], "position_y_true": [299.9468453423095, 299.783245974155, 299.50092011917036, 299.0953306292393, 298.5695743612475, 297.93046251348744, 297.1842026961945, 296.3323176386996, 295.3722656910108, 294.3016807500744, 293.118001551621, 291.81851324096385, 290.4002515982547, 288.85985831009344, 287.1938792244474, 285.39876737021535, 283.4707159775639, 281.40561100188603, 279.19841822916425, 276.8432799629422, 274.3346549018567, 271.6670560096694, 268.83484049456484, 265.83223521493477, 262.6535539514694, 259.29282225955507, 255.74384528153703, 251.99991694816688, 248.05306203841872, 243.8954120444297, 239.51886040598214, 234.91513301584746, 230.0767646354505, 224.9964017461613, 219.6669842042102, 214.08153718648626, 208.2329231538323, 202.1145178553905, 195.7195039027013, 189.04126608641684, 182.0739144298113, 174.8131092127076, 167.25595948521942, 159.40043866027662, 151.24632084549415, 142.79221322602885, 134.03685427973693, 124.98148864707787, 115.62855740465568, 105.9795125477667, 96.03644979894537, 85.80442249873579, 75.28877713802932, 64.49562345423314, 53.43122041394905, 42.10364425342178, 30.52436316443115, 18.705448792663976, 6.657120733663708, 0], "angular_position_true": [-0.0008475379945021363, -0.004234506891594716, -0.011839477553662981, -0.02451159081186586, -0.041402638560741306, -0.06079871737416642, -0.0809602998588027, -0.10093504506585291, -0.12068911382444625, -0.14024413348984074, -0.1596085742503243, -0.17884518061311158, -0.19802326146649196, -0.21723897323490515, -0.23657749320236748, -0.2560606050826708, -0.2757039739757797, -0.29548378210363524, -0.3153072590424587, -0.3350996126188679, -0.35480446286292877, -0.3743238792340575, -0.39359187689208436, -0.41252087014675487, -0.4311094639222822, -0.44943691375479256, -0.4674631831677978, -0.4849203530226476, -0.5015140130107065, -0.5171412697122016, -0.5316297033610811, -0.5446935646059405, -0.5561274833011286, -0.565737323192317, -0.5733428349994694, -0.5788642103260081, -0.5822171260361849, -0.5833544165651204, -0.5820817853153121, -0.5781796926894901, -0.5714992034689697, -0.5620618611146433, -0.5500886883364272, -0.5359531148760674, -0.5202203039685983, -0.5028850166289507, -0.4837907618750538, -0.4631559551191563, -0.44121335556639774, -0.41787782034158627, -0.39304620286649966, -0.36691346689030463, -0.3395320108454491, -0.31096512640891516, -0.2809900703257775, -0.249398405609019, -0.21634742687999878, -0.18166234343052215, -0.1443086321679678, -0.10332544453397705], "angular_velocity_true": [], "altitude_sensor_readings": [299.85418859477306, 294.5538581657008, 293.65468506629105, 296.0777710446751, 297.08922316828034, 301.6533591446252, 297.09127817574205, 293.9368905525665, 299.042718537508, 296.9854520555043, 291.1419155740108, 291.47083159856874, 294.3256462971891, 288.17830758749545, 283.8831968717276, 285.72951633327364, 288.33455417452734, 289.38944144435845, 275.7469224592894, 276.04677708625076, 282.07291887006255, 273.25513830460983, 267.09201378844, 265.95528723287737, 254.62759952121164, 257.1059652376122, 258.53280525573524, 254.36735190329549, 249.9262415054439, 244.12768324865357, 246.2825839668073, 234.96061943675682, 230.64805131216642, 225.02877791985944, 218.22782000162363, 214.77516784538795, 206.0266669658283, 202.85247549765333, 191.74357729906347, 189.88011821699507, 187.17975660451725, 171.8722672391383, 170.3932701071337, 162.5072145516907, 155.74295795371663, 139.15122440802548, 127.7253042845488, 129.9660990671557, 112.79561204214977, 107.90600407703255, 92.73735409802606, 87.17111000025012, 74.23222190604832, 64.02974934689176, 50.140068350229726, 45.053114702979954, 27.17892796402271, 18.324478277945854, 6.882775458626716, 4.382200665338519], "speed_sensor_readings": [-0.21751610468671156, 0.8345210382113, -0.6455348869644504, 4.3996833451327655, 10.386958269918974, 7.408987472969441, 4.663890182921887, 10.645525247401267, 9.84493167443766, 10.212730419393917, 10.417829644019605, 15.313023187918894, 14.308739957794693, 24.123007758029598, 24.48219485423718, 22.137985951163678, 26.732860236173117, 27.701736174100592, 28.120188406716927, 35.89834607541823, 35.3883505981346, 37.69769847947943, 44.39119677740054, 40.82592147207871, 47.231005397861395, 41.98068083984722, 47.99910850386573, 50.86137051297331, 55.14482551652861, 59.57120831428486, 56.76156766545367, 68.20664655423671, 67.079339151693, 70.88690460822896, 77.89301533155518, 76.73686092916721, 82.7979462606228, 76.40209949798475, 87.40485697049958, 88.68388370549553, 102.34883184933477, 100.18665352939563, 102.00252646674292, 108.06177048987786, 117.80367511110492, 121.85555276517738, 126.41837872597809, 128.02051081788133, 134.04532684417595, 136.60768101121573, 142.5087230997237, 144.94225919471458, 149.78300804545918, 156.0902979415948, 161.78275430186252, 174.95943874017829, 176.67029434974796, 179.00044360580534, 187.05038839604532, -2.3655200413323647], "angular_position_sensor_readings": [0.7771608243397734, -0.30162358369911774, 0.43918505724054047, 0.3478216726971218, -0.2585684445871729, 0.5131895981045336, 0.45965727764075226, 0.33208904936202266, -0.2766624271534962, 0.3474301996227711, 0.9473988793159852, -0.5255357229224533, -0.19421072734408515, -0.4307339392503503, -0.10359000738480445, 0.29695552763275324, -0.9751237602885988, 0.0012141667089815567, -0.29321225048748906, -0.06428947612620656, -0.2941198147056971, -0.2874342166495031, -0.372840019456677, 0.0072307713922604155, -0.3938804487566496, -0.7479133931753057, -0.19482896260188648, -0.5407375967993021, -0.7532531490331783, -0.39413616525892, -0.6611313170638129, -0.4879780985290851, -0.5673347307496565, -0.06331493177610459, 0.06646488378652904, -1.242901571473852, -0.615436789109414, -0.8742172279428948, -0.2842420840986967, -1.1312430045779711, -1.0063146905560936, -0.59693809553984, -1.1179793263940994, -0.6105988974114553, -0.09814547282467545, -0.2778281649765878, -0.6575683511776271, -0.6993728093976522, 0.16998737282580811, -0.36820507011035747, 0.02903124232957449, -0.734433700853798, -0.08725088339487214, 0.29991873059743135, -0.5706171273126889, -0.35452589579012744, 0.4624733226210582, -0.32086288382542877, -0.0553705472985955, -0.2695202956254886],