{"position_x_true": [0.0, 0.0, 0.0, 0.0, 0.0, 0.0, 0.0, 0.0, 0.0, 0.0, 0.0, 0.0, 0.0, 0.0, 0.0, 0.0, 0.0, 0.0, 0.0, 0.0, 0.0, 0.0, 0.0, 0.0, 0.0, 0.0, 0.0, 0.0, 0.0, 0.0, 0.0, 0.0, 0.0, 0.0, 0.0, 0.0, 0.0, 0.0, 0.0, 0.0, 0.0, 0.0, 0.0, 0.0, 0.0, 0.0, 0.0, 0.0, 0.0, 0.0, 0.0, 0.0, 0.0, 0.0, 0.0, 0.0, 0.0, 0.0, 0.0, 0.0, 0.0, 0.0, 0.0, 0.0, 0.0, 0.0, 0.0, 0.0, 0.0, 0.0, 0.0, 0.0, 0.0, 0.0, 0.0, 0.0, 0.0, 0.0, 0.0], "position_y_true": [299.95095, 299.80379999999997, 299.55854999999997, 299.2152, 298.77375, 298.2342, 297.59655, 296.8608, 296.02695, 295.095, 294.06495, 292.9368, 291.71055, 290.38620000000003, 288.96375, 287.4432, 285.82455, 284.1078, 282.29295, 280.38, 278.36895, 276.2598, 274.05255, 271.7472, 269.34375, 266.8422, 264.24255, 261.5448, 258.74895, 255.855, 252.86294999999998, 249.7728, 246.58454999999998, 243.29819999999998, 239.91374999999996, 236.43119999999996, 232.85054999999997, 229.17179999999996, 225.39494999999997, 221.51999999999995, 217.54694999999995, 213.47579999999994, 209.30654999999993, 205.03919999999994, 200.67374999999993, 196.21019999999993, 191.64854999999991, 186.9887999999999, 182.2309499999999, 177.3749999999999, 172.4209499999999, 167.36879999999988, 162.21854999999988, 156.97019999999986, 151.62374999999986, 146.17919999999987, 140.63654999999986, 134.99579999999986, 129.25694999999985, 123.41999999999985, 117.48494999999984, 111.45179999999984, 105.32054999999983, 99.09119999999982, 92.7637499999998, 86.3381999999998, 79.8145499999998, 73.19279999999979, 66.47294999999978, 59.654999999999774, 52.73894999999977, 45.72479999999976, 38.61254999999976, 31.402199999999752, 24.093749999999748, 16.687199999999745, 9.182549999999742, 1.5797999999997385, 0], "angular_position_true": [0.0, 0.0, 0.0, 0.0, 0.0, 0.0, 0.0, 0.0, 0.0, 0.0, 0.0, 0.0, 0.0, 0.0, 0.0, 0.0, 0.0, 0.0, 0.0, 0.0, 0.0, 0.0, 0.0, 0.0, 0.0, 0.0, 0.0, 0.0, 0.0, 0.0, 0.0, 0.0, 0.0, 0.0, 0.0, 0.0, 0.0, 0.0, 0.0, 0.0, 0.0, 0.0, 0.0, 0.0, 0.0, 0.0, 0.0, 0.0, 0.0, 0.0, 0.0, 0.0, 0.0, 0.0, 0.0, 0.0, 0.0, 0.0, 0.0, 0.0, 0.0, 0.0, 0.0, 0.0, 0.0, 0.0, 0.0, 0.0, 0.0, 0.0, 0.0, 0.0, 0.0, 0.0, 0.0, 0.0, 0.0, 0.0, 0.0], "angular_velocity_true": [], "altitude_sensor_readings": [295.6649063681105, 300.7658898434379, 300.3611905623628, 302.95506333717645, 298.1757385731681, 302.197792378861, 305.30104795206535, 293.4210623817889, 296.2142410884652, 294.56442479312824, 300.24338463077163, 291.6887729971021, 299.16224016793853, 298.486150631375, 288.5273030469638, 288.18222378581453, 291.34241211100937, 285.33045087433936, 277.829159711163, 285.72250220074125, 280.2602500428699, 273.30718715443066, 267.3793038732846, 275.64884753169764, 275.3188227585521, 265.1261073338849, 258.2372259271827, 260.8354978474643, 253.42349214613546, 259.87494245237775, 254.55554974450547, 244.40448172885976, 244.9293888733674, 248.60956105146622, 249.74243212122664, 231.17391855175958, 233.80538197548321, 228.70322009045913, 218.17604576418978, 216.25858986113235, 210.62569762233744, 218.319097314828, 209.5800596389416, 211.18856205136754, 206.7205557221462, 195.1033933510279, 195.12796208702062, 184.74930875932418, 185.50145873413967, 181.8865782099624, 172.64445611604867, 166.33121650446688, 162.89140517358123, 150.84711023691497, 149.71652664292088, 139.719072543797, 147.2016981398642, 138.59486515750862, 124.24269226962673, 130.7474722781909, 119.48052178661234, 113.00584026899877, 98.45209073290994, 102.06490987188205, 99.63282836036291, 85.84898022496866, 77.91808968051264, 66.14369583198504, 66.1181439889034, 59.953469249234196, 53.466676205901905, 42.08820332561026, 41.6380560686066, 23.319002439732152, 16.852979837393455, 11.751763054646826, 5.923807169900574, -1.853466201416734, -2.456409478101943], "speed_sensor_readings": [-0.5559930516594609, 3.3430063017432445, 3.5794168274908555, 3.2182895360218833, 4.36481976854426, 3.840008237959003, -0.5348638443894593, 10.905149240620162, 10.409304561632553, 11.875456227257937, 11.145270624634485, 13.10783277378384, 10.881908029599451, 17.565513183922906, 14.321714572152834, 15.600274978150773, 16.40629331286295, 22.570196606992532, 18.477949985024736, 25.8229882652701, 21.082359910956956, 20.63990069289473, 21.870480233481167, 23.29543913362625, 29.021775575494175, 28.749275782206144, 29.487980846498843, 30.561246504102087, 25.859585840055466, 31.0137163295178, 27.348157150989753, 36.33795452017415, 33.08528679474259, 34.1102332471471, 34.850845935650796, 30.471715229566776, 35.29695628330307, 37.54918256852385, 41.03285683194244, 32.17758425358914, 45.538880870233946, 37.664405558837665, 35.822767070773466, 45.07849966507816, 49.51693322319548, 45.29293734951159, 42.50950993344353, 50.491629943253855, 48.123204197184805, 48.60136743579197, 48.30916042012989, 53.77976962534167, 48.82669226549515, 55.2743456882647, 52.522329904227206, 53.95866313692929, 62.31607106504183, 58.9576908663198, 59.638229178020424, 66.15007755493174, 59.48120207584728, 58.62966442102777, 64.33827774034674, 65.81248541698447, 67.2385287395353, 64.8634090639488, 61.84453169126719, 64.85886005328234, 66.19889170847834, 71.9410589251183, 63.942625596354304, 68.80617168463252, 66.87426065524842, 76.76071637342653, 75.80429187713551, 74.2317373181932, 69.67947550615224, 75.47675548437012, 0.583091671956226], "angular_position_sensor_readings": [-0.34315875183072914, -0.0584894695429524, 0.9729993781091739, -0.07191377047493744, -0.6549078052860903, -0.03842596519453612, 0.5320222616243526, -0.35061381772239963, -0.19253123274021142, -0.3220168441054247, -0.0932445004512506, 0.05594665411827254, -0.10021677765364019, 0.10372169060807937, -0.7603136275084218, 0.03908140541076259, -0.4177052414939052, -0.44017112558262234, 0.18529545597882163, 0.037583749193409406, -0.3908920429121401, -0.4726555883961965, -0.0668942190981101, -0.21345938549314575, 0.36154939182888945, 0.10488990093925073, 0.4706188108161733, 0.5603828058146096, -0.2888303755429628, -0.00471872995556678, 0.528363618977316, 0.2035427519711658, -0.3534173507152718, 0.06120194272997649, 0.48682056872118284, 0.6076098740016764, 0.10739352918935097, 0.24448282069278438, -0.028022820359622398, -0.08839527404292653, -0.14774004691883344, -0.07775269909936505, -0.09592372535067566, 0.07323859040961249, -0.22802922419509408, 0.29506111747328945, 0.08986333210137748, 0.522561571703228, -0.4186782071017537, -0.7061140815884765, -0.5886524991790564, -0.26355474116926775, -0.6014812753222709, -0.4160512378131159, 0.18309692680811984, -0.5501162415318602, -0.2494495426067685, -0.1971937389377774, 0.30714044434280935, 0.18194475439726412, -0.0144136608162413, 0.4692968802114331, -0.24648352373734306, 0.669172428795922, -0.3647379010389923, -0.06586736874023173, 0.4122865670962231, 0.7836893544253006, 0.06320756138309609, 0.590750072177568, -0.3357811993682611, -0.16143347231921487, -0.12124731629848465, 0.39257265691738136, -0.8120794656756337, 0.28541864858664323, -0.6773968059212175, -0.08453492325849397, 0.4325058598691361],