{"position_x_true": [0.017153747854607413, 0.08581497530608027, 0.240678592922363, 0.5169786992222458, 0.9427189971599494, 1.538872845656818, 2.327340372989864, 3.330981019266246, 4.573997754106945, 6.08206978647993, 7.8738795555487116, 9.96079381969951, 12.354630206148462, 15.0679462269876, 18.114183352713862, 21.50735514035656, 25.26209237954074, 29.394075775813867, 33.92017088357839, 38.85811459242217, 44.22668562398134, 50.02168401877941, 56.16534124221866, 62.596914501613725, 69.32240893969316, 76.34718062816673, 83.67497060521283, 91.30724741966962, 99.2430411738714, 107.47767688593675, 116.00041491589396, 124.79388545878419, 133.833072921143, 143.08333283500133, 152.50000028986256, 162.02565613484606, 171.5879510691175, 181.1012436974358, 190.46601251746185, 199.56979587547377, 208.29540770253925, 216.53430884683766, 224.19377536861006, 231.38035440464958, 238.40506710029507, 245.42977979594056, 252.45449249158605, 259.47920518723157, 266.5039178828771, 273.5286305785226, 280.5533432741681, 287.57805596981365, 294.60276866545917, 301.6274813611047, 308.6521940567502, 315.6769067523957, 322.70161944804124, 329.72633214368676, 336.7510448393323], "position_y_true": [299.9508723090306, 299.8032891522124, 299.55694413141725, 299.21162784852277, 298.76729036040376, 298.22367615533375, 297.5818236286903, 296.8435161493385, 296.0090594612284, 295.0789391236736, 294.05426033769373, 292.9350428456515, 291.72048697091185, 290.4101398351117, 289.00261997006953, 287.4967768260078, 285.89126458335653, 284.1840315901833, 282.3751109432996, 280.4654151393161, 278.45327557828176, 276.3114024744664, 274.0160073283226, 271.5633138578047, 268.94101622338627, 266.1366362695873, 263.13361983221506, 259.90791835524556, 256.43205795139505, 252.6747863031658, 248.59924823242048, 244.16545175243573, 239.33190494633556, 234.0561413740527, 228.29786497979842, 222.0202908595883, 215.1931571406571, 207.79778509265228, 199.83295834912303, 191.32238945496448, 182.32191187315857, 172.9204117998782, 163.25053603406568, 153.4345171650213, 143.51726587079057, 133.50191457655984, 123.3884632823291, 113.17691198809835, 102.86726069386762, 92.45950939963689, 81.95365810540615, 71.34970681117541, 60.647655516944674, 49.84750422271394, 38.949252928483205, 27.95290163425247, 16.858450340021733, 5.665899045790999, 0], "angular_position_true": [9.59438488372412e-06, 7.350034006047525e-05, 0.00024578841936755114, 0.0005919914769010087, 0.001161202926115117, 0.00199599664398788, 0.0028823307910594083, 0.003509093115334313, 0.0038431408950461835, 0.003799886506541638, 0.003171002820284756, 0.001881538564694789, 3.7978772933016346e-05, -0.0022553673390793678, -0.004787461035534883, -0.007490501022618298, -0.01030256527425081, -0.013065247294125164, -0.01599513667555675, -0.019527777375191503, -0.023714165263003434, -0.03320234505777192, -0.05333022274808458, -0.08449929444273645, -0.12650624040539754, -0.1798321028514361, -0.24506545692242543, -0.32221720287010863, -0.4113964930291048, -0.5128122544547347, -0.6264464696668166, -0.7523961366172138, -0.8909317716761062, -1.0423937078700742, -1.2075278721497191, -1.3871367718098853, -1.5818724168570764, -1.792453297039609, -2.019529883050073, -2.263486799713531, -2.5247879427043296, -2.8047083698990805, -3.1042106994166545, -3.4131773002810495, -3.721817545424075, -4.0304577905671, -4.339098035710125, -4.647738280853151, -4.956378525996176, -5.265018771139202, -5.573659016282227, -5.882299261425253, -6.190939506568278, -6.499579751711304, -6.808219996854329, -7.116860241997355, -7.42550048714038, -7.7341407322834055, -8.042780977426432], "angular_velocity_true": [], "altitude_sensor_readings": [304.38921354158526, 288.868032658359, 299.67968772868556, 297.7131373003381, 300.9813219435896, 305.0480850694559, 298.5525541056391, 298.456638497928, 300.4741279282369, 296.76581696848945, 292.9534068146472, 291.96910523787153, 296.64865320700375, 292.70826943769936, 284.1502320288956, 281.5498195854026, 280.90235811925805, 281.6644953255701, 283.8841357257837, 279.8289122911359, 282.59413086960944, 272.2399099633067, 272.11710886492875, 268.7220012457561, 266.6758365949152, 273.5247817018567, 262.2899376589131, 259.20157755260146, 263.44661079479516, 255.97409947373674, 247.16321767317953, 242.9710659103559, 247.95066293356885, 234.6326278874733, 233.9104659746339, 228.72018460876572, 222.5630524583402, 209.1579469307582, 195.7507343992468, 186.61319597636526, 183.04699802941985, 172.51772691893217, 164.37548409520056, 153.32830320918572, 142.5760365900782, 139.98363413602334, 124.98987990232008, 125.82451601814964, 106.65592328166395, 99.1283889012994, 70.72950619432322, 74.00854632285815, 59.47869437767354, 52.02405981804297, 39.86133199343562, 21.414167413098333, 22.452287365286637, 9.985975729283378, 2.4935055419257894], "speed_sensor_readings": [3.541611257387354, 2.3602969390185558, 3.600645341720815, 2.5770711477274864, 6.975121749857614, 9.500979451747497, 15.830752901950575, 9.18484860357456, 13.607179587987073, 14.643410682176285, 24.12963885484038, 26.281937119888074, 27.774710130118667, 30.585503449812926, 39.85728839072283, 38.55836927910281, 43.04188152527963, 48.74266008283297, 52.48107379500799, 61.54941037076449, 55.4596519458587, 59.512799550904205, 62.331876499665846, 72.44329716785298, 77.02914287380365, 79.53872153563147, 76.94971493748805, 83.92261701833218, 88.01170589169756, 95.57709275006661, 98.76173671834434, 96.69182665068148, 104.77325933962129, 106.45524455194885, 109.78617855051964, 116.27947498983507, 122.72844332806613, 124.29473555599739, 128.2651380326047, 125.57103617996533, 127.69335514759614, 127.53875049802548, 119.10221767119876, 117.50490774068629, 127.26453500937534, 122.06560872429057, 119.99609619564784, 122.07919373819361, 122.46038688549024, 122.15910505549262, 120.59474732990576, 128.71908371344176, 125.14718210168574, 131.5471229678868, 129.53816013133715, 134.2404318458453, 129.71830267837697, 135.44156996977674, 3.2680460554658204], "angular_position_sensor_readings": [-0.6712063620432863, -0.29018566343555935, -0.11129304648806705, 0.11970466328411664, -0.3154904623629381, -0.37929755388228514, -0.318223027463526, -0.2855535467654714, 0.5284315382608579, -0.774459798022501, -0.4721354100195589, 0.6172866791702983, 0.4482745944953801, -0.48361896013887967, -0.5264188866493502, -0.10232489495069305, 0.048121720137724054, -0.14508586630013706, -0.07448633848894617, 0.18613733162163268, 0.08070410689110337, -0.5328908646084076, 0.048332978280687555, 0.3242576804679689, 0.89171899745822, -0.5957868705355475, -0.8403733116829731, -0.8659298888369138, -0.4555356757300605, -0.4472054722734552, -0.7383204621905266, -0.7080043757147227, -0.7263833420607133, -1.101462227215066, -1.1763107043497072, -1.7030347201275688, -1.5499463196584808, -1.5950356347273862, -2.308970690625128, -2.4043210658413474, -2.666463346745136, -3.041154422027786, -3.297762114652777, -2.928056944564623, -3.37851560779717, -4.3200557348907695, -4.829577090701971, -5.364095779742533, -5.297974885692878, -4.520831669523494, -5.45318220184517, -5.480196894121325, -6.0898215534889415, -6.056855009572119, -6.728433183096264, -6.779867175362221, -6.469772535127271, -7.987911732731908, -7.806250738802955],