{"position_x_true": [0.006191007539875532, 0.030937332952592704, 0.09075006295921871, 0.20631123451523825, 0.3943516787998869, 0.6678101808838073, 1.0355446735803109, 1.5023136333195377, 2.072948839313517, 2.752147066324419, 3.544636209785083, 4.45547252070629, 5.489664773070205, 6.652007674121758, 7.947419689228653, 9.38085567360905, 10.957204866776829, 12.68140363680541, 14.558588808466817, 16.594145599246968, 18.79357556323105, 21.162150098750395, 23.705202384684704, 26.42807980827774, 29.33591362573732, 32.433837901111396, 35.726837021600566, 39.21991801455107, 42.91877247206464, 46.82895379071634, 50.9553210353788, 55.302456437028724, 59.87419110264576, 64.67392004376553, 69.7051154530385, 74.97134052404563, 80.47646146859717, 86.2243869512962, 92.21815804430209, 98.46014517663437, 104.9522787597835, 111.6960482135309, 118.6927284897293, 125.94293996276177, 133.44585763217876, 141.19948596296484, 149.20133566121126, 157.4482891791553, 165.93591804852485, 174.65766485684054, 183.6049442554514, 192.76907725964406, 202.1414067089357, 211.7140206779182, 221.4774799290054, 231.41859351424932, 241.52236089137602, 251.7734439010187, 262.15215353835674], "position_y_true": [299.9468530707695, 299.7832593938907, 299.50502203817877, 299.1117732299939, 298.6064605339598, 297.9959456612762, 297.28314952190965, 296.46653141980244, 295.5443694602385, 294.5149463247706, 293.376543826703, 292.1272046193404, 290.76468806786386, 289.2866557947331, 287.69032108387887, 285.97253699520286, 284.130102550828, 282.1595388902806, 280.056720666227, 277.8175204134436, 275.4379781329018, 272.9134210800629, 270.23927309257124, 267.41101419416066, 264.4231663094639, 261.26948440596215, 257.9433164104972, 254.43804501494134, 250.74820663620315, 246.8677142290981, 242.78863837114378, 238.5023027605446, 233.99862825889025, 229.26636867636068, 224.29445618709863, 219.0720123694725, 213.5877863503509, 207.83032742311528, 201.78752480922884, 195.44576189655018, 188.7900085188044, 181.8050030788637, 174.47523128906226, 166.7840886172584, 158.7135115365613, 150.24455573686691, 141.35800241949337, 132.03404908596, 122.25150995951444, 111.98756582078293, 101.21770357456062, 89.91732056188124, 78.06223531340845, 65.62796508898226, 52.58861028137526, 38.91651239598163, 24.58281521761083, 9.557963889897625, 0], "angular_position_true": [-0.0008385724174796592, -0.004192983344620071, -0.010905286503026657, -0.021011884945392873, -0.0337597685884022, -0.04750556290580082, -0.06134911578427383, -0.07524900522534131, -0.08923713926337459, -0.10340740624401226, -0.11784403550152785, -0.13259404216347065, -0.1477096681940449, -0.16319545306022404, -0.1790194445339288, -0.19509864911404312, -0.21136559170731062, -0.2277954684513669, -0.2443061752822544, -0.2609080098654646, -0.27763867068154974, -0.2945441060381474, -0.31183402007537947, -0.3296705998941883, -0.3481447490031528, -0.3673241898774908, -0.3872032638574086, -0.4078046504748696, -0.4293887952380179, -0.4522069045501194, -0.47635003424895045, -0.5017561160899933, -0.5280726401797159, -0.5548870860351826, -0.5820422723792393, -0.609623783032574, -0.6377234984744942, -0.6664771653512347, -0.6959807658928079, -0.7261772279673244, -0.7570196476535366, -0.7886565185249604, -0.8212035568579944, -0.8546388495816643, -0.888894704735482, -0.9239038102391253, -0.9596956715594508, -0.9963417698589239, -1.0338650314253004, -1.0720814518594453, -1.110446284099696, -1.1485881313671549, -1.1865854308563366, -1.2251638932695004, -1.2648977457027615, -1.30559916423465, -1.3471394944541033, -1.3900733980357516, -1.434589676439125], "angular_velocity_true": [], "altitude_sensor_readings": [295.8242590987133, 300.4977572561807, 296.50201231596736, 301.2043425196763, 293.7147413240124, 288.84855000827474, 295.67752334454644, 294.5827705242792, 295.9079291109728, 296.894886195065, 297.33637681080586, 295.4651634499873, 292.3283874679408, 290.55974618140567, 287.85828726205455, 283.437715175419, 281.89476139173365, 284.918032301523, 280.3202342698188, 279.8124156102638, 268.7164409527896, 274.61027363498476, 267.04432063599, 273.2273724606216, 267.0035947902829, 255.37295722919302, 250.49564745609214, 258.5328092949051, 243.9612313291856, 247.21635865314084, 236.2815950094592, 238.85890249896565, 228.99597876251852, 231.7981018880558, 212.81610613105588, 223.10676646123005, 213.12722567190508, 200.85256339750106, 201.4989294520137, 196.54170353708284, 188.16846574347588, 185.7215458792969, 176.60455866135658, 168.57666577676287, 162.5402809278066, 146.98434367701685, 138.38022781523566, 133.53247984246593, 128.83657025400484, 112.62018516281329, 106.18455202996152, 83.84081572019532, 77.0056441046777, 63.97672979571186, 56.59954263647413, 36.86095130832742, 25.48634778685532, 10.35577648943944, -4.027962454761085], "speed_sensor_readings": [2.5046802687688805, 1.6443184240835782, 2.668412616157636, 5.96574240522302, 7.13314765432063, 9.417967311240282, 1.8764032711262626, 11.512109827443702, 13.320683110212586, 9.77654167141463, 14.379550804586193, 15.129118950555007, 14.473325756289935, 16.623706732459144, 18.235140552540273, 18.847201144427164, 21.892362193949474, 26.659661126973376, 31.490425575133287, 27.761891519326973, 31.08099336465926, 36.903704915615634, 39.557178489091356, 40.44724615143519, 44.14842635925667, 46.41041703294656, 49.46028694562143, 51.49757556818318, 51.02095300439068, 56.39999916671197, 64.21335384770137, 62.170761200607295, 67.55495646855447, 70.31930187117761, 70.37402941682168, 71.22021686280198, 89.458735894867, 82.4584687764224, 86.33419593188323, 89.9771182513284, 95.44943931587463, 101.21605491092757, 102.77981912694072, 110.40826017674931, 112.13766325881129, 115.94959497269282, 122.54451552717624, 131.90691991286695, 131.90110658884757, 139.20476069096728, 142.0930804533157, 151.31239430575414, 152.66484658126916, 154.5840717128996, 163.7563135722653, 175.6829442088143, 184.42464696078454, 186.7004858674813, -1.7853050229824765], "angular_position_sensor_readings": [-0.32729748435762585, -0.05552339801595812, 0.14381387012161478, 0.00954341485731915, -0.9414280704877372, -0.16134342754828174, 0.12746124395263603, 0.44069410845248, 0.09148041869254023, -0.0737621777013183, -0.20318812809295955, -0.723734997115874, -0.7788944733256333, -0.41065297088794467, -0.43985897317085454, -0.6192653432841531, -0.4512581578447772, 0.09849331298091718, -0.1282626009561833, -0.09884443039300828, -0.6341717718692412, -0.4762215250038744, -0.2092602718873882, -0.5111254943731196, 0.07514542333587643, -0.17140600227981712, -0.23265842875209894, -0.5634357015709535, -0.31386893718499576, -0.8436703408220934, -0.27545742519567096, 0.799089101230892, -0.9370640980481076, -1.667837296001002, -0.819386219459251, -0.6951802807453809, -0.8787324021660778, -0.9675110991945592, -0.4806265765050135, -0.6847174120027582, -0.5467489751109458, -0.5084851280700918, -0.6967049537285004, -0.8874868297725313, -1.68882748356034, -1.202512532237282, -1.4760915847160012, -0.5231095191453007, -0.9750120890084402, -1.868426339597257, -1.950955091086999, -0.9295418317547666, -1.3037089016174168, -0.8044701694944487, -1.6554730552908385, -0.9343935305248163, -2.09855861453884, -0.9546469490419963, -1.1792468762526178],