{"position_x_true": [0.01327252257035145, 0.058578049499875835, 0.15478071303299495, 0.3209635250843901, 0.576564103332981, 0.896028915086572, 1.2536417676194844, 1.668749507589396, 2.1608913158400442, 2.7499166251468194, 3.4560508233277942, 4.253200638298761, 5.115001637241575, 6.061556821825415, 7.1131817199840075, 8.290620020600294, 9.614999384769835, 11.059598103877176, 12.597219321991203, 14.248696491091248, 16.035110672428225, 17.977962383141644, 20.0992344898797, 22.371521159497703, 24.766523128493276, 27.311777851920688, 30.000385652337478, 32.825032196391625, 35.81178547159769, 38.978300792132174, 42.3414689383942, 45.920533120020266, 49.73332822377687, 53.74145708941751, 57.90452919223826, 62.23773054819297, 66.75318059028872, 71.45944692790758, 76.36012757689812, 81.42138654261275, 86.60535923170615, 91.90135816305188, 97.2900084759201, 102.75919958898919, 108.28777219097486, 113.82548056371154, 119.32761918310362, 124.7379051541942, 129.96298914935198, 134.9192627161418, 139.5168017153584, 143.63326866324908, 147.17234392570975, 150.0414412749611, 152.1285913744569, 153.34307082147404, 153.65594164078988, 153.08724101571, 151.6976680361372, 149.63857702515853], "position_y_true": [299.94696335563594, 299.7915870480285, 299.53336397003136, 299.17180994519015, 298.706569334984, 298.1383861671296, 297.46763918863934, 296.6936382612383, 295.81566064047763, 294.83281454932484, 293.7437092951119, 292.54900704999085, 291.2491818779903, 289.84255827732727, 288.32686952676045, 286.6994206061709, 284.95639378122144, 283.09929369327375, 281.129238395827, 279.0416414637493, 276.8315820008441, 274.4927872107311, 272.01834831277444, 269.4116419419219, 266.67496443458083, 263.7888495216384, 260.7561660854332, 257.5789800322101, 254.23370211481816, 250.71194426662996, 247.00248875592737, 243.08524594317186, 238.93644866585927, 234.56540674948167, 229.98225208261465, 225.14812317914638, 220.04316195983492, 214.6436706760821, 208.89937493933147, 202.82870868559414, 196.45117285925167, 189.71624386374643, 182.57191721002582, 174.992277466883, 166.9507365131895, 158.39467491641108, 149.29094243861272, 139.61117379227142, 129.32053799965098, 118.4047621295648, 106.87662737356196, 94.77672949803296, 82.16890923767916, 69.14637892584273, 55.84429440231398, 42.44117462382867, 29.114138761117665, 16.075612452154896, 3.605369291295725, 0], "angular_position_true": [-0.0007931157064335701, -0.002328866886176363, -0.004530592914600359, -0.007329156588648725, -0.010726343980356828, -0.014870955803892503, -0.01986898874460388, -0.025679777557386766, -0.03232433559224336, -0.03983294076753047, -0.04824827318325246, -0.05761672863329359, -0.06798555427573925, -0.0793952648676819, -0.0919044532098327, -0.10557684188648096, -0.12044075065142232, -0.13653184568498483, -0.15386109935828926, -0.17242509047841492, -0.19238941130106058, -0.21381423063773022, -0.23694067938221156, -0.26187833190486237, -0.28859493877213227, -0.3192218450450336, -0.3528373711427758, -0.3885969422288416, -0.4287543388268471, -0.4725870309963662, -0.519407546182157, -0.5694233271950915, -0.6228452851729526, -0.6792806126051261, -0.7384370328634974, -0.8026796402984643, -0.8715375932992374, -0.9445303399905018, -1.0241154394164271, -1.1088152414245713, -1.1970377191997494, -1.2912799304425049, -1.3941973035982278, -1.5040113143765597, -1.6190312865657783, -1.7420827220011281, -1.8723196100659498, -2.0093618418954633, -2.156347093020884, -2.312571642075613, -2.477625403590778, -2.654591911414656, -2.8418964626985597, -3.038348818392774, -3.2476249128967067, -3.4735815921237667, -3.712822485831539, -3.9616258391253543, -4.223947744856812, -4.504492030181294], "angular_velocity_true": [], "altitude_sensor_readings": [295.8317965455849, 300.21900059966595, 302.2821038607456, 297.0789490724883, 294.28856810122863, 295.3750280085857, 297.4762372953371, 298.84344550086047, 297.89359183740044, 294.308469503566, 295.1483647739444, 286.9501565246437, 289.40117101278, 282.7394551438086, 290.4230862807014, 284.1508232477216, 287.2189047859907, 284.72827186040587, 281.1170518526588, 285.33001040068956, 281.5774048573697, 281.1695143738681, 273.36603955427364, 265.8767158779781, 274.72884135357424, 259.89665971948256, 259.21745302761366, 251.02788676866072, 257.2153344504794, 254.69026723153553, 250.7747616039532, 247.3574357884704, 238.64958411399272, 234.8983071600275, 227.88328465471463, 226.11031651328756, 215.87707236265214, 215.3643738553073, 197.6447582012072, 204.4239811602826, 198.45209748826286, 191.1621801798677, 179.3149435325021, 177.1154635743195, 165.17049343757154, 163.77554604127755, 148.56141217207826, 136.22374600506922, 128.97617731115412, 122.22802511066544, 100.82788567270933, 92.72527566172339, 82.41720071215404, 67.244462899341, 54.831197974799636, 42.05931931372084, 33.10932951739594, 11.954862132667653, -0.2393494058085266, -3.0693933801475417], "speed_sensor_readings": [2.1334647908034525, 2.1069793131479613, 3.7520901519512786, 5.946141551372884, 1.668673169075861, 4.004061246837535, 12.677778230036207, 12.03852389889548, 12.215441256849815, 11.97025920035092, 16.12087264829155, 15.937686177631129, 16.27703190455099, 22.173085725846093, 15.69017491924943, 20.39007575984262, 23.634887693047602, 22.445303866353992, 26.849399951672467, 25.33814643154337, 25.193080328413146, 26.626530478315267, 34.85811655575001, 36.04267821337429, 38.40433064572566, 38.30949435839344, 42.925043464815325, 43.22571706166505, 49.83575678057757, 48.61825719961143, 53.01333595772184, 56.19005822443245, 60.20180009305837, 59.25397727863688, 67.4929151318711, 68.30756465016539, 66.36579281782424, 73.92731394938663, 80.74492975554993, 83.53939424885408, 80.6987422506972, 85.63772316895638, 93.65917085591828, 97.24943630389197, 98.92556420071013, 100.92145259245713, 104.07753849700393, 113.33368069629994, 117.37408116557818, 122.65108642008333, 128.0758084278479, 130.62204071464132, 131.93296925039013, 135.73312288714195, 135.10731419284085, 132.90418923389535, 132.0090019919749, 128.7497522473077, 123.85569313669879, -2.6797319575871463], "angular_position_sensor_readings": [-0.2380820794414644, -0.18275729814739763, -0.24454688991199, 0.9034043967901646, -0.3566599263246592, -1.0210720490693428, 1.0279368014953718, -0.4549457026694621, 0.006849922513411447, -0.2898538440616395, -0.3446111529401089, -0.9883414646377509, 0.05666182996919908, -0.05328214735962365, 0.5477161892534972, -0.18046075690337768, -0.2889131719582958, 0.10879676245318703, -0.4533216570034284, -0.6653307111172595, 0.5599358320660248, -0.3051996011018846, -0.15473439760342567, -0.2670173889205574, -0.27577507347468655, -0.4471728241363574, -0.5259062962096641, -0.21923385342127769, -0.321569096433408, -0.3690956159482577, -0.4367165811907723, -0.3174368101609419, -0.34364671621683757, -0.40271302694144906, -0.8080436698753964, -1.574486529199922, -0.4467325361321152, -1.057583731688742, -1.8136438115970144, -1.5301412179722182, -0.2170197745745891, -1.22161414158955, -1.3261231994438445, -1.2685288366144165, -1.711024440893296, -1.5924104562680512, -1.218526020657002, -1.4387434036588833, -1.5060006566540505, -2.7564949182276464, -2.9227168940135595, -2.563569167426662, -2.7369775886220875, -3.2090466088671654, -3.5095173403109863, -4.0194049609419915, -4.485531303316183, -3.687262703870313, -4.244806823322904, -4.407675917734706],