{"position_x_true": [0.013246481109099779, 0.06628010139750605, 0.1857802583308345, 0.39863264380332, 0.7127347036737386, 1.1362992182112914, 1.697240462479991, 2.423958560000701, 3.3455887308187955, 4.488169602304231, 5.865988729649288, 7.484926585040172, 9.350359228739297, 11.466303606719864, 13.834302240775122, 16.453110330520534, 19.31745759180397, 22.41768983695478, 25.737819641859502, 29.253681314870633, 32.93315285712487, 36.73537738907614, 40.608342189215584, 44.486365138981675, 48.29216902191462, 51.93818460427825, 55.329875918456594, 58.37061193508661, 60.966941659063444, 63.03797874957903, 64.52555853199131, 65.55906661123693, 66.29808316351757, 66.77960515666636, 67.08150373802602, 67.32114900131963, 67.56383194867242, 67.82896294956508, 68.17218697271262, 68.66475967740894, 69.33765243925882, 70.19118551779577, 71.22129765757616, 72.36793122280686, 73.497861047918, 74.51099875998422, 75.4484914777183, 76.34162871597422, 77.14066445383915, 77.82068587389689, 78.39810938765564, 78.95255339634326, 79.63545046256941, 80.6287829330666], "position_y_true": [299.94701432978326, 299.7844296105904, 299.5045714256388, 299.09916557361015, 298.5796403928267, 297.9554602807823, 297.21496151323413, 296.34508161709186, 295.3317988869289, 294.16365803648824, 292.82985348447744, 291.317319735995, 289.61160269741487, 287.6958745439494, 285.54876150925594, 283.14561757652376, 280.45764839717134, 277.453255682798, 274.0983961276643, 270.3564350357405, 266.19108152706934, 261.56806982101824, 256.4567752646068, 250.83277343504295, 244.68249495938522, 238.00805924068646, 230.83151832831751, 223.19915831338722, 215.1855352523172, 206.8950455807886, 198.46610888990872, 189.98977139049316, 181.53355486556032, 173.20710906438734, 165.11006182761372, 157.31621568309617, 149.63921649008483, 141.8828149807257, 134.06627252636272, 126.17088767928513, 118.17659443727005, 110.03311745079664, 101.6289841861948, 92.84268234283994, 83.57851738485262, 73.98575817837329, 64.26519197794747, 54.44359491245447, 44.56664381425685, 34.72578634173707, 24.977089146221154, 15.351933772321656, 5.885190780933506, 0], "angular_position_true": [-0.0008151220957671433, -0.0041516233187753005, -0.01175381099078798, -0.025392048616657715, -0.042724534921544446, -0.06118750959391099, -0.08246767117041082, -0.10831412970676932, -0.14074612084372956, -0.1811358409176264, -0.22970229974983547, -0.286575451137449, -0.3521258004117367, -0.4269141924738126, -0.5112926871625205, -0.6056634697196931, -0.7102061646276743, -0.8251632141718483, -0.9508460603870239, -1.0873716095662778, -1.2350437837963855, -1.3944439858474906, -1.5661629274034137, -1.7503743593323637, -1.9472431903782592, -2.1569501965462323, -2.3798722155969143, -2.6166057780495167, -2.8677610115965377, -3.1342258293904055, -3.416534755003736, -3.708501285827364, -4.005804221801526, -4.31222430203681, -4.631808057632107, -4.969083603775054, -5.31638837405754, -5.665902068313268, -6.021990469719642, -6.389204269081291, -6.7643707574418395, -7.144079419917585, -7.532767487869926, -7.934935168661643, -8.355316841107642, -8.795143004278684, -9.244074948000495, -9.695499453215115, -10.15432311804628, -10.625659268726707, -11.105308546548489, -11.588949077313169, -12.08181495038305, -12.589236221065315], "angular_velocity_true": [], "altitude_sensor_readings": [302.84962688157043, 305.97587497726227, 297.9478073936889, 296.19438861229634, 301.832951817359, 296.78271345347713, 296.82633136771153, 295.82897732266764, 303.61474338155745, 297.5809503827307, 291.2059768838664, 289.91865642748957, 281.1473366731666, 291.93505467746786, 289.90876708562377, 283.0929712889056, 282.14274834287204, 279.4310823065675, 276.072613309671, 271.9019250442542, 269.4509066733271, 259.4191081572023, 261.45186450233155, 252.02523192367457, 245.45592247254768, 231.79742827706713, 227.79897186331596, 220.15575510836075, 222.0887389186919, 206.02456344165952, 200.39818199835906, 184.6713198061884, 182.77543190367803, 165.9874786824943, 164.98566051218648, 160.012710856514, 151.93274069301887, 143.83914860909425, 131.23679516064652, 121.96727369369528, 116.74717535677209, 117.36842937373595, 99.38914143044134, 86.38129883610682, 80.06673268525353, 71.9252447958916, 63.20559371231785, 55.52285253895106, 42.30355341200791, 35.25564736171829, 26.750554718469274, 15.225071165158884, 13.967650454096546, 3.457402531128462], "speed_sensor_readings": [3.946700759078612, 6.627286893854642, 9.353921706218244, 5.476326023231733, 10.852541135235057, 7.988925804546701, 12.827155253586913, 17.754495054075605, 16.22306547393458, 15.208888826253057, 18.40302763192968, 23.47532319931536, 23.70088669312417, 29.32523630993044, 37.171883828471934, 36.09446018018657, 40.2694713568248, 43.37620941988486, 51.71128949833998, 50.552659583196075, 54.40909208243466, 62.204213045478056, 65.48226990835282, 68.15993214018967, 66.76122092290265, 77.96799182302244, 84.9248096333175, 84.93447592432192, 83.93549270103308, 87.26350257263661, 86.2574272503869, 83.22789457954246, 88.58899619272357, 80.27094193834603, 77.69188238956457, 75.75155038933339, 78.06434978006214, 74.78849154014524, 77.65859427699546, 79.8601407731159, 81.45432734896288, 79.8337205498094, 88.4114451913837, 87.01125767698386, 100.64432268458876, 99.02722864265981, 96.66490646263024, 102.5361408460342, 96.52226958941152, 94.37291526080868, 97.64187247529169, 96.46348836449219, 98.08100969344999, -1.6587935942236438], "angular_position_sensor_readings": [-0.15905073754974977, 0.027669112406016782, -0.13163371396877982, -0.030198687900903284, -0.1619927341557913, -0.63462472686975, -0.2240327403201623, -0.6342233619224622, -0.2643371438279105, -0.31885549328616947, -0.025664464498854733, -0.4736744964558286, -0.6131155164279387, -0.80718927294335, -0.778514455461095, -0.11828334614384722, -1.270521047322858, -1.648490377898179, -1.1821167444306275, -0.9116030776786892, -0.3417561937414323, -0.7456745614195457, -1.6215014157506462, -1.1209010005062117, -2.119088907657257, -1.676127647599928, -2.4453491906549907, -2.8677707298097768, -3.595764276802381, -3.2065076956205463, -2.6645861801230306, -3.605070767604881, -3.5874411980485625, -4.586235446283706, -4.2367215232061906, -4.650684520328066, -5.028389326471198, -5.693387025852226, -6.471090804474869, -6.734349708087409, -6.547005521453103, -7.352669619598888, -7.28191328864794, -8.402728102448858, -8.277765936876511, -8.398167856015414, -9.184844623995096, -9.27772433120929, -9.560586931650786, -10.675405109145618, -11.554408088704474, -11.492910066590737, -11.444760619724953, -13.02236362804451], "angular_velocity_sensor_readings": [0.3501556992829599, 0.04146729108468658, 0.052130009481698575, 0.19848772633399714, -0.7818787921317206, 0.1639167232840089, -1.2876299602472034, -0.0327326597451012, -1.0850161959927254, -0.324414404570516, -0.03589878654271467, -0.08997765418675319, -0.7333554552971637, -0.803287885194122, -0.4617088800962188, -0.41577606769692244, -0.6037839709642936, -1.4792763303097283, -1.7883274346825055, -0.5695620447605277, -2.3797567778819495, -1.4928857264471747, -1.840586968004983, -1.9192581801378619, -1.804327036361553, -2.791375313195374, -1.3239390530505344, -2.5992978909280366, -2.457355984873535, -2.090390438229623, -2.7111055929880092, -2.339389955992839, -3.1188196662754235, -3.103162837258057, -3.143915648257652, -4.291839738100402, -3.3286124280161737, -4.045162915291761, -2.993584952217858, -3.4219433948904485, -3.4261378279237733, -4.394072697608755, -5.083544133167393, -3.9208566684436534, -4.101927758239216, -4.382300541260034, -4.315256829166177, -4.802209729613994, -4.208169678159864, -4.969462603963892, -4.79960050091071, -4.7607314206122275, -4.65481543015445, -5.481429215555624],