{"position_x_true": [0.01716600553291348, 0.0858586776055131, 0.23469080181793397, 0.4907151239978397, 0.8774569216013242, 1.4114938619316175, 2.110275944485753, 2.991775684736063, 4.0750418126725885, 5.380178483186699, 6.9198008787909, 8.698764581386248, 10.722118386745652, 12.995099075089648, 15.523223802720894, 18.312235461166793, 21.368400978460908, 24.698453324988673, 28.309419810379747, 32.20876718692318, 36.40417810578249, 40.90357838795898, 45.71494884713343, 50.84664819850787, 56.30756356465196, 62.10646646170913, 68.25275160643851, 74.75626032880383, 81.62715667045643, 88.87603887796804, 96.51385776427254, 104.55265347200283, 113.00555835869568, 121.8868658060992, 131.21246040682948, 140.9995414343064, 151.26691403719434, 162.0351592801135, 173.32561614950384, 185.16263923561442, 197.5743355234322, 210.5917325620198, 224.24957942976158, 238.33474562096202, 252.51787565790684, 266.7010056948517, 280.8841357317965, 295.0672657687413, 309.25039580568614, 323.43352584263096, 337.6166558795758, 351.7997859165206, 365.9829159534654, 380.1660459904102, 394.34917602735504, 408.53230606429986, 422.7154361012447, 436.8985661381895, 451.0816961751343, 465.26482621207913, 479.44795624902395, 493.63108628596876, 507.8142163229136, 521.9973463598584, 536.1804763968032], "position_y_true": [299.9509173240383, 299.8034804966195, 299.5577052781259, 299.2139521263318, 298.7726735823217, 298.2346721831632, 297.5999304882014, 296.8673926960624, 296.03656302963395, 295.1077008765718, 294.07982013132136, 292.95206570690254, 291.7247336467879, 290.39740546540355, 288.9685911956046, 287.4365354175802, 285.8017561065367, 284.063675245692, 282.2186113336285, 280.26191895346165, 278.19055920054956, 275.9999042402217, 273.68169468653855, 271.22824217101436, 268.63016121426375, 265.87768700895316, 262.9631683469135, 259.87733103506264, 256.60930541127425, 253.14724576483957, 249.4777998509736, 245.58803230738476, 241.46526442611707, 237.09682588424715, 232.4709562105757, 227.5748437612839, 222.39441290141994, 216.91494183024244, 211.11628888211453, 204.9776311713894, 198.4789243184555, 191.5984198827101, 184.31174112402925, 176.71681898409255, 168.97470909512703, 161.1344992061615, 153.19618931719597, 145.15977942823045, 137.0252695392649, 128.79265965029938, 120.46194976133386, 112.03313987236832, 103.5062299834028, 94.88122009443728, 86.15811020547176, 77.33690031650623, 68.4175904275407, 59.40018053857518, 50.28467064960965, 41.07106076064413, 31.75935087167861, 22.349540982713087, 12.841631093747568, 3.2356212047820474, 0], "angular_position_true": [-5.330081834162896e-06, -1.2744156937241567e-05, -0.00011500171127414709, -0.00046949886074857837, -0.0011907579480696041, -0.002479181298474702, -0.004343098612149173, -0.006563116413677891, -0.009087845731746261, -0.012116736695284748, -0.015584529546787353, -0.019468021153015425, -0.02402715867583894, -0.02936609985394348, -0.03544325065439756, -0.04224883114946389, -0.0503178373474324, -0.06007407409925465, -0.07150284860242065, -0.08441398490644036, -0.09888593143709275, -0.11487330691597238, -0.13187816771385658, -0.14966140337076714, -0.16788920151881986, -0.18632087001767522, -0.20510804656055157, -0.22416274276306525, -0.24317640224042406, -0.2618706686666092, -0.27983777458601894, -0.2967817505607997, -0.312528070471479, -0.327046430959829, -0.3406113820460348, -0.35322452000055343, -0.3648278003788226, -0.37548283408233135, -0.3846371348782546, -0.3920104907738332, -0.3976625015882263, -0.4011975403630751, -0.40190134031597863, -0.40020538887184914, -0.39774990427251516, -0.3952944196731812, -0.3928389350738472, -0.3903834504745132, -0.38792796587517925, -0.38547248127584527, -0.3830169966765113, -0.3805615120771773, -0.37810602747784333, -0.37565054287850935, -0.3731950582791754, -0.3707395736798414, -0.3682840890805074, -0.36582860448117344, -0.36337311988183946, -0.3609176352825055, -0.3584621506831715, -0.3560066660838375, -0.35355118148450354, -0.35109569688516956, -0.3486402122858356], "angular_velocity_true": [], "altitude_sensor_readings": [300.79773129732564, 301.6780526646483, 303.96062059991687, 297.2764590337601, 294.3817331326682, 297.7157880232011, 299.46264427015007, 297.1310135353663, 299.85534949688804, 297.33458625423253, 300.5690290896903, 291.2070272664307, 294.0483992515828, 291.36101575506154, 278.2919814189481, 282.99494231871796, 286.67487223055883, 277.75889405216594, 284.20222447136035, 279.0503939360454, 270.4123820306476, 271.4523530493209, 274.5179016202131, 261.3153547549185, 273.5604229559593, 267.3167106649553, 267.84441993744184, 258.4546995703571, 250.38463973414022, 251.72236708283543, 247.83977086721939, 241.05121858953706, 247.42361354006954, 245.50171753312924, 233.30327305054956, 236.40979940937072, 219.46448080218485, 213.0471067066833, 213.52679422844474, 203.7336803770248, 200.13796241311113, 192.86836139537579, 184.3947359319118, 178.97045327886374, 172.62091514526512, 156.32394032717127, 151.10523394618724, 140.99547678073625, 138.2278779913159, 128.19583556697924, 122.12134111123316, 107.59138623737631, 110.60357113421529, 94.03338305114701, 83.4853928152567, 75.88320978384057, 66.95395255933579, 63.59117867078167, 44.59719677785419, 38.68207848933172, 30.437125623487724, 24.0864902988287, 17.95623916364979, 4.051055746220841, -0.4967802307026563], "speed_sensor_readings": [0.5341758898135822, -2.020103110180633, 2.4423673950798075, 6.4938262411602174, 6.095172075972223, 11.277832460284895, 15.650170347431523, 16.623849481703132, 14.895650190503224, 18.35390802193215, 15.48888468031128, 25.996423584697705, 22.90591412305213, 27.392995553955846, 27.65618127782513, 34.819875742648016, 33.75181219739366, 40.78453180463098, 48.14623903452538, 43.743721157427444, 49.62361573706562, 57.55433183917482, 55.99663443976837, 62.1776581335141, 59.389750073537364, 63.415777289701694, 70.95726387855889, 76.52073756255274, 78.09761573203527, 83.91616851491925, 95.86131586110628, 93.21079387724588, 100.12960788792968, 99.92048922307654, 104.67503561522801, 111.59088813101435, 120.65585858676157, 122.87221687164883, 128.59300442910842, 136.62885564726804, 141.39556612027303, 146.32880176916828, 160.2061195936441, 161.30678912004987, 154.90011179900011, 163.29888425784793, 165.33243537209822, 163.56775058324126, 166.4741536675181, 160.70020142701003, 162.36212414639968, 170.59052181935408, 161.02893135692304, 166.03011118633034, 164.67114034525483, 162.26762997155433, 166.090755547942, 171.22800278187557, 168.77783629689202, 171.4611363385103, 163.8272794846379, 175.7287110466904, 171.51751036913214, 174.49209150629565, 2.5916845089843235],