{"position_x_true": [0.009774096431828593, 0.04493930217523985, 0.12112943498914194, 0.25809056892174165, 0.4521926751106497, 0.687779678727003, 0.9687832804951884, 1.3074820067680686, 1.716432583651964, 2.1869204740978017, 2.7101908919436495, 3.2987121897721563, 3.965151273255981, 4.722525729001619, 5.5600049952693285, 6.466478382717791, 7.454792740918631, 8.537973260535995, 9.729077230147928, 11.035952648837526, 12.460881509009209, 14.005632416233299, 15.64753623720368, 17.368626137755605, 19.179546527809848, 21.090559954333134, 23.11142575975073, 25.24478595767019, 27.48546441347143, 29.82712045586624, 32.263023477769224, 34.78500500058544, 37.3837936283446, 40.04952239623723, 42.77093335212168, 45.53577801715676, 48.33160986294733, 51.14496358138133, 53.96161624959456, 56.76796254485835, 59.54982307718929, 62.29222963999597, 64.97940247774824, 67.59428628845691, 70.11942122860465, 72.53654103311767, 74.82678235461862, 76.97048861773823, 78.94765275050223, 80.73938256458169, 82.32716341553312, 83.69285381262996, 84.818149569422, 85.68394199664175, 86.27066603476958, 86.55829837170842, 86.52616212249987], "position_y_true": [299.9509055555393, 299.8036532155627, 299.55823089621185, 299.21446167330913, 298.75645372544386, 298.1724021755763, 297.4698973653511, 296.65608327062813, 295.7375373603951, 294.70145480782173, 293.5350222287575, 292.2437887999481, 290.83217073006597, 289.3035296583056, 287.6446071195873, 285.84198377973905, 283.8975399010111, 281.81149894646285, 279.58232295869834, 277.205331230935, 274.6730987479358, 271.9778650832663, 269.1063974035699, 266.04657277973575, 262.792156166413, 259.33531000790754, 255.66626965187018, 251.77389510462407, 247.6459652367, 243.27025260356487, 238.6352610932009, 233.72930136232256, 228.5408780920251, 223.0590662664366, 217.27322642389623, 211.17325241566664, 204.74983966892657, 197.994328350834, 190.89851739096108, 183.45450682737595, 175.65488248934685, 167.49293374159666, 158.96279488066816, 150.05937491579198, 140.77818992945393, 131.11566019453667, 121.0687907949922, 110.6357340025517, 99.81543036949516, 88.60629057738865, 77.0071162032464, 65.01664906261547, 52.633353435251294, 39.856274753684765, 26.684433802195855, 13.117070931775844, 0], "angular_position_true": [8.972822803697218e-08, -2.5272663178462575e-06, -9.387885382961194e-06, -3.4412425616559325e-05, -0.0033489014517653205, -0.012413318099489323, -0.025614450393743302, -0.04128175539899878, -0.057733481885619164, -0.07744404090213998, -0.10286442529070308, -0.1323208220096522, -0.16415673371714626, -0.1966771719541464, -0.2323508853512562, -0.27366441166264743, -0.31897604627602355, -0.3666486346546573, -0.41501431936494654, -0.4632899323132898, -0.5115429294024255, -0.5598090102981536, -0.6115129862886391, -0.6691530649822981, -0.7309408207828565, -0.79518474681887, -0.8602121744774137, -0.9251444067204492, -0.9898437558825235, -1.054154720226292, -1.1181040935442388, -1.1816166780649817, -1.2445223821456333, -1.3067480680331922, -1.3681162616698985, -1.428429111917262, -1.4876222467650604, -1.5455981640019645, -1.6022626211105235, -1.657728230044008, -1.7121116695769227, -1.7655396390761255, -1.8181097372673665, -1.8696518948887084, -1.9200107544454206, -1.9691048545672376, -2.016786163244205, -2.062734794369667, -2.106638547344099, -2.1485403060705863, -2.188448460503696, -2.22637271123053, -2.2624022441676597, -2.2964951109600684, -2.328611002814997, -2.35866060936413, -2.3863550703011986], "angular_velocity_true": [], "altitude_sensor_readings": [294.9677149234941, 298.41263107698563, 299.01687859473566, 296.25810517773766, 299.8207600359146, 301.5775143349232, 307.57525708613554, 297.24151793759233, 293.2547436025048, 294.9548291881308, 294.2176023850697, 293.7829691444368, 288.5947733982507, 288.79386000448727, 288.3238196916848, 285.1971351163417, 276.6726087391094, 281.36603137101895, 273.0805014562894, 273.7981460172947, 275.84148057511624, 270.82901662715295, 264.4543139202062, 261.75270615408846, 261.05205148759524, 259.49853604160324, 258.60975038673325, 247.62592663869236, 247.4159276602906, 250.6274787548031, 235.13620011029147, 232.25185851805819, 225.4748827608925, 226.24764848334172, 212.29295728706634, 214.9640146252111, 196.00428673612404, 199.39834238966924, 190.39056963845687, 188.9056886496336, 174.10826595824832, 170.79657184543166, 156.62777918056895, 152.63762586458864, 138.0043087544056, 126.47355117684837, 121.30104375378714, 110.73156200024846, 93.49180875343043, 89.26575342378476, 78.33656742363173, 62.059819421933206, 58.15754884428674, 42.23495793718113, 25.769732763153126, 15.193182477662386, 2.7529059439369665], "speed_sensor_readings": [1.8252413929695552, -0.0627100753808505, 4.711498878733929, 5.184422983089085, 6.17217190467614, 12.616584210788782, 6.943196485649544, 12.452519254799274, 4.417964859670123, 7.195303195058326, 8.452679170311544, 12.340565362746414, 19.858749375916208, 14.358347322181018, 18.651340379027843, 16.854018606164423, 27.584241976190054, 23.86672159087193, 22.142743174532953, 24.58928336515314, 25.23623793583281, 26.403770985534468, 29.891748875288172, 36.6799241339491, 38.50939259053461, 39.245066948674435, 44.86041180710704, 48.67776222307087, 55.39864993122505, 54.60944688804054, 52.79009346823184, 58.31109947747452, 60.2389398689135, 66.38990237867702, 64.73360450880767, 70.66414709663907, 74.2874403167025, 79.0476451989238, 80.31113565968175, 84.42965264820933, 86.4446792305817, 84.5583028748167, 91.26804379939631, 94.64585962676883, 101.99782076574355, 97.78603691882307, 104.11799035758905, 108.5122471390643, 108.76711061157948, 116.88510724850714, 118.86641134397836, 121.01997267968594, 130.3851480135049, 127.17709831022528, 126.67625282604138, 135.18766850221863, 3.959093022396303], "angular_position_sensor_readings": [-0.09980550790437556, 0.06676415299023433, 0.13796880686565446, -0.1843475805326555, 0.08369641502701362, -0.35545591282743627, -0.8316919357217755, 0.15107886771469556, 0.24978626464008835, -0.4160389872419761, -0.16233921014620614, -0.34706339312773404, 0.2908970787269801, -0.01792049653297806, 0.3889324144964113, 0.1699605563393956, -0.4738094224784051, -0.6252546277502042, -0.6443357817563882, -0.46118861370729447, -0.48978585974277933, -0.8755873092292868, -0.5344768866798733, -0.6538216500752714, -1.265639461546007, -0.7182475400485968, -0.843335958958746, -1.3694194025516995, -0.9777542571875083, -0.6508539706430957, -1.0109056997491994, -0.722634618113247, -1.8413962345503008, -1.2790643879071983, -1.0290967073610082, -0.9225590733044139, -1.8525122703120105, -2.094404439492942, -1.2170136633925108, -0.8347616076507584, -1.8837249700251621, -0.8243545070198839, -2.3754137412354632, -1.6400690169642727, -2.1273145450613797, -1.4956498910768539, -2.118260839917217, -2.3031275197591228, -2.9582585380371023, -2.072190828540152, -1.518324074422745, -2.0453459626225996, -1.955300091700904, -3.1308258410227636, -2.00475408677399, -2.574424241439397, -3.083992476910868],