{"position_x_true": [0.0, 0.0, 0.0, 0.0, 0.0, 0.0, 0.0, 0.0, 0.0, 0.0, 0.0, 0.0, 0.0, 0.0, 0.0, 0.0, 0.0, 0.0, 0.0, 0.0, 0.0, 0.0, 0.0, 0.0, 0.0, 0.0, 0.0, 0.0, 0.0, 0.0, 0.0, 0.0, 0.0, 0.0, 0.0, 0.0, 0.0, 0.0, 0.0, 0.0, 0.0, 0.0, 0.0, 0.0, 0.0, 0.0, 0.0, 0.0, 0.0, 0.0, 0.0, 0.0, 0.0, 0.0, 0.0, 0.0, 0.0, 0.0, 0.0, 0.0, 0.0, 0.0, 0.0, 0.0, 0.0, 0.0, 0.0, 0.0, 0.0, 0.0, 0.0, 0.0, 0.0, 0.0, 0.0, 0.0, 0.0, 0.0, 0.0], "position_y_true": [299.95095, 299.80379999999997, 299.55854999999997, 299.2152, 298.77375, 298.2342, 297.59655, 296.8608, 296.02695, 295.095, 294.06495, 292.9368, 291.71055, 290.38620000000003, 288.96375, 287.4432, 285.82455, 284.1078, 282.29295, 280.38, 278.36895, 276.2598, 274.05255, 271.7472, 269.34375, 266.8422, 264.24255, 261.5448, 258.74895, 255.855, 252.86294999999998, 249.7728, 246.58454999999998, 243.29819999999998, 239.91374999999996, 236.43119999999996, 232.85054999999997, 229.17179999999996, 225.39494999999997, 221.51999999999995, 217.54694999999995, 213.47579999999994, 209.30654999999993, 205.03919999999994, 200.67374999999993, 196.21019999999993, 191.64854999999991, 186.9887999999999, 182.2309499999999, 177.3749999999999, 172.4209499999999, 167.36879999999988, 162.21854999999988, 156.97019999999986, 151.62374999999986, 146.17919999999987, 140.63654999999986, 134.99579999999986, 129.25694999999985, 123.41999999999985, 117.48494999999984, 111.45179999999984, 105.32054999999983, 99.09119999999982, 92.7637499999998, 86.3381999999998, 79.8145499999998, 73.19279999999979, 66.47294999999978, 59.654999999999774, 52.73894999999977, 45.72479999999976, 38.61254999999976, 31.402199999999752, 24.093749999999748, 16.687199999999745, 9.182549999999742, 1.5797999999997385, 0], "angular_position_true": [0.0, 0.0, 0.0, 0.0, 0.0, 0.0, 0.0, 0.0, 0.0, 0.0, 0.0, 0.0, 0.0, 0.0, 0.0, 0.0, 0.0, 0.0, 0.0, 0.0, 0.0, 0.0, 0.0, 0.0, 0.0, 0.0, 0.0, 0.0, 0.0, 0.0, 0.0, 0.0, 0.0, 0.0, 0.0, 0.0, 0.0, 0.0, 0.0, 0.0, 0.0, 0.0, 0.0, 0.0, 0.0, 0.0, 0.0, 0.0, 0.0, 0.0, 0.0, 0.0, 0.0, 0.0, 0.0, 0.0, 0.0, 0.0, 0.0, 0.0, 0.0, 0.0, 0.0, 0.0, 0.0, 0.0, 0.0, 0.0, 0.0, 0.0, 0.0, 0.0, 0.0, 0.0, 0.0, 0.0, 0.0, 0.0, 0.0], "angular_velocity_true": [], "altitude_sensor_readings": [296.5176084730102, 302.3132872268592, 297.17252824719634, 296.9238416856177, 294.0789352359255, 300.4112838860382, 295.0287318363695, 293.3057362489708, 292.13096719062605, 287.75805623754286, 292.6249335192512, 296.55234817963435, 288.85633138075593, 289.98162047956043, 281.8676314097983, 289.25085744567247, 287.3181674216574, 282.33036553741823, 285.37782735761556, 278.2863896838064, 275.79708303316386, 271.19320032069174, 273.16341888411296, 268.90504595204385, 273.64109017421134, 263.93904054657685, 264.7387645455221, 266.52112145525484, 255.10110443001602, 253.9403900517789, 252.30889704382645, 249.2823930536955, 249.65050456049588, 242.9016360696004, 241.54119569613476, 238.01808619979846, 237.14827990248793, 225.27046890056423, 225.99605516094948, 219.68923339154014, 211.31236762288287, 214.59547979639746, 209.12778629064883, 205.79529648239898, 199.12237509091705, 200.3802852281368, 187.91206076947435, 186.05496003472504, 183.12057278933406, 175.39572614032824, 168.2954143221854, 169.24212471403206, 155.9868708564895, 164.0351024124148, 153.80158493880703, 150.47867265911347, 140.49441901291678, 129.2197910080179, 132.53596605371618, 122.60980735832588, 119.2252372927008, 109.10734441041276, 108.48919851363395, 99.11474464083561, 95.64838539964438, 83.83774835794561, 86.41442372374003, 75.0030578321815, 62.92405498253005, 61.392245427436045, 46.68874284913627, 38.196967457914965, 39.967478857687475, 32.256730302670235, 18.08710686730906, 14.579942467414, 6.5866575169609405, -3.2039298712176, 2.9153995154509373], "speed_sensor_readings": [-3.4010425699901283, 5.527859177582615, 0.5363628595741052, -2.468761868758408, 5.508216345016595, 3.2594647882456362, 5.252102107567325, 6.542781587094295, 8.935761036786092, 9.697194996695808, 13.198371325913637, 12.782016851372404, 12.321331374579957, 14.69856120127412, 8.860017887371605, 17.71981070720492, 16.497502850531212, 7.789262367697113, 17.151935726478857, 19.390410621548092, 24.74769393121504, 18.921463165499333, 19.94892394747464, 25.60805081354126, 22.59345369369635, 25.024339185119008, 23.55025818646704, 24.72678675949981, 27.64117193680715, 24.56355731286374, 30.048571980836435, 33.22983567871124, 29.97347292529909, 30.212861989029452, 29.357070644317083, 41.06140022100196, 30.26462080798605, 35.854392608697765, 39.880545964575894, 41.491912294603196, 36.74738191280103, 39.78869998258544, 41.76513246646399, 45.20257754576416, 43.12402246875322, 47.114544924554124, 46.49767246258002, 44.8140753240032, 47.07490779924262, 52.499403527529125, 48.101199692926215, 53.06538774086181, 58.76567269167394, 54.445881464423614, 53.1054932065795, 54.787830315185886, 58.29629112270237, 61.670316674340384, 63.53422804735691, 58.95671450614588, 57.76309382066498, 56.44984904078275, 66.26587691802786, 65.00505069020272, 58.00059115257895, 65.26585535775499, 67.38753976788222, 66.00249720319994, 65.7509666398406, 63.05694378041668, 67.81523858535701, 69.90361462863811, 70.78085929798668, 76.91273790558802, 69.53809537554245, 76.94210140055142, 76.11404667923739, 78.13336951167254, -1.1915218051905976], "angular_position_sensor_readings": [-0.15918428564753687, 0.1612090865952721, 0.30180258960560774, -0.4591235838067407, 0.17551539824056014, -0.11713090602896559, 0.17246860506764347, -0.17188008767544888, 0.07738881606549897, 0.16582766608121624, -0.052861224365297714, -0.15452309393160477, -0.3261271641120321, 0.44635966630525126, -0.12224431690075283, -0.24291068192001233, -0.9177435119900945, -0.2988687121989862, 0.3485508665815478, 0.6708971482919517, 0.44021371558462336, 0.12768648223340345, 0.1885087696416753, -0.37949187505800563, -0.4617320437494872, -0.30459511089378655, 0.9773695015368378, 0.6504601144229349, -0.048397128380399036, -0.057112523110612524, 0.17307510467368709, 0.3246502755571454, 0.21328477909274698, -0.30203961000902096, -0.6914947658941023, 0.15271919358378222, -0.06368616060098754, -0.05446735175101385, -0.443163082549902, 0.3841395243894828, 0.37413268500283736, -0.03749852316781013, -0.07770068473182994, -0.18123590538242917, 0.2708670048038628, 0.06584246362902295, -0.3683426192347351, 0.2050278933148936, 0.08081897220967049, -0.14408120174099745, -0.00347803100243803, 0.17194936679295852, -0.30054034719646433, -0.383652884575173, 0.11330628226805131, -0.6433815361620995, 0.0380683193771085, -0.5118935533679378, -0.6742379700572688, -0.11505375131455949, 0.2693219503528674, 0.09691636943351964, -0.33399781013409896, -0.47976378069488956, 0.4405805674435339, 0.6486178736665121, 0.3855146488483592, -0.38221623354646883, -0.19934611480621728, 0.26187205991469387, 0.334742800860594, 0.22994227382015942, -0.2586490931009388, 0.316513773294987, 0.023399571973702023, 0.9677450121729363, 0.13010373590259297, 0.14890654559665525, 0.5425146139497194],