{"position_x_true": [0.01330844774449921, 0.06660060711114889, 0.18673855738925726, 0.40095459113850607, 0.732837783426682, 1.2021912175446892, 1.8290958113959, 2.6339945375241225, 3.6376138847584167, 4.8608027384714525, 6.316122148310718, 8.007318898274319, 9.936610691701455, 12.104507354936253, 14.508783192379898, 17.143064477508666, 19.92570738346131, 22.781925115481172, 25.714011208082216, 28.71731863785949, 31.779760513814132, 34.88056702112165, 37.988793372734754, 41.063481801397266, 44.051630896406884, 46.92374101890028, 49.65800479195705, 52.20692967834202, 54.517949778287814, 56.53719629185144, 58.21456125926829, 59.58096431043395, 60.685069591542096, 61.52555043697127, 62.125770765394186, 62.5399893685374, 62.867032717960875, 63.21837417851953, 63.69987160855169, 64.43258496423545, 65.54020888556653, 67.06139430042177, 68.99330215155281, 71.34593843934334, 74.06647137939605, 77.02860153964173, 80.03846771244235, 82.87921464336029, 85.33898293680262, 87.22923694003248, 88.50716761362558, 89.26134733040766, 89.64906687000224, 89.93360424287253, 90.43964670324974, 91.49097912996412, 93.2771662492575, 95.7848234740284, 98.76038463616631, 101.73399754110783], "position_y_true": [299.9471142434198, 299.7844493972881, 299.50377371265745, 299.0962038290284, 298.5560385642768, 297.8803158669135, 297.0652501614909, 296.10516915311547, 294.9905943131466, 293.7089008851347, 292.2453390484939, 290.5831295391299, 288.7029811076183, 286.5841915378121, 284.2032126963152, 281.5323029272429, 278.6039498948159, 275.4528032502082, 272.0522126850142, 268.37233086342735, 264.3812925443757, 260.0464277921971, 255.3356402661604, 250.21960389161194, 244.67468430908605, 238.77697512302035, 232.61189556504013, 226.1841161894223, 219.51277940016533, 212.63393938144895, 205.60272003944448, 198.49120838265134, 191.37303269621654, 184.3232132352205, 177.42630941998317, 170.76901426678916, 164.3644345348807, 158.19864268453256, 152.28755566675068, 146.61059276638534, 141.1026989973706, 135.63327866886002, 130.04484533637716, 124.1826701653726, 117.87807499083213, 110.97442609916796, 103.44219100493643, 95.33202032482698, 86.71052000094842, 77.74423424228036, 68.68010006770074, 59.78283427584988, 51.27658944699409, 43.299662408231576, 35.84950626889446, 28.760962072971616, 21.706547903506042, 14.250803264228434, 6.0211557931931345, 0], "angular_position_true": [-0.0008100613765222066, -0.004021751780433385, -0.011184126547312346, -0.023784711256734883, -0.04255568560183079, -0.06752253330462567, -0.09895617187895304, -0.13720227713260513, -0.182353265036711, -0.23455624232875552, -0.29397286424260594, -0.36060136095324413, -0.43443043976250734, -0.5157696129189767, -0.604883576183353, -0.7016474032081702, -0.8063439649055437, -0.9193686417345999, -1.0407323377598579, -1.1704200932763187, -1.3084941699551502, -1.4550482612314404, -1.6101311586650613, -1.773916225805103, -1.9465795918714832, -2.128272710170221, -2.319163322687761, -2.5193546045523805, -2.728870383878392, -2.947770495815074, -3.1761706670472805, -3.414429309637268, -3.6628738233943907, -3.9214279072415037, -4.189940942680327, -4.468037024889806, -4.756096963878486, -5.05474077687014, -5.363970676615884, -5.683880680159627, -6.0146553209386155, -6.3572709225010255, -6.712370183578896, -7.079663222434425, -7.458963524690684, -7.850085338662559, -8.253871930806884, -8.671281172535982, -9.102256155661387, -9.547031556060503, -10.006931537271297, -10.48334516795587, -10.977253410751176, -11.489522278458947, -12.020543668552936, -12.570343406878303, -13.139565229549943, -13.72853164702701, -14.33733426416993, -14.966609807573981], "angular_velocity_true": [], "altitude_sensor_readings": [305.10566307936944, 296.50671376940477, 292.9288596646981, 303.2382632323942, 307.7016261637984, 292.66059126719665, 299.75869403003713, 306.33098729841, 295.73501376892096, 300.7319581015732, 292.9233562170883, 281.9232012798003, 286.2491850082832, 280.85253874782865, 285.5347724910466, 276.3271033264708, 282.2283533438344, 271.2393947772432, 272.43853446747363, 271.2905397975474, 264.817789390896, 260.36633712567664, 254.4845716656136, 250.93620736666574, 242.20676131878963, 238.7832046426715, 238.6414451355355, 233.49190167612656, 221.20441418966564, 218.17046041886783, 208.38972147083305, 198.94331210675162, 190.79055522721433, 189.55627948479318, 175.1773297824013, 171.47384946160375, 168.09591660576274, 160.02980080568003, 149.25691714892218, 139.98727987188192, 138.669695238589, 129.48926556358998, 133.3816202191392, 117.86781818980455, 122.22868457219836, 104.7029584667431, 103.43692252299246, 97.43328513560705, 83.12337884829621, 83.22086184840289, 71.91263190612479, 53.029018082232454, 51.17482331401188, 41.91504806770679, 35.52351816032051, 28.370126785783988, 25.535782885578783, 10.195498563797955, 4.384237930463025, -2.582923997491962], "speed_sensor_readings": [-1.8498566760789774, 10.182888264107502, 2.368128931550279, 6.969544230297861, 8.112057531310514, 9.061093715771205, 7.026296294722653, 12.62657164384181, 14.588930924910695, 18.132608796792308, 18.437582364168133, 25.298878479376125, 25.889867892084915, 27.065029079939816, 33.33084236056102, 38.70302563917181, 46.355867758373684, 45.51919436299849, 52.14068174863999, 48.416506956632055, 48.97187537951419, 55.08130227791391, 58.04800254943863, 60.71287090653452, 64.86264762999447, 69.37018354729122, 66.13357944416387, 69.80004323662813, 79.80710192710445, 71.26831624813465, 68.7166116295413, 69.79788320097987, 70.13087880557866, 71.17227418741405, 71.9889403859744, 69.36124685716034, 65.71871686795234, 62.06039265456172, 55.17738222184461, 60.73134372782654, 52.72741515785225, 53.81706318531379, 67.88562648393479, 69.28027664449621, 70.88374804412368, 75.63707093995885, 79.49168913343803, 91.33937519532121, 89.28949509224117, 95.4999054892451, 93.42286765620253, 82.9335890633924, 85.01845271457667, 79.1475754138653, 74.99241294920269, 73.83685230322614, 74.98726730502655, 81.26513177634176, 89.8472938574086, -4.143516748331164], "angular_position_sensor_readings": [-0.7494857948754742, 0.25012947106713446, 0.44167509888919176, -0.5950507426545405, 0.5246059867236175, 0.51842413555677, 0.46038227690127426, -0.5455926841776755, 0.10300963043029265, -0.5398315771028416, 0.10036359364764635, -0.07914758797865895, -0.369220701820952, -0.46963454622194756, -1.2901410550177697, -0.7165789609379927, -0.799043906309653, -0.05446577691965415, -1.3346579026053833, -0.8048828591775641, -0.9660101129667288, -0.9852058344826649, -2.3216825718992578, -1.9311131744938776, -1.6160627649915185, -1.8892567917590153, -2.447010908855509, -2.5751976515419748, -2.6360772078354624, -2.4771491006416664, -2.848851030230837, -3.76270653453995, -3.870220898927775, -4.144351840168127, -4.36226056089939, -5.325748827015445, -5.003294830216415, -4.314966792523114, -5.0436735813751605, -5.916809892377361, -6.181086820659609, -6.506688588978704, -6.509516308934682, -6.350868671126041, -7.497077565822691, -8.91416310168683, -8.10748682780668, -8.36947157670897, -8.870773643313102, -9.942362560508236, -9.423069239817842, -9.633852801304663, -10.941122024406532, -11.682765657151169, -11.642481606107792, -12.171737100259238, -12.871429652671907, -13.747568991525903, -14.68305232921354, -14.60844875935256],