{"position_x_true": [0.01327338262287663, 0.06639225308477958, 0.19009653856868264, 0.4195448005181345, 0.786629777223398, 1.304401496939973, 1.9826519698402432, 2.843528411959264, 3.9098481566370924, 5.20532630254211, 6.721965504788929, 8.44123171076371, 10.366017077195288, 12.49865657768071, 14.840728781902222, 17.39292973727989, 20.155267075668615, 23.12638636800696, 26.303002607920906, 29.679463479204447, 33.24679291771972, 36.991807328974424, 40.897512746536925, 44.9423368767064, 49.09880099187094, 53.33492525995691, 57.61327047109599, 61.89133899231854, 66.12254495610995, 70.25596785645425, 74.23782537011886, 78.01283239652017, 81.5256614789451, 84.72595718109568, 87.57523778986409, 90.05223895433795, 92.16018333883811, 93.9326359896536, 95.43602891364483, 96.76849392471763, 98.05841068680306, 99.45978686063246, 101.1360828160056, 103.23452982684323, 105.85670714626069, 109.02779105870901, 112.67298969640834, 116.596211693003, 120.59252888824827, 124.58884608349354, 128.5851632787388, 132.58148047398407, 136.57779766922934, 140.5741148644746, 144.57043205971988, 148.56674925496515, 152.5630664502104, 156.55938364545568, 160.55570084070095, 164.55201803594622, 168.5483352311915, 172.54465242643676], "position_y_true": [299.95473042583563, 299.822704090993, 299.6078352022371, 299.3107563064862, 298.9287962652363, 298.4396689482645, 297.82548793345387, 297.08805377945714, 296.22815203058695, 295.24494653672815, 294.1344764915393, 292.89171530057683, 291.51048871637505, 289.9816182419946, 288.29375106559036, 286.43462454186067, 284.39210518806584, 282.15166309358415, 279.696106283884, 277.006451062837, 274.06134778978543, 270.8375125556441, 267.3114775021385, 263.46050140207626, 259.2624849900664, 254.69796653535641, 249.75125887905006, 244.41163090200945, 238.6749690199639, 232.54513758319627, 226.0360148783744, 219.17373503943125, 211.99993726471942, 204.57282144789082, 196.9662061108482, 189.27072124084975, 181.58982635714113, 174.02896477694327, 166.68605028589508, 159.64053497660998, 152.94212582077535, 146.59799133237289, 140.55738253003756, 134.70436418558467, 128.85753447773027, 122.7920829240945, 116.27532345193536, 109.27227561311557, 102.01696821365249, 94.66356081418941, 87.21205341472633, 79.66244601526326, 72.01473861580018, 64.26893121633711, 56.42502381687403, 48.48301641741096, 40.44290901794788, 32.30470161848481, 24.06839421902174, 15.73398681955867, 7.3014794200956, 0], "angular_position_true": [0.0008364375338770764, 0.004203206455740486, 0.010951961153133271, 0.0210852056491553, 0.03377155693512813, 0.04401463553626294, 0.04760327054067914, 0.044453089015285024, 0.03440956675990878, 0.017291185841298285, -0.00697830384095037, -0.038579851924751475, -0.07766923287401797, -0.12419602972789624, -0.17805458229769797, -0.23936561918925173, -0.3086321869617288, -0.3862143180957559, -0.47232077244988957, -0.5671667752491427, -0.6708174306245237, -0.7831753330864022, -0.9042282372190322, -1.0341345632859926, -1.1729552811674422, -1.3208951162532183, -1.4782643539963987, -1.6455171890806908, -1.8233027574327225, -2.012299364628669, -2.213289014845003, -2.4270957725967475, -2.654214866076722, -2.894929196879147, -3.149692269303245, -3.418705155701936, -3.701911747359683, -3.9996246098004717, -4.312503682340425, -4.641682242418515, -4.988413013843928, -5.353430817802102, -5.737268543529644, -6.140586459422644, -6.564015728160215, -7.0087010509692185, -7.4764004754849145, -7.957273821738676, -8.439391292133443, -8.92150876252821, -9.403626232922978, -9.885743703317745, -10.367861173712512, -10.84997864410728, -11.332096114502047, -11.814213584896814, -12.296331055291581, -12.778448525686349, -13.260565996081116, -13.742683466475883, -14.22480093687065, -14.706918407265418], "angular_velocity_true": [], "altitude_sensor_readings": [297.69616048198833, 300.6136712718951, 292.1819496798015, 296.6100179690851, 301.58762691821573, 297.85166404619815, 302.1308906345598, 288.548344741, 296.52583243043955, 297.23990191014053, 302.4531845129755, 293.7425942539889, 300.8276929908025, 293.151721696567, 289.53963886215223, 285.34104441412165, 287.41588574742366, 281.4440124012338, 287.6951263784143, 280.38835858091835, 268.76385244243147, 271.16234468892503, 273.91981052352924, 265.4694371033933, 256.69231600903396, 251.810450718827, 249.93344966994837, 241.84650223707504, 240.18032297579563, 228.44131601330847, 226.28533916852177, 220.1811283035581, 212.00780840297992, 206.89644115901893, 196.43513482464618, 186.8680535994306, 181.90555917188792, 176.5183561514041, 164.24253285054746, 162.74177633544392, 154.7976329229034, 148.97079709357553, 141.9224106414721, 125.44375427647057, 121.77023340230238, 115.40681323294388, 106.63598724594053, 110.58437072953527, 102.09713863678529, 91.53590018944571, 89.35029815893338, 76.41474380937927, 79.00416403610312, 63.16015309798138, 62.60339766276677, 50.14378600303718, 38.84808607895793, 35.98518290813617, 22.328025009824838, 17.799036309747045, 9.881247289085756, -7.481440377287829], "speed_sensor_readings": [-5.684522014925988, -0.24275939640309518, 2.1299437735459894, 6.488514687853838, 5.586026713327623, 10.826344857862015, 9.639218380129229, 12.272895326532467, 14.067992282361562, 20.27567927918358, 20.835089319307315, 24.574519558913604, 25.444140637674703, 27.814956565157217, 27.294785687437937, 33.704864434754874, 32.82693567791655, 37.171329201963914, 44.28225078639437, 45.70159792468995, 47.139220572890814, 55.567808693714106, 52.86074098536515, 55.79499790754556, 64.6888756630231, 65.64708061877289, 63.03906157144552, 71.56668422449621, 75.68418383649146, 74.1019331306576, 77.23959958854923, 78.3141611678659, 78.23675721983697, 83.45432696831638, 76.95438925310916, 81.72633348003144, 81.24698787330742, 78.60352699364553, 81.09792780826383, 72.0548641595276, 72.41119208881886, 67.10347231800374, 63.53455156776853, 56.78615699918291, 62.14969399844665, 65.58019317824204, 77.15168378092719, 87.17188559453027, 83.29801237501403, 82.80884693182843, 87.34566556657948, 89.46495041182826, 90.49631666816705, 88.38994257019526, 90.91595165753994, 91.46541859052641, 88.9660224869876, 88.01215455696031, 91.19959358556895, 94.08240114646136, 96.26956397940991, -1.9532586533941223], "angular_position_sensor_readings": [0.08491626177269422, 0.27450998257578524, -0.518895292153308, -0.01984819501519501, -0.15762285768115272, 0.19258210134052944, 0.19402142472550585, 0.1458719395684214, 0.2924092819622972, 0.3240184257169244, -0.14430971820104405, 0.20582291540330538, 0.5005121441793761, 0.4780589785099373, 0.038066663537342504, -0.47691247514208346, -0.6402821828406877, 0.4869822578380959, -0.4049352743454503, -0.9474041991169773, -0.15558488494065892, -1.119415015259254, -0.11750449715359013, -1.324773407542678, -1.8556606639334086, -1.3317871755777524, -2.2220809927152505, -1.3537988794999372, -2.3721812424678466, -2.082841257633611, -2.1388558421134483, -1.8949719372468676, -2.7253767336143815, -3.135017825805713, -3.301382790803703, -4.1025591766482865, -3.6179014702180425, -3.4994528839345, -4.877730528190849, -4.759601749095418, -5.11542739818642, -5.346028655854513, -5.873598447566714, -6.299571966075178, -6.712241415307276, -6.629738986627113, -7.107437173165881, -7.9201885338809666, -8.604718319305707, -8.250765427630197, -9.588438896646768, -10.041966242451215, -9.94472148745873, -10.423403638470647, -11.222447553363942, -11.991083935113322, -12.191517765546733, -12.527630709762063, -14.151562629469483, -14.095871002714865, -14.421678745982797, -14.962455531755756],