{"position_x_true": [0.006186300263492419, 0.03498706122240298, 0.10686569267438167, 0.2423448908586322, 0.44160117426662954, 0.700647904474764, 1.031871952113872, 1.4477053308165466, 1.9609175915944115, 2.5805482126503394, 3.3114096979597774, 4.158351368378524, 5.126034452046551, 6.218971985585406, 7.441752528798845, 8.777996358765687, 10.216000124806127, 11.769660837024524, 13.45310188270736, 15.280703199472429, 17.26126430878109, 19.397751537344167, 21.692683476491396, 24.148268525116304, 26.76656915185928, 29.523288356522563, 32.39972012306215, 35.408591751512795, 38.56178292425262, 41.87071556702856, 45.33937715681656, 48.96395928242969, 52.73967128409201, 56.66138856938651, 60.723609221583565, 64.92029924679078, 69.24562830022855, 73.6641963892999, 78.14718436314175, 82.70204247320098, 87.3328784898456, 92.04076034654243, 96.81999089215901, 101.65739570196638, 106.53937598683459, 111.45032303767125, 116.37346015225978, 121.29415912046565, 126.19772371337594, 131.0677081046435, 135.88617011785408, 140.63425529049186, 145.2927963618881, 149.81885368455866, 154.1732027384636, 158.3419036529851], "position_y_true": [299.9468421420337, 299.78734861033985, 299.52137891842335, 299.1486978349614, 298.6566227185108, 298.0362625560551, 297.29484131689674, 296.43901528658216, 295.4747028648354, 294.40332603185306, 293.22205945606595, 291.9276876348285, 290.5163799059935, 288.98386569102473, 287.32608186182506, 285.5253547427834, 283.5668907072362, 281.4518830599592, 279.1800879928081, 276.7500309235724, 274.1566330668297, 271.3915586841218, 268.44588018750994, 265.31077418954135, 261.9773910907988, 258.43032270952506, 254.6559864599511, 250.64768040158575, 246.39627704797687, 241.89060323864754, 237.11784757264851, 232.06425424969805, 226.7160576314872, 221.05947584929996, 215.08056993911512, 208.7654991597978, 202.1006629868306, 195.08193482553133, 187.7041887592497, 179.9513476547423, 171.8052880264113, 163.24544473010585, 154.25403792576674, 144.8168657943741, 134.91976865820456, 124.54840170248451, 113.68841577924151, 102.32588866137185, 90.44669307504233, 78.03657306583153, 65.08151853232746, 51.56757432559825, 37.48070449134569, 22.84104093372555, 7.66255315761398, 0], "angular_position_true": [-0.000838091963154849, -0.0033615941319616208, -0.007598400931205217, -0.01354470925888384, -0.023746006288302382, -0.0399175558818161, -0.06032035992606087, -0.08321275136755057, -0.1068579194413608, -0.13033797147044524, -0.15365703797965494, -0.17682824021957083, -0.19987352963421517, -0.22282371897453568, -0.2456642342195743, -0.2720233181807282, -0.30456394067511583, -0.3412996354499737, -0.3802489833075735, -0.4194279976414579, -0.45778010079438436, -0.4952601086895926, -0.5318010523545195, -0.5674003340790356, -0.6020680597795832, -0.6397698124840379, -0.6835060969135763, -0.731249549209251, -0.7809222820739025, -0.8304404393310865, -0.8787131407023955, -0.9256038158453329, -0.9708975518495868, -1.0143732449687075, -1.0558859192710506, -1.0952952294079585, -1.1324436391036745, -1.171675422215426, -1.2163306071551956, -1.2645090766475269, -1.3141192891634972, -1.3627896847122525, -1.4095693629177406, -1.4546526318582713, -1.4981859110363973, -1.5400765139495263, -1.5800037470951847, -1.618126515180296, -1.6548259437507493, -1.6903443143771244, -1.7247946004234067, -1.758081857509285, -1.7900906574252058, -1.8260438664111607, -1.869728182691935, -1.918413896745163], "angular_velocity_true": [], "altitude_sensor_readings": [299.65719804405506, 298.2591008328233, 300.3282641943567, 298.9103383309825, 305.3010829384761, 297.97462302323066, 298.1351037216866, 299.8132371408199, 296.6637176446756, 292.6199458931511, 293.79708853650015, 280.7361839422326, 288.7114431421814, 285.66786551815727, 281.90184720785714, 280.0622447935862, 284.972099103583, 285.9632212566791, 276.6773414858138, 279.8824566553297, 279.87799927157107, 275.8000114388829, 275.93066347791233, 268.35461714677956, 265.34040464586485, 262.83382581498347, 261.97661913414413, 250.36906965181845, 242.36326663282034, 243.94648170025346, 240.56874245013688, 232.48376569295928, 224.47733073181013, 221.40119611622706, 218.26344679316506, 207.7245400110307, 201.78499674301182, 194.59906605940077, 191.67740863626048, 184.17014818834795, 172.99591647935497, 159.12162850117278, 151.73509413478843, 146.86042048302997, 129.19549277767615, 123.87760685076209, 112.94498710133111, 98.89905948613676, 91.05925461307324, 71.99789522655072, 65.19367346584113, 49.34584772189971, 40.149672301313046, 22.026464523953216, 6.628898277694098, 6.225868015227412], "speed_sensor_readings": [-2.1463486659136892, 4.346757458397805, 7.568839635655825, 6.681899886101245, 3.960590422535199, 6.431512501196612, 5.151686523289094, 12.868717229202208, 9.772276792950322, 17.29693210444459, 11.56953559383847, 18.615361492359074, 18.30932809171066, 18.843957138413643, 23.185320836495976, 21.13295293800031, 26.63488588765246, 31.736344829196003, 30.52103733448745, 28.687478109416844, 33.17906198067151, 37.57311386699505, 38.93426861798112, 39.4193109152504, 43.06642910029309, 43.19380804263594, 48.41411312055094, 51.31009784185189, 58.65236086340238, 58.67948460298411, 55.665367628880055, 62.42265503113096, 68.19022703991592, 76.53793105504815, 77.51070670434635, 82.39828823938844, 81.68317861962507, 82.9900237673116, 88.56361596831934, 84.98315123857637, 96.81935635368131, 98.2921553834442, 102.981175832435, 105.44722136514169, 118.1572814588368, 116.71804979202551, 122.26293310918145, 124.18603175113856, 130.396051622577, 135.83282409469217, 143.28957299618506, 143.2177801192992, 144.1220361279307, 158.06971476967337, 165.55784544182106, 3.4666372403717363], "angular_position_sensor_readings": [-0.04242884253575837, 1.012553009289094, 0.295876691779426, 0.13511940320300084, 0.3466712301801725, -0.2858982278541552, -0.4423844182296656, 0.4692323460462886, 0.30601008575622757, -0.025017186975095362, 0.11660821693901383, -0.15953407783514498, -0.10621107585086764, 0.13014870001777928, 0.31624140691157254, -0.09606479413904179, -0.5524686986623909, -0.07327284253488447, -0.3032002920751597, -0.8460601467016517, -0.06513532105596964, -1.0700583130174497, -0.7465194625472076, 0.147083764914124, -1.0971228512789053, 0.19825627084255015, -1.0099337765472662, -0.2353696336077991, -0.6024651906244093, -0.3264211398071214, -0.43304722034996707, -0.7884829771291789, -1.365471641086598, -0.7216716209103792, -1.1277941898442854, -1.446195328463572, -0.7841610861550928, -1.0558753080043914, -1.1606186764948447, -1.7188723844802265, -1.1705295483052713, -1.1351890647504905, -1.1483996349968875, -1.5112284128144968, -2.0153812139891683, -1.3256483082297799, -0.5435663859279489, -1.7555874649522385, -1.4991742434158797, -1.4780152945650407, -1.789983028528312, -1.6246407142657195, -1.7643295296699633, -1.8746971780292276, -2.2314551476125337, -1.7415338347317824],