{"position_x_true": [0.013275124473413755, 0.06645464268528227, 0.1863574069585191, 0.3999983510057014, 0.7307113592463297, 1.198240376897376, 1.8226790705959144, 2.624442162888479, 3.624326541762174, 4.843299265182475, 6.293969225853834, 7.9803511923018915, 9.905201520484972, 12.069332743547493, 14.470972197527747, 17.105168305518465, 19.96411204894286, 23.034359292201454, 26.294013428307547, 29.71411954922907, 33.25881389761061, 36.88276175282324, 40.52958891510561, 44.13422122666366, 47.6244480589895, 50.91831159835267, 53.92683020413399, 56.56072665294809, 58.73428536576033, 60.37217220213674, 61.41847044930391, 61.84689716432239, 61.67200900507543, 60.960345720647126, 59.84033581379759, 58.50803575808042, 57.22379467295639, 56.29588665222389, 56.0545851779807, 56.802638182555064, 58.37901184544282, 60.221102306953966, 62.063192768465115, 63.90528322997626, 65.74737369148741, 67.58946415299856, 69.43155461450971, 71.27364507602086, 73.115735537532, 74.95782599904315, 76.7999164605543, 78.64200692206545, 80.4840973835766, 82.32618784508774, 84.16827830659889, 86.01036876811004, 87.85245922962119, 89.69454969113234, 91.53664015264349, 93.37873061415463, 95.22082107566578, 97.06291153717693, 98.90500199868808, 100.74709246019923], "position_y_true": [299.94701106552935, 299.78407689304476, 299.5029550221161, 299.0948999162086, 298.5543168411586, 297.877605221667, 297.05982036400974, 296.09420447856195, 294.9714615144613, 293.67969110636244, 292.2045279154508, 290.53027697977814, 288.63889788479736, 286.5098946672027, 284.12020412816094, 281.4441998827838, 278.45505640736195, 275.12262973320054, 271.41291325797175, 267.29188034464374, 262.72730790598416, 257.6895796571629, 252.15379090522083, 246.10308860262595, 239.53113019696744, 232.44591762334002, 224.87402847985464, 216.86284839716657, 208.4848381577512, 199.83857164992435, 191.05124000832308, 182.27713824659156, 173.68656852154376, 165.45798824830163, 157.76398165568364, 150.74762591662727, 144.49407656515055, 138.9989137066356, 134.13476204308432, 129.6250374622477, 125.13266590137674, 120.52022813014756, 115.80969035891839, 111.00105258768922, 106.09431481646004, 101.08947704523086, 95.98653927400169, 90.7855015027725, 85.48636373154334, 80.08912596031416, 74.59378818908499, 69.00035041785581, 63.308812646626635, 57.51917487539746, 51.631437104168285, 45.645599332939106, 39.561661561709926, 33.37962379048075, 27.09948601925157, 20.721248248022395, 14.244910476793216, 7.6704727055640385, 0.9979349343348618, 0], "angular_position_true": [-0.0008024077942935416, -0.004005006261643095, -0.011172897836754271, -0.02391890838588285, -0.04310865989573276, -0.0686459380728276, -0.1005240811822558, -0.13882602104783479, -0.1836419237761458, -0.23522365509803164, -0.2937761271883171, -0.3594796474315795, -0.4325096913507309, -0.5131351759124734, -0.6016956455316045, -0.6985860577356626, -0.8045090716875217, -0.9198930135573913, -1.0446063325384205, -1.1786353315143636, -1.322239472843804, -1.4756538538095854, -1.6388963471922262, -1.8122576750146402, -1.9963975655129624, -2.1916274555017097, -2.398072359021404, -2.6161570360762516, -2.8463605562936465, -3.0892645376096857, -3.345351060887875, -3.6148957087161255, -3.8987514410103663, -4.197997343999868, -4.5135820505258435, -4.846458735798227, -5.197684000144587, -5.56877039680822, -5.9610517439558866, -6.375430080969378, -6.801370816522124, -7.227599876962366, -7.653828937402609, -8.08005799784285, -8.506287058283093, -8.932516118723335, -9.358745179163577, -9.78497423960382, -10.211203300044062, -10.637432360484304, -11.063661420924547, -11.489890481364789, -11.916119541805031, -12.342348602245274, -12.768577662685516, -13.194806723125758, -13.621035783566, -14.047264844006243, -14.473493904446485, -14.899722964886728, -15.32595202532697, -15.752181085767212, -16.178410146207455, -16.604639206647697], "angular_velocity_true": [], "altitude_sensor_readings": [302.6240455144044, 298.2926444912474, 290.9219941463942, 304.6877206694981, 300.5946777832426, 287.4576058798065, 294.038822093855, 296.10371897036896, 294.5206477550904, 293.64417454040995, 293.4039231057982, 287.3051834827151, 284.5004233919452, 289.13755462738067, 282.4259183455127, 283.58081109887473, 277.18550395588375, 273.86457079096465, 268.7364979579366, 261.8836956689666, 260.05412121775856, 257.975592316986, 253.57268159673296, 255.67991131934238, 240.96852902593318, 236.3955545582198, 225.3773940686468, 219.38610716966417, 211.44790646841517, 193.72668929091958, 182.0574300414934, 185.9208681698162, 177.90896836954232, 169.00070499356872, 157.37862228395716, 154.75452301451787, 143.69547300191738, 142.78540826570799, 129.71724813354743, 126.99632025813132, 128.30829928894917, 114.79488701018002, 115.96158570898027, 115.15191003040745, 104.85676711843661, 96.43787795268247, 102.8232076261182, 87.18547180479123, 87.77996053070167, 75.4447708014486, 81.15844548351532, 74.0469626335991, 69.82948980051208, 57.38385394973545, 57.48650151135254, 42.98694575346095, 41.38108839137779, 41.31592088239971, 31.46859754391905, 15.145787000177414, 13.911352773088309, 7.424690406634133, -0.2757489157554398, 5.9425268021530755], "speed_sensor_readings": [0.8093265668234333, 4.28725043902418, 2.4990419302387545, 4.923857812297424, 5.300508247118318, 7.7918957846328984, 11.876169915776252, 14.076411899873095, 16.907291258526033, 18.395121823258748, 23.044825854504754, 26.104944722747344, 29.64669688006778, 31.664104742886373, 39.87815564262439, 41.65463087166392, 42.43305636850378, 43.13950524109651, 54.951381534314784, 57.91207459372049, 60.76321903911822, 66.87145818763409, 67.81368226417213, 79.76144821751511, 75.30235071711832, 77.92020897608279, 76.49945051202097, 89.25790479477787, 91.20211598428841, 89.02278081739064, 86.93668465678232, 87.01573206242834, 80.97428865025879, 79.23640179518172, 77.56286682298064, 71.97173188048829, 60.19766020532737, 58.30795379945401, 41.77991839172479, 49.404665766772176, 48.78408586781249, 51.52516680442422, 45.830943019047844, 52.20361228844947, 52.07455702734975, 53.90231677669592, 53.30198854853013, 61.325665220674054, 58.719808237484536, 58.53831692123155, 52.385859438254556, 55.24017290193308, 61.13460302586969, 61.9735004368887, 64.84202639683751, 63.29014058687113, 60.118771350036766, 66.36018376940233, 67.08747963966026, 64.50061308527312, 68.94534460336921, 66.73884744845472, 71.92108540733693, -0.3147239809924428], "angular_position_sensor_readings": [0.10563055204091747, -0.12921209752515908, -0.10357304393582956, 0.23070908509605043, 0.2877842735973288, -0.5006093154929879, -0.12127189151550903, 0.18666728043301326, -0.059709002793392155, 0.2859214524559972, -0.42580215042456127, -0.2900889622594232, 0.20799879979015745, -0.07179011169941013, -0.6644059309473114, -0.27926188535551616, -0.6027682387776552, -1.5523256170808766, -1.6810686551030674, -1.917672970669786, -0.7584797600213408, -1.5446852257731318, -1.5825603184303254, -1.7228096775183142, -2.2387667559352296, -2.3905237195771565, -2.439583011288112, -2.8031077756555565, -3.433331355683906, -2.798084723382661, -3.0584671323620665, -3.392410624415489, -3.4993638301884133, -3.3988540815499513, -4.241118407638015, -4.3856937371412865, -5.605630389178761, -5.510188399993537, -6.052861315461582, -6.027701006146746, -6.9647808802486, -7.190462276869857, -8.434361199985469, -7.9690335791410165, -7.543156384756509, -9.218469161718508, -9.292070631378673, -9.059582727884223, -10.032800709815401, -10.460841734848582, -10.949255959060638, -11.494346156320193, -11.491298336312461, -12.536799401425071, -12.226989761037409, -13.098609052903221, -13.245910719239676, -14.048429700427928, -14.872604421758007, -14.848953216832077, -15.563016888427475, -15.314858100888907, -15.387929850907971, -16.511311252289016],