{"position_x_true": [0.015188303202753129, 0.07802515235988705, 0.22322510370548757, 0.48603285750939385, 0.8946628772856594, 1.470356300072095, 2.234978178873348, 3.194413552813789, 4.342178975579436, 5.690996977077679, 7.247881891820538, 9.012005720445307, 10.98621540314156, 13.173482107715548, 15.575915599055783, 18.195508523762687, 21.032990813296692, 24.08921574970468, 27.362927003539056, 30.84464593983361, 34.53648150077758, 38.429682280748565, 42.504777243758646, 46.74592161900258, 51.13245403470841, 55.63829949447668, 60.23188916361068, 64.87448886966074, 69.52041776188294, 74.11831047610728, 78.61210541664198, 82.94376787171971, 87.13736701431084, 91.23144942974635, 95.21380649867538, 99.07614953641473, 102.79516877047969, 106.39189947922894, 109.89635595328703, 113.34859558328745, 116.80391512885805, 120.27050217510383, 123.7712337221447, 127.33557337400825, 130.97800584459264, 134.71227415581657, 138.53597087561056, 142.45930797299948, 146.4644574608696, 150.52219780392224, 154.5960968462213, 158.63816346325248, 162.6249760418337, 166.5167163292837, 170.27849132549875, 173.89082353831915, 177.4066931431772, 180.91055543640846, 184.44630787487242], "position_y_true": [299.9508786141168, 299.80361046419, 299.55815500547754, 299.2142677066727, 298.77220162003215, 298.2325482199102, 297.59503557773627, 296.8421360788684, 295.9605693054043, 294.9569442108463, 293.8238130631004, 292.5524554307346, 291.1368869871157, 289.5695608956166, 287.8420104934089, 285.94482730185797, 283.8671911302632, 281.5966887064347, 279.1194350070124, 276.4163408207052, 273.47214746726746, 270.2661987729503, 266.7744705533605, 262.9747077964931, 258.8440257824395, 254.36014893400835, 249.50284242440287, 244.25459684485708, 238.60269626584096, 232.54178775835578, 226.07571948140762, 219.21956955894322, 212.11788689372736, 204.89061701634537, 197.53159466703443, 190.05083479397945, 182.4575585659232, 174.80291588124345, 167.1383505555307, 159.46818121926822, 151.78914990812171, 144.11639635064864, 136.4395541932465, 128.73213060469286, 120.97071780560931, 113.1295147702042, 105.17868641275771, 97.08762112343807, 88.83169966395724, 80.37813003129492, 71.72122270591885, 62.863555216211296, 53.79837541795371, 44.56203737568281, 35.20586015385911, 25.76322418046137, 16.28558545555484, 6.806081552654176, 0], "angular_position_true": [7.770617388487685e-06, 6.629676235417108e-06, -1.5177236710179815e-06, 4.458911046973753e-05, 7.682293855595395e-05, -1.8082581017312354e-05, -0.00019001536388065228, -0.003731693668532092, -0.0131586704723924, -0.026740856917905217, -0.0453957669561876, -0.07001617429185397, -0.10062099862792513, -0.1371819411800465, -0.1798027613723154, -0.2287901250468013, -0.2844655066531159, -0.34716404548245083, -0.4172290475339987, -0.4960955682429462, -0.5831756565650862, -0.6786005734151453, -0.7835472112108612, -0.898257643075118, -1.0228851850355891, -1.1576061193989737, -1.3027397021698064, -1.4583785230372892, -1.6245195693776093, -1.8012156569014306, -1.988583390143965, -2.1870607496795795, -2.397268977386779, -2.6180262951755187, -2.846432553893033, -3.0796544316346757, -3.3147548739750623, -3.556313347302166, -3.808931062479385, -4.072691459093791, -4.349184940187002, -4.6369254059623985, -4.935961351697606, -5.246324591666702, -5.568069102832022, -5.9012049454515125, -6.245808474709392, -6.601954224567205, -6.969689829500637, -7.349078072910344, -7.740206681690548, -8.143092545757966, -8.554528941877573, -8.976234602720213, -9.4098305657913, -9.851995952957868, -10.304498229268914, -10.770808274703162, -11.25096077451621], "angular_velocity_true": [], "altitude_sensor_readings": [296.6002575710613, 303.627983889617, 301.24796189450893, 299.46834959459125, 302.92517762271564, 290.30681252631365, 302.18576037014253, 294.54248006252897, 297.6160801192353, 295.08006358288986, 299.7087149097123, 297.423440764817, 293.4624815029779, 293.18058438541556, 288.744708357314, 284.9721500622167, 282.6078522453499, 281.01075931504494, 275.7541940733032, 278.8171306071435, 268.4564923782413, 271.57876824787843, 269.79787504516077, 259.2309152232622, 255.85438780836176, 251.6103882116718, 254.54455976008973, 245.8938895453198, 241.7407184286317, 235.74038665242026, 223.4210646920219, 215.48550958434674, 212.43110687970682, 202.43962143355694, 191.35314580422568, 184.05177966886583, 183.38808484811432, 175.20100394049356, 173.4286086509042, 157.55139730572967, 152.49770972217445, 146.5130949579215, 130.2666178742034, 126.82704094473824, 122.77716700482792, 114.70995434763253, 101.51137099569794, 97.03714644020832, 87.19615885127611, 78.93222064815792, 72.78725113514807, 64.20731299885487, 48.20217685232447, 48.12710305502523, 29.540016805333387, 30.90247455192833, 15.694492771187003, 1.2825694212755385, -2.6838701159235083], "speed_sensor_readings": [-1.8288616547604928, 5.054050848213108, 3.1582803753939452, 4.695292463020149, 9.128141964318138, 9.021936371613219, 7.144822260589439, 10.735206108797891, 12.086383832739607, 21.747236316064342, 22.459079595200222, 18.810457422450803, 24.523345002558926, 28.91107103808569, 37.02766705746532, 36.5327498021277, 43.34140498566595, 43.56959215233378, 46.8350729885562, 44.239117767761684, 44.61144596231945, 51.42328001831823, 57.0296721594503, 56.61807101619998, 59.77799717027252, 66.93684099394774, 66.90298226419053, 69.234363056978, 77.7831700735992, 78.06063049797707, 78.28729331820453, 82.63021855044772, 77.97812523044539, 84.36174544818456, 81.2575486757716, 80.99435185934634, 84.61430844216949, 87.33817095884864, 81.1683370768416, 82.81266437939163, 83.65725692389836, 86.62403816942184, 82.49379930325392, 83.40695342736178, 86.85575998844048, 92.79177899539341, 85.97151783409456, 91.17336020077124, 89.35702118819908, 93.0091581863265, 95.31038268559216, 99.83812320386113, 105.16675362158395, 100.89396340176832, 100.41900948693826, 99.23162864503044, 106.98320005953256, 99.26362539069746, -2.5186890905280004], "angular_position_sensor_readings": [0.3964083359409797, -0.4957800866338281, 0.10516554634403205, 0.29513028737749414, 0.23982724916902315, 0.4973695464642581, 0.681940707679971, 0.11066204623948858, -0.40985020750280143, 0.8071787657583697, -0.5231710646586971, -0.6053852489531235, 0.532605551698916, -0.2631870928775405, 0.4760316944225558, -0.5632099714680279, -0.005064086219707553, -0.0924225798974942, 0.682541753305257, -0.729920235536768, -0.15760290331768295, -1.0359452694201878, -0.6757208514014609, -0.5269819388293469, -1.2646094871931766, -1.3118167314921918, -1.5464488951741024, -1.064702444057228, -1.715913608134628, -1.8719983393803836, -2.6381814713054283, -1.9570021159676294, -2.089670405201674, -3.4802623952068648, -2.197348672369439, -3.462006817342165, -3.335128510208581, -3.933609062485139, -3.4239527160976295, -4.185162733336517, -4.234029318560519, -4.4028998196779385, -4.355232592231392, -5.796295216395011, -5.05891798556729, -5.595519196291707, -5.889949844097676, -6.159683660063104, -6.9552938668687005, -7.655434723326052, -7.596106353117681, -8.61203567649686, -7.962617871873145, -9.547224170086377, -9.149715781060339, -9.571330182850076, -10.386370205210419, -11.14199742955186, -11.780302246103599],