{"position_x_true": [0.007366476764827119, 0.036854121116125224, 0.10329229569490919, 0.22165121699643342, 0.40710997944442484, 0.6751193324006155, 1.041493176899667, 1.5224571181265256, 2.134752169762202, 2.895821783170197, 3.8158325758600924, 4.897371603519554, 6.143150446143093, 7.555947170748387, 9.138590738099051, 10.893989651231502, 12.82512203954071, 14.934980037668604, 17.22656782260065, 19.70295064910763, 22.367185293203477, 25.222408426426835, 28.271699764552224, 31.51798751195331, 34.96382532499209, 38.61207117965449, 42.46589752009712, 46.52794218890104, 50.80136064290258, 55.289237935669, 59.9940928131241, 64.91845468965025, 70.06526005908131, 75.43715330241463, 81.03549619835003, 86.86191666347565, 92.91855932012855, 99.20676287325034, 105.72767205699697, 112.4843463208115, 119.48153273432762, 126.72279102831172, 134.2110887817508, 141.94963469844947, 149.9425408947272, 158.19552451863714, 166.71410120714006, 175.50307129934887, 184.56594764388834, 193.9050238840758, 203.5216229071118, 213.41742265780064, 223.59509957840237, 234.05623147577228, 244.72948963756704, 255.47301740429188, 266.2165451710167, 276.96007293774153, 287.70360070446634, 298.44712847119115, 309.19065623791596, 319.93418400464077], "position_y_true": [299.95095919586316, 299.80380858249254, 299.5588151997169, 299.21647449546793, 298.77729527320713, 298.24221380202243, 297.61200503072735, 296.8881098771161, 296.07235214166036, 295.16470756890817, 294.16499129693494, 293.07274893441524, 291.88591003672104, 290.60175863027234, 289.21750567682426, 287.73129785272437, 286.14110893875795, 284.4433877874296, 282.6339825651414, 280.70896250988744, 278.66391553515297, 276.49452483332345, 274.1958517611174, 271.76173818809946, 269.18445096069877, 266.45740622879, 263.57526200850515, 260.53050797410185, 257.31701675364434, 253.92825903005235, 250.35582094071685, 246.59121845968804, 242.62661369643382, 238.45332538817735, 234.0599314597916, 229.43539058041202, 224.5693956520237, 219.45011573446834, 214.06515998904376, 208.40435835039128, 202.45912378875056, 196.21860390089785, 189.67041701967585, 182.80172735420334, 175.59976782722558, 168.05245573819116, 160.1462792664631, 151.86570033744547, 143.19259831155046, 134.10633930251106, 124.58402164092465, 114.60138196252291, 104.13302805170801, 93.15057015638519, 81.7379308406279, 70.11068835621931, 58.385345871810735, 46.561903387402154, 34.64036090299358, 22.620718418585, 10.50297593417642, 0], "angular_position_true": [-1.950525687117778e-06, -1.8282577226544919e-06, -5.6207681885537515e-05, -0.0002702615527462063, -0.000753389787565502, -0.001709303864547659, -0.0033170228146036113, -0.005912133935300505, -0.009940171486206777, -0.015511490104254212, -0.02275196500821438, -0.03178051346791816, -0.04244826056748347, -0.05454371204559409, -0.06790701589896603, -0.08262942760749095, -0.09882995414645147, -0.11639066675655832, -0.13514736922380108, -0.15505140388925703, -0.176029753189386, -0.1980986149296033, -0.22122593252524933, -0.24521707290223865, -0.269645853398259, -0.2943768421712934, -0.31957517534875807, -0.3450445776933647, -0.3709211995467584, -0.39732890835608775, -0.4240996637969896, -0.4511286868787401, -0.4785133787415764, -0.5062663643759652, -0.5339486050147889, -0.5612773381898314, -0.5881859548715181, -0.6143711151158646, -0.6394823947397746, -0.6636811772151563, -0.6875166206485787, -0.7111661783734666, -0.7346138533491927, -0.7578840679543862, -0.7811641803989496, -0.8049510715466572, -0.829654670848263, -0.8555245207755192, -0.8825826994960533, -0.9106756592367025, -0.9395535800746236, -0.9690894171348711, -0.9993687755251525, -1.0303612512327962, -1.0617056322171448, -1.0930848690146453, -1.1244641058121458, -1.1558433426096464, -1.187222579407147, -1.2186018162046475, -1.249981053002148, -1.2813602897996486], "angular_velocity_true": [], "altitude_sensor_readings": [295.51177094035734, 297.8651786407357, 299.05919309720105, 296.0289795646532, 299.53074311400434, 300.3120195402665, 300.21793853690474, 293.44255093157454, 298.53289369425755, 292.329366842423, 295.97183205318623, 292.2962494755171, 285.77651372242013, 294.3961959894885, 291.58073717353227, 284.6665643848907, 280.13731725740547, 286.98955873311223, 278.82744556252806, 278.28446520879896, 275.24825142268276, 278.8689032390526, 270.1744658520209, 270.3661475357602, 267.8752466223833, 265.44939447937304, 264.32213387631015, 270.98253976370916, 258.0074106090729, 247.47719631782167, 252.82483838315812, 247.57052370568604, 227.57581810913, 244.8128287542706, 232.25275753500688, 231.612222867284, 226.42763378182877, 224.03196409666612, 215.5616011417003, 213.8685240952738, 199.55686117261743, 199.35951006823845, 186.0587509058792, 185.24638939288815, 186.16209289237452, 173.25271208427228, 163.44124974843186, 150.24551082335987, 141.3376462031507, 131.41089303145685, 126.95540040906927, 111.24028284385697, 111.88644748181032, 94.09215304566328, 81.60700014913438, 73.02991175813013, 56.75899445570597, 45.7009108314593, 43.41328456935593, 23.897428417526456, 7.431819262181876, 1.45614890173212], "speed_sensor_readings": [1.599081069024857, -0.7935303032496681, 7.642027853486842, 5.215889978245085, 1.0195982380970525, 3.651245160013054, 4.2294293846162425, 12.41083684361682, 7.41615864663407, 10.257097852324755, 16.032532346732776, 16.360782088891938, 15.387383569801269, 20.262318779704437, 21.18151025850481, 26.68915377770425, 25.888664065630994, 29.149389649258435, 28.425619736670942, 33.08941987191209, 38.7938449978004, 35.40392196984398, 42.5723614169921, 40.4810421685519, 54.96245948241396, 49.86467106634989, 49.46291991153755, 51.172751303922844, 53.13087455968499, 61.30035015575527, 58.10740375942296, 60.1665556117357, 62.35389081213091, 69.10256830162153, 74.19815888551003, 71.78376806061064, 76.49316568571676, 79.01823581418729, 89.69088957779371, 89.88316264641615, 95.07631861366771, 101.31374092060894, 102.27883041154153, 108.26199255676103, 109.07411052977993, 114.10471548381382, 119.05788727238904, 119.27489995935257, 128.358322413555, 130.1875830120024, 138.91386398249915, 142.4584976776212, 149.53521710657512, 156.22602435138754, 158.95925833877297, 160.17440340042367, 163.84218451120896, 163.18026680019395, 160.48747319863213, 165.77018571731145, 167.2886142327555, 4.533641920082884], "angular_position_sensor_readings": [0.8882716517775499, -0.19375227552253005, 0.11984922861406916, -0.23710644373672007, -0.6486339859353275, -0.4182481126608963, -0.3048599652945036, -0.3285811164668695, 0.17432534614578307, -0.4158544888041614, -0.2334918617026792, 0.6010340190448002, 0.2995173193019303, -0.3428109259287088, -0.40457842957163254, 0.16614159249316152, -0.3377774932508236, -0.6660878515825417, 0.17512223724477685, -0.23450138099201584, 0.2440182683373677, 0.38777235471259913, -0.4186821879918974, -0.16110595277642814, -0.37848753724112866, -0.6410161736367421, -1.1308151315563697, 0.21851644016918714, -0.5200832752744526, 0.24394691046490996, -0.7336299617554081, -0.49627005282761383, -0.1800863245750718, -0.1674483155411588, -0.7628228377424491, -0.21255246245217252, -0.08014699948680348, -1.1396553427561922, -0.5806771203774961, -0.8125215743099647, -0.7807006744977358, -0.8054621011491543, -0.8710682183864326, -0.9515245080519856, -0.2582653170427255, -0.3288218784981406, -0.2146522298570408, -1.324858627863397, -0.07565162425185168, -1.3492498138433828, -0.8639287971930011, -0.815558605888003, -1.0151700839960311, -1.3403378407766537, -1.2585278777886038, -1.1650468269098513, -1.1979352573691004, -0.8613213101200854, -1.6373625711637958, -0.7205189827904617, -1.091518040744344, -1.9022256122947678],