{"position_x_true": [0.015133396942537266, 0.07575208730088845, 0.2124149030144698, 0.44259589201549976, 0.7782101000548589, 1.2411461364690755, 1.845753169548289, 2.6048688030754374, 3.544445067885365, 4.682187396264595, 6.028379285204507, 7.5893123901561435, 9.371228160247243, 11.379276821009961, 13.618668222590095, 16.093083759364767, 18.80530699199273, 21.75490884175959, 24.939383179834298, 28.352314493247015, 31.975315309155707, 35.79092685141474, 39.77438503772894, 43.89351593636021, 48.10792273509248, 52.36721459148367, 56.60830391421857, 60.7780665715281, 64.84100600469031, 68.74842203031154, 72.43800136294374, 75.91679509702877, 79.26954226750333, 82.56245788615757, 85.81296382510993, 89.03015051919992, 92.21491855186709, 95.35872507838859, 98.45432544219726, 101.53174791109753, 104.64507673394377, 107.82619615500205, 111.12856057397961, 114.61693401257072, 118.35245498610571, 122.40295899870493, 126.81565167741687, 131.60250468400295, 136.72347348412922, 142.07368752826926, 147.49805303378668, 152.79962535067776, 157.7972629812367, 162.34575713542836, 166.34334449253973], "position_y_true": [299.9507992500248, 299.8031954506464, 299.5570529589371, 299.19601988378054, 298.70723812095184, 298.09715467242785, 297.35929194463364, 296.48715013028016, 295.48461547555786, 294.3414622457785, 293.04676615864634, 291.5925420582923, 289.96789009744634, 288.1598752348267, 286.1542565904322, 283.9352384702842, 281.4841219403978, 278.77942169826764, 275.79590844226254, 272.50737440094747, 268.88323973956375, 264.8918376174421, 260.49981413320427, 255.67425914556492, 250.38447296097362, 244.6033443726117, 238.30983737624118, 231.6184553031919, 224.63717446404644, 217.3596701438655, 209.80316416033116, 202.03304991086833, 194.15321786220485, 186.18333936546145, 178.10172012368685, 169.938655331421, 161.70438100649213, 153.3900418973814, 145.031044570234, 136.67284452654314, 128.35217954996625, 120.10592236123627, 111.92898788625772, 103.80029295135262, 95.68610934842633, 87.52534920370958, 79.22785393919793, 70.66224155872123, 61.69567960156213, 52.21152753786545, 42.12700854240865, 31.418044935942863, 20.16683773399928, 8.550192908463634, 0], "angular_position_true": [3.1445470221831214e-05, 0.00016245540068699055, 0.0004912113627099812, -0.0021880963086480976, -0.010244684399314417, -0.021892091176793534, -0.0379244699114082, -0.059344332990179674, -0.08455930176629226, -0.1145402899461678, -0.15038478279472153, -0.19239951936646077, -0.24069056238704745, -0.29532268529926575, -0.3565594852901425, -0.4247651381916491, -0.5003583795369725, -0.5836684389389712, -0.6749508581493182, -0.774690430371845, -0.8843813522745028, -1.0042564381864254, -1.1344145836912127, -1.2751235964547227, -1.4269427274403976, -1.590496992793111, -1.7660411186267038, -1.9531834921799087, -2.1503947022030103, -2.3580121038680324, -2.577576819654957, -2.807629386870079, -3.0480509784861662, -3.29296022285847, -3.535029028765215, -3.778609342087509, -4.023707145489303, -4.265877397096244, -4.505073306817159, -4.747298503495223, -4.9985438780697855, -5.257424715017813, -5.525844557097656, -5.8058196481771285, -6.097816231183295, -6.40219988435642, -6.719744116742979, -7.052778227432221, -7.402021668624585, -7.768506808514149, -8.153091553116514, -8.556450295591505, -8.976834232834621, -9.414977250028054, -9.871760012929986], "angular_velocity_true": [], "altitude_sensor_readings": [299.54062681141033, 300.8009219288705, 296.25455409749037, 300.12348699807717, 295.1073850228823, 300.3300323300558, 298.7263498996454, 294.7050646091564, 294.32019803364767, 295.17098109486506, 294.16816351649845, 285.57451577888173, 288.2752429434234, 285.910755261611, 283.42663928551167, 287.56014771046796, 275.85803112360213, 279.7601235263939, 277.58924729969146, 269.6515373146843, 265.14871133941085, 272.8325466541757, 262.31306880131854, 255.61147247964817, 254.19655423835562, 247.70897538043172, 244.40080546382438, 237.4207400652094, 222.7588601985015, 220.7863607200614, 209.3301868644139, 194.7416312000568, 200.06939118646508, 180.3520794183087, 180.4629702898965, 170.08380502514427, 153.58899842379563, 153.55988208175302, 142.4430350590373, 131.4733782505983, 130.30920385814693, 124.06549695026378, 112.45041380158852, 106.98568542897547, 102.57107787661297, 91.48677681250432, 78.69943560425203, 72.51983767497977, 53.468566227285635, 44.19669060610363, 48.09424332571759, 31.400743427168937, 25.288896041991872, 6.953627444307543, 6.307939575722211], "speed_sensor_readings": [-4.114621406894501, 2.116959976702348, 7.013445413463521, 2.820785216283196, 12.493759979772356, 11.24655167288904, 9.267874708737368, 13.575382911105665, 10.543268097305255, 18.662243885031064, 20.061421927809647, 19.475696890975307, 28.861864974976683, 24.80693884999064, 30.99521143896533, 36.02206974801357, 36.518189573295516, 46.580499469115956, 41.26296405819362, 47.59104621859705, 56.1179630121128, 57.05472263843553, 64.14546429903224, 68.14123928737692, 72.16077964154802, 76.73632708981812, 74.91302299096384, 84.38022948792054, 81.46402963778907, 82.53304769035024, 83.78230688458896, 85.85045336438974, 82.78158661015134, 83.63743135090783, 91.77227094284133, 89.56495384379822, 87.39714114824125, 90.35610096803912, 85.35781161222974, 93.34297071319168, 90.32625771080266, 87.90495748637454, 86.80241748880607, 86.87981251565131, 89.965177999702, 90.30251198300184, 96.00318809424897, 96.38243948040258, 111.42683439177229, 113.14642009112075, 121.87136364854135, 120.8196045499842, 125.29892442441779, 125.86559034887324, -1.8008181459830372], "angular_position_sensor_readings": [0.11003966668728041, 0.0166727297640771, 0.018842224138857777, 0.3558516281761001, 0.020083124378626797, -0.551950228217051, -0.6720539579372761, -0.14484018337872295, -0.2650908686555419, 0.3997842917193407, -0.45192490872067836, 0.0018881311711987092, -0.7371561000149349, -0.032663952319521294, -0.5081374751626367, -0.6798468881385724, -0.23561842915501446, 0.07464678325716667, -1.1754731763754833, -0.29965647117385624, -1.5359499044948377, -0.9942900540909637, -1.7915833621709087, -1.576068483456276, -1.8535195819201618, -2.2264948083804397, -1.0585549487774488, -2.072844395924237, -2.365326582656363, -2.755863058596993, -2.0600881129940527, -2.5677607789554626, -2.554323162732468, -2.17476030926516, -3.962416009163837, -3.6360248505908825, -3.359681224923038, -3.4687456189215737, -4.563139971771172, -5.103229535013385, -4.744836529971179, -5.288581882887856, -5.09660637298746, -4.899317973220503, -5.5152911108275084, -6.983715278537659, -6.454677362853503, -7.087065001163926, -7.80547357662742, -7.675089613872238, -7.709639192600533, -8.725698981901164, -9.061183622741122, -9.324005827115128, -10.561354732358044], "angular_velocity_sensor_readings": [0.19090101613992322, -0.37302809278064863, -0.28336089040045503, 0.2485181694965426, 0.06460588599661295, 0.32772279939504173, 0.7461184023645094, -0.7168156718744636, -0.39627926323023305, -1.3193249449461026, 0.3452507626715271, -0.3743009850153808, -0.22089965421276364, -0.7844557148191051, -0.5348665707217848, -0.8673944901539508, -0.7028486696448284, -0.13021068897388055, -1.1710936745508722, -1.5621637466736984, -1.3515193212334482, -1.2931089249908823, -0.671212930221043, -1.1269039638394474, -1.7868562066645783, -1.473742115698567, -2.806002421307009, -3.6133167531847916, -1.201285039520719, -2.3171346883665693, -1.867493425357788, -1.7741770261291716, -2.6656067421409495, -2.238721363306041, -1.30037315263085, -3.5049442221963774, -1.8772210268289466, -3.2670331118987703, -2.1693032911074073, -3.0602013205349015, -3.1809599744661736, -2.3007831141876944, -2.259020731331945, -2.8187324234718942, -3.0826319289134307, -2.8510033476536054, -3.1691341759415446, -2.987148880530997, -2.765718290108111, -3.437317786051477, -3.528999169650132, -3.6165475107969014, -3.7450811825154893, -4.712398792777067, -4.910464315650695],