{"position_x_true": [0.017163544487561997, 0.08587796400020994, 0.24092351019002786, 0.501874668077201, 0.8847711822345894, 1.4180233724076623, 2.131155932125875, 3.0377236662160128, 4.1518847477197305, 5.505838040207033, 7.110864350362336, 8.970563523616555, 11.102747804326743, 13.508804427072558, 16.18949430812298, 19.1619817683878, 22.422953691851976, 25.967248478890255, 29.80717284317283, 33.95213404746208, 38.409728469072235, 43.14423481891457, 48.11447003589077, 53.31417091827515, 58.7306092052485, 64.34473502193123, 70.1232350950945, 76.01760636432296, 81.97141845155043, 87.92196876442341, 93.80048310775581, 99.5310635874288, 105.03369791323658, 110.22323399506544, 115.00656097989585, 119.2805597277972, 122.92873990638257, 125.81839875157263, 128.06155693305476, 130.07280348977682, 132.08405004649887, 134.09529660322093, 136.106543159943, 138.11778971666504, 140.1290362733871], "position_y_true": [299.95089737632424, 299.8034125975807, 299.5574813437629, 299.19740585907397, 298.7110024821143, 298.10532412899977, 297.38610251751595, 296.54168152920147, 295.55922723519427, 294.43950325872913, 293.17107679979836, 291.7409518598676, 290.1439484999474, 288.3613685664617, 286.3718158610042, 284.1624370324799, 281.7070099699204, 278.97561919042414, 275.9434343149863, 272.57947068896584, 268.84851489822466, 264.7127155230739, 260.13344511796214, 255.0701779544782, 249.47754013530758, 243.3059413680599, 236.50752432339755, 229.03864642602855, 220.85760641046784, 211.9251535170333, 202.204708393053, 191.66235826142196, 180.2665318394209, 167.98738670576063, 154.7963197219995, 140.66716293992957, 125.5771151220469, 109.50623922776492, 92.66798099082916, 75.50827588094074, 58.25047077105232, 40.894565661163895, 23.440560551275475, 5.888455441387055, 0], "angular_position_true": [9.778736823781034e-06, 5.6143109480325367e-05, 0.00015972560873790166, -0.0029727729419703774, -0.011819894721612897, -0.024806604412255365, -0.04024031565194907, -0.05982515073997072, -0.08534256567777007, -0.11504840673849481, -0.15020235414298783, -0.19199995415844845, -0.23854384244724716, -0.29088250921106096, -0.35004702921369374, -0.41430774689066285, -0.48467856502619094, -0.5620041607736272, -0.6441868231891472, -0.7289019591367073, -0.8138837896099639, -0.9026753152744037, -0.9986909380099125, -1.0996085967889961, -1.2029730265919973, -1.3061604864783065, -1.4079051915096947, -1.5081857399276102, -1.6067414432396505, -1.7032441998430332, -1.79731246031738, -1.8884179050038572, -1.976560396714986, -2.0620092133620007, -2.144846182674576, -2.2249689185259562, -2.3019385662011738, -2.3750113774863144, -2.4459128199448674, -2.516814483875308, -2.5877161478057484, -2.658617811736189, -2.7295194756666294, -2.80042113959707, -2.8713228035275105], "angular_velocity_true": [], "altitude_sensor_readings": [296.6459715567963, 301.59736574887495, 299.8351388379007, 303.9106884711911, 294.68206268609265, 298.6304809316939, 298.42356245658704, 295.2257898120646, 301.8894539015063, 293.5139730077331, 290.0890691794838, 295.94291775496816, 287.0683716072254, 285.4958898610345, 287.02349612474626, 283.1743491032464, 280.9367085163197, 273.8748858153097, 284.8381305484002, 273.08622100748624, 264.7837431589307, 265.0347132897039, 256.83833758309277, 261.41245229988334, 249.89870569844214, 242.8957330642594, 234.8478758490711, 225.16738835523185, 218.60729747313965, 211.8441005248628, 199.5936010133669, 196.7762490698333, 175.18177631312082, 167.08756655648457, 153.23556115955554, 146.6842227064479, 129.23127343411636, 115.43225514116315, 94.16625895966621, 80.91711007042603, 56.88150555892414, 44.4174629754254, 22.270076564665203, -0.8354651171790861, 4.263702687232095], "speed_sensor_readings": [-3.1689658744484035, 4.197798704864023, 8.21530267617453, 7.704066000374292, 4.7170410813134005, 7.160773044272571, 10.082134952060258, 11.809298624830076, 14.421419705940544, 17.317989885588513, 19.39655303371557, 24.62824293503378, 31.312616355102833, 29.794449820930257, 39.00668467066832, 38.90551460049919, 41.129823801290314, 45.92407255894365, 51.72237902207646, 53.59810718449279, 57.82116338536916, 60.350821099621584, 73.42258353391799, 81.46663781674745, 76.5529475959224, 87.40644322318548, 91.31514157319361, 97.24288416965251, 103.19674358928776, 111.84754571472006, 113.70531372882138, 121.817501066326, 123.71134102468609, 135.8004856351489, 147.64129661568893, 148.91505657848123, 162.48902526505873, 169.72107561672047, 174.51243821774767, 168.13187226251287, 171.67807424706655, 174.81690922388415, 176.40799683765653, 173.60818176674724, 0.7114475637112319], "angular_position_sensor_readings": [-0.14988631806047004, 0.02347801841601638, 0.2326243595346638, -1.000326534691208, 0.09929314476266969, 0.35886614745359613, 0.18360765356261732, -0.21134518646870024, 0.37970209434370117, -0.3718547677952712, 0.7927210423037143, -0.06032910138918382, -0.28517133438645054, -0.4951668113302357, -0.36357614952390727, -0.2292679169472293, -0.2206858135223458, -0.6234641197648437, -0.8764317034744663, -1.094948853966205, -1.5535685996389672, -0.38544484009248314, -1.3476208561117187, -0.9548759894172116, -0.47834616667078944, -1.0052839050350721, -1.3667931853753708, -1.37795470415916, -2.1064348479687474, -1.574472563747905, -1.6130019872082204, -1.7992951111790507, -1.5639456151627773, -1.2773358624894933, -2.1818052348824617, -2.391137051052002, -2.0279087123406683, -2.4943421518222673, -2.4326877970303435, -2.1621303856737235, -2.520536303809734, -2.4770052405485545, -2.77007367199102, -2.273160123536343, -3.161200787459815], "angular_velocity_sensor_readings": [-0.08296866259892252, 0.8134323728717675, 1.4002028325873113, 0.044275755729777766, 0.47001231515293507, 0.1484198616009402, -0.952866993261744, -0.4767703988030593, -0.010358084035720083, 0.02081165981908467, -0.2744657966259488, 0.18166135000865768, -0.21869057251410734, -0.33805203963751096, -0.6725533881923783, -0.9814144755313559, -0.7080487219157023, -1.1041478444471537, -1.2710704844660996, -0.3219947367468836, -0.524940055307896, -1.4089893689495596, -0.9433826964303792, -1.3514096922228662, -1.584560851442704, -0.1497453421264454, -0.6820548009380616, -1.4146450442347644, -0.9883842483843519, -0.3262921218404441, -0.6864800966418345, -0.30534787661161356, -1.5212034328430892, -1.3268972189198904, -0.2872217382946253, -0.5301373275424578, -0.7924659189774733, -0.13431369337272037, -1.4443152263570544, -0.6137327726633908, -0.7602989953770866, -1.4631413998712426, -0.4062972109923415, -0.6143049676390941, -0.6944122504521164], "altitude_sensor_readings_scaled": [0.6035694785274346, 0.5977324477173244, 0.6210565541848734, 0.605763165061059, 0.5993286702315385, 0.6090327455917527, 0.5992301682235011, 0.600320569701191, 0.5867698694715024, 0.5906375003688216, 0.5867927225501544, 0.5972622626986016, 0.5712906724296083, 0.5902603797075722, 0.5754339080669305, 0.5654131834347301, 0.5546201032968315, 0.5503537442614435, 0.553766839966782, 0.5612531528802978, 0.5220684294662828, 0.5389476929382027, 0.5122486016920665, 0.505448996087339, 0.49957327979173566, 0.48754772278175706, 0.4769370018599076, 0.4599109019281153, 0.4516408710165058, 0.41081883128796853, 0.4035441897547737, 0.3851618871429559, 0.3621517102006917, 0.33494415024672036, 0.31289115675663914, 0.2754908783616983, 0.2590732962631353, 0.21831041088287967, 0.17046273769327736, 0.13842789298678232, 0.12068371518334171, 0.08319716467330894, 0.049669952996790306, 0.018225746274811588, -0.004101005918134646],