{"position_x_true": [0.009361561818332389, 0.05074084700604389, 0.15079945615763968, 0.33640537082738714, 0.6347131538991395, 1.0694491725219255, 1.6610197435232448, 2.4302276225835286, 3.39831453905325, 4.586907983142167, 6.009947193566713, 7.673010035418301, 9.580213397362344, 11.73345394714155, 14.132088365118259, 16.772111481652352, 19.644190050247527, 22.73235003351433, 26.014893596201134, 29.464188414164802, 33.04259871990528, 36.69925543192416, 40.375731602127885, 44.007651005200564, 47.52034187939254, 50.83027010591809, 53.849432227220554, 56.489240134795736, 58.66432826137627, 60.30130247877187, 61.34694932437916, 61.77783583807652, 61.61343660131061, 60.9260967697563, 59.84951325358408, 58.579234825115215, 57.3678701491125, 56.51933738027462, 56.3587423312368, 57.180860105858756, 58.88356036688954, 60.90890679238474, 62.93425321787994, 64.95959964337514, 66.98494606887034, 69.01029249436554, 71.03563891986074, 73.06098534535595, 75.08633177085115, 77.11167819634635, 79.13702462184155, 81.16237104733675, 83.18771747283195, 85.21306389832715, 87.23841032382235, 89.26375674931755, 91.28910317481275, 93.31444960030795, 95.33979602580315, 97.36514245129835, 99.39048887679355, 101.41583530228876, 103.44118172778396, 105.46652815327916, 107.49187457877436, 109.51722100426956], "position_y_true": [299.95096217566936, 299.7999352644201, 299.5391547718517, 299.16024262895644, 298.6540345349593, 298.01454536670235, 297.2387080586621, 296.3211754984845, 295.2547279755927, 294.02991026829795, 292.63534290490713, 291.057471737949, 289.2790552655382, 287.27962577109713, 285.03524217704813, 282.5186284661026, 279.6984117830162, 276.54001052154445, 273.00858463881053, 269.0701082349596, 264.690646290609, 259.8384116767859, 254.48809415550514, 248.62343618601898, 242.23919808125785, 235.34489568788595, 227.96803594931313, 220.15786358568505, 211.98961621433926, 203.5633191519915, 195.00647218449106, 186.47230735319636, 178.13351693643378, 170.1710548931575, 162.7542188173724, 156.01947875717215, 150.0458781935921, 144.8262291337835, 140.23648427009368, 136.0172645482272, 131.83711300147422, 127.54417159100069, 123.15313018052716, 118.66398877005362, 114.07674735958008, 109.39140594910654, 104.607964538633, 99.72642312815945, 94.74678171768592, 89.66904030721238, 84.49319889673885, 79.2192574862653, 73.84721607579176, 68.37707466531822, 62.80883325484468, 57.142491844371136, 51.3780504338976, 45.51550902342406, 39.55486761295052, 33.49612620247697, 27.339284792003433, 21.08434338152989, 14.73130197105635, 8.280160560582807, 1.7309191501092664, 0], "angular_position_true": [-2.582569502757296e-06, -0.0008281090986570905, -0.004160436211922857, -0.011657641800048173, -0.025008466443049146, -0.045122583016142886, -0.07212232562091035, -0.10608515237293299, -0.14725321275027653, -0.19607714495790796, -0.2530449695340164, -0.3185202463461219, -0.39274620862345944, -0.47604108339591467, -0.5686456644603091, -0.6707273420389043, -0.782216933451118, -0.9028584344233993, -1.032702444897781, -1.1721176331685046, -1.321159785765366, -1.479326566502705, -1.6465575328718625, -1.8234646864896475, -2.0105094606574836, -2.2078899089174437, -2.4159349531901197, -2.6351695484244195, -2.8659125942419474, -3.108788773271152, -3.3643721562771973, -3.6331555171086034, -3.9154496487607737, -4.211293592374492, -4.52110237408906, -4.845861760822656, -5.186996815598543, -5.545271779470428, -5.92111031960034, -6.315436352493566, -6.718826783440229, -7.121740466806253, -7.524654150172277, -7.927567833538301, -8.330481516904326, -8.733395200270351, -9.136308883636376, -9.539222567002401, -9.942136250368426, -10.345049933734451, -10.747963617100476, -11.150877300466501, -11.553790983832526, -11.95670466719855, -12.359618350564576, -12.7625320339306, -13.165445717296626, -13.56835940066265, -13.971273084028676, -14.3741867673947, -14.777100450760726, -15.18001413412675, -15.582927817492775, -15.9858415008588, -16.388755184224824, -16.791668867590847], "angular_velocity_true": [], "altitude_sensor_readings": [301.9199743781867, 297.74051292624625, 303.6583232507601, 289.1812689753743, 296.41313775015476, 302.047075005643, 295.82301127998596, 291.77270422649553, 294.7688062131833, 291.5422864931432, 296.896361309614, 292.70233793308614, 289.41403086365034, 288.5958120011604, 283.52682484837595, 285.0017754471196, 280.0923590596641, 280.4198366321204, 266.40157171361165, 269.06172952116435, 261.68633306785676, 253.44826487638883, 256.1512191336903, 246.36806750430793, 236.631210958468, 237.5677653406613, 233.6257179640854, 214.619393986127, 217.81332441345631, 205.85320437311086, 192.92642348743655, 183.79471704719472, 172.5226817221424, 174.17359564606122, 156.22105304748288, 155.9622976650264, 147.49149148665083, 149.18982702964763, 139.39343239583593, 137.3746608936136, 134.11507707204717, 133.62549409511493, 117.72435248904193, 121.37799516989881, 112.27966002907779, 109.76723268236111, 106.85384749009842, 97.59069444227664, 91.75611756689948, 90.11202363779051, 83.49506428578132, 76.61037784441432, 66.6560737508674, 63.4611572295374, 69.99243024704684, 57.62448928268953, 52.41152062973648, 47.53158010086155, 49.76558460468999, 34.63200284687093, 33.06760401116203, 24.825321056440252, 19.852948002826643, 7.700309458759991, 2.6770238781127986, -0.2447849827656998], "speed_sensor_readings": [2.291213358708496, 2.5930353714817107, 5.637514186670787, 1.7414622551969723, 7.923121859261734, 11.363950748970028, 6.895017090403904, 14.663833582510255, 15.629650200941724, 15.728060363803877, 20.50904814694064, 24.175425789616213, 29.358094790841708, 27.342616229622735, 35.91789494999038, 36.1962195733083, 42.86705429842428, 48.71913725577712, 49.790279925419796, 55.009629127199396, 57.10665768955069, 64.46619624248632, 65.79485508124583, 72.77182854372307, 74.29286966390308, 84.24710539673237, 82.02723721744619, 85.37624981478983, 87.54576932978411, 83.291269449259, 89.57833043617185, 88.8095615167238, 81.25288098868896, 76.66446183710937, 72.41221552669747, 65.49032387239389, 59.41604214392436, 50.57052855633617, 47.35188044196822, 47.176395583273916, 46.04154287038365, 43.7270731077587, 52.32811042789528, 46.07154203506116, 47.28747214363489, 54.91028031133963, 56.94614584927415, 56.51248755696287, 54.074519353607634, 58.3035835552844, 58.02982099302238, 55.865972506578835, 56.117029990083836, 58.78720357857909, 59.7453595638664, 60.61665890992709, 60.63995024456856, 69.98490142626152, 62.9408467020035, 63.94465810197514, 61.493727545588584, 68.58150652852561, 63.745875980695075, 72.0563667002074, 69.82464005762142, -3.2283352354287107],