{"position_x_true": [0.006198613341290195, 0.03103786354274872, 0.09108691760781909, 0.20707242475621163, 0.3958480825006385, 0.6705041141051953, 1.0401868176589255, 1.5096853136518886, 2.0838364978853345, 2.7675845603477223, 3.565955186401063, 4.484071749668796, 5.526780680924563, 6.699165273494194, 8.006554125296116, 9.454315418638929, 11.047666701391815, 12.791851575393373, 14.692417523947423, 16.75501172669778, 18.98537894781861, 21.38920161293594, 23.97249274591127, 26.741270400644623, 29.701405481796428, 32.859090610025945, 36.22073514277935, 39.79277472557888, 43.58129375165845, 47.59222198668686, 51.83191114654838, 56.3066055254704, 61.02245536265516, 65.98593195328687, 71.20321613498174, 76.68066713731181, 82.42458225148766, 88.44039088125561, 94.70205252266639, 101.18996317161756, 107.92088412565255, 114.88544562696289, 122.07132995309647, 129.48537512956906, 137.1045377954575, 144.90128866046385, 152.85002121229834, 160.91622013103262, 169.0713092557334, 177.25599356651412, 185.4000425529323, 193.43194156733762, 201.268227901292, 208.8284560766174, 216.0339782357914, 222.80980659007116, 229.10105392536965, 234.8741981875825, 240.11409395386073, 244.8441660285523, 249.18362281939096], "position_y_true": [299.94686656126044, 299.78337944485116, 299.50537325816566, 299.11263143550315, 298.60865166569425, 298.00048635108243, 297.29092853619306, 296.4784637278628, 295.56130829481543, 294.5377326441424, 293.406162080796, 292.16486825029205, 290.8114616939935, 289.343390098166, 287.75822739262276, 286.0534221624998, 284.22587682008657, 282.27261806629207, 280.1907920927017, 277.9774005096001, 275.62956019795956, 273.14423916010185, 270.5187152259149, 267.7501920147875, 264.8351925944252, 261.7702566394144, 258.5516309263128, 255.1753498390779, 251.63681624133224, 247.93072563237283, 244.05249595891556, 239.99606874221055, 235.75438544742607, 231.3205878209582, 226.6869317323914, 221.84556116992894, 216.78809894573334, 211.50380764805575, 205.97254909533987, 200.17625805652492, 194.103642036639, 187.7370588768633, 181.05568430648486, 174.03516287889434, 166.6502456940592, 158.87438746162204, 150.6813942581883, 142.04346403230582, 132.92618779577185, 123.31533929362007, 113.20337960294546, 102.59077429741639, 91.50096856008474, 79.96831365652714, 68.0490710074572, 55.81450611791414, 43.36874348211168, 30.840239040501437, 18.36102559164388, 6.081556242132864, 0], "angular_position_true": [-0.0008383604903799106, -0.004176633999638639, -0.01083991447248725, -0.020803714136956676, -0.03318704947566813, -0.04629173845006481, -0.059293657972740804, -0.0722231026346515, -0.0851323234446273, -0.09811290359861703, -0.11119784083976597, -0.12432495367655665, -0.13733656491973606, -0.1501013744792269, -0.16263536559060093, -0.17497617956502196, -0.18700591968461194, -0.19864371964182276, -0.20996359793265243, -0.2210718661757732, -0.23205173259699455, -0.24290256301872098, -0.25369971103827677, -0.26461138643885135, -0.2757954773025416, -0.2874418380748506, -0.29983909536647846, -0.31328812795081773, -0.32787365996612083, -0.34359130770571356, -0.36063805533316795, -0.3790599167254996, -0.3988779753312057, -0.4203440267990048, -0.44366732763485356, -0.46925587168824767, -0.4975950609176078, -0.5288049075380988, -0.5670683361908176, -0.6158691801274772, -0.6735796287987229, -0.7417937012140694, -0.8220312907866447, -0.9121279882206178, -1.01326153533345, -1.1268316308017619, -1.2531489556842075, -1.3924635528042262, -1.542624859362678, -1.7052869873354257, -1.8819346137648407, -2.072423261252699, -2.277848756938602, -2.498252144134519, -2.7337916147009373, -2.9832505499870616, -3.2466753960020247, -3.524144879045335, -3.813274089715459, -4.111020782218926, -4.419973801060754], "angular_velocity_true": [], "altitude_sensor_readings": [296.7486715081047, 306.0323047010321, 300.8642557035631, 299.98290997758727, 299.3612117899187, 295.13131711826804, 290.0360342289967, 292.0956838628834, 292.6163049443467, 292.289832218926, 296.34226225598303, 294.6586360609714, 286.454613055208, 287.1565300790465, 285.6089710191637, 290.0459218358643, 280.5837958352324, 270.2511161179839, 282.129475113505, 279.1858845691161, 276.9288461619203, 277.11873722776636, 267.82620575989847, 274.0703212586987, 266.3825459813587, 265.01912431253345, 260.97731163926386, 247.5122642777593, 256.45441023346365, 249.2580935866923, 248.01376781722504, 243.47269833338382, 233.89598339249795, 237.09488104077067, 227.9292938730993, 216.58484487214312, 222.91943696011705, 213.8337593321213, 199.9929618574338, 201.8890107758238, 187.33152948801404, 188.07582949570545, 179.83886965959613, 173.19896488553948, 169.86006413982545, 158.66648874059968, 153.49112870214248, 143.82307585989258, 131.92871675894492, 120.18705238529968, 114.26731325611638, 101.70385049439426, 91.53703429076882, 81.99058122206208, 75.11089782964702, 60.4836720195876, 41.692161349980196, 33.38350986721473, 25.25153516516378, 7.425870276884005, 0.65931510089148], "speed_sensor_readings": [4.557962450836028, 5.882916847932327, 2.385136900116013, 0.6284707877315681, 5.151760010460765, 8.435256353942725, 5.937173946194754, 9.279120047273564, 13.78536003626966, 8.207470936930394, 15.788395036765968, 8.394614252090605, 17.181295574181007, 18.6105839550791, 27.991727516544138, 23.95315168646021, 22.430281662285743, 25.32944926430215, 30.482224118099186, 32.114745311510745, 34.824861519522386, 32.144919460650115, 36.87784341855366, 37.388857788547774, 42.80973785989547, 45.746893217159375, 49.73786976781774, 52.83170008237117, 56.481021102509814, 58.764923865636206, 56.58752428858485, 62.583259678304486, 64.82441505949522, 65.80743265387068, 64.85543352841346, 73.01171838564855, 75.79341705818618, 82.44848732336024, 83.90339801194958, 93.88021119773452, 92.2015971407389, 101.7478350413951, 99.32864936828923, 101.03275575224076, 105.38237522855887, 113.58885511869391, 119.80342670411993, 124.9772883352851, 121.775439790511, 128.56809608565558, 130.74940973007992, 136.13931785818085, 140.29588949884112, 138.10276293484776, 136.99296466603477, 140.39653513019624, 141.70213058430028, 139.0308278883314, 136.4207585902485, 126.49767652926644, 0.30138331476886154], "angular_position_sensor_readings": [-0.20224974076681404, 0.0644973203213036, -0.041812250608549525, 0.2362065168388686, -0.1273455302040785, 0.2516705299232179, -0.07157393877709639, 0.43453461010417727, -0.41089319339652136, -0.1822339519720808, -0.16595153692775924, -0.3208455366702205, 0.09282557691560758, -0.182831022719528, -0.24536415694136987, -0.3194069704888468, 0.007236160143414189, 0.308013633524399, -1.3156347027833497, 0.36647440648931573, -0.45430367295492136, -0.12733442703879905, -0.48411276719683716, -0.48949353192757283, 0.22823657758725557, -0.7019581310222313, -0.40183164029980967, -0.22858106981948062, 0.5690081607969869, -0.17872317904209745, -0.3346220295869875, -0.5214435964079253, -0.44244050990506734, -0.13226620582476417, -0.8803597312191278, -1.1065292534202467, -0.13701221537733616, -0.18121730314690915, -0.5852484429628166, -0.1866416073799882, -0.35966392983884776, -0.9910598570090684, -0.44511716325070855, -1.5371018334123745, -0.8575289041705694, -0.9972835760217428, -0.690475471819758, -1.493906327288783, -1.6460644053574538, -1.0511798597518625, -1.935094735511579, -2.2373511168376115, -2.485627430636917, -2.1968802184280856, -2.152494189358961, -2.4994487284250853, -3.6577829879929116, -3.344554349533677, -4.232999823134355, -3.8625719182090554, -4.286968824988664],