{"position_x_true": [0.009829156987391084, 0.04921434592571593, 0.13794111218478677, 0.29619775529981246, 0.5364406166891802, 0.8628644822928773, 1.279728654227388, 1.7915722707003154, 2.4029543955995623, 3.1184918098678702, 3.9428528977743285, 4.880761770069766, 5.937052440668263, 7.116717926194709, 8.424808551700913, 9.866240567405338, 11.446364852764152, 13.170943066937905, 15.045503552974193, 17.07564896736359, 19.267108770430177, 21.625615336525634, 24.157116246318786, 26.867614963129537, 29.763093860124247, 32.849564535045914, 36.13322834060754, 39.62020138372798, 43.31638489701463, 47.227768939208005, 51.3605262702856, 55.72091492776295, 60.31482445913135, 65.14754753317055, 70.22375815257867, 75.54748953193511, 81.1222828117232, 86.95108466766933, 93.03591721035524, 99.37745061031126, 105.97488812148163, 112.82582785718651, 119.92624137695078, 127.26955702486185, 134.8452880973639, 142.63968048644008, 150.63612068387854, 158.81450158272028, 167.14900516405731, 175.60780727803643, 184.15415300579275, 192.74652035720788, 201.33658347874666, 209.86892438309545, 218.28263300267096, 226.51104665030914, 234.48527561418888, 242.13359924579822, 249.3797449485588, 256.1478865844499, 262.36908036982175, 267.9850939625112], "position_y_true": [299.95092862951805, 299.8037985748675, 299.55871154477677, 299.21583611709474, 298.7753452611538, 298.23719953098293, 297.60153915444005, 296.8687730295558, 296.0391262929594, 295.1127814820189, 294.08976787884995, 292.9702054006158, 291.7544492050174, 290.4423787723694, 289.03358735458914, 287.52797510147417, 285.92562317018667, 284.2260292712173, 282.4280045033727, 280.5298445015245, 278.52994583752087, 276.4265501030371, 274.21722974049163, 271.89923379603266, 269.4694527285042, 266.9247526231033, 264.2618239161191, 261.476066283552, 258.56160691979204, 255.51122584654115, 252.31717488242657, 248.97199202988514, 245.46696173103615, 241.79124070074565, 237.9325026658978, 233.87759142393668, 229.61290285553258, 225.1240611576961, 220.39485124976193, 215.40750841437693, 210.14293799674115, 204.58086673647452, 198.70011649702425, 192.47760984573443, 185.8881664207928, 178.90580661523128, 171.50423776594704, 163.65698899321833, 155.33723929119145, 146.5183386432908, 137.17553723783269, 127.28680934326472, 116.83383718098166, 105.80309223619392, 94.18744052209111, 81.98806104166341, 69.21466265843277, 55.88762525031771, 42.04181063610946, 27.726497289019896, 13.009557817160019, 0], "angular_position_true": [2.655890443491245e-07, 9.615760567415122e-06, 2.1382878283856212e-05, 7.2598381189137376e-06, -6.55181684616239e-05, -0.0002517116085665707, -0.0006022364726481408, -0.0011895376353741002, -0.002133423510364661, -0.003537691071619919, -0.005459722682063314, -0.00795206392789906, -0.011091225826097723, -0.014927965375832113, -0.019498505370930945, -0.02498528537660505, -0.031655906425504615, -0.039643452229648796, -0.04905007494368384, -0.05994620277264352, -0.07238482969237897, -0.08638551188458182, -0.10187031193798818, -0.11887033608033037, -0.13754625571971357, -0.1580656922273726, -0.1806103141135704, -0.2052996337365702, -0.23223511053267687, -0.26141410189030806, -0.2928497576368204, -0.3267840427872811, -0.36340328135183814, -0.4026778221642634, -0.4445175759736999, -0.4889016446058156, -0.5360002720456096, -0.5861045379778174, -0.6393594037184314, -0.6958458888649206, -0.7556518956661618, -0.8190098926644516, -0.88631944841562, -0.9578767538835171, -1.0337248246517277, -1.1138584292913025, -1.1985119811452711, -1.2881090294129753, -1.3827528402717493, -1.4822063680458042, -1.5864664725059319, -1.6959812650437227, -1.8110633918175287, -1.9315860112348873, -2.057405782398528, -2.1885092491245484, -2.325362901128141, -2.468432765442389, -2.6176089727436116, -2.7730427192875986, -2.934765747027743, -3.1027620337707416], "angular_velocity_true": [], "altitude_sensor_readings": [295.7930994168144, 301.56315743487403, 298.7038119482204, 300.47120231732157, 299.10960258774014, 296.25452965510635, 300.41744089328154, 298.1839563859335, 302.5403987735912, 297.83226369343305, 290.1794875024582, 290.97535781336296, 287.6302008561453, 290.12188892920227, 293.62668815626853, 288.9505040258197, 287.60526176738813, 288.742262293026, 279.6429835332376, 278.2728063533662, 279.63857663931014, 277.86105223963887, 271.23172580305516, 269.2283063794975, 270.89416833962116, 265.9098247387339, 265.97954270229786, 259.8068893237125, 259.91597320296444, 252.548958719945, 244.4923594615663, 246.14539407759662, 237.69046300915196, 249.42211322690315, 240.22821650403995, 242.8836914935814, 230.290617391673, 226.4071972918252, 224.01153926647447, 216.35009884729976, 202.82389901935525, 205.46810857376667, 197.32471332946832, 189.62339277547605, 191.4573566091813, 175.50303181751138, 169.10103892024432, 162.96060771505654, 157.92312565212873, 141.8062746399797, 134.14074275120916, 125.68786951196162, 114.70987053722777, 104.08098462093261, 93.86762726975465, 77.50160690767565, 70.69787209386138, 56.975872472580015, 45.212343772420724, 26.124715821045676, 14.526028227276797, -4.506921510319167], "speed_sensor_readings": [3.8953137175910166, 3.416950711983417, 2.2445654118076734, 8.257803748830092, 11.502206225068676, 6.29785329654786, 7.741349445081632, 13.108579259594636, 11.396803156460432, 11.446315747590036, 18.287215941802785, 19.581181836457965, 19.17688120017343, 21.076243632270923, 21.734464064858358, 26.0570298095623, 25.052586618317555, 25.910287820297274, 27.38302165496705, 30.217090302205257, 34.14846467494066, 34.00657394417146, 34.13761521611593, 36.36756409964746, 41.90057847164715, 36.441605845502075, 39.228128562233245, 47.512103524285266, 49.537045544337936, 46.25539668395062, 54.16225029480621, 54.9728919585614, 56.01741664968606, 63.06874744130179, 57.09543916549265, 67.3747033436626, 74.72122669745663, 73.70962256891848, 76.35284041968843, 83.03747244474164, 86.08922487733057, 87.45978066210475, 94.22139667845775, 94.32758812810495, 105.91371121407163, 107.40570410394791, 108.63368714059702, 116.22709030749162, 119.49852764567184, 122.70692352357592, 129.94144428770727, 131.2002609490736, 137.74334934712837, 145.36622243427516, 147.86280123030312, 147.4129950516699, 149.15567683686393, 160.26109224966225, 157.4482824647668, 163.50020936504708, 164.90783350706903, -2.731387847670868], "angular_position_sensor_readings": [0.19053704941509222, 0.3686973948750734, 0.26410536318676037, 0.34003067808740717, 0.9646304938025577, -0.35982965401556277, -0.41458815957128453, 0.2787366525202873, -0.25991996788100785, -0.5262016909809473, 0.150684344062737, 0.15947131209871293, -0.03207302776450722, -0.7308208665028206, 0.31560968359826763, 0.4507882370904921, -0.19261811380482138, -0.28577045187816474, 0.11764014832138599, 0.3920999326134599, -0.539789940376939, -0.11205242331923222, -0.45419551773549116, -0.0033496566100290337, -0.43611228218876225, -0.2952884833215136, -0.36492003741006407, 0.19127511683523238, -0.3416580565910248, -1.000781426300775, 0.49483093781069354, -0.4323794673019438, -0.8129967860290359, -0.05558868757978469, -0.3701473649592342, -0.2961877549933068, -0.7641587918086999, -0.6378565490072095, -0.6722586123480381, -0.8745809221476742, -0.6948610871380141, -0.4514547261386894, -0.9277279962193105, -1.1499635683090086, -0.8763749380758991, -0.8110805613091101, -2.102295627635865, -0.9273594475659712, -1.0455231646457965, -1.462678051199033, -1.2419891155867546, -1.1719533594557137, -1.6367414079398965, -2.448062959104761, -1.9183831164283682, -2.1558542784992025, -2.629248214975864, -1.8301004220676336, -2.7261021552926024, -1.9435667395072453, -1.8962130695804873, -3.4414601400192644],