{"position_x_true": [0.006150632436356361, 0.0307840510087099, 0.08617431685405533, 0.18444685667169172, 0.33357439272013434, 0.53739231761057, 0.7994463312116458, 1.1228649381432048, 1.496684698280008, 1.9137425858873809, 2.3780206067903396, 2.892870736362214, 3.461929399395852, 4.085756192606896, 4.767459644890922, 5.509970649340123, 6.315859169955921, 7.1875529890918015, 8.126944793729677, 9.13597383992434, 10.215655550844271, 11.366168095157763, 12.588076153659202, 13.881546005277142, 15.245849384106343, 16.6789539847704, 18.177612079978903, 19.737802327610325, 21.354925196833253, 23.024074254698444, 24.739323346363985, 26.492786764708402, 28.275726410762196, 30.078660428925957, 31.89146635427877, 33.70300225318418, 35.49996472462741, 37.268066520660014, 38.99367946833107, 40.66195736416897, 42.256028960809694, 43.758938601867015, 45.15466074470138, 46.42652234997081, 47.5550217070774, 48.519909279390134, 49.302243706345266, 49.88355553709014, 50.24561466865474, 50.370710460375506, 50.242101839326565, 49.84422637173265, 49.162345007760294, 48.1833156852608, 46.896047625638296, 45.29142658063972, 43.36266114308451, 41.1058784183097, 38.52118323149339, 35.613293049300985], "position_y_true": [299.9468183009929, 299.78316180242103, 299.50065712335805, 299.0906179250514, 298.54820183650025, 297.8723762853502, 297.0615311442707, 296.1132576937698, 295.0436389820426, 293.864135426161, 292.57238416206405, 291.1653084813468, 289.6395275708932, 287.99620323224246, 286.2309875212102, 284.33939635479055, 282.3164405501052, 280.1570730669714, 277.85563499630547, 275.3998019718189, 272.7831686172098, 270.00532906888236, 267.05986518415165, 263.9401361566617, 260.6389370169694, 257.14828338733935, 253.45975105117645, 249.56487911329936, 245.45539212863724, 241.12327731721854, 236.56058522474626, 231.7592083566152, 226.7114209539976, 221.4099955955929, 215.8482292087688, 210.02002761976672, 203.92009882215422, 197.54408789496333, 190.88837893645353, 183.95054460675246, 176.7297705165777, 169.22641338007566, 161.4414256704384, 153.37727211410396, 145.03986085714396, 136.4375927398386, 127.57980471086354, 118.47757810083785, 109.14421124449152, 99.59528737958517, 89.84809452368164, 79.92156557321812, 69.83861325315905, 59.623837774384214, 49.30095453958596, 38.89811547862233, 28.446689213263284, 17.979199963625256, 7.532216128719293, 0], "angular_position_true": [-0.0008480270797275135, -0.004236882325756932, -0.011870995289194025, -0.025472038726166577, -0.04591343525901244, -0.07320406497440694, -0.10736612290942642, -0.1484310558646838, -0.192942493432479, -0.23833490064616886, -0.28469273775324166, -0.33212019062663106, -0.3806615684778633, -0.4294187815034918, -0.4784041165864208, -0.5276887836749027, -0.5773093186748475, -0.6273831942810214, -0.67795621271057, -0.7298809462123051, -0.7831905979329046, -0.837136666721665, -0.8919613240792474, -0.9479427543062817, -1.0052690033289196, -1.0639443453451527, -1.123858050826515, -1.184918751972597, -1.2471160951628373, -1.310581744888419, -1.3754263326203173, -1.4415267784174537, -1.5088010505083242, -1.5772325054639205, -1.6468895643539936, -1.7178415005891645, -1.7899022433869838, -1.8628862370499815, -1.9369659909630006, -2.012234098555874, -2.088503941071651, -2.1657416060428782, -2.2443103613035453, -2.324567373057259, -2.406237853174599, -2.4889015108992556, -2.5725267810916006, -2.6571846289972427, -2.742920732623385, -2.8297650306060604, -2.917875440426525, -3.007557786842595, -3.0987591500945126, -3.1915792885128633, -3.286817432622054, -3.384844041343906, -3.485886287818523, -3.5904593162015455, -3.698721893592845, -3.8107010948789894], "angular_velocity_true": [], "altitude_sensor_readings": [302.46006782069685, 296.5957751164826, 300.3506318392508, 299.1773198930877, 291.44755057328223, 298.5307645446548, 299.36068026807004, 293.43789743254246, 297.83175019359095, 292.89844150822586, 285.1371556929361, 296.1829480053406, 289.73647976082395, 287.40004241671295, 289.7934330992785, 288.2359300346365, 285.53540982210154, 278.41071562291853, 283.1553500887863, 279.06202845193076, 272.37196030135266, 265.9364355381075, 268.48346884189755, 256.0217399591676, 257.7875650204728, 253.14004023267233, 255.35463344763033, 245.81352093210745, 240.28399862857253, 242.15458201607328, 239.45808531838344, 231.56014675713192, 230.23542907942112, 221.2856987979075, 215.1307450896411, 208.16070105593133, 211.95247264774954, 193.9133101547468, 190.12885095823367, 186.83894807553975, 173.75639185305747, 170.46999602852298, 161.6688064858229, 152.4150667455702, 151.24027466302422, 136.5312733209691, 126.33705398223445, 129.10989279278135, 112.0036587446918, 96.3551568334923, 91.69333378362276, 79.75224090744301, 68.42626166555884, 65.50156408935138, 50.56035055520445, 37.929675723123594, 33.2581199965947, 19.63557817996967, -1.3487818179766773, -0.1606441143957208], "speed_sensor_readings": [1.553448106255928, 7.25419421262561, 9.950090955497249, 3.0624777355211776, 7.24143879841805, 9.445596839217586, 14.383577093792992, 13.215590908821119, 16.47445344943086, 11.439093843445086, 13.273594110414512, 17.181821379207104, 21.88396155734787, 16.01568450846562, 16.12324790493983, 21.63621638177209, 22.350701886642142, 23.01899296711379, 23.725096186113444, 22.440877481224724, 23.997786852087692, 32.636634957508896, 31.389636552364784, 32.92337950443421, 39.382089949071315, 36.13643481971018, 47.226988740469146, 38.52144079360111, 47.54111023825579, 50.131401653723444, 47.438205989675126, 55.491701048901525, 54.345775802669316, 65.39092169768662, 65.39237464707618, 67.9020612992298, 65.2994791343756, 67.67345974510636, 67.86870599659599, 67.93488386853656, 68.90741862596387, 79.16898616516754, 78.84542990532434, 85.62138144583162, 81.81840410621894, 92.20399477122218, 93.71245399124132, 94.32461958772082, 92.20170117965938, 93.97686285378913, 98.53630201238227, 102.3080663723501, 93.27424523144475, 102.91091666543865, 106.34214164026655, 107.83206169557324, 107.27291530290347, 106.55059323377728, 109.11162955867532, 1.2482488414645296], "angular_position_sensor_readings": [-0.3091668044785355, -0.0777080534923777, -0.125812727760878, -0.4651288386738166, 0.13049264787746906, -0.25052105027924837, 0.4680916562985243, 0.2168821663294322, -0.19705005974447165, -0.39742088273662446, -0.6686292238093591, 0.28551270244373433, -0.5323877616528265, -0.3754787579090788, -0.809150044597871, -0.7141478202282967, -0.5589568716172236, -0.6825757783027449, -1.1175263589838624, 0.06667442421567848, -0.2663405633432788, -1.216174030020595, -1.1376112158413971, -1.0541118205715452, -1.028113691963963, -1.1584789042550918, -1.2659416513561816, -1.5077582762201405, -1.3467360367548122, -1.8312918284181636, -0.845930994499333, -1.1503442459165112, -1.648893024689828, -1.7034370718131526, -1.712106120521911, -1.6765380859574566, -1.7756261405574971, -2.4091453596649206, -2.0209938266621856, -1.768374419350687, -2.373003072818906, -2.876795494831965, -2.032306828643716, -2.61295409161919, -2.7963885120770766, -2.385862545564056, -2.713010324763497, -2.801845662013772, -1.8506091999106276, -3.2765557350374017, -3.3465709695952355, -2.9656176944610007, -3.706977596606115, -3.522000984302747, -3.579937153349687, -2.8902196368967004, -4.032134566016381, -3.5511117202129365, -4.143250715796647, -3.7649284504461784],