{"position_x_true": [0.006197429125271404, 0.031035209361559183, 0.09105447103495008, 0.20685272782355696, 0.3950019403591729, 0.6684600867964603, 1.0361081862794255, 1.5024681973105198, 2.0722733284460197, 2.7504338297924296, 3.5420864010868867, 4.452265298973694, 5.485807049991299, 6.647574991858977, 7.942486173862763, 9.375601198472417, 10.951748687140242, 12.675525117900216, 14.552010850773772, 16.58676125304602, 18.785438842138905, 21.15368386533727, 23.696899111822894, 26.420495861154038, 29.330074423682404, 32.43102688902992, 35.728769428575575, 39.22890523898869, 42.937382487509026, 46.86047424968474, 51.00455523913535, 55.3762610925029, 59.982268518984384, 64.829524345155, 69.92509432848644, 75.2762946247651, 80.89060630455855, 86.77569914707753, 92.93987902327963, 99.39144347577022, 106.13848146245566, 113.1899234792482, 120.5551752666112, 128.24413953241242, 136.26713844060347, 144.63410939405463, 153.3559037604259, 162.44336398327502, 171.9070922641998, 181.75686882458908, 192.00168795544275, 202.65067241216605, 213.7129948490794, 225.19861746659552, 237.1174234741447, 249.47810504937277, 262.2894213336801, 275.5616721004162, 289.3039123942007, 303.522030580407, 318.21528626685966, 333.377855100234], "position_y_true": [299.9468573489592, 299.7833714386331, 299.50534524706876, 299.1122982460441, 298.60735254207344, 297.9975458032342, 297.2857199734091, 296.4702583211302, 295.54918874688553, 294.5202520695968, 293.3812605746549, 292.12996900365596, 290.7639731235652, 289.2810080283208, 287.67842262615846, 285.9534968665426, 284.10314181999996, 282.1237935641346, 280.0127200865071, 277.7671663131111, 275.3837744791679, 272.8588346430166, 270.1881889041325, 267.3673377680971, 264.39209815535366, 261.2578233114448, 257.95954304620756, 254.49223590569085, 250.8505076427118, 247.0292427548249, 243.02321802464104, 238.82717488986185, 234.43577268655525, 229.84367703508906, 225.0451720206488, 220.03440591928745, 214.8052452301163, 209.35162059942044, 203.66718672948036, 197.74437630043678, 191.57592862074134, 185.15621044414135, 178.4792326497975, 171.5386384736025, 164.32695183027468, 156.83402202693722, 149.05055052559837, 140.96688529614957, 132.57174325370696, 123.85115096591265, 114.78826347856221, 105.36505522722099, 95.5625520279219, 85.36128687527585, 74.7397647112443, 63.67336369759037, 52.136238403256385, 40.10280052155092, 27.544410038835878, 14.42756377089399, 0.7172624728354098, 0], "angular_position_true": [-0.000836744955667198, -0.0041759755538908865, -0.01082777884156975, -0.020787697789229946, -0.03323796118093024, -0.04647967255329215, -0.05964281383083058, -0.07272243909859623, -0.08571848582731757, -0.09857737705531869, -0.11132589457873371, -0.12410114776928184, -0.13694053027962913, -0.1498355419505954, -0.1628151373937446, -0.17591648909038174, -0.18913009205569947, -0.20242521299054164, -0.2158572279057934, -0.22950692790798394, -0.24333892402604462, -0.25726447391406393, -0.2711515479195724, -0.284865715089674, -0.2983882907911095, -0.3116058310942421, -0.32443821566217806, -0.3368497553353456, -0.3488127937546418, -0.3603446277025359, -0.3713442479533351, -0.3817931639309111, -0.39181402927624426, -0.40155072103331, -0.410967287340805, -0.42001712831866994, -0.4286653476496243, -0.43695141916799946, -0.44506055275324063, -0.45296013440921234, -0.4605903322909536, -0.468299178007779, -0.4764897409187539, -0.48556013523593483, -0.495787734038175, -0.5070835842291601, -0.5197303506496884, -0.5340076802779168, -0.5500314016720427, -0.5678069738749247, -0.5872117857975049, -0.608087371824343, -0.6302789756951347, -0.6539922844169428, -0.6794650836320966, -0.7065803881480025, -0.7353448464409766, -0.7664219036133022, -0.8004814147376916, -0.8377285939573923, -0.8779381046969131, -0.9210449902069389], "angular_velocity_true": [], "altitude_sensor_readings": [300.34074783096855, 300.87315445743, 295.80079070604336, 297.18470887453674, 304.91644765868386, 295.9931426181302, 301.53248817198687, 293.30330229580835, 291.082135561387, 289.9829028160435, 289.3127554297062, 284.40983639383376, 295.54436670032425, 285.0017076276793, 291.832543462367, 280.38231453933673, 284.47800909372364, 281.4489402149802, 283.19573625531655, 279.684298057527, 282.54523894983237, 274.42067780932774, 267.97310869788055, 270.219724977212, 269.0882305903829, 260.34895874165545, 253.96161293808282, 261.1892239661519, 243.8957790611782, 247.05793816160946, 243.37584934672225, 242.97058068543546, 238.66145679998516, 228.4403674367685, 224.3759984868471, 213.57053876712138, 207.26783116780513, 207.84793955985893, 200.6252950866244, 200.4322256104832, 194.0377478689002, 181.80475830401096, 181.63021906246482, 169.5638886474872, 158.04093491875545, 157.00082045610415, 148.3864197345751, 141.8363925520813, 133.89638800062673, 115.54027464011878, 113.90956542442883, 106.51022545406282, 90.57911974257118, 86.28985484488733, 78.05092692824705, 56.95149244320591, 54.05208809328671, 34.85853147470697, 32.53119056180238, 22.51119453776751, -6.354124996366878, 3.8569651743035043], "speed_sensor_readings": [-1.2529018324914014, -0.8767498793542972, 3.4239169874928645, 6.21777283446164, 3.703376775184986, 5.928199687421168, 5.747721605233843, 11.813877997319185, 16.744832273097998, 16.81194380345531, 18.19789558268356, 22.446748724013105, 18.975035152297817, 21.391125018243287, 19.2648421618892, 28.192192879949722, 22.148747413908318, 28.356932703909468, 32.37297683886043, 31.293729338319423, 37.55563672114648, 35.41305441520107, 34.15143915411957, 43.43908677765171, 39.991194987546876, 46.612911840108154, 48.542766946015355, 46.97130236420875, 57.296379172766095, 59.387822108392754, 54.911580448933016, 56.314078610639, 59.196281388265426, 70.0620424391282, 72.0692767277169, 78.19425450605657, 76.33776354804513, 84.11199010686417, 85.20592072333386, 86.43703209061833, 97.63768274662722, 100.98505618895013, 101.02274441863572, 99.99527173432446, 106.96825949086359, 115.26898323676461, 121.96336897754973, 124.54376939180192, 131.2664129161403, 134.15742611623116, 140.36043203781483, 151.941229478034, 154.40035164955196, 153.227636043934, 165.9268389470823, 175.10631417412222, 173.71288315555338, 182.0056063545782, 192.19282711876932, 193.81270089272914, 201.25621947406668, -2.0074643268319647], "angular_position_sensor_readings": [-0.3276110666133064, 0.011328034807285422, 0.3423797430665605, -0.052597687732172715, 0.25494707895235846, 0.5975234515717788, 0.09430931124303715, 0.07048079725330046, -0.8791488665630668, -0.6348409051879472, 0.25733114831421, 0.5358190166870264, -0.6881999137826421, -0.7907684080627748, -0.5500740879855992, -0.9596531939598683, -0.2810996872456826, -0.03346004701818925, -0.11420481101162133, -0.2983600164893731, 0.0997658150283316, -0.7652251708612715, -0.03276364140187851, 0.12030717415231817, -0.4225405162625563, -0.41024550430592266, 0.2579280412938388, -0.312279436779223, -0.16495137457666176, -0.8532897428128023, -0.5314818109275006, -0.07489613160606412, -0.676931580804895, -0.022425579186987954, 0.014330914974062803, 0.07873895130904102, -0.17211244806646853, -0.31585121760527113, -0.9363894896784828, -1.0194708009164533, 0.1229507645282526, -0.565973670364446, -0.6803882485151691, -0.9131479983168103, -1.0952287647222205, -0.5814786747083109, -0.28955805710741944, -0.819558150311338, -1.055206196263559, -0.4681865089757456, -0.5662071701677619, -0.8326622522784932, -1.2167811124660566, -0.29783824317136015, -0.9202175713024874, -0.7213682775847902, -0.5658201667184286, -0.8936460552962734, -1.4442628687541887, -0.12862510898646595, -0.9937667961880184, -1.3377932798166055],