{"position_x_true": [0.00981664619031548, 0.049091262170998975, 0.1375003095786656, 0.30232123177463166, 0.5548794523034972, 0.8803501324583827, 1.2761490339949149, 1.7621708795648783, 2.3491853542097108, 3.025375478756283, 3.795843555582182, 4.688820072637722, 5.714551482060086, 6.852193812259206, 8.099061657627312, 9.468022271723802, 10.97146040450294, 12.636461078932495, 14.489939395699544, 16.534566379824938, 18.771059988412464, 21.22126125270194, 23.904687253010962, 26.83755595913611, 29.98994222698742, 33.31955905895456, 36.81236342259153, 40.44649863877403, 44.1927578426614, 47.98526629161536, 51.752847486262816, 55.44675463757352, 59.00734163507123, 62.352325303107946, 65.39440928119292, 68.05228054716885, 70.2351757686757, 71.84995704558169, 72.80343343501768, 73.02655215484639, 72.46718580686438, 71.07930571666537, 68.89162838097477, 65.98290649542601, 62.45862749151536, 58.50013960578566, 54.37493582139359, 50.24525547836885, 46.1155751353441, 41.98589479231936, 37.85621444929461, 33.72653410626987, 29.596853763245118, 25.46717342022037, 21.33749307719562], "position_y_true": [299.95090954407425, 299.80357962943714, 299.55784686042006, 299.2136406468067, 298.7553264960004, 298.1709297115133, 297.4678191988082, 296.65272826024614, 295.71599891186656, 294.64805151650467, 293.4539527425584, 292.1369634833349, 290.68394600013795, 289.08464024016484, 287.34233221825775, 285.4445647606969, 283.376054288584, 281.1268043955695, 278.6822271487502, 276.0164270678346, 273.09973405592245, 269.9047095106655, 266.398044602139, 262.53983055769913, 258.2940114162515, 253.62975546497023, 248.51214680876004, 242.90323261134768, 236.76323427610419, 230.07786380083027, 222.83849566911687, 215.01771653360103, 206.59130066410466, 197.57459487861578, 187.99420929860594, 177.8572760658345, 167.22054236879418, 156.16323691735772, 144.7570382725116, 133.13219266069828, 121.45281332923346, 109.88771982573363, 98.646741552172, 87.95513944510637, 78.03920417286659, 69.13034398811754, 61.23125447834732, 53.7326651284576, 46.135975778567875, 38.44118642867815, 30.648297078788428, 22.757307728898706, 14.768218379008985, 6.681029029119266, 0], "angular_position_true": [-2.0424303694917997e-06, -1.4951219586845665e-05, -4.265894587595899e-05, -0.00010578405380812327, -0.0035024079414246647, -0.012664652846273649, -0.02593784058418546, -0.04169001344402909, -0.06172092726391407, -0.0876912532001471, -0.11780718402600956, -0.15048413862645174, -0.18754624006541837, -0.23059067601094463, -0.27788014128970273, -0.3304588700761584, -0.38937278358658756, -0.4529997008123225, -0.5196811922868524, -0.5914755756856586, -0.6703913640136726, -0.754757301159387, -0.8431080308426068, -0.9339300335467318, -1.030188761967124, -1.1346434855928855, -1.2450989282219096, -1.3591233312455469, -1.4742169232360323, -1.5939776250366051, -1.7222104448434337, -1.8567507639574499, -1.9952857961027386, -2.1408418414797343, -2.296674996931595, -2.4608046313970533, -2.63496527368183, -2.8206924409145993, -3.0155653087698107, -3.2218602390904043, -3.441194922948837, -3.670027322893647, -3.9106835036276126, -4.1659458597465076, -4.432504066219224, -4.706705030530554, -4.9840981291691095, -5.26167925654845, -5.5392603839277905, -5.816841511307131, -6.0944226386864715, -6.372003766065812, -6.6495848934451525, -6.927166020824493, -7.204747148203833], "angular_velocity_true": [], "altitude_sensor_readings": [306.27156000333554, 302.4006264767205, 296.8466378890729, 296.73269543088725, 291.5022968448495, 296.09483898881894, 301.14790573357095, 303.41337687389523, 296.82752430221166, 297.3036292162033, 293.9986004569292, 292.3453179329795, 286.7738210984078, 286.64211416804005, 293.30746681736775, 284.1272436462984, 283.8578389825876, 275.780705534646, 279.25790534197887, 287.28196483853316, 274.29354189530426, 269.5911124896162, 261.86431509176583, 266.62530150451516, 258.004072835577, 260.9391598575, 247.73724742005058, 244.22776855348553, 239.946527761153, 221.42370276092092, 232.50551412297486, 212.38674173611105, 204.6620448682591, 199.65347807093835, 185.39474712562432, 173.18444186958814, 170.21800240012413, 162.39226616237156, 150.7340816612582, 129.77079767027703, 119.23709994242923, 111.54939728579077, 99.51835253197746, 86.74233304388358, 84.04537801890488, 72.21630194024382, 60.277520741260496, 49.987919478214614, 40.407371110260115, 38.26765853398775, 30.955324152875466, 21.905331530466995, 12.510171360868105, -0.06037699886528358, -5.536333281690953], "speed_sensor_readings": [4.838873703702912, 6.015862885864605, 3.1019652996694926, 4.541030630607028, 6.770372933115687, 5.716173895982495, 5.021396036656501, 11.472754168961064, 10.175620807928649, 16.09974365408455, 14.088779091997274, 14.111904819293004, 24.374461623345393, 19.542000202942738, 23.67061568956882, 22.448032632312813, 24.34981912096835, 30.756892720050047, 34.912839024098105, 27.425771801501547, 46.15800602633928, 46.241668544957435, 46.93050563850245, 46.02644488636029, 54.45678247190111, 52.996483061231906, 66.64867335433496, 70.9080539990133, 74.31994530865015, 81.03532710289427, 87.52737143512938, 86.10717836055713, 93.90205863851322, 97.70283561567348, 101.05728241072876, 109.63599904326271, 115.66770089834519, 110.66383750177336, 115.38524673035175, 118.43721852723282, 120.88444338431768, 117.66158122676046, 111.62959228955015, 106.67832726761736, 102.04436619470673, 89.20953049841754, 89.8122668432892, 81.39002933146438, 86.86125524825026, 90.16417514310247, 87.51852930258077, 85.60763166577024, 85.99226275985902, 93.75039231205142, -1.8501242001131135], "angular_position_sensor_readings": [-0.4903863442388429, -0.062033469116477585, -0.5888983341584496, 0.6367070459347273, 0.2432786819362722, 0.34220104543147817, -0.18477952252749658, -0.2909863111938381, -0.14660774839313132, 0.34041510145883325, -0.10906938274077924, -0.058891843436595134, 0.4411167883473925, -0.014538347290878911, 0.0006301677945894646, -0.07874576287884988, -0.5567344355353072, 0.04075677842178532, -0.5269212946651125, -0.07698319225432448, -1.3470291997428498, -0.8469850603817275, -1.5226454162599978, -0.606357662489543, -0.8991860717975116, -1.1382047416657857, -1.6865586307417957, -1.8370434743009167, -1.9695836258308426, -1.220647849666543, -1.1393393923784148, -1.7137260922657755, -2.3305901485464138, -1.4420160463290408, -3.0779054943360578, -2.3499580182768818, -1.9882460994037277, -2.1050347316603397, -4.235068399401605, -3.740331766570134, -4.073846485488278, -3.5560537539160166, -3.77761617413955, -3.687752176828541, -4.7322301962282864, -4.642313792810741, -4.614278062620923, -5.20882875739494, -5.7336789232690535, -6.058086625141236, -5.698458658445477, -6.677125052472184, -6.589840687435729, -7.086560163373429, -7.690014210642108], "angular_velocity_sensor_readings": [-0.510099975008892, 0.26082955983401795, -0.23896636000582855, 0.17197906188510176, -0.3137818386191232, -0.5402929334219965, 0.3285298382595637, 0.249309487586224, -0.511420614899639, -0.3095431334129867, -0.6846437737967999, -0.4630440846048852, 0.2564561580401146, -0.3749947102590005, -1.3517595301898497, 0.12110835881503801, -1.3262181209474826, 0.11181254289463605, -1.562223579976648, -1.7178509120293035, -0.7010908966374652, -0.9152788005977324, -0.49458949592355944, -1.1345585418490602, -1.4505707012511033, -0.8044807308125332, -1.1340855037133828, -1.7939562670903324, -1.0407519912350776, -1.3061259442177244, -1.6157928040863752, -0.9871542493007175, -1.2877259186976164, -0.31074868184256244, -1.6759534808605285, -1.601104638609224, -2.0637419875199887, -1.1907060505475293, -1.7334585997165133, -2.0845041464197847, -2.2908088516593814, -2.451532532057476, -3.069382470832963, -2.5561093202205294, -3.1170004720292463, -3.0029430710726923, -2.800838374301052, -3.2067373275967914, -2.819057831140862, -2.4951353470183344, -1.8767918905268974, -2.4106138671819033, -3.273099786280816, -2.911185375251949, -2.8937239121161946],