{"position_x_true": [0.006190520813289689, 0.026772080991300545, 0.06787105871700952, 0.13963035080910438, 0.2500050718895186, 0.40700681398059496, 0.6229258598109395, 0.9103503749039499, 1.2824039781765293, 1.7478915636623906, 2.3109292825788934, 2.9755955418961544, 3.7459747440744353, 4.626089813786814, 5.6197931404123445, 6.730618840075547, 7.96188430885185, 9.316771316459736, 10.798160536762854, 12.408482412190924, 14.149833955188654, 16.02440946990914, 18.033954657653286, 20.179262157451106, 22.461073920605205, 24.879752714068264, 27.434637278893817, 30.124551611631382, 32.94732469197659, 35.89983883984082, 38.97825745232922, 42.17765640119375, 45.49122093365345, 48.90982788769848, 52.4229426264281, 56.018833538232805, 59.68458409342026, 63.40530694797742, 67.16432115419207, 70.94208066210003, 74.71662885046013, 78.46474015198056, 82.16068047215117, 85.77700660512716, 89.28512872275397, 92.65532279244829, 95.85671802850796, 98.85557208165717, 101.61656300224404, 104.10332393754483, 106.27780137461663, 108.10063471851942, 109.53223137007684, 110.53460831995636, 111.07263515214007, 111.11660078817792], "position_y_true": [299.94686435244125, 299.7833515173578, 299.5012505988822, 299.0921236795569, 298.5513371208268, 297.8819488547322, 297.0902448344667, 296.1814774249507, 295.1600308961663, 294.02606502226035, 292.77553577142345, 291.4041134021202, 289.9078133555871, 288.2826583853018, 286.5240285415752, 284.62650728203187, 282.58384975557027, 280.38952486806556, 278.0363589545897, 275.5166543580117, 272.8228156059234, 269.94732047088723, 266.8819611824076, 263.61743976119567, 260.14448629420696, 256.45376417549704, 252.53505057855415, 248.3777156334504, 243.97055474274293, 239.30187453645786, 234.35988521897713, 229.1320908565939, 223.60538259957372, 217.7662372339029, 211.6013182666254, 205.09770863535354, 198.24262391444458, 191.02360662118096, 183.42869979261366, 175.44675173874595, 167.0675002176199, 158.28221185455556, 149.0839751201776, 139.4676365380138, 129.43010739839687, 118.97031188015596, 108.0896245496785, 96.79326542068398, 85.08987158177939, 72.99270680859208, 60.52095143869701, 47.70081051021493, 34.56613560866098, 21.159302698225712, 7.532170704189378, 0], "angular_position_true": [-0.0008413917246867411, -0.004204644642788451, -0.01176210727919868, -0.025209281315886754, -0.04541869941445441, -0.07157906219418099, -0.10204629679434048, -0.13517791230944187, -0.16931534827854128, -0.2036443165340876, -0.23818186795652083, -0.2729575259062744, -0.3080220174402865, -0.3434327871215995, -0.37928309315695735, -0.4155834922153044, -0.4523493779003442, -0.4897150168954883, -0.5277651694071788, -0.5664395507438659, -0.6057611871327873, -0.6459031514457293, -0.6869354268837461, -0.7288551492974277, -0.7718579932446223, -0.8162311961107408, -0.8621412297892554, -0.9096827097147427, -0.9589465473508674, -1.0101200228317386, -1.0634362925066296, -1.1190493082962407, -1.1769610722947392, -1.236988604285655, -1.2990338367945835, -1.3631502735813457, -1.429397854400197, -1.4978520484161717, -1.5686860303450245, -1.6418776824742036, -1.717280501347925, -1.7949295003785959, -1.8748388878254922, -1.957012245251247, -2.0415629669357376, -2.128825457908765, -2.2193534963416286, -2.3135443086855387, -2.4119751922610146, -2.5152862408159056, -2.6238793309640394, -2.7379776765510693, -2.8577502655497966, -2.983250785467511, -3.114147404303255, -3.2502351237586975], "angular_velocity_true": [], "altitude_sensor_readings": [306.41539114961586, 301.5091858389795, 287.0961816205455, 304.34464905554375, 292.1936726034601, 302.024808777132, 295.03387994527327, 299.2581710795823, 287.20965827654186, 297.61556885234984, 289.18732322158627, 293.6731200535088, 288.49600487619074, 285.7122226280659, 288.9242494190357, 288.1785644294924, 282.51603582025774, 276.6407149103949, 276.74024066445946, 279.518924769471, 271.66232371896825, 269.06015208627633, 266.36506405441213, 258.8634935800927, 259.90918288966697, 247.64519720397993, 245.36606991553415, 254.51103837620343, 247.07979270280643, 240.14545923615145, 231.65046617436207, 230.1756391112775, 223.87744431424693, 226.53216402982156, 207.03362359803717, 202.7484937777362, 202.6485527518569, 195.62917665138167, 188.82740882899722, 173.64931118533417, 170.2292279778017, 147.91895070329053, 145.88443871632413, 131.993507277494, 136.71645139038776, 122.72245782766007, 109.13614464921548, 101.67584022683445, 78.82326088703904, 75.27196359698611, 64.9789261054413, 51.952424772054925, 44.45034995229023, 24.938656264116453, 9.002084376703108, -2.7826782399128125], "speed_sensor_readings": [1.7241705243083683, 2.773014091883034, 4.238242180556631, 3.4654512383934257, 9.470041815092609, 10.028172994971353, 2.6807735028068773, 8.426840635887183, 9.848798860245262, 14.546536820067153, 9.58716457614208, 15.133903191703972, 13.768324703658987, 20.94772784784973, 20.422702689467364, 28.47876571552937, 23.95042087124813, 31.949072834194574, 29.983072896697486, 36.22978919382386, 33.851054793377266, 33.36089361946475, 42.51332746187451, 40.985410702520014, 40.63580250012796, 43.89345123401065, 48.76263918347992, 51.410658931355314, 56.35114221175755, 57.35476792191852, 59.822899963478314, 59.50861651516046, 69.15899268438872, 71.31082698870564, 74.06504928249149, 76.78416513026137, 78.75924528838726, 78.5448782676109, 92.68204690907423, 89.51454668177942, 93.68755207883503, 97.74358983799753, 97.21166043124487, 101.89663797857811, 110.5886134926626, 110.46948023484465, 116.95683362823948, 119.03890193280256, 119.10398523122595, 126.94640196730899, 126.81518871942548, 131.7441754010362, 131.8522652609507, 133.4494765009981, 139.3609613759848, -1.1742999613083192], "angular_position_sensor_readings": [-0.13103262690104817, 0.26059895850461356, -0.327574108888332, 0.6052189938186303, -0.03633609527382667, -0.8638009534028821, 0.15209677241028413, 0.04128346659491186, -0.03556877631537167, 0.39855935416841365, 0.726998423559821, -0.9539976313117939, 0.0960820838510576, -0.12698178110247957, -0.34348269760259503, -0.17340318363635662, -0.8753269308912244, -0.46357117871491677, -0.7968830712479473, 0.1551000165880282, -0.3130443122775656, -0.9890883636971148, -0.9127300002373082, -0.5930024537749855, -0.9331931540649213, -0.6430761794742151, -0.5636090399477486, -0.6658061799927599, -1.0383582871594503, -0.8297865704874053, -0.7600487763369859, -1.3282490279574737, -1.070005330646769, -0.4960150206873398, -1.1643835423626558, -1.3723568820229781, -1.8120062049171979, -1.4067947156463725, -2.312943365657578, -0.8176785077944798, -1.706453278323461, -2.0441981274105365, -2.594270468586773, -1.2069637291589097, -1.5623286883392167, -2.459462218974765, -1.9893675410191467, -1.7924804251536994, -2.5382877000445876, -2.8667942819765253, -2.9926692357735094, -2.3432158870136646, -2.274083928621894, -3.1143295158369493, -2.531151780685379, -3.5854991593962326],