{"position_x_true": [0.013262594608235595, 0.06639374741179457, 0.1861337175446129, 0.3994466347144717, 0.72959392827428, 1.196132360676036, 1.8191828549371074, 2.6192673600688847, 3.6171598615576457, 4.833630526038656, 6.280932818046294, 7.962073032538299, 9.878624904995206, 12.029655499909984, 14.411401371169296, 17.01717266917595, 19.83526598091664, 22.84857244624464, 26.03238239860673, 29.352845003218352, 32.768930667264954, 36.23123177898744, 39.679410166010264, 43.04389818940764, 46.24858061869862, 49.21246041899966, 51.85113575069528, 54.08029242842017, 55.81793116951379, 56.99906718442745, 57.73421898871679, 58.14250195678486, 58.20347109360676, 57.92422787126919, 57.39736858356031, 56.75763345487927, 56.137828225118064, 55.73563968019229, 55.78024924070437, 56.502708725078286, 57.910760070378856, 59.93109992833203, 62.61364258473252, 65.92967520546227, 69.73750055556465, 73.74985371797835, 77.69316171972228, 81.55743845918795, 85.42171519865362, 89.28599193811928, 93.15026867758495, 97.01454541705061, 100.87882215651628, 104.74309889598194, 108.60737563544761], "position_y_true": [299.94705901914307, 299.7844736678511, 299.50470001656333, 299.09940401013955, 298.56295073810946, 297.8925108366777, 297.0837833362455, 296.1299639029749, 295.0213761453184, 293.74421544984267, 292.2824882721862, 290.6185199285804, 288.7321895797719, 286.60047984286, 284.19809984001813, 281.4987423145038, 278.47296085399336, 275.0897643630342, 271.31662543839406, 267.12023563520773, 262.4702833521624, 257.3408236381491, 251.71191032196563, 245.57298586660767, 238.92578701822512, 231.78709317123432, 224.19222092438199, 216.19822020114515, 207.87753126493655, 199.33832616176034, 190.71639123608384, 182.11573478531884, 173.62631026217227, 165.36100783224524, 157.43238637136355, 149.94115665683697, 142.97546659070258, 136.5555875127689, 130.64424609413535, 125.16326674310415, 119.84215170812999, 114.38273354377804, 108.57793032290716, 102.16550303817809, 94.86009740235727, 86.54754258772657, 77.48148435170418, 68.10202073007959, 58.62445710845499, 49.04879348683039, 39.37502986520579, 29.603166243581192, 19.733202621956593, 9.765139000331997, 0], "angular_position_true": [-0.000817865649946519, -0.004114697545608271, -0.011636920432468948, -0.025109932187267696, -0.045432812100485026, -0.07278830233500289, -0.10735851858433802, -0.1492685207871568, -0.1986656428040839, -0.25555505795268774, -0.32002232920318185, -0.3921552120072587, -0.4720183291362718, -0.5596076890699717, -0.6550546989343969, -0.7588370255774368, -0.8712179703670697, -0.9925668459320937, -1.1230705997888832, -1.2625142029653837, -1.4110317795815965, -1.5689170770273404, -1.7361272287638585, -1.9126019146716822, -2.098549178130322, -2.29447369334226, -2.500900468724966, -2.7182201259319307, -2.945275939568418, -3.1822987906149054, -3.4309328773371837, -3.68978744530145, -3.9557429133420747, -4.2255098265853155, -4.502306855171796, -4.789443748326381, -5.08387309732002, -5.388084265813045, -5.704680478333858, -6.030837543516241, -6.36944175483068, -6.723076710051796, -7.088031809692069, -7.46008766020094, -7.834539554003582, -8.209041359382049, -8.583713408223048, -8.958468123374534, -9.33322283852602, -9.707977553677505, -10.082732268828991, -10.457486983980477, -10.832241699131963, -11.206996414283449, -11.581751129434934], "angular_velocity_true": [], "altitude_sensor_readings": [307.35923146254623, 298.8890743997589, 299.80992099238796, 302.1217840212389, 295.9109795193816, 291.95768629940585, 295.35034557498136, 302.5169383345284, 290.95162016824673, 289.6337242834413, 286.0214310460122, 287.70875763735046, 296.736135561198, 285.66431085986534, 287.90002719510335, 282.1218824355645, 274.11722314781423, 277.19870763581315, 269.99992615882235, 279.6635937622707, 258.8528808388138, 256.61410925871326, 251.900655631242, 248.4999357571745, 240.10674122687132, 226.45781596393297, 223.89272381955848, 214.64388988993798, 207.55778752811813, 198.22620359396498, 195.6068851785114, 178.07141123650797, 176.88792270790083, 165.7680268930127, 156.1813013345969, 151.69087118140268, 150.91154616407817, 130.63209130195247, 130.75261897025106, 134.20074129047876, 124.52241368509682, 111.5659911033113, 105.42295350530425, 103.73020557079089, 90.12141146033646, 85.74851297224006, 79.33312481491043, 69.03496396770845, 53.65344862754679, 43.44713848468471, 31.632172244359396, 29.25170915678713, 27.817183583581837, 7.757556517213201, -2.3372285050860886], "speed_sensor_readings": [2.082534165681299, 4.874185940427518, 5.678167505357475, 4.480867195412479, 3.6970905798088713, 8.440885474423814, 11.188566076610966, 17.475690274979556, 17.9715624648968, 17.686199008688288, 21.11011477532981, 25.49358403255012, 26.117755329220113, 35.46463837626288, 35.65493434349025, 39.91768266511612, 42.857968334483346, 42.90201874644395, 51.3604049703397, 58.2974463291069, 55.579936660035216, 65.0782749987538, 65.05994248383577, 75.94731570600268, 73.5277264609054, 82.96223971886303, 83.72265740005325, 83.1114236107517, 87.24621205204107, 90.21155679734198, 81.16881616565696, 85.82608364457876, 80.656692661223, 83.09835031937405, 72.7622321794902, 71.7504589866472, 66.63516671447378, 59.328925063991896, 50.788200083684295, 52.182732051082944, 60.12854566226311, 55.02352862468646, 67.96276208415662, 76.07355744325277, 90.77812552443353, 95.70170278026411, 95.05170870499468, 100.08172036628605, 104.91067770358796, 104.37532500040507, 107.1570130738345, 103.0202582117997, 109.82009517214198, 108.22561919092517, -1.9937985345273561], "angular_position_sensor_readings": [0.08886418417555915, 0.11117136439653842, -0.1403951823132334, -0.29910275563641164, 0.29771570866547215, -0.039084225557237375, -0.26705670473028426, 0.3340934220053411, -0.055929680533071846, -0.25657839708778474, -0.13807025353365945, -0.7453299465316543, -0.09466840688724804, -0.33148507913690517, 0.026473594805925926, -0.08373693206790811, -0.23140034114637187, -1.3037608475675295, -1.1692302484279329, -1.2117229704453796, -0.995440703628943, -1.7091054534714498, -1.213524969924204, -2.222832742674142, -1.660297217137225, -2.61838356894136, -3.250943266661854, -2.832026303655518, -2.9116251118969387, -3.1197652845771184, -2.5191578936759615, -3.476615627610756, -4.65078449978839, -3.9517415303544947, -4.6027769183789635, -4.342842492263699, -4.837239029721261, -5.396817985810579, -5.317774081076881, -5.411965435682456, -6.365545264137356, -6.883497923460772, -7.6516652034011985, -7.626130396206565, -7.595683986866048, -8.34991426941073, -8.352049284483346, -9.203226616373831, -9.082977873141541, -10.027073887881114, -10.370861314200976, -9.898374298595979, -11.095206530852245, -11.73632806000483, -11.236068720537121], "angular_velocity_sensor_readings": [0.39391663677146854, -0.36047860831503975, -0.20967098918953475, 0.44905389989349115, -0.509949988177439, -1.070569978080159, -0.8480524050382816, -0.6909481193684789, 0.03434455969461869, -0.8365194842796344, -0.9042246492493629, -0.7854204611533634, -1.4355220468201142, -1.0636556838432052, -1.4332267835130281, -1.2213044639344623, -0.7210458155979464, -1.0200209391336574, -1.582945225502832, -1.2125921901641783, -2.048308198714783, -2.059179648839124, -1.8250200352011714, -2.052449236086432, -1.4910818983751857, -2.565402955129996, -1.9592403805005352, -2.3478868678583886, -2.282131185254932, -2.812177774471945, -2.5483668855654793, -3.8045373289982765, -3.1408935323999265, -2.941451042078468, -2.214514938657388, -3.3883630942389638, -3.630811831871104, -2.825448380688294, -2.560595251206389, -4.1591312328241985, -2.691063614038256, -3.82131371861119, -3.3681472800858474, -3.309887598654686, -3.2912247817163047, -2.6016259947626725, -2.9951437797176417, -3.5568620460082667, -4.160643727453863, -3.839818230417704, -4.18130985141317, -3.637738467026118, -4.605732187902631, -4.215409549473035, -4.0303098752512305],