{"position_x_true": [0.010292446030116089, 0.05149796918274088, 0.1443899763312569, 0.3098570552989979, 0.5606125258780389, 0.9012970463888308, 1.3367830970109988, 1.8718304965347505, 2.5111837063833695, 3.2597258947999106, 4.122276874280349, 5.103814624200047, 6.209371651668304, 7.443957226465308, 8.812683042641908, 10.320909410341127, 11.974175416951162, 13.778032564499242, 15.738377063584329, 17.861487630363882, 20.153751156681313, 22.621464759052945, 25.270825132011733, 28.10814064424408, 31.140101073322498, 34.37324675008201, 37.814197035932914, 41.47009748216417, 45.3481695219907, 49.45552765937596, 53.79925432929379, 58.38659391128676, 63.22483522718348, 68.32115545647046, 73.68241152093931, 79.31465443000425, 85.2234825364658, 91.41411267189164, 97.89135309991984, 104.6591240561821, 111.71962677945533, 119.07372517212472, 126.72106230522758, 134.65958787736815, 142.88658036305574, 151.39757616407826, 160.18433545408655, 169.2357173737657, 178.53729180876047, 188.07139237152015, 197.8166419070446, 207.74503826451186, 217.82318163289438, 228.01123253084515, 238.26020422738074, 248.5136604574377, 258.7094333074866, 268.7812814314776, 278.65631165834316, 288.25153563740736, 297.4790816661861, 306.2516140435168], "position_y_true": [299.95093550805973, 299.80364435083675, 299.557828529834, 299.2132258561917, 298.76979004880565, 298.22740886926493, 297.58607313483805, 296.8458061217067, 296.00638454129125, 295.0675943072777, 294.02930512290163, 292.891265729636, 291.65306591632714, 290.3142925707965, 288.8742997932058, 287.3322380664064, 285.6872318674544, 283.9383340231705, 282.08414735312914, 280.1232891871515, 278.0548305978262, 275.8776377750593, 273.59018963812844, 271.1904441458077, 268.67575834238585, 266.0432342857527, 263.2904575040959, 260.414350035, 257.41026481320927, 254.27316212687018, 250.9976080908381, 247.57670117306418, 244.00275995244058, 240.26777894706711, 236.36260041328774, 232.2756024307394, 227.9926774402972, 223.49895085510914, 218.7803206004309, 213.82107894132125, 208.60184845863677, 203.10220484267134, 197.30073996047662, 191.1737051089201, 184.69761810027762, 177.84830629214937, 170.59860975492663, 162.9206298958506, 154.78557516576996, 146.16378227909686, 137.0246097719244, 127.33598635535114, 117.0663176271252, 106.18534938454516, 94.66446438264076, 82.47829273657248, 69.60650158793163, 56.03453803352085, 41.754578785956824, 26.769166809727064, 11.09748903169345, 0], "angular_position_true": [-3.0157542095285242e-06, -3.103104664330758e-05, -0.00013327912256322794, -0.00034763275344487367, -0.000700376592832682, -0.0012335831126121808, -0.0019625653222961597, -0.0029485018352777437, -0.004306033480823279, -0.006110774338226651, -0.00838768952540134, -0.011108444602440926, -0.014315442687516423, -0.018078087840527217, -0.022458148431583703, -0.02752518685458062, -0.033292941996515814, -0.039755097690342876, -0.04689925258595098, -0.054755990373201835, -0.06340589281593478, -0.0729396415436133, -0.08348878894001954, -0.09519766423933158, -0.10818966888740134, -0.12254792945026163, -0.13845746494922873, -0.1561139670560872, -0.1755577509550717, -0.19694339160984928, -0.22048912466610016, -0.24620958593290906, -0.2742320631801097, -0.30489273386013066, -0.3383924531651166, -0.37456524152291826, -0.413163597009355, -0.4540526139316463, -0.49739862278327024, -0.5435048827432135, -0.5923215830656072, -0.6438006807146889, -0.6980008826808145, -0.7548363469509457, -0.8145817436197308, -0.8776369366298393, -0.9440548540869141, -1.0139957390940417, -1.087648294582071, -1.165407101316038, -1.2477957990077313, -1.3349810060075447, -1.4271449842323656, -1.5244981131155988, -1.6267271802674468, -1.7334056823919037, -1.8444236144616473, -1.9600928473490045, -2.0809278587079367, -2.2070045905535673, -2.3380304487389334, -2.473990182649617], "angular_velocity_true": [], "altitude_sensor_readings": [298.97317130756335, 294.43491468701603, 304.29428924993465, 301.4948508245805, 300.99332496420624, 298.0609104797044, 295.4349967797566, 301.4436081345951, 293.0494262580658, 296.05307205159363, 292.11429702102646, 293.270708878092, 286.30881846275093, 286.27047014773206, 291.6569965706806, 288.97092335325095, 281.1931587462075, 279.922496386639, 277.3110912344049, 274.6551184370547, 273.8342538612933, 272.9629927089102, 271.42483659657154, 263.1255240250314, 271.3279454799434, 272.48560004475775, 265.8440452104704, 257.8477824737891, 259.3365469148388, 255.33228449410143, 249.88764006588653, 245.7245182992504, 237.93186487923913, 239.95334376519173, 244.1169701438696, 226.9472022900379, 233.69098252748952, 222.0642755322134, 216.54249416395163, 209.00870769512073, 208.42332767774437, 204.8420651624632, 202.4325306556714, 191.00786178829486, 190.18785840082296, 180.87128212309025, 167.32631964462624, 160.07490269918486, 155.09573903287995, 146.38915231251238, 141.47196912794752, 123.25491891123245, 121.74022238263608, 108.22708890546703, 92.17318451276483, 81.37045353883505, 69.15870557070636, 49.97441503815357, 47.08812183996499, 31.133930192187247, 11.650978518430131, -0.2509365566552431], "speed_sensor_readings": [-2.2291676551391544, 3.702368285497839, 4.095023540468451, 2.374307277078669, 9.865792269851205, 10.209063912083412, 7.254453297420714, 15.008493762028838, 11.0411892048382, 11.715149511820487, 20.39010934062758, 14.202575639892792, 18.38511049841552, 20.787225074766585, 28.132559127067026, 23.07901867237681, 27.98703759413117, 24.42761881434589, 29.0621684683038, 31.957509775225756, 26.297393401285767, 35.10575665172998, 35.20253074750242, 39.19918406400113, 39.7604262233724, 45.373287555821896, 49.90353651606087, 46.92818621482619, 53.23980811507209, 49.629421591770296, 57.376518726089095, 54.69116426549467, 63.77350041167735, 63.51316623343552, 69.7244960835051, 72.44674206560869, 70.5085439017923, 76.65324421810969, 82.60157805827349, 89.74986012970344, 92.30763661719129, 92.88325518315374, 102.68617472839067, 100.47645795456158, 112.69303876628918, 109.40439161866922, 115.7620366922513, 123.01246831587925, 130.10257780148078, 134.11179391847696, 138.6770508058156, 140.9230744213135, 149.05157007112683, 153.19617632309257, 157.91584078822214, 161.9477001252294, 165.71485257053214, 171.13034366725458, 175.21013840856295, 181.0129109647162, 185.8885185684329, 5.477081538305935], "angular_position_sensor_readings": [-0.05592904637279735, 0.23084487891228694, -0.1469818388714185, 0.3887581210472603, -0.36078029515404203, 0.3765223949165659, 0.9823767072044215, -0.8805786088303019, 0.05655908073880031, 0.43635263528189233, 0.13599466013937722, 0.8931187417049014, 0.1335529057803761, -0.30897384743255324, 0.0802640012701043, -0.23793829662388133, -0.4458493970248896, -0.2739857773572653, -0.6547123915201092, -0.4496845244059547, 0.4869028322123278, -0.6661574236531446, 1.011589911738972, -0.4092002850293594, -0.5498772772069709, 0.01334318061352352, -0.01858914664341617, 0.0713648814517091, -0.8215031203481045, -0.6549953069508543, 0.14153168752594064, -0.48478988149490254, 0.1725352303778141, -0.5948369690429782, -0.8982877622662861, -0.03166504281170934, -0.526473097981147, -0.6737094523542545, -1.0403250103439525, -0.12508214955813213, -0.5248334998832095, -0.4110154546215786, 0.3572342607172935, -0.822097910502572, -0.47812027490065995, -1.0257819316592238, -1.362757528696389, -0.7667875179483384, -1.1588677898088964, -1.6432166813110405, -1.287212785605111, -1.1806994314217791, -1.7197993165515446, -1.9795962225234862, -1.257268346924064, -1.9684954286606926, -2.1997410027664563, -1.796738025146188, -1.9579324860114546, -2.217205926568811, -2.1909238721720894, -2.043184219140914],