{"position_x_true": [0.013274098508309675, 0.06639432860041437, 0.18604752779972794, 0.3991224065585615, 0.728922707985181, 1.1951702455015716, 1.817806634977724, 2.617000634560527, 3.613193405856041, 4.82702240625868, 6.270911042851175, 7.948518289654097, 9.862014093525193, 12.011440722545114, 14.394457107801498, 17.005578427036006, 19.834986344857516, 22.867132636636335, 26.078377526330126, 29.437131959408752, 32.903917722599004, 36.430950558351554, 39.954927749020996, 43.42029939640714, 46.78557515738587, 49.99991008075376, 53.00471207851483, 55.73533050799554, 58.19040915528137, 60.382495011455994, 62.27790709199779, 63.89418133089815, 65.26863440800592, 66.44489697632008, 67.49727428560685, 68.50668491881322, 69.56810288522807, 70.7806188480823, 72.23717033631708, 74.0160451496059, 76.16774889227332, 78.70094126939605, 81.5732813638114, 84.69051376905244, 87.91148427734443, 91.062179731366, 93.96178669196394, 96.4557148608787, 98.45016814937891, 99.94155229998819, 101.03189436226596, 101.92489213333957, 102.89471526484, 104.22687031220448, 106.14435016936892, 108.72979021685155, 111.87448845177119, 115.28044844518757], "position_y_true": [299.9471276224622, 299.78462391451785, 299.5043574241201, 299.09759969947663, 298.55910941749335, 297.8860512647067, 297.07346914168545, 296.1135484196002, 294.9956811092729, 293.70662097184834, 292.2307809932598, 290.5517394051137, 288.65104699218807, 286.5077361509271, 284.09868988801406, 281.3984331532721, 278.3787891587868, 275.00886138749945, 271.25514753684826, 267.0838204851746, 262.4634640020264, 257.3664842344232, 251.88258559138245, 246.10374586463283, 240.0137398863226, 233.60579463778708, 226.8857335893928, 219.8761880038669, 212.65423813324335, 205.30603625130857, 197.8907499891693, 190.47533515875418, 183.13170119854374, 175.92233676934995, 168.89285657795162, 162.07749393059615, 155.4866100407392, 149.10111467551596, 142.86948453592763, 136.70671827233284, 130.49783638269705, 124.10853427980297, 117.40071971721304, 110.25369365357238, 102.58579289161283, 94.37349646143876, 85.66686188447339, 76.59242635962906, 67.34118645603618, 58.14245051180985, 49.21791570296228, 40.72883840937235, 32.72882855386095, 25.129836667292174, 17.698579283729583, 10.097792636604591, 1.9741038548063745, 0], "angular_position_true": [-0.0008274054272839123, -0.004145581815060952, -0.01160004900730982, -0.024862402699662695, -0.0448937295197229, -0.07179847339205939, -0.10566309497527107, -0.1464694677788278, -0.19418815157659036, -0.24891925669767384, -0.31065613894979716, -0.3795241588626076, -0.4557793131821079, -0.5397588946858676, -0.6319251484806039, -0.7328177440254195, -0.842944298260065, -0.9626700429095251, -1.092001109902665, -1.2308374723187938, -1.3793412506750156, -1.5379145953517486, -1.70663460553183, -1.88521493919307, -2.073568748238954, -2.2718046895360935, -2.4801532008069724, -2.698863234817132, -2.9277909212699758, -3.1667373080484826, -3.4159119582009754, -3.6754666524094737, -3.9455326078854345, -4.226137498655829, -4.5173521395085245, -4.819299231431665, -5.131852629624123, -5.455112037390861, -5.789627809140268, -6.135725746035543, -6.4933433304886, -6.8625115365206195, -7.243243250044781, -7.635663318671337, -8.040020635444638, -8.456398287168097, -8.884888961674799, -9.325751108539809, -9.779453860445589, -10.246114640358822, -10.72586937441471, -11.219171796707341, -11.726422088912095, -12.248052960747469, -12.784039228629723, -13.334165917493001, -13.898727598550524, -14.478044050450432], "angular_velocity_true": [], "altitude_sensor_readings": [300.2951513131402, 301.6915088592891, 295.14832361035207, 301.18193128584085, 295.46647610354756, 306.17704855095013, 295.5723605550928, 299.2237209058113, 290.89832439917984, 288.0188346924215, 291.82162429024015, 283.7402307438986, 289.41649292762264, 293.2851295419559, 285.9465073375777, 285.87791607119647, 274.5527957358217, 270.8271491067113, 274.10607583569515, 265.1887530385401, 269.9126313004179, 267.1172084732311, 246.50619791566973, 246.0531067297608, 238.16113620279899, 235.0342023496533, 231.27641359385038, 220.92073354276823, 210.17766327311978, 206.30679776102812, 198.77373670647225, 191.0228381957028, 182.80638164588478, 173.36968612779535, 165.85307434035167, 156.38101850722146, 156.75726516858188, 153.1417167718792, 149.43869843178462, 134.3575069891289, 132.97585700454655, 135.37589863786275, 117.10818127565216, 106.18203194189411, 108.46075484483397, 100.56544259586234, 85.65104414936187, 70.1090772684874, 64.06476295441628, 50.14893651295966, 51.84138509440097, 51.49967132136188, 33.455892526030006, 24.92208028956953, 19.989541194837734, 4.568969090695258, 7.105000275099422, -2.075470423334522], "speed_sensor_readings": [0.4417596067292514, -1.159427301128821, 5.175639104666461, 1.6415391312249001, 15.390343667621696, 1.9289488943232644, 9.060000424101965, 18.373908780654762, 15.229881277732627, 20.105171188059582, 24.727117631725125, 25.888011716441607, 29.105880049163584, 30.0765009578674, 33.922444047117224, 38.72759018616953, 40.72410159838396, 49.78962373952048, 52.56524405521733, 61.641303853219135, 64.2315047338922, 59.41140225634924, 64.359226793848, 68.94566538264078, 69.07159802402646, 73.3173147974904, 74.59143627940584, 81.54841928415686, 72.2252905767847, 78.1443251353192, 77.39422556289385, 72.11333153449826, 71.15522029838628, 69.59043778596208, 66.21850538171354, 59.40212469486079, 65.30009845007075, 64.94444267302714, 62.46021603390322, 63.96486858993425, 67.6061563033486, 73.25253249285976, 71.04676031779137, 78.29684612731029, 82.18084180242032, 91.55308712859592, 95.74927975892894, 88.61624704867947, 97.17136401836363, 91.19160229802105, 87.0505243440971, 85.3903545791647, 81.43550287345178, 76.75518185381094, 75.17298386853763, 86.5781953049653, 88.03886013008719, -1.1479598844254613], "angular_position_sensor_readings": [0.886368132175692, -0.3368520342124335, 0.6156673587766529, 0.023604526934959826, -0.13946925644917646, 0.021995427886797883, -0.16286748796401174, 0.476677686853158, -0.2971490789483454, -0.35086149922011717, 0.0868072401161738, -0.8810410569767746, -0.21501523566619862, -0.8304558075119094, -1.0942339136194035, -1.1325440766418169, -0.8777195458493656, -1.3391402800984635, -0.6001650816914319, -0.9024763087964354, -1.616108030744499, -1.223499235982087, -1.4026927481967564, -1.4085006080397318, -2.0088910466960486, -2.443163638370737, -2.225991186107565, -2.5674934561564666, -3.277640622861606, -2.8116143849483457, -3.518171866967965, -3.917477188229649, -4.244937686936687, -3.9467750613671657, -4.318339174850088, -4.659064243020393, -5.0476350932618255, -5.543423554828522, -4.987658072928228, -5.925990796759904, -6.36139099036632, -6.829919280151655, -6.880465432108926, -7.283773833946945, -7.590712345939496, -8.565499832711557, -9.155286388436942, -9.666296416713639, -9.975666757040212, -10.345133827108215, -10.224803638713336, -11.130880144091051, -11.492771641243056, -12.28094263687821, -13.034127666158543, -12.679814482941259, -13.720909533397107, -14.347426200466243],