{"position_x_true": [0.009800674537469233, 0.04904349797074535, 0.13744071987337275, 0.29481734446930374, 0.5333582863118485, 0.8576213796152887, 1.2723431793031024, 1.7821814025434, 2.3913932137378895, 3.1044313854390215, 3.926125411086053, 4.861354238554342, 5.915031733326847, 7.092185213862603, 8.397763448877303, 9.836611837216553, 11.41407854604623, 13.135730989416054, 15.006927468607028, 17.03301025027158, 19.219379053455505, 21.571583003511133, 24.09535179635934, 26.796543605239503, 29.680815703997894, 32.75387419681884, 36.02177517286168, 39.49056210587884, 43.16604185920813, 47.05368042571856, 51.158896526233356, 55.486893227707355, 60.04250739225226, 64.83041413424158, 69.85459859726079, 75.11824696748572, 80.62363172997212, 86.37229993978744, 92.36491613358336, 98.59973235483659, 105.0734729506075, 111.78147340897387, 118.71778848267543, 125.87443335879505, 133.2407909787376, 140.80463031933695, 148.5519547164617, 156.4655190476584, 164.5246236019873, 172.70458159035655, 180.9773966243027, 189.31292484515842, 197.67583559305137, 206.02555996335593, 214.31610161875827, 222.4966496770065, 230.51135449874113, 238.29847570397038, 245.79023219190526, 252.9156542314756, 259.60476734385645, 265.78916959143174], "position_y_true": [299.95092907063514, 299.8036747074518, 299.55807879692924, 299.2138612555666, 298.7708797433063, 298.22929774080814, 297.58935073552715, 296.85098657307236, 296.01400937840845, 295.0781839520987, 294.04322194734834, 292.908998497636, 291.6756610369811, 290.34345469695495, 288.9124869183895, 287.3824663249773, 285.7527185299133, 284.0222587708407, 282.19056110323334, 280.2570069161703, 278.2198605749188, 276.07658969605126, 273.82406590922864, 271.45880111015674, 268.97633002231873, 266.3720257795183, 263.6411230454786, 260.7778453177291, 257.7756509676104, 254.62723257709695, 251.3252296594344, 247.86158847236177, 244.226215841547, 240.40814080115393, 236.3950197798009, 232.17323717955713, 227.72832681451945, 223.04459381491498, 218.10532966419385, 212.891267805498, 207.3819266414872, 201.55628154195455, 195.3929709334801, 188.86979779836497, 181.9636091011474, 174.65169214999085, 166.91134874213688, 158.7194077946412, 150.0526079172358, 140.8878245672599, 131.20239411547215, 120.97482146580671, 110.18507445037304, 98.81557832902483, 86.85216861986714, 74.28449049811209, 61.10678006459038, 47.32003772702755, 32.93434392366246, 17.96809921746502, 2.453207365916205, 0], "angular_position_true": [-4.143750613315199e-06, -3.144638222947305e-05, -0.00012072308172949699, -0.00035617672383070494, -0.0008158875752792921, -0.0015364761817091115, -0.002555558999655661, -0.0039409757315645964, -0.00574696263702266, -0.007958106028390696, -0.010615441331530116, -0.013765344615131823, -0.01743601438760845, -0.021696188857266475, -0.02671298646310253, -0.03272460879484045, -0.03987960389897593, -0.04829142467035489, -0.05820183484416987, -0.06983291720747002, -0.08330814858260104, -0.09870321105966218, -0.11603578557912879, -0.1352662186375359, -0.1562665747507722, -0.179069140689951, -0.20382136806432247, -0.23055627764221232, -0.2592820747525201, -0.28999959495320676, -0.3229615543645853, -0.35848532786509724, -0.3965804855201635, -0.4373615592046412, -0.4808593262834104, -0.5270153528514797, -0.5758176968052822, -0.6272331180230263, -0.6813262309544306, -0.7378360216949186, -0.7964037148817638, -0.8569260078040275, -0.9195133588903505, -0.9841789541978601, -1.0508792115221033, -1.1197840525268166, -1.191135021008192, -1.2651670325638695, -1.342089160520315, -1.4219370258136548, -1.5048891261393165, -1.5914228340577723, -1.6818783784668576, -1.7765499088007826, -1.8756167538722957, -1.9793338323874203, -2.087961064344062, -2.2016590266337284, -2.3203345236014603, -2.44409178008701, -2.57327846217524, -2.7077969636922568], "angular_velocity_true": [], "altitude_sensor_readings": [294.6293107516553, 298.40030975607215, 306.12953028456036, 296.9186760413479, 294.11290322839307, 299.5067876404848, 304.44889552313646, 294.3402583389992, 288.6339827913049, 304.8167640526857, 297.78574617044944, 291.7041320816908, 295.8102849383282, 288.9698235506017, 283.4074224004986, 284.480527163129, 292.5112625185734, 293.7195737940217, 279.0061450241649, 275.32471372447486, 273.3679287657772, 279.3301409642946, 277.6586080479625, 275.4805835925422, 271.5239487458195, 267.0193088673836, 263.14241723921543, 258.66446148251305, 261.10590590975465, 254.28864523692587, 246.30048576981014, 252.70303936744332, 244.69822358308303, 232.1095006223274, 233.79659634657767, 237.6776529037414, 224.96418189706193, 220.22423452656238, 220.823288615911, 210.73248838729677, 204.19322832606633, 202.32080115295003, 198.08938695679086, 188.22531030863107, 182.89362010398608, 168.6533794218678, 168.35104723497687, 163.56866598191647, 151.043987054951, 141.64376759065647, 127.31702858963807, 118.16892472804167, 104.45369732975693, 97.15002697216785, 87.33099037646643, 73.94086901100026, 57.469898607929835, 45.458101195154, 29.895806392056716, 15.734248636045884, 6.778839248703695, -1.3066156737391834], "speed_sensor_readings": [4.055845970877875, 3.6542699244241157, -1.7728267849596038, 4.1437812250433534, 3.7993477325378806, 13.353465336614043, 10.471292762974574, 10.315339691724603, 15.70589299732177, 11.10343305719708, 19.509091698188772, 14.861409717040587, 14.943733366895536, 21.11198829306447, 16.648480200565338, 21.61508801151967, 25.51649013855907, 23.818266007342842, 28.229380037010277, 26.44733587819959, 29.34291392760577, 35.690432896379065, 32.95679809114999, 36.076249441732365, 41.89837511797905, 40.269679410614536, 46.15126562979865, 41.911204358163936, 49.03707941328109, 51.676686677594894, 55.53162208728494, 58.62432141664341, 57.806945272712106, 62.36029939007276, 65.99699077681538, 67.08160596591594, 73.84571388107021, 70.99921914042282, 78.80849927611338, 78.7214595230088, 86.4535965003155, 86.89799622615766, 96.3108593697769, 97.49336199203815, 107.19699809382817, 109.21047077564043, 106.88690442651546, 117.9305235086949, 123.07495902718442, 126.46114503627713, 128.1782789928563, 133.6167836661154, 135.50421346497546, 143.85861700554653, 145.5411514018157, 149.2559006618826, 147.23025573492788, 166.1583865106382, 168.96051245428583, 168.48526944476507, 175.7255130076392, 3.3397251109696535], "angular_position_sensor_readings": [0.35964310171759506, -0.38854175486486425, -0.11568413057445621, -0.20699091930307476, -0.3125031271614501, -0.2705193961335294, 0.04440553605226255, 0.6099488284347022, -0.08846310743383959, -0.19679940913657507, -0.2600966276632155, -0.8497238374991768, 0.16886241184654244, -0.09013080901713036, -0.0843409251885385, -0.17735351490275703, -0.38001682249598834, -0.3788172036269672, -0.6917931268270385, -0.12360302144410502, -0.4898338138706634, -0.02079929524213675, -0.1326734761138796, 0.1430324049019044, -0.5942381429129744, 0.5996964147423227, -0.5567892631602391, -0.011508794048603554, -0.4668021895839955, -0.5736486578800901, -0.35698669641102143, -0.325627423135588, -0.05529129310742281, -0.8294421223065793, -0.3370050870696629, -1.0221888836441986, -1.1435378715032223, -0.9781199738723951, -1.3817734144352452, -1.029226344339786, -1.0000433521344285, -0.9070721330367901, -0.11571997828240177, -1.7004556122659074, -0.8309137078386455, -1.3122787335176405, -0.4090278328790452, -1.438074970127725, -0.9534035746188034, -1.8166718263148651, -1.3578784639787174, -1.8869214935853504, -0.9915546130544881, -1.3878123281139383, -2.388589007225055, -2.2214318538333204, -1.9853532162272478, -1.9122619649675179, -3.0128850181449245, -2.306896310986854, -2.532074139658644, -2.8821031437112943],