{"position_x_true": [0.009361431501062624, 0.04683792905830031, 0.13128896138731633, 0.2817730426401635, 0.5176438227938163, 0.8586485006651603, 1.3250121659584735, 1.9375871810647927, 2.718018485579126, 3.6888834528936574, 4.865771923827355, 6.256918563215607, 7.870855876655246, 9.71647176793365, 11.803028849138851, 14.140146061586037, 16.737765866247255, 19.606164581494628, 22.756022988628704, 26.198270494259702, 29.944287475930487, 34.00594227342764, 38.39518414176682, 43.12464960784066, 48.20724847279081, 53.655693576215725, 59.482680772409715, 65.70065941295107, 72.2077460069062, 78.89798642038119, 85.77567542454028, 92.84429195127746, 100.10677565940705, 107.56542380451418, 115.22138049485791, 123.07525025883663, 131.1262763729588, 139.3723727450325, 147.82037042800587, 156.4656648320227, 165.29290717741756, 174.2943877221812, 183.46119633876543, 192.7849813585642, 202.26450750304755, 211.8872245738318, 221.63175134297302, 231.48333392320265, 241.4239161897698, 251.4328197297488, 261.4933705335611, 271.5773241204316, 281.64246561525425, 291.65142633933465, 301.5652867801008, 311.33823438830177, 320.9202590305969, 330.2605210152308, 339.30221770459707], "position_y_true": [299.9509541928493, 299.8038662498215, 299.55906194520503, 299.21705828480833, 298.7784978604459, 298.24423206899974, 297.6158574769139, 296.8950592861319, 296.08266053572345, 295.1787148115708, 294.18168858855256, 293.08901538254355, 291.8991249706935, 290.6101574760852, 289.21896315176656, 287.72169426532287, 286.1128573834883, 284.3859079025492, 282.5342191032925, 280.5494614769195, 278.4229394527726, 276.1459196228096, 273.7069248653071, 271.0947602716634, 268.2967011406966, 265.29644945797605, 262.0755297441125, 258.612659204439, 254.93571621730402, 251.07823613838917, 247.0293920347845, 242.777123343464, 238.30866948690158, 233.61068364259512, 228.66847918918555, 223.4671029148033, 217.99044572317882, 212.22143534779514, 206.14125990766172, 199.73148789582507, 192.9749016946205, 185.85216753457576, 178.34371508497549, 170.43087160221535, 162.08946036319915, 153.29952762270352, 144.04655602652429, 134.3109687079135, 124.07269644998429, 113.31184030972685, 102.00002672568641, 90.11794105750026, 77.65607872474445, 64.59821579059496, 50.930050678513766, 36.64064426811275, 21.722437528837723, 6.1708222205291445, 0], "angular_position_true": [-8.893412236572788e-07, -1.4050295494184771e-05, -0.00010856620014685347, -0.000394620557107057, -0.0010114983878732667, -0.0021493353908906025, -0.004168814382155685, -0.007476605063426156, -0.01234868802506088, -0.018980455047296115, -0.027320116840682196, -0.03718732915986873, -0.04870705927749043, -0.06205442890587565, -0.07726826381164237, -0.09439151148420749, -0.11329881436027418, -0.13383023323628407, -0.1559921331308171, -0.17965074110450238, -0.20480685544215088, -0.23167543696228052, -0.2601861618225403, -0.2905953698015103, -0.3231708085755296, -0.3578454396725118, -0.39452687883125553, -0.4330075819339128, -0.47287927602924407, -0.5138237918204763, -0.5559434848410272, -0.5992493914034691, -0.6437746281163577, -0.689592017795665, -0.7366651913117613, -0.7850706611921755, -0.834799502727073, -0.8857959755059897, -0.9365463866062211, -0.9869754872608567, -1.0385903429644092, -1.0912079493210118, -1.144717569510123, -1.1994277055167732, -1.2538316269002168, -1.3080668499669086, -1.364328034352342, -1.4229729074118678, -1.4842320011146541, -1.5483868631291409, -1.6137549592661373, -1.6804311804697558, -1.7498926284910996, -1.8218223277788894, -1.8962519756186984, -1.9727498269106423, -2.0508188848322457, -2.130371100431479, -2.210878430678444], "angular_velocity_true": [], "altitude_sensor_readings": [304.87255259328066, 301.7131494116511, 303.37432926417364, 295.96039036247976, 299.56095842672676, 303.1639144767143, 298.9614990521164, 299.39976424094215, 296.50689677242576, 298.7267610044849, 304.106712055763, 286.78962579625784, 290.6429692212018, 294.89109472193525, 292.50922358167935, 288.14939889901007, 287.07279365304134, 279.75968176457326, 279.9343250425686, 282.96914756194656, 277.12377159632854, 277.2661746509293, 275.30211887884525, 271.35756513951446, 270.1579563604179, 265.19061366860024, 255.71640845694657, 256.2987821650365, 248.81634597982784, 243.82673217877706, 242.70610251201015, 243.16710871719962, 241.07789301353293, 236.28583584697074, 225.56931685131548, 223.90860443758507, 215.4001466427853, 208.0579008147811, 204.04571760488, 199.91149523098298, 194.99807456605427, 185.12293116299173, 177.02650996288352, 172.74634493724858, 155.03987800739793, 156.8868972799292, 140.9046579011685, 129.655346483357, 128.93271908095673, 108.5732455169927, 109.02749112427539, 88.0732215800333, 70.13595793125941, 71.84888158888515, 51.78884288505051, 41.29177435707201, 20.452138794144236, 0.3355229810101603, 0.6321031623707698], "speed_sensor_readings": [-3.0672849593001708, -2.558830271301009, 2.8694050876274586, 6.507093719749342, 6.710616357096359, 2.2928228141796563, 15.417986985984864, 15.183117577440214, 11.74351730803517, 14.314784975117867, 15.553222450499328, 13.89221042200656, 17.14837341074546, 21.744366202865614, 24.62190166339831, 25.457776883746067, 30.368304044531587, 35.43007981867193, 45.048775012987484, 44.363848122361894, 48.972146338692646, 50.165721537139035, 52.624171537542274, 59.90263743243581, 59.06424217167878, 63.40659823904549, 67.11070367289658, 70.61466672830487, 74.06329012357273, 67.63556972343574, 78.36277494694467, 84.39442561366006, 82.84311427951393, 90.83607659827487, 90.49475058155616, 95.74103251446216, 105.03699501393174, 101.27726948900421, 107.5000761514888, 109.41650569272812, 116.17880611652485, 117.89789649339913, 122.62769016469481, 119.25776529581165, 124.89522211575432, 132.5818589794525, 135.67376241175145, 140.6178897702879, 142.4903734536069, 150.19013112733327, 156.8797752083789, 152.11071916180217, 161.20964496659775, 170.00152685859095, 175.19694750280723, 176.01043745516506, 178.70770932186863, 185.36154462654017, -0.9828236812579405], "angular_position_sensor_readings": [-0.37262056746694533, 0.1687672939539009, 0.0801273167337283, -0.711272577551419, 0.011782359542320757, -0.37560198811591305, 0.13750641293968452, -0.15466466960407158, 0.04172408985887985, -0.8951264425854769, 0.1424921038290055, -0.3936371171669684, -0.35483443297755934, 0.08816737750728157, -1.2890485805105052, 0.09062395463724554, -0.40053881435099975, 0.10609142130953741, 0.10387194336289163, 0.08045872564260384, 0.027499004682740108, -0.24648930718581796, -0.6137317896351617, -0.44739083376338384, -0.2871600534356325, -0.28375288052846187, 0.06807993691213626, -0.04766660306055687, -0.579278417616663, -0.9616465141343387, -0.43724603840562337, -0.21892408511791372, -1.109325108373247, -0.6787027716138171, -0.7520991576037526, -0.24734361216685063, -1.0815657957256462, -0.6862731084264466, -0.7215772169402308, -1.2945545579338744, -1.3798283397813185, -1.149446500596377, -0.9011293706647259, -1.4472811626664304, -1.5178269793344188, -0.49766574043185086, -2.2380818931359654, -1.4461237181687991, -0.6693801129923195, -1.055504041018107, -1.2996540900737485, -1.4479533617368356, -1.8695650944227207, -1.5874927263099443, -1.8494059328994565, -1.7255211902731789, -2.9191528898356154, -2.125887999885403, -1.845302738463265],