{"position_x_true": [0.00936142296431628, 0.04683706819893365, 0.13128836898308782, 0.2817792344945784, 0.5216403765388554, 0.8706634956205394, 1.349186753978421, 1.9781541529129663, 2.7793698625014662, 3.7754903105089945, 4.982201574169885, 6.407758596009007, 8.060785279416523, 9.950173966497804, 12.085119532654913, 14.475035695025117, 17.129580755085026, 20.058666593040943, 23.27250993275747, 26.78165958703082, 30.59682430531616, 34.7294961327474, 39.19158672405978, 43.9955958948575, 49.1548335800021, 54.68250073238451, 60.59129505264862, 66.78195908119898, 73.07002846490957, 79.39162934115967, 85.77160367415303, 92.23729814857897, 98.81560376093707, 105.53320422682914, 112.41748228720833, 119.49739404833313, 126.80251397110635, 134.3639711834704, 142.20060908097324, 150.32043787380044, 158.73160723506672, 167.44007116405882, 176.4491747567611, 185.76219746331998, 195.38378963257512, 205.31493010233072, 215.55237705832505, 226.08662273019425, 236.90845576509116, 248.0032611260834, 259.34687989165724, 270.90958131109517, 282.59578430680614, 294.30471228065204, 306.01364025449794, 317.72256822834385, 329.43149620218975, 341.14042417603565], "position_y_true": [299.9510011987699, 299.8041351665409, 299.5594132464246, 299.2167197515407, 298.77238077677225, 298.2267710183391, 297.5807835255632, 296.83533094321325, 295.98982799916956, 295.04295568562117, 293.9931631117105, 292.83952330370533, 291.57941254779803, 290.20894163651644, 288.7228906704149, 287.1144752909501, 285.3756887253708, 283.4982691903961, 281.4730951888413, 279.29090876227446, 276.9409104330649, 274.4134326392121, 271.6977950704427, 268.7830197213514, 265.6579076627734, 262.30837481059854, 258.7161064652058, 254.9103401741979, 250.9668116433295, 246.9093857779588, 242.7244248876537, 238.39486482684882, 233.90137712590115, 229.22238792311083, 224.33498967421968, 219.2155534029441, 213.83758069017478, 208.16009957195996, 202.15640249259414, 195.80569471103541, 189.08569684399296, 181.98168215732483, 174.4515634641356, 166.46265960092785, 157.99340946280742, 149.00559767079997, 139.45569854152888, 129.28191796778626, 118.43151447844664, 106.85844704213045, 94.49728409705321, 81.27702716048313, 67.3881585499819, 53.22988211551245, 38.97350568104301, 24.619029246573568, 10.166452812104128, 0], "angular_position_true": [-1.0859721790168081e-05, -7.111667051158419e-05, -0.00018358292579192633, -0.00032512356632463733, -0.001386524123258728, -0.0034619563158096115, -0.006825589994729318, -0.0117629542494549, -0.018369879742228423, -0.02664357456465405, -0.03669268641393122, -0.048764743898527085, -0.06296622341863589, -0.0791984776149706, -0.09735461295700182, -0.11707461450805434, -0.13803050585461632, -0.15990434553752292, -0.1824858061225254, -0.20558222040567753, -0.22900420912061037, -0.2527993614187013, -0.27713137114957054, -0.3021490559394605, -0.32833293720326484, -0.3557042332308734, -0.383966982975626, -0.41327159719600204, -0.4425896547800965, -0.47185890956590093, -0.5010559461986254, -0.5301131819989164, -0.5589064365210485, -0.5872883478106365, -0.6153145837143686, -0.643424670723775, -0.6720715347678697, -0.7030371557383174, -0.7364193133990082, -0.7726008859900148, -0.8119222447035219, -0.8529997429587513, -0.8974603044468252, -0.9453056144944039, -0.9953787166896213, -1.0481072739896828, -1.1036219420353794, -1.1644155611880294, -1.2309189516905548, -1.3009574264266124, -1.3748669262519375, -1.4533734432217118, -1.5346106009107578, -1.6161227535288378, -1.6976349061469178, -1.7791470587649978, -1.8606592113830778, -1.9421713640011578], "angular_velocity_true": [], "altitude_sensor_readings": [299.23271393795517, 301.3214785510199, 299.40485701157576, 300.8730667861233, 302.40074111287, 297.391808042573, 297.4870567159259, 295.33195361406365, 293.2872405446221, 297.2476186961021, 296.2949445897132, 288.46359445915186, 287.95142378867035, 293.5123260863466, 292.27862435952693, 282.92432098100306, 286.7657918356638, 282.87062377905477, 282.0157847706578, 279.94051710906314, 283.1864589821611, 271.8399932752141, 276.69325765582215, 264.14736407523344, 262.30082009673765, 258.08421599621425, 264.3684767895635, 253.83844672336775, 240.90574238099316, 247.15286818357714, 235.14685523602643, 240.5462341331933, 236.44105220639358, 232.06439930044303, 227.97496816575912, 211.9860642926513, 215.28843993476696, 212.4174039810754, 198.02513987513686, 200.9752523472616, 181.75697036757754, 180.6144874152055, 180.2575105603674, 168.21072329157184, 156.63453159038988, 151.83095336120908, 143.7832141282305, 128.60516295809177, 120.89735655595504, 100.0682615586939, 93.24311854186759, 80.31212790671121, 66.88771495640077, 50.90446674782814, 36.26135387450696, 16.34784311246726, 12.405292953239291, 1.5589624603454708], "speed_sensor_readings": [-0.32928540512655047, 2.681236785981064, 6.569445075486398, 2.609158270773573, 10.905418806854506, 3.4068600755780825, 3.3972154151089597, 10.672257109798053, 9.22184384462707, 16.07453434169376, 19.44553436721686, 18.065523178912695, 26.83995735251851, 23.192597205534693, 30.562518028250224, 31.991150033272877, 32.40306646019276, 33.67418136302526, 41.35110705394926, 41.22373442699913, 46.59646278838848, 46.09238780118447, 51.25454400474475, 57.16632371885305, 63.80564018529308, 64.75170142784287, 74.62405067814335, 69.46522669654689, 78.04605267049541, 74.30049840783097, 76.27307804237743, 75.5625482938712, 79.18222989633458, 77.82675134225397, 85.08528330443872, 88.04893660380614, 95.36788738177253, 97.80935723106292, 104.85329470306911, 106.74778549309119, 111.88967271913248, 110.9715893425393, 123.24070853270297, 123.69666883497808, 128.83750518767675, 132.42155187764143, 145.7843356427771, 150.78841016618705, 160.3674005991302, 163.00285027518106, 170.20500497650056, 174.28062312556676, 178.304811069131, 186.46785153734052, 186.93603950147553, 190.25047064324784, 187.71498474563666, 3.3365851636883663], "angular_position_sensor_readings": [0.21058699177640938, 0.09122847604064555, 1.1600549799951283, -0.5476208320813113, -0.6785242518594448, -0.0342438423530442, -0.061890146415421655, -0.17503449338425292, -0.4281193882769711, 0.2849975740524507, -0.5303908265273618, 0.2869696273444486, -0.7279409319051466, -0.5776615727969019, 0.5779181526767982, 0.33527698312017784, 0.705484578042432, -0.3117205491196695, -0.059348356306369865, -0.25490562874273215, -0.386487746005394, -0.5691807412166796, -0.5818350113673457, 0.16221066064842893, -0.7527172021974861, -0.5143589638027027, -1.1983168121050127, -1.1009871318821374, 0.6005464135683236, -0.619413692703145, -1.0601292081001734, -0.17908875744577873, -1.119449789301104, -0.1204672487818943, -1.1935274899428752, -0.9143133721294113, -0.5569670615420024, -0.19581312992688804, -1.3220724928658119, -0.794614896844077, -1.1842646657220937, -1.2149085465414773, -1.3006534052950336, -1.2266724532292579, -1.2005829794646121, -1.2873152969556743, -1.1069099141863992, -1.262481589838403, -2.110498879323337, -1.086559094992979, -1.044871646231087, -1.167492736463394, -1.4582776013098617, -1.5225721484171135, -2.5175234882367326, -1.8189288118775369, -1.8072615339694587, -2.467670749234524],