{"position_x_true": [0.006182781050254405, 0.035031567708008735, 0.09890548959308909, 0.21032013597474172, 0.38586344051351185, 0.6380336148681839, 0.9799746258585509, 1.4207464717893759, 1.9647921763002554, 2.6166141310517186, 3.380968190960048, 4.26268737789913, 5.266559036293889, 6.3972899299511194, 7.659432593272634, 9.057647574551734, 10.596865888506825, 12.28185742450611, 14.117386637153908, 16.108281617731482, 18.259300474436657, 20.57531053406604, 23.06116690097588, 25.72166821832504, 28.56168533238983, 31.586555809771433, 34.80165610433005, 38.21237008977225, 41.82428000355469, 45.64284433584616, 49.67392164863981, 53.92341017866783, 58.39698056440158, 63.10081912859505, 68.04182435473551, 73.22673464312672, 78.66274151264516, 84.35823857389678, 90.32190051520239, 96.56271144418456, 103.09025052615539, 109.91466476132271, 117.04649218396196, 124.49693625990032, 132.2783240951536, 140.40426460047956, 148.8883826176304, 157.74426434071358, 166.98592254551775, 176.6289935936978, 186.69111193758877, 197.19161017855512, 208.15086922400985, 219.5894705569781, 231.52982526133002, 243.99640038388705, 257.0154018751232, 270.61470183639324, 284.824068595911, 299.67470901280126, 315.1946816900388], "position_y_true": [299.94685292252007, 299.78737026460306, 299.5132027611216, 299.1159706909542, 298.5990698005396, 297.96908165442034, 297.2322181990328, 296.3905785258654, 295.4420851382499, 294.3843132294958, 293.21435106773293, 291.92935410302454, 290.5266646366838, 289.00320848593105, 287.355188429806, 285.578486972878, 283.6693869368596, 281.6243001903672, 279.43943508743257, 277.11067266867155, 274.6332769968419, 272.0020220657016, 269.2119808102146, 266.2582249226301, 263.13555559203814, 259.83896144791237, 256.36315758982136, 252.70266234998837, 248.85214447610892, 244.806009504286, 240.55877396216042, 236.1046586754734, 231.43712290842967, 226.5496647743127, 221.43633471296837, 216.09049560082462, 210.50591105655792, 204.67778986112788, 198.60103132483778, 192.27061877687188, 185.68169276822593, 178.82917302083644, 171.7082778432177, 164.31473163866377, 156.6451890179799, 148.69794128677216, 140.4697945263078, 131.95601310167513, 123.15133458677131, 114.05233048356476, 104.65822153246079, 94.97015946790788, 84.98994280383963, 74.71742612914845, 64.15333390083858, 53.30005826715754, 42.16219125305201, 30.746636985049445, 19.062160404665715, 7.1165178848499, 0], "angular_position_true": [-0.0008421316485157815, -0.003361972133197189, -0.009240691045748522, -0.020150979627028016, -0.03522590715177834, -0.05282375737952639, -0.07131155092034651, -0.08979189251301228, -0.10820781424001039, -0.12657626949959366, -0.14486189486175816, -0.16303091331039898, -0.18107724669059125, -0.1989934444593104, -0.2167448090773479, -0.23430020885284988, -0.2516474506607356, -0.2687192445748616, -0.2855909032562768, -0.3023380661259394, -0.31891887930335827, -0.33524710336647096, -0.3512070372783129, -0.3666463347212191, -0.38147017228595836, -0.3956570375489181, -0.40908844033289415, -0.42163961644625797, -0.43333457213651305, -0.44419303648418407, -0.4542594632634042, -0.46356439308217234, -0.47189604185445133, -0.47908029930680635, -0.4850783929962695, -0.4896247810436842, -0.49256014281116695, -0.494047067482167, -0.49416155760077796, -0.49300417830762033, -0.4906642943307654, -0.48701253563538616, -0.48193003634441517, -0.4754413829423747, -0.4677466365135085, -0.4592662262538063, -0.4500763335356256, -0.4398759749104937, -0.4281059249169837, -0.41448280405557636, -0.3991384787715763, -0.38245834276025176, -0.3649148763257733, -0.34639954965184233, -0.3267597424583588, -0.30596936561653826, -0.2841012335771261, -0.2614555508928052, -0.2385327526352567, -0.21557169536798315, -0.192465960551218], "angular_velocity_true": [], "altitude_sensor_readings": [304.6537741010263, 305.58147353060366, 298.2400348230967, 298.4893677338504, 304.61255699689707, 299.67546013003926, 305.9631591562008, 293.1289135352337, 298.32159003178583, 291.63086596814946, 296.7658884410435, 298.0886052992014, 294.26564603884907, 288.514710144384, 289.0245981292909, 289.38806094418266, 283.195644140574, 285.2748142345847, 277.10215474500234, 277.720440856792, 280.48674996522095, 265.536072843523, 267.38810936018433, 261.9738179769762, 261.96287722066705, 254.0507814169763, 253.2085583840284, 255.33855895372625, 249.43326369485445, 245.36154250181954, 241.84442843318269, 239.1443238556478, 236.9907832476816, 225.59818151288374, 224.96439474908337, 217.59781549990106, 206.48078878707642, 202.80236264514525, 197.65293296366926, 197.91004865905782, 184.71154884019128, 175.7260603202911, 171.54822120783848, 169.48244034395498, 160.59250551184996, 145.09771817674297, 137.34150274239389, 137.053560526605, 118.40431687433924, 113.99224946170246, 103.9822468864218, 93.56606650799681, 83.94923404794308, 82.40755353700109, 57.73496544564232, 50.518206382074254, 45.55834493939838, 33.21817087168015, 22.635392313208023, 10.519105089843855, 4.801776778993154], "speed_sensor_readings": [3.658211494969411, 2.373832259550726, 4.557411689017161, 3.7096795215312275, 4.157854834061061, 7.491745425576581, 12.72657391579003, 15.107797159432735, 10.612526785570056, 17.855808058821484, 12.05540465958952, 15.669567736318585, 15.899467074458283, 15.48623248383556, 21.93839446878271, 25.665058510573452, 19.71169429778317, 27.585852914029484, 31.188123522515376, 32.95209098419382, 35.51125973803395, 36.1807207222225, 41.10499083727935, 40.55445770669109, 38.719385976416746, 43.891557586493946, 44.034143455618185, 49.581988760603444, 57.05123595507676, 58.82383480439571, 56.441148442058946, 64.07139067378189, 61.4872434916794, 74.2869960177448, 74.31972145835685, 76.83423114783038, 81.28739010889109, 79.24877183543988, 85.15184705310539, 91.01484330310156, 96.31437129307731, 98.68923179572734, 96.69118329119897, 104.8898374379842, 107.5983022153107, 111.89681776430854, 123.3420861711709, 124.30551852068729, 133.05950434056382, 136.06340428008247, 139.1937931956146, 144.12453918854186, 152.5958608100122, 159.14192335639714, 164.4985341912607, 169.51293267453548, 175.22911635260053, 177.663443188955, 188.45780940191707, 195.38607758274935, 4.124997445370682], "angular_position_sensor_readings": [0.22882470538730396, 0.12970027148089067, -0.5416254746206285, 0.033004995469864185, -0.6486663929741452, -0.22769070269565075, 0.44706451504595496, -0.5056030818672785, -0.11772337140272536, -0.040411833923290175, -0.5097333297208948, -0.1679637961829647, -0.577231997207676, -0.1856603417067474, -0.9914101740781105, -0.10499320357202263, -1.1109647236518194, -0.4385448762006795, -0.01319666673585912, -0.1517603450442299, 0.17388867907715194, -1.1146588199232597, -0.3140189399356741, -0.10221834132243135, -0.21827084444621322, 0.09603848235345236, -0.055158981206080204, -0.15050737856062762, -0.4703603415487166, -0.7295639745636942, -0.4523209574734002, 0.2134582576376559, -0.6955216724267625, -0.8964267077027503, -0.5284126522610734, -0.2589662753937771, -1.311436814419084, -1.2974424674881742, -0.6938569749277992, -0.31028885137514883, -0.3689584236492245, -0.7906373082895775, -1.0283709285297504, 0.13746640126004517, -0.37094144337950224, -0.811742179929431, -0.35706078930768503, 0.23190287485370975, 0.1992165459782595, -0.427313464856976, -0.289882827000853, -0.7485150275343144, 0.31625603635915106, -0.4920863714412579, -0.06980062369841261, -0.38057967365921425, -0.20982626300333548, -0.4462873230707385, 1.070856018304865, -0.4655898096261643, -0.10118781420413338],