{"position_x_true": [0.01327326122192126, 0.0663975597077438, 0.18604615473204603, 0.3991020300792917, 0.7288252250303158, 1.1949694657774483, 1.817580284898585, 2.61698325544484, 3.613728053470176, 4.828550272645757, 6.273965238531366, 7.953391759408106, 9.868244127526022, 12.017433973545149, 14.397665941118811, 17.002926683577726, 19.82172768237543, 22.835694713053456, 25.965149077477914, 29.138055487471327, 32.337119430466075, 35.53675828114928, 38.71271725314945, 41.83695445395165, 44.879020021823536, 47.807436674670704, 50.59047738583682, 53.19852673850071, 55.67875292091833, 58.086444510400625, 60.40816788979392, 62.6557693099201, 64.8420923309969, 66.95907109148477, 69.00743814110433, 70.99251484066518, 72.92353992186321, 74.8038815409462, 76.64090643007151, 78.4584598843632, 80.25971051758886, 82.04927477405003, 83.85869576172752, 85.68860224408661, 87.53878512085096, 89.44045145966982, 91.4000957648074, 93.42330127917872, 95.53765202932219, 97.76755213267758, 100.0889451568923, 102.47658018827269, 104.94922703444011, 107.5109445081194, 110.16427048841499, 112.9215579014903, 115.7861379943153, 118.76025744370935, 121.85155252265729, 125.06342325870746], "position_y_true": [299.94713540433156, 299.78455708657964, 299.5041343739809, 299.0970951713561, 298.55741350315895, 297.8823527827218, 297.06775448592697, 296.10706178501346, 294.990415054589, 293.7050405985707, 292.23618190224516, 290.566732205338, 288.6761855599488, 286.5409648667005, 284.1364714217653, 281.43673855298846, 278.41223820483003, 275.03057932124716, 271.3419264147928, 267.39878585092777, 263.1915554402988, 258.7211984317405, 253.98265593840677, 248.9750678139445, 243.70276844380405, 238.1765369621745, 232.41463507982652, 226.4427288769647, 220.32608065494034, 214.11446379332213, 207.80950583844336, 201.39194178361942, 194.85401321376793, 188.22517018115036, 181.5116222944642, 174.7188977258903, 167.87773095618633, 160.99154391560185, 154.06126462379007, 147.11047935270818, 140.13671950730821, 133.13407233559352, 126.11195081885414, 119.06673216440272, 111.99169105268834, 104.88266211956564, 97.74013042461644, 90.56131568360996, 83.32980989378224, 76.0246880743758, 68.64994769970657, 61.210546979437524, 53.684163687086674, 46.07051115726191, 38.368036592941706, 30.550390881381503, 22.616916921134116, 14.566734044066585, 6.372404583168704, 0], "angular_position_true": [-0.000829409650791705, -0.0041306023773247415, -0.011555055133553621, -0.024766545811430916, -0.04457000963555693, -0.07107607961870056, -0.10449973805758793, -0.1450611854220233, -0.1928751287057615, -0.24817056177867663, -0.31119395629132207, -0.382039095534521, -0.4606315851594486, -0.5468173291460411, -0.6407884100311658, -0.7429788402360047, -0.853536862344163, -0.9723832216436579, -1.0998058440596128, -1.2361937335301452, -1.3817751249798529, -1.5366376042328014, -1.700784314479151, -1.8741131303121437, -2.0565264553503093, -2.248002981958605, -2.44851863112646, -2.658079460439605, -2.8756233783564307, -3.0989280087960656, -3.325676762192946, -3.548989851897699, -3.764261832501277, -3.973772371718402, -4.176342732307, -4.370805975162139, -4.559500008342669, -4.741210885053596, -4.914747774463607, -5.082495149569519, -5.243184382633907, -5.3955755462750385, -5.542134212593815, -5.681646566939517, -5.8128520039228935, -5.938196991755059, -6.0564527407026745, -6.166408140785528, -6.270535252658851, -6.371315195950918, -6.466193596050346, -6.552598172599879, -6.633026929096184, -6.706173225319154, -6.7707323755662605, -6.829160976800184, -6.880062416357659, -6.922064669025449, -6.95764800598496, -6.985366424673606], "angular_velocity_true": [], "altitude_sensor_readings": [296.5803839292057, 297.06037096186515, 300.23165758454803, 299.7942302055427, 296.04326495294015, 296.8410982579623, 297.724556264949, 296.0634267971635, 303.676079189755, 293.1926882439658, 296.22408457484534, 295.0851847834657, 293.36243371414207, 285.2046695740713, 282.6536711604556, 283.48320198308124, 283.9820812003609, 265.7910028452195, 271.443562966463, 263.9760334322263, 258.7657986653636, 260.44290843837, 263.7162170680396, 253.11654136648522, 241.39681838453157, 231.30555382037485, 231.0966717446478, 227.71272731160235, 221.64385374743495, 212.22861714275444, 208.3076316491255, 201.4275349176765, 195.91049595713392, 182.87142224065354, 185.86479587531952, 180.28505485135315, 167.200684314935, 159.21427543321238, 158.90637502258798, 144.61428432336714, 140.23238236019026, 129.80857737748175, 125.38516461469786, 113.37530672703498, 110.83239486056634, 98.34197693763758, 94.1289161999395, 83.33188041230953, 82.39911161664628, 81.80783987909544, 70.82493347079637, 58.89503223750972, 46.524461761334166, 42.11234508832829, 41.650253101819914, 25.372959820660064, 23.914457932065954, 18.36694074441063, 7.797778992036608, 1.3090749183881276], "speed_sensor_readings": [1.1080147051866898, 4.180295289311639, 6.85584937351093, 7.913061593810861, 7.9470656271880875, 11.330657127834883, 9.631871959331729, 12.120181467260908, 13.246348209427776, 14.36239849449392, 24.39483348794714, 29.79965688522782, 35.113889281176895, 31.845530016672623, 35.07705065515776, 37.98035840776811, 49.11992791837205, 44.52706426857464, 49.91817380993557, 51.27781075361552, 56.71620407886153, 52.335159474291984, 56.91685618484303, 57.880652879504915, 68.73404730285344, 63.25418336429665, 68.24209070222182, 63.11348990622042, 72.63957988962814, 67.42712654260882, 70.5465214501377, 67.597092188969, 71.77795800399171, 71.55875370802677, 76.87549937127164, 70.02535872281463, 69.21931814730273, 75.44866822644123, 72.96317647226203, 82.1530364375669, 69.62825965146439, 71.36150989174739, 74.91342750036732, 76.43321969710432, 73.48317511689005, 77.7952646066716, 74.2934002525258, 77.35851917130944, 78.27780974287636, 77.7817032146649, 80.53929018816861, 82.29650089470289, 78.99879862293837, 81.3453223194732, 80.32954356118285, 81.22348044243536, 90.01629550175217, 91.61553638100116, 84.820987594504, 0.42248005410491507], "angular_position_sensor_readings": [-0.4647898973999492, -0.34337441610044855, -0.46959201936402495, 0.9275468360366068, 0.010247100152516925, -0.19112042004945412, 0.154667521030537, -0.26512901705522934, -0.3794333419494007, -0.6515653771735745, -0.9130822924495127, -0.293302036268688, -0.5602039370462695, -0.5535887751836523, -0.5385844457263854, -0.4078382771938504, -1.1443907125921524, -1.34505933408388, -0.6447890348488918, -0.8729296967240501, -1.3251832158098444, -1.2001442958591912, -1.4339142074747393, -2.072848462268542, -1.8951867493884085, -1.7679923595925722, -2.5380612051115783, -2.851492226856694, -2.7609993940626825, -3.4793585869379373, -4.212549049108304, -3.423742310106624, -3.4875644945532356, -3.8812725782228834, -5.062635864416425, -3.956313144704562, -4.945902427500898, -4.627070913807247, -4.271877752495226, -6.331998375271478, -5.193735049333168, -5.977331415926707, -5.914109665732586, -6.1589175594463486, -5.961935005939388, -5.37559237577691, -6.717708650590803, -6.68317229431384, -6.455694705432307, -6.559337951675281, -6.712284045978905, -6.462048816877233, -6.385509632169868, -7.235858002081963, -6.955428988421996, -6.935248461528963, -7.188942566213566, -6.991608407157134, -7.062696904829915, -7.482269853131166],