{"position_x_true": [0.0, 0.0, 0.0, 0.0, 0.0, 0.0, 0.0, 0.0, 0.0, 0.0, 0.0, 0.0, 0.0, 0.0, 0.0, 0.0, 0.0, 0.0, 0.0, 0.0, 0.0, 0.0, 0.0, 0.0, 0.0, 0.0, 0.0, 0.0, 0.0, 0.0, 0.0, 0.0, 0.0, 0.0, 0.0, 0.0, 0.0, 0.0, 0.0, 0.0, 0.0, 0.0, 0.0, 0.0, 0.0, 0.0, 0.0, 0.0, 0.0, 0.0, 0.0, 0.0, 0.0, 0.0, 0.0, 0.0, 0.0, 0.0, 0.0, 0.0, 0.0, 0.0, 0.0, 0.0, 0.0, 0.0, 0.0, 0.0, 0.0, 0.0, 0.0, 0.004091427635948023, 0.02455454829187325, 0.07784430454897007, 0.1805824535968947, 0.3289354332147313, 0.51079686729754, 0.7261745539521155, 0.9749031562353139], "position_y_true": [299.95095, 299.80379999999997, 299.55854999999997, 299.2152, 298.77375, 298.2342, 297.59655, 296.8608, 296.02695, 295.095, 294.06495, 292.9368, 291.71055, 290.38620000000003, 288.96375, 287.4432, 285.82455, 284.1078, 282.29295, 280.38, 278.36895, 276.2598, 274.05255, 271.7472, 269.34375, 266.8422, 264.24255, 261.5448, 258.74895, 255.855, 252.86294999999998, 249.7728, 246.58454999999998, 243.29819999999998, 239.91374999999996, 236.43119999999996, 232.85054999999997, 229.17179999999996, 225.39494999999997, 221.51999999999995, 217.54694999999995, 213.47579999999994, 209.30654999999993, 205.03919999999994, 200.67374999999993, 196.21019999999993, 191.64854999999991, 186.9887999999999, 182.2309499999999, 177.3749999999999, 172.4209499999999, 167.36879999999988, 162.21854999999988, 156.97019999999986, 151.62374999999986, 146.17919999999987, 140.63654999999986, 134.99579999999986, 129.25694999999985, 123.41999999999985, 117.48494999999984, 111.45179999999984, 105.32054999999983, 99.09119999999982, 92.7637499999998, 86.3381999999998, 79.8145499999998, 73.19279999999979, 66.47294999999978, 59.654999999999774, 52.73894999999977, 45.72889899490496, 38.628971949532996, 31.43917530554406, 24.159451769659643, 16.769377267882767, 9.24858090986337, 1.5969314986399619, 0], "angular_position_true": [0.0, 0.0, 0.0, 0.0, 0.0, 0.0, 0.0, 0.0, 0.0, 0.0, 0.0, 0.0, 0.0, 0.0, 0.0, 0.0, 0.0, 0.0, 0.0, 0.0, 0.0, 0.0, 0.0, 0.0, 0.0, 0.0, 0.0, 0.0, 0.0, 0.0, 0.0, 0.0, 0.0, 0.0, 0.0, 0.0, 0.0, 0.0, 0.0, 0.0, 0.0, 0.0, 0.0, 0.0, 0.0, 0.0, 0.0, 0.0, 0.0, 0.0, 0.0, 0.0, 0.0, 0.0, 0.0, 0.0, 0.0, 0.0, 0.0, 0.0, 0.0, 0.0, 0.0, 0.0, 0.0, 0.0, 0.0, 0.0, 0.0, 0.0, 0.0, 0.0008416788386776524, 0.00336986987275725, 0.007571456094611824, 0.013391425538187802, 0.01660831253093844, 0.013032311987247424, 0.002639532085262318, -0.014583471100298902], "angular_velocity_true": [], "altitude_sensor_readings": [298.6253960504841, 299.10478757612395, 299.6810348788622, 296.9789549046581, 308.06243691800836, 307.4950529656602, 304.00975126319963, 297.64628562913975, 295.4893898435339, 294.14984056762717, 292.99773146167144, 292.58537360553044, 292.1217450091902, 289.8775901280687, 298.4287787861111, 285.93268491519245, 278.4678731169544, 292.7383631934729, 279.39581536240433, 277.8868409951499, 283.0137165349005, 278.730115419008, 275.5785279029142, 271.54788770465717, 266.4797813261821, 270.3231119599081, 266.2170716320948, 256.73603504641807, 256.83855190881013, 260.1500441224845, 258.5449821733216, 244.74076094226788, 243.98046973746122, 244.04328163469987, 237.93873589879013, 239.02289933443424, 229.15856953712262, 228.69211218043145, 223.29805106310718, 219.67881016583743, 218.53176148779102, 215.48748234025206, 210.07363712889696, 201.7263281567325, 196.20704573351216, 199.71692263679014, 186.88134371862998, 182.32037938925373, 182.63626706222558, 168.6967623508682, 173.24126184561734, 164.61770799096428, 158.12904716085276, 157.81733754972572, 150.3997962165944, 138.65663171662263, 143.73408422895565, 138.2277035784231, 128.9442876597414, 122.45594564934999, 118.65050773618772, 102.45506949183644, 99.69269171564225, 101.68734284410137, 90.42254042688076, 89.17613346312001, 82.99622751836984, 70.58450515685877, 69.15163951598011, 55.77901996139319, 54.66643835213702, 47.08324413605438, 38.37951797982567, 30.271107516182795, 25.80840191193238, 14.919698057809534, 6.793925186813291, 1.1917114419064618, -4.9599290998606085], "speed_sensor_readings": [4.196548248329266, 5.882606780583213, 0.2258172673215877, 5.048861922994743, 5.806365521152825, 6.080110238700546, 8.045028312904218, 12.361341195908235, 10.425147369481653, 7.493979396849511, 9.041248940702342, 11.99350463557901, 8.964702269062728, 13.765552513863817, 15.46953632759659, 18.96082006230874, 14.039982333741595, 16.356691577334242, 17.433940287555718, 14.55709666779875, 18.941798660259224, 19.15502410202631, 25.09719959377063, 21.96018359204187, 26.671763562724802, 23.158556724471396, 27.45884742022531, 28.934475555995544, 28.05833541744648, 29.88384646245568, 28.578888793758622, 23.374150825643778, 32.52448448430859, 35.5721530047381, 36.71576204556499, 36.64710635483334, 35.0427701559019, 38.89487457007171, 36.77486700015492, 39.11498924900068, 43.478200004995074, 34.80484684491317, 44.96628480166764, 45.65313303087254, 45.51871248747317, 52.64769248238916, 53.09828111721888, 41.224513757221686, 46.54025738087723, 51.01283617173695, 49.04584833624441, 47.94633672308749, 52.2778403273409, 52.95659009577259, 52.295028216803814, 52.335344122427045, 53.5712310496522, 54.92987446581382, 56.43722264528799, 55.78741835165071, 57.066213213580696, 64.5606398908923, 58.41674972781984, 64.46932797873893, 64.26837272845586, 60.447201109609, 70.20301407270816, 65.83930781733928, 60.82326742759647, 64.50609811449958, 73.4326704371234, 71.947988693949, 67.04695339541036, 69.26125231247241, 75.77369391720896, 73.90716134410053, 70.53963877283657, 73.99526613046734, 0.95170484289814], "angular_position_sensor_readings": [-0.024307636269792668, -0.332213245924446, -0.36380582946776674, 0.07071950426011361, -0.3537478855725223, -0.5483521266563199, -0.5140332260925299, -0.008878481091131398, 0.30087440417323136, -0.7768372362829097, 0.18032337901649342, -0.09164373379230212, 0.18479977284998964, 0.7778335626443627, 0.334773195064958, -0.3399155608671053, -0.3045311430979545, -0.10530058829809806, -0.20342676383018554, -0.42991650985763885, 0.4351728601948779, -0.10652518323637833, 0.3780199337181801, -0.17912288478356755, 0.26380137571470186, 0.013839174114828582, -0.8856167418274385, -0.3967021497042317, -0.5749972723057218, -0.5441898266227152, 0.5107704117549825, 0.3414285219943641, -0.3584783267093514, 0.48685905384388795, -0.11032264641920897, 0.30598117195354896, -0.05852054523481825, 0.25464432126378717, -0.11904461386635042, -0.017913965670292683, 0.4256966950386108, 0.4656211415635594, -0.5575506142967278, -0.033160245847082846, -0.09160974239144304, -0.41458956865491237, -0.19143977555168898, 0.46214824826551254, 0.36659012499383786, -0.21989823745745865, 0.691869642576117, 0.3975783869502015, -0.16496280267336358, -0.29268835631155005, 0.8293105251798747, -0.1322210806258298, 0.219121829552038, 0.5386946103006279, 0.10473277513758104, 0.48117579449541037, 0.25352032829939747, -0.07093916855887378, -0.46159070040854133, -0.41176806190722914, -0.4594306728171275, 0.045957328830745395, -0.8970855288071791, -0.1742595212485515, -0.23374720949226524, 0.3798492483111354, -0.34120298783948466, -0.010393269267101381, 0.1460811530547848, -0.7190118331526327, 0.1161438577030523, -0.43173320047097385, 0.09914323897345612, -0.3274197897901686, 0.16752442133589882],