{"position_x_true": [0.0, 0.0, 0.0, 0.0, 0.0, 0.0, 0.0, 0.0, 0.0, 0.0, 0.0, 0.0, 0.0, 0.0, 0.0, 0.0, 0.0, 0.0, 0.0, 0.0, 0.0, 0.0, 0.0, 0.0, 0.0, 0.0, 0.0, 0.0, 0.0, 0.0, 0.0, 0.0, 0.0, 0.0, 0.0, 0.0, 0.0, 0.0, 0.0, 0.0, 0.0, 0.0, 0.0, 0.0, 0.0, 0.0, 0.0, 0.0, 0.0, 0.0, 0.0, 0.0, 0.0, 0.0, 0.0, 0.0, 0.0, 0.0, 0.0, 0.0, 0.0, 0.0, 0.0, 0.0, 0.0, 0.0, 0.0, 0.0, 0.0, 0.0, 0.0, 0.0, 0.0, 0.0, 0.0, 0.0, 0.0, 0.0, 0.0], "position_y_true": [299.95095, 299.80379999999997, 299.55854999999997, 299.2152, 298.77375, 298.2342, 297.59655, 296.8608, 296.02695, 295.095, 294.06495, 292.9368, 291.71055, 290.38620000000003, 288.96375, 287.4432, 285.82455, 284.1078, 282.29295, 280.38, 278.36895, 276.2598, 274.05255, 271.7472, 269.34375, 266.8422, 264.24255, 261.5448, 258.74895, 255.855, 252.86294999999998, 249.7728, 246.58454999999998, 243.29819999999998, 239.91374999999996, 236.43119999999996, 232.85054999999997, 229.17179999999996, 225.39494999999997, 221.51999999999995, 217.54694999999995, 213.47579999999994, 209.30654999999993, 205.03919999999994, 200.67374999999993, 196.21019999999993, 191.64854999999991, 186.9887999999999, 182.2309499999999, 177.3749999999999, 172.4209499999999, 167.36879999999988, 162.21854999999988, 156.97019999999986, 151.62374999999986, 146.17919999999987, 140.63654999999986, 134.99579999999986, 129.25694999999985, 123.41999999999985, 117.48494999999984, 111.45179999999984, 105.32054999999983, 99.09119999999982, 92.7637499999998, 86.3381999999998, 79.8145499999998, 73.19279999999979, 66.47294999999978, 59.654999999999774, 52.73894999999977, 45.72479999999976, 38.61254999999976, 31.402199999999752, 24.093749999999748, 16.687199999999745, 9.182549999999742, 1.5797999999997385, 0], "angular_position_true": [0.0, 0.0, 0.0, 0.0, 0.0, 0.0, 0.0, 0.0, 0.0, 0.0, 0.0, 0.0, 0.0, 0.0, 0.0, 0.0, 0.0, 0.0, 0.0, 0.0, 0.0, 0.0, 0.0, 0.0, 0.0, 0.0, 0.0, 0.0, 0.0, 0.0, 0.0, 0.0, 0.0, 0.0, 0.0, 0.0, 0.0, 0.0, 0.0, 0.0, 0.0, 0.0, 0.0, 0.0, 0.0, 0.0, 0.0, 0.0, 0.0, 0.0, 0.0, 0.0, 0.0, 0.0, 0.0, 0.0, 0.0, 0.0, 0.0, 0.0, 0.0, 0.0, 0.0, 0.0, 0.0, 0.0, 0.0, 0.0, 0.0, 0.0, 0.0, 0.0, 0.0, 0.0, 0.0, 0.0, 0.0, 0.0, 0.0], "angular_velocity_true": [], "altitude_sensor_readings": [305.58897331383116, 303.6697959702273, 296.07825283738487, 301.3541335080511, 306.35408404610416, 297.61371736775874, 297.6903333878463, 290.66658852624994, 296.31000709665517, 289.0623256897958, 284.9607756434786, 284.25426585255184, 286.7063952117364, 286.16266527163265, 283.9610418605651, 291.9506648653703, 296.7104867686431, 289.7144437828022, 282.96888018772535, 283.33907032314806, 284.3509859668172, 268.9523168055085, 272.7675135500541, 277.6086362640674, 263.6810395306157, 265.89800233870636, 263.39698761084344, 265.4618334622403, 255.44491889683619, 256.7936752540804, 247.63343524751028, 248.32118575043637, 247.51481839826556, 245.26995128498737, 244.56488681612691, 236.40837042572386, 234.0823031820409, 228.68615348486242, 224.80123495412, 223.5647693457109, 219.1763266236642, 213.32477190402767, 206.88399285362584, 212.7035206914527, 196.06832770125914, 201.168467577048, 194.6149889792606, 186.002497943317, 186.28439099251437, 175.86600230448718, 175.44124797223643, 170.4047445686117, 160.19041860089112, 158.2114186794343, 152.7889103215505, 153.96978385072822, 132.36982531139552, 137.33742721465302, 128.03152956135864, 117.5014734808376, 114.42529166193675, 111.94467226353878, 104.49384205650841, 104.53145369206398, 84.74312220932056, 89.2169537085101, 76.60023286658432, 68.61886984037505, 71.52218243762594, 57.554779968649676, 58.06803795630052, 43.933152091234454, 41.5323815051774, 33.87120869619432, 21.31129960022916, 12.970256481879698, 13.650582021308676, -3.0394097333315084, 3.485891566174201], "speed_sensor_readings": [2.549687854940537, -1.1077792744108073, 5.747092401086931, 2.6572626644227517, 6.655654306565472, 0.8321522445265144, 10.02957194908101, 5.885056927168794, 9.71367463346994, 9.967699329814993, 9.202711579823465, 14.911380758462181, 11.62965289176004, 12.879394687802534, 16.31021348909005, 21.17858095299183, 18.40712779784594, 18.572014247842198, 15.06075837600782, 21.194600497003, 19.650813824700652, 19.796635569121293, 23.372328013221694, 22.989743092408517, 24.803063137780235, 24.127479387521277, 23.011793856908188, 29.43027895536189, 29.700714718492712, 30.265221747641704, 31.54511574783328, 31.938187001672937, 34.93812827781298, 36.162658961968496, 29.561892960595443, 34.43642444742539, 34.896419146008796, 36.34450364411338, 39.411513617281756, 37.19043250914829, 40.842636603994684, 40.03553706785813, 39.6517415072193, 44.38969412891926, 46.7303270749003, 44.35937778910822, 43.326309957116266, 45.48059276876001, 48.89938879504361, 49.206440480918566, 50.40102144690877, 51.66225741575446, 53.61416324517711, 50.740101852872435, 55.569655108880966, 55.62040897441324, 55.26509517007722, 53.94796261233729, 60.101447663172465, 62.2930047916514, 58.6721398919364, 63.2281122931657, 59.179690904187325, 60.04854704727721, 71.11396148313119, 69.16673514666502, 66.58923112723954, 64.77531459843934, 63.90287396607225, 70.3456958645344, 65.29254352354408, 75.80516162281059, 76.0960494836051, 71.97124732467675, 75.3883135731058, 76.174935599691, 77.09645669841426, 79.35031376262042, -2.614270563685693], "angular_position_sensor_readings": [-0.2379448627842732, 0.21594122055909548, 0.015012102301927148, 0.8667353336771729, -0.17792736670007953, -0.2961977815504308, 0.4967495111840891, 0.3446131227678251, 0.2906161650792793, -0.7983038006251836, -0.1882087577596292, 0.6315078684478503, 0.37456560213769846, 0.6239958553907291, -0.4465299540454541, 0.5518248197651942, 0.23060412345771264, -0.6186217714040997, -0.20106102577526946, -0.17541122974503912, 0.3101814058818027, -0.6968550817851097, -0.05450390321023814, 0.09700841768112449, -0.7992120368419405, 0.2855654209313625, -0.08126470320538502, 0.3036960921154727, -0.005443902621412179, 0.12350195058155003, 0.0798013817734916, -0.16566399841891766, 0.403167178869718, -0.15298533386628288, -0.29719905860232615, -0.12605390108907724, 0.15280869946584177, 0.24975944129478023, -0.4827952304960115, 0.06493064304360004, 0.14251328393289636, -0.23243584593552666, -0.2694660710709361, 0.4350134969189407, -0.5301696587539414, -0.11324740591825627, 0.018303811389117217, -0.2874698776953674, 0.0436450964776862, 0.0862016038353877, 0.7075489832898105, 0.7846929029616301, -0.29443108825150327, 0.5436766829967444, -0.4888725430453555, -0.004333784572972692, 0.3189824885838773, -0.24414106959705767, -0.16308929448527737, 0.3824727180480523, 0.44566118960349216, 0.3909994626143557, 0.25003416249136773, 0.7202346515090714, -0.3339892148328313, -0.16132302871659707, 0.19930778080264103, 0.32070197005892676, 0.10973112326638085, 0.3504253849963703, -0.5003769039586847, -0.06498566365614815, -0.038129830644000516, 0.5606746748739895, -0.04862359529131241, 0.5299861503250676, -0.5181413942332403, -0.31633660565105526, 0.14251823181883758],