{"position_x_true": [0.0058971983026598505, 0.029461840451027194, 0.08246649495949031, 0.18051107751452583, 0.33923429391418347, 0.5706903117998783, 0.8871721494286405, 1.2970135978487787, 1.8046325213047898, 2.414585614351006, 3.131427005252527, 3.959630739074263, 4.903759347729992, 5.9684681806504685, 7.158306789323466, 8.47775814886588, 9.93123283087256, 11.523197143005131, 13.257949042110447, 15.139519015623195, 17.17185392431818, 19.358888638634923, 21.7046311061693, 24.2129130424822, 26.887101284500005, 29.730202540888573, 32.74536997337178, 35.935923556781184, 39.30475910130663, 42.85433001201271, 46.58708281231247, 50.50491518511225, 54.609515504891384, 58.90296699945854, 63.38730444769489, 68.06419796128529, 72.93524094417569, 78.001151236791, 83.2623202364872, 88.71834536856034, 94.36739421024221, 100.20773500793636, 106.23889560811313, 112.46102436729119, 118.87293865303498, 125.47365431122921, 132.26254771356963, 139.2376200529027, 146.3974343701244, 153.74222420437118, 161.2700535099463, 168.97695670564417, 176.86129522850163, 184.92267567958044, 193.1599494402745, 201.57286772030386, 210.1635963087824, 218.93391097149913], "position_y_true": [299.9470452809171, 299.7842381369523, 299.5036449500877, 299.1008520924798, 298.57879608618236, 297.94393584218733, 297.2021859605483, 296.35522167702453, 295.40073183773745, 294.33618215796366, 293.1589045775325, 291.8663556998338, 290.4560234841512, 288.92466729551757, 287.2681550896201, 285.4824139058151, 283.5637032163178, 281.5077685666503, 279.3100375157061, 276.9662611036021, 274.4715018295956, 271.8199421592398, 269.0052681411637, 266.020888419672, 262.85936533611255, 259.5123747236101, 255.97214235000058, 252.2308698875674, 248.28011391322823, 244.11111066051203, 239.71507941624395, 235.08247351426695, 230.20322412091315, 225.0676426617241, 219.6658583457297, 213.98726658860883, 208.0210372948962, 201.7555265104627, 195.1785948364364, 188.27750651484521, 181.0381004247647, 173.44649802794027, 165.48974986929883, 157.1548915451577, 148.42767376852066, 139.2935150861573, 129.73794346812758, 119.74535380913024, 109.29976810916679, 98.38546631183742, 86.98543594499068, 75.08110214659823, 62.65439773868937, 49.687386986485805, 36.16059281103722, 22.05374798870121, 7.346751036922187, 0], "angular_position_true": [-0.0008145084961275439, -0.004079140796401186, -0.011424639747880445, -0.023675990523522202, -0.04003676705439031, -0.05887910365191312, -0.07857618295151281, -0.0983160446998173, -0.11815125291791537, -0.13810514417036523, -0.15815644465177325, -0.1783546412036005, -0.19885250449064248, -0.21978274897629374, -0.24115055059256738, -0.2629007518925813, -0.28498622122762546, -0.3074441022611417, -0.33035756915821457, -0.3538692313158168, -0.3780897375636362, -0.4030075998456196, -0.4285746091625642, -0.4547335498864408, -0.4813572357954276, -0.5081755231237141, -0.5350775272099364, -0.5621210164736027, -0.589303404166026, -0.6166012677370278, -0.6440392775538909, -0.6715616166599768, -0.6989903296709389, -0.7263504243147825, -0.7538227266027153, -0.7814069877649208, -0.8091627560739352, -0.8369929566784189, -0.8647140069902619, -0.8921187540586057, -0.9188545907504133, -0.9447071423015788, -0.9696648289379343, -0.9938769870275062, -1.0172833242300305, -1.0398571322324575, -1.061742371031175, -1.0828146014529392, -1.103047545979496, -1.1227538624180102, -1.1417134644668652, -1.1593742212365374, -1.1757140026050659, -1.1908145780506179, -1.204584589585048, -1.2171233119144582, -1.228794058714889, -1.2397946261871975], "angular_velocity_true": [], "altitude_sensor_readings": [302.9616252492692, 303.65214067485533, 298.4604018772429, 300.59243793851005, 297.99385106018605, 297.4570908640506, 297.58211504280604, 298.43312987771066, 298.2297514499207, 295.1237972934245, 299.29046766122485, 287.14844209866925, 298.67979747358135, 293.12012572920236, 288.1601797909802, 289.0500807641171, 277.18160093342726, 278.8821962891871, 280.21508048993974, 276.2471055455925, 271.1581007363553, 273.8621024260138, 269.7424841525966, 262.7859602738092, 270.55839169462695, 252.5879450217243, 251.89259794986427, 251.08038825923273, 249.591519902978, 251.41271127542336, 238.73261823578247, 233.36187450590106, 237.2184395840876, 226.1293467921795, 215.46153550005056, 214.53148300524163, 207.15189837841166, 198.94998801025287, 194.27897291578427, 188.00764473366837, 185.90303193865844, 175.76688034833947, 168.51600919688983, 155.04226326367163, 151.09253994628392, 140.26399456653493, 135.5998762658494, 121.1877292239221, 109.58227333041594, 101.21868613378062, 84.16673940198922, 83.15359756895782, 65.784552761839, 51.696598981510604, 38.3085787749727, 15.128641443324746, 11.856641007301583, -6.375066036315195], "speed_sensor_readings": [3.653957364579331, 5.246133719797754, 1.7304241879520001, 6.148423860292467, 6.749310064201435, 1.456644370966612, 4.509953922461061, 9.826625728597723, 12.193992302869312, 18.60419129691234, 15.95672010416742, 15.537227613074684, 15.208595952352645, 19.54182913841732, 18.513121028881212, 24.448346629810334, 32.054106370557385, 25.333266249603536, 31.30393388202428, 34.17820348905156, 35.96943769399333, 30.964870540107377, 34.851946675435094, 32.40026913192098, 42.37553325367398, 42.42457331243098, 44.12759213585069, 48.335675426322155, 55.67579608668825, 60.87413563870312, 60.54051921116946, 56.34951860794957, 69.23699526697865, 71.4856294841914, 73.08650599684377, 69.21879171433706, 76.81584426919525, 83.7879140248745, 88.50101862057015, 90.86601123155016, 89.37228602149526, 92.01177215392886, 104.06250669710334, 107.99669227389076, 114.5306392981567, 116.68177527294537, 120.53586330924416, 124.34058518956033, 132.12915667766285, 135.31558020822334, 140.26468206999274, 142.3982610689881, 154.0930099211813, 152.20255608581635, 161.4152699566995, 167.41487837639008, 175.08893332655143, -0.172357396572682], "angular_position_sensor_readings": [-0.13116375969385224, 0.3091269643904225, -0.1626820066735654, -0.5705040764599393, 0.1778268297756727, -0.3192583301455777, -0.00886388499584849, -0.13882917949251466, -0.5127850248378838, -0.44368916211877085, 0.2116398373440574, -0.2503585587778503, -0.2463403835898207, 0.5050832410185719, 0.7407963919122262, -0.9500417308768649, -0.7472785175678132, -0.6018214142753922, -0.7974048777771652, -0.7309305716051815, -0.01004666429036638, -0.26614293876164064, -1.84368598791679, -0.7765368716545378, -0.5256290968907139, -1.1260560499062189, -0.25105945480069397, -0.698771336450585, -0.5773992560370566, -0.8135840255163653, -0.7047086720722283, -0.3575504257410424, -1.0900029775075877, -0.9055388603978768, -1.1357349071710159, -1.412365437674425, -1.0641408516094877, 0.19495374282139544, -1.0578507359199432, -1.16369922900746, -0.8028613997701693, -0.6979440915559163, -0.49968678885708756, -0.3494543441187291, -0.6096171372090193, -1.257828509593987, -1.6208726835755995, -0.4041004505303878, -0.6718208163606254, -0.9269308199767979, -0.5007510032560833, -1.5773916237022776, -1.378065594181619, -1.2138764362437355, -0.9072809143146585, -0.36167852325057415, -0.09428813310314665, -1.0161712172544708],