{"position_x_true": [0.005910960157692472, 0.021725529207928855, 0.05143443199740422, 0.10680288451866218, 0.1879400164684809, 0.2949516808747883, 0.4318640811023612, 0.6026660461572433, 0.8189847127111158, 1.0810936821433064, 1.3891984034318419, 1.7546901773629413, 2.177959400289167, 2.6593421347081283, 3.209902839223466, 3.8301367120516323, 4.520410096960456, 5.2911284329541965, 6.142831211511685, 7.075983812196204, 8.100373934562473, 9.225228686382913, 10.448303136823817, 11.767186377613232, 13.189619297825347, 14.722308970329134, 16.363334765577022, 18.109914197227234, 19.966081489209376, 21.934645591001445, 24.012968892741974, 26.197338628044108, 28.486963248476584, 30.879266042107947, 33.368876881615066, 35.95197807797978, 38.6238185338956, 41.37404509232516, 44.18836842344673, 47.048128639546185, 49.94700378386677, 52.87642504362745, 55.810115532280165, 58.719132788166355, 61.57048880274695, 64.33190083872752, 66.97347089864327, 69.46376774985211, 71.77028292762559, 73.85877951178689, 75.69571547047437, 77.24991561726148, 78.49365072861295, 79.40399961167877, 79.96477106154023, 80.18952947529142, 80.09553101462905, 79.68624412160794, 78.98175074153244, 78.01967804094215, 76.84878655439157, 75.53031911099458], "position_y_true": [299.9470585783929, 299.7920930415389, 299.53501252552024, 299.16786739503846, 298.69454645146703, 298.1187368153973, 297.43998484036746, 296.6576427794038, 295.76298996317416, 294.7595442741768, 293.65057606491916, 292.4267989975064, 291.09139080674737, 289.6472525914497, 288.08400780290754, 286.40416064371897, 284.6100934997836, 282.6899004269184, 280.6452071682329, 278.4777891687237, 276.17493360005363, 273.7230271150935, 271.12821651092696, 268.3965907784784, 265.51249912992654, 262.45912531911085, 259.2414342625203, 255.86333666348887, 252.30557558345612, 248.54827095697763, 244.59430375979974, 240.44599411881183, 236.08192735724117, 231.48034824533542, 226.6186576845978, 221.50465854323363, 216.14617912347686, 210.52038461807493, 204.60447531164024, 198.37601184824445, 191.84190522692708, 185.00985205490517, 177.86107852889455, 170.37961212239225, 162.55282430684093, 154.3762048812985, 145.85350019269725, 136.9927105145957, 127.80698194194666, 118.31621214312841, 108.54657644757083, 98.53096320612798, 88.3087797670776, 77.92808147896865, 67.44619048247323, 56.89944883323246, 46.33196895934453, 35.819359286890965, 25.437990222434756, 15.262708002415376, 5.319801737639089, 0], "angular_position_true": [-0.0008115426424133797, -0.0024283817772793805, -0.004837540734257857, -0.00966787336781173, -0.01612151335807776, -0.023373521807681062, -0.031376844231837425, -0.04007187200616308, -0.05105909733441226, -0.06351673241105671, -0.07662496727029589, -0.09204077876105062, -0.10894667010582626, -0.1265196729303435, -0.14638959033276075, -0.167694443569613, -0.1896382069956623, -0.21381419263979334, -0.23928989639799403, -0.26525266902271893, -0.2934276984687041, -0.3255135243281059, -0.35990655348326867, -0.39512258135255734, -0.4328849568718576, -0.4748779861756538, -0.519454309616492, -0.564884710017913, -0.612816920036339, -0.6649417406327419, -0.7193900119394177, -0.7743049915045049, -0.8314795299364055, -0.8927930246332415, -0.960093366611644, -1.0307451340888623, -1.102180242438287, -1.176433961112158, -1.2554082434461953, -1.3408893001245685, -1.4299628980997117, -1.5196103779571224, -1.611640602646998, -1.7080774779969976, -1.8109267306920918, -1.9210781009954945, -2.038446285377792, -2.163078849901932, -2.2951589499120004, -2.4346068822834352, -2.5813793863975, -2.735554375672864, -2.8973428536816628, -3.0667414810823708, -3.243375331882701, -3.4228993604315767, -3.601926756143236, -3.782501207052319, -3.9668997090638056, -4.157585376646838, -4.350901177634493, -4.542977201312771], "angular_velocity_true": [], "altitude_sensor_readings": [300.359112130523, 293.74626343981674, 299.96656844449285, 294.5589777045627, 300.87027674686016, 295.71744555530626, 291.47168700183556, 298.3868635833476, 291.5513930252322, 292.5254186253194, 289.7186743537137, 283.5934500483068, 295.3822087198326, 285.41915527246016, 293.30242691950434, 291.85896308619925, 286.5334250563876, 281.18971532022476, 277.30809972620807, 271.38473078486027, 280.9176367603953, 268.8049029085508, 273.1467603557152, 268.38266372468485, 261.25607110394367, 260.4637655870663, 260.50823029767986, 261.56299380244883, 257.20925499824705, 249.20858110859837, 249.16606143117465, 232.5145876720624, 227.48538761221363, 236.81680726828154, 229.0977571430364, 221.38496868707304, 214.4149153639555, 218.51195119870857, 205.53998542600542, 197.04017880107335, 192.7056965475293, 185.61784341375827, 173.78617503905727, 166.0735485965182, 165.58854553686797, 150.78238464617314, 142.8479625899091, 129.24008917323343, 130.78995080094754, 116.5567800435767, 115.62424643135941, 102.92227378613272, 84.35230000874755, 81.84176104180206, 63.28227062455104, 57.824696387339735, 40.8662098404133, 34.6042357927769, 24.182828150567822, 14.323573389579686, -2.6697778442277196, -4.1070944155758475], "speed_sensor_readings": [-2.001859247179504, 5.582178376737386, 2.2252581320316693, 2.7232226816142573, 7.87359411399605, 6.668544156452575, 7.9254295523223535, 11.843805729520984, 7.68065299806935, 12.603484380661692, 12.736453606118253, 16.843796776941666, 13.072372679208938, 13.112490598905387, 15.342755472915947, 12.146310746592814, 19.105014484327555, 24.525395822970943, 23.115014097530683, 28.933469972394434, 32.8058201369785, 29.563482395783883, 29.006863926229897, 30.87033863303765, 33.394702536832696, 35.849157368194746, 36.856386319500665, 42.89736851369878, 38.085770149718044, 44.601179356552144, 47.16607019930099, 45.18233085513891, 47.63462360422153, 57.70155791684657, 56.8785272725078, 62.29674576533919, 60.5573899210792, 60.81853667963714, 64.2716502477913, 71.699227052559, 75.37550278731638, 73.34295219091432, 76.52897025102124, 88.7604380669763, 77.6291693704196, 90.36940161107414, 89.95335510409014, 93.9794055174622, 98.14185058650673, 102.09174078407906, 106.03580125949007, 105.79785685841118, 101.78607832713651, 104.29497108963604, 107.90276492831813, 110.73519390088732, 102.81369591008746, 105.64659438420028, 102.43373185585963, 104.02726532396937, 101.27366372424983, 1.5179932981620143], "angular_position_sensor_readings": [0.48586242479311376, 0.15042288243675672, -0.07345528986158259, -0.03682333443710735, 0.0038996855147652686, 0.5620108916178115, -0.21730263866691218, 0.15330721880839043, -0.6855855839607476, -0.26506191756593, -0.5169507843505268, -0.27516702335235116, 0.662021885402083, 0.017834242532058092, 0.08496629470770317, -0.23237095520620138, -0.15186150979940732, -0.14488652241603167, -0.3577324313179401, 0.2879401129770579, -0.8926191037283733, -0.17393393878333152, -0.35333475377733947, -0.043037102854537324, -0.36352741684696094, -0.39190751707235366, -1.4382866151390938, -0.422879931038686, -0.8642928898068998, -0.1345842497143379, -1.1578830681754857, -0.5567543434155372, -1.271287563580394, -1.4156323501802959, 0.1582324307882952, -1.6774839176968146, -1.369008928160783, -1.2629476416320955, -1.278816283761612, -2.1579723373395634, -1.6656544413797394, -2.0773965660574154, -1.7670544739004128, -1.36117579903689, -2.3707295149067495, -1.403903841714786, -2.498470277235348, -2.421657773585473, -2.397817343757023, -2.3979055434570697, -2.9136267010758217, -2.372594405702388, -2.930014334669226, -3.3375931315602627, -2.7571834699942253, -2.785011515459166, -2.7162492010168666, -4.1900319639251284, -3.6262920776815446, -4.435059734598335, -4.085933744638792, -4.797240792924539],