{"position_x_true": [0.009799003647246757, 0.049045665489935664, 0.1374999471039673, 0.29517105001419736, 0.5185464753197896, 0.7999933276879858, 1.1514723838029735, 1.585203999185363, 2.1136985755171205, 2.728579716003145, 3.421256169219164, 4.204192601973791, 5.090268562558746, 6.092731761133057, 7.201212171565122, 8.404837982439366, 9.716232143469727, 11.148111099561547, 12.713332419024834, 14.397248035758114, 16.18450143580381, 18.086450650499632, 20.114282903305277, 22.278459277255962, 24.55789565326011, 26.930752508341328, 29.40501962013987, 31.987819399434382, 34.68499094561962, 37.46918790551516, 40.31152490881949, 43.21349071690204, 46.17468465122641, 49.19188170426273, 52.231612974205895, 55.25988928115943, 58.26838236431518, 61.244329094138386, 64.17130875719371, 67.01176981691762, 69.72792476397362, 72.29800713805068, 74.69617731530093, 76.89480506508373, 78.86292509023855, 80.57019585062409, 81.98868289511019, 83.08807273100632, 83.83589956824888, 84.2227182531989, 84.24511913875224, 83.88330988198538, 83.1207192642223, 81.97828153432214, 80.48611752418246, 78.65371889647392, 76.50208153933178, 74.10031808240782], "position_y_true": [299.9509659197527, 299.803817627322, 299.55861311197395, 299.21546193964747, 298.7585304783071, 298.1757137859767, 297.4742999427789, 296.6610533508878, 295.7421994888306, 294.7044655583575, 293.53421412182126, 292.2366044892992, 290.8158444962022, 289.275174631387, 287.6004977040829, 285.77712697748376, 283.8064347246942, 281.6880455672439, 279.4194569769973, 276.98512919620447, 274.36958812147566, 271.5685762791465, 268.57614965508355, 265.3839246169344, 261.977501404623, 258.3429969769085, 254.47063826148403, 250.34883576987195, 245.9637709342133, 241.3067580447805, 236.3699779710812, 231.13961902825963, 225.60012690951427, 219.73433948583585, 213.5433344115495, 207.02986481494992, 200.17914365477515, 192.97603692608462, 185.40540643882363, 177.48386418178916, 169.23131594145212, 160.6405345291694, 151.70621438771136, 142.42431416056723, 132.8331556371945, 122.97654952993797, 112.8636191504261, 102.50894021173454, 91.93441472819299, 81.20295450433707, 70.38171800075682, 59.50807436680296, 48.626887132092335, 37.80520813808203, 27.111727386170685, 16.602538293974536, 6.3398342436015245, 0], "angular_position_true": [2.027491940927453e-06, 1.2937412669589099e-06, 3.262008497738237e-05, 0.00017368689131518533, -0.002842671442722024, -0.011500693363097352, -0.024183248583771407, -0.03923487500571171, -0.054954167230510956, -0.07380926722106027, -0.09826993808183529, -0.12665404249593912, -0.15726504422284487, -0.18839004952963329, -0.22258605905035225, -0.2624231489111887, -0.3062352308280146, -0.35218818385976364, -0.3982934102577893, -0.4471324206713493, -0.5013334381036192, -0.5590373794919554, -0.6183995315140335, -0.6774181179515905, -0.7387080281709587, -0.8049567962635291, -0.8742981069152005, -0.9449202034797589, -1.0148161662612072, -1.0867620321722935, -1.1635947108185485, -1.243489968306357, -1.3246869589152273, -1.4052367119959888, -1.4881882711399033, -1.576757482641086, -1.6690731903431428, -1.7631586297389736, -1.8569687281692275, -1.9535765225984671, -2.0561503351921866, -2.162461689345858, -2.270273090241772, -2.377752115545788, -2.4884933667520133, -2.605827019002468, -2.7277866251122647, -2.8523944932103493, -2.9773234947120724, -3.106144088857418, -3.2424707800208576, -3.383927699110345, -3.5281862222453677, -3.677978920534097, -3.8360087873059467, -3.999718194778275, -4.166326055796082, -4.3389786958371666], "angular_velocity_true": [], "altitude_sensor_readings": [299.07138009532736, 306.0343977491762, 300.122581421569, 303.0649523117355, 296.2250201127785, 290.552452132316, 294.16610102886654, 305.0352124730472, 290.73414880297673, 291.08856306858735, 298.29775362469957, 290.10708572770886, 295.3626423334562, 286.51793639709814, 280.0777164283964, 288.40727451766253, 290.1349759615818, 285.5114719154377, 280.4803684065955, 279.5060681487778, 280.5666369606477, 272.5746023601819, 265.20540617084583, 272.27881465176677, 265.6025214038861, 260.2882231473453, 255.5257447081079, 254.92465451223612, 247.93520825064627, 232.2711675847848, 240.74118785661176, 229.94262212021312, 227.9938301595259, 220.88742584045963, 212.9615787537547, 203.92102965920176, 200.62462762515992, 193.50643609726527, 186.59063023412773, 173.671909126912, 159.54475443703657, 162.1151889868255, 155.05615960127048, 140.1562266677176, 137.24567436930087, 118.72120239639302, 115.08609054369656, 100.38231447637861, 83.0973112994013, 79.61317057838993, 70.35370997058227, 57.93630255178776, 53.51679644734103, 38.35311040942684, 30.4839631475899, 23.346038168538456, 5.201287235111248, 6.356293001835613], "speed_sensor_readings": [3.5433955414174387, 0.09449831547514287, 3.5539892722949507, 1.2573666185064587, 6.675320792627009, 4.886429541851221, 7.399163247303001, 13.181598626174129, 14.327248092624131, 10.241454087606478, 10.600656013027018, 16.821567774942054, 15.693438164196897, 18.21560781855064, 20.974262149525153, 17.461013466002562, 20.994342196019844, 26.536688503814645, 31.71586078366646, 27.999824044826603, 31.80023464348268, 33.13077600829586, 37.781344931659966, 45.62028521883465, 41.64922497840304, 37.48500379296255, 49.03234008426445, 45.18072137264886, 51.42555089996952, 55.07351604398342, 58.117938997140975, 63.2305709328676, 58.92867228570978, 63.375333184084646, 69.77152065529206, 69.86510704185672, 77.26142720978645, 82.52133017011751, 85.55591643801569, 81.74944873385353, 89.32298639152818, 90.18781279449259, 89.68372221953382, 94.89718395869029, 105.27326640435089, 105.48385159827224, 101.27022604897223, 102.02163536942149, 106.03724777032713, 102.86509624816875, 104.35759693505916, 111.905041718225, 108.2726747222658, 109.22509051292002, 106.0444018771425, 104.64189165820652, 100.7116082695231, -6.906365843766151], "angular_position_sensor_readings": [-0.09085659954706134, -0.2758944211277488, -0.05025674454332664, -0.03520084794576411, -0.15693178164263435, 0.07922865338375545, 0.0800040279222202, -0.31115615761313564, -0.9119765478929183, -0.16184979097555915, -0.1952173801359801, 0.24012764761673297, -0.4453684987538053, 0.036750280591907714, -0.13489429859277366, -0.20674885166643728, 0.162100736504863, -0.40835549527269815, -0.7563656489737228, -0.29964968558610483, -0.1498058111442112, -0.9378257650160462, -0.6774642840863948, -0.8601910486282256, -0.8240955174482107, -0.46822735605781535, -1.2285564268664384, -1.429980769373282, -1.0172869742611388, -1.2780292397778563, -1.6727774009228047, -1.5825572733646944, -1.075113825779587, -1.7111548649923627, -1.541165949506858, -1.7411466190876532, -1.1322889445352402, -1.73857685491008, -2.1080204357013255, -1.6662324247573905, -2.4369595387085514, -2.1755068186851805, -2.0377396931445517, -2.302380108539908, -2.3231233929511976, -3.1128844273931455, -2.793222707240996, -2.889983697928467, -2.5801006175486414, -3.9948685049572723, -3.2366913180186137, -3.6074798198268554, -2.8717462005440413, -3.8221805657699757, -3.5610964486101357, -4.767498860270674, -3.7465588124744795, -4.372505548679346],