{"position_x_true": [0.01126243603876783, 0.04155212006124366, 0.09125272559496941, 0.17407983570814675, 0.3058957983748757, 0.4988183676466752, 0.7652795360139499, 1.1139636549959684, 1.549435866833635, 2.07611783808927, 2.6983906810819924, 3.420690040955721, 4.247603115197861, 5.183645613390124, 6.233411658100185, 7.401406326628349, 8.691773753554827, 10.108719046964428, 11.656549917569272, 13.339460598326351, 15.161432775918025, 17.126683034375297, 19.239646482287572, 21.504718832846514, 23.926218974890617, 26.508447925233696, 29.255699118163047, 32.17221391430804, 35.262110407294266, 38.52945945190042, 41.978582702665356, 45.61321540474586, 49.43708345288765, 53.454466362348356, 57.669316930233826, 62.08546557000656, 66.70654930165593, 71.53624774922926, 76.57846759907768, 81.83661913915093, 87.31374589550836, 93.01214535073504, 98.93442978881855, 105.08314405731512, 111.4596956322489, 118.06561418837707, 124.90241870320293, 131.97061245268014, 139.2701715998997, 146.8021003736022, 154.56822380462503, 162.56973157389837, 170.806615417392, 179.2775731990755, 187.98120848972232, 196.9148994196627, 206.07710512065375, 215.4691817952249, 225.09194564047996, 234.9441678274431], "position_y_true": [299.9469907234792, 299.7840300731937, 299.5032151520646, 299.1004157070848, 298.57897640036754, 297.94558678128146, 297.2062964888895, 296.3630777201151, 295.4138103974903, 294.3560818005299, 293.1873057418037, 291.9048477943636, 290.5060889650003, 288.9881717563543, 287.3478310895291, 285.5817022468962, 283.68612471707235, 281.6569494756888, 279.4903548566137, 277.1825641234731, 274.729046875035, 272.12499674067686, 269.3657126547955, 266.44608416113033, 263.36096105591594, 260.10490144723235, 256.67213595383674, 253.05684546642416, 249.25271232048678, 245.25330583638427, 241.05267351113446, 236.64406805515924, 232.0199271092638, 227.17303859668127, 222.09607830223794, 216.7810806167118, 211.21923848027518, 205.40141544733677, 199.31841428269126, 192.96054361727042, 186.31737659076285, 179.37726547604697, 172.12852418538046, 164.55905367025042, 156.6555146128834, 148.40490307267882, 139.79390995758163, 130.8079266097809, 121.43142873493554, 111.64894438163981, 101.44508659867569, 90.80351883943553, 79.7065909160159, 68.13553200879593, 56.07122052547535, 43.493367133928324, 30.381456171717673, 16.715885572820262, 2.4758193232418026, 0], "angular_position_true": [-0.0008054660580011513, -0.004055559820022207, -0.011400449657738078, -0.023644537040484775, -0.03994311680097831, -0.058651950790743965, -0.07817070832344723, -0.09770810894637617, -0.11724815205309783, -0.1367862144060678, -0.15630624003686433, -0.17579653861844766, -0.19528189293157158, -0.21479051083297698, -0.23432770077274415, -0.25388387190819695, -0.27340952506827826, -0.2928608921845622, -0.31227685646766845, -0.33169173178905065, -0.3510448496698718, -0.370306519508941, -0.38953358605304134, -0.40876494107041195, -0.4280182838195113, -0.4472139106729737, -0.46628999291539, -0.4853455462209187, -0.5043836702536348, -0.5233956517825241, -0.542593968666664, -0.561996888416514, -0.5814660773735132, -0.6010603530311521, -0.6209091990979491, -0.6410588512866229, -0.661483450625241, -0.6822371897521408, -0.7034486200828255, -0.7251629818718804, -0.7474714365618319, -0.7703773667454049, -0.7938839532222249, -0.8179670924136122, -0.8423734333193329, -0.8668945412068295, -0.8914157130820303, -0.9157123556849646, -0.9395711323177444, -0.963070398147672, -0.9863622569819384, -1.0095293700967283, -1.032479103986081, -1.055002319887762, -1.0769825873703769, -1.0980982529327925, -1.1181995141822498, -1.1376013802513916, -1.1565714631520885, -1.1749705030203612], "angular_velocity_true": [], "altitude_sensor_readings": [299.11892162977955, 296.94208661575107, 296.8865631326077, 297.9488771017096, 296.67067283390037, 296.04188712584477, 293.15172846613945, 300.27192396995474, 304.9734058861987, 296.36850151118716, 294.0216546288026, 289.790503757356, 285.7680203079471, 296.14756486682825, 284.16276182972257, 294.78826486007733, 279.34601306440396, 279.90508898916954, 282.43605072863164, 273.73716198307153, 272.80651874502183, 268.7645453207077, 271.8435534596907, 259.040150884124, 264.80524900594565, 263.03357076313836, 255.92864294477906, 253.85035805447035, 247.54361411687336, 241.43401618861233, 242.1528366552687, 238.57223623909465, 239.23629544131606, 226.95197030253792, 218.0990362946787, 218.16325999000208, 212.18118589750304, 205.76359712345703, 206.70789050188037, 200.7461877298501, 179.55696157407905, 175.68551071486874, 174.21995252236954, 163.20053871652104, 156.20645958673248, 148.45337764748766, 135.67534690395885, 128.51098208832502, 126.67264129420332, 114.67397553777676, 103.91580769261412, 84.78608377933811, 79.19649189066463, 72.85338247955238, 60.2499056371792, 48.9699900010869, 29.370934714705363, 18.971536442967633, -0.3031779440311251, 4.212455327058329], "speed_sensor_readings": [-2.2505762548172314, 4.82043731709198, 0.11216539090870148, 8.059461061855014, 6.410428684952431, 8.81511892659913, 7.206768738251369, 12.089315003304431, 7.409522283776285, 15.104352705944727, 16.075420930229917, 14.143888701558666, 13.967599798716552, 24.321897179458286, 21.257947925219053, 24.91150715130766, 19.03211836680683, 27.2417407686186, 27.016067402449217, 29.490388533877354, 28.34225884528383, 32.31853341677958, 34.91317215053093, 37.446004585304735, 45.47758725986536, 38.24535964463923, 39.95286965236982, 42.728935403477266, 48.66451908560964, 50.59833538354501, 54.23102937694682, 58.190071483419885, 59.21583627346969, 66.59160107373832, 68.45920041552162, 65.937928262135, 72.64576770852959, 78.42312843124797, 77.19394088384774, 81.0008212588424, 88.73848332162173, 89.13866277774933, 93.42001572007582, 100.45561285291537, 100.86795711487562, 108.88216173901215, 111.31039740490321, 116.74005449397231, 120.92517028067942, 120.7950122212951, 131.49957912552438, 132.61136321546473, 138.9609140111993, 148.80519316525053, 146.92829789478273, 157.4250830727042, 158.85174944560538, 165.98722609233104, 171.48740170561524, -1.478635939592556], "angular_position_sensor_readings": [0.12509402074726075, 0.6098265501394595, -0.09071799100391993, -0.2691759108204673, -0.5508463348114021, 0.49915980320631864, -0.8398105406766623, -0.2360615915330182, 0.06762448038001642, -0.32725487770649664, -0.10920554718723331, -0.3314071724611592, -0.39100532050488734, -0.8028822708298382, 0.21001824072212064, -0.4474602756931101, -0.1795384594982466, -0.25014050622508843, 0.029773525318755434, 0.018442830294846835, -0.41600552011029335, -0.20310295166602607, -0.7970545675826073, -0.7880096668272003, -0.27747629753182684, -0.4094094999493847, -0.9107920058502617, -1.2470925203569074, -0.6457891616373216, -0.7896098153163789, -0.923232767698676, -1.1911112246017797, -0.545707024635135, -0.1713301293227935, -0.4269376904334961, -0.09669552193739472, -0.6985001412525635, -0.2262393232939401, -0.39539756200933046, -0.8553710113784923, -1.8868219180532786, -1.1062770190729418, -0.8819526186663396, -0.7910664458238681, -0.8182876917873617, -1.2134158008910028, -0.8614500828482385, -1.2910914349671472, -0.5311045050079711, -1.7148796311054342, -1.1019865171788337, -0.4534679252988887, -1.4372347143823465, -1.0847798588277242, -0.773564277533396, -1.2026332388411802, -1.0596960100581487, -0.744621320573865, -1.5880804141810276, -1.3598872811835054],