{"position_x_true": [0.017165239540089233, 0.0858081903627229, 0.21835263994049925, 0.42007524450047073, 0.7032915812345719, 1.0726322059148257, 1.5328596928862177, 2.0887436215903676, 2.7449059496057933, 3.506102653626553, 4.377234658880273, 5.363240031448653, 6.469054561776027, 7.699535185685756, 9.059733865626777, 10.554865280864954, 12.189955160622556, 13.970246895726786, 15.901264465104186, 17.988456396949605, 20.237401485107405, 22.65377643713604, 25.24337187879574, 28.011981397843755, 30.96527735054311, 34.109158133843266, 37.449634022520314, 40.99260507413184, 44.743889366644076, 48.70934725114485, 52.894825518635805, 57.30606062984974, 61.94861543517142, 66.8276477672394, 71.94785323532119, 77.31295966589023, 82.92591397110735, 88.7890194527876, 94.90352545829518, 101.26985719481141, 107.88756925964157, 114.75449629956, 121.86624701534352, 129.2173950554174, 136.80077059100168, 144.6082468197283, 152.6305560282576, 160.8541009510879, 169.26184839510375, 177.83239386281943, 186.53926199156197, 195.35045457653408, 204.22960090939355, 213.13737507334304, 222.02755944089512, 230.84819235791636, 239.54362230652657, 248.0513120186954, 256.3013735142726, 264.2190053083917, 271.72901341328895, 278.7576891897034], "position_y_true": [299.9509300872622, 299.80399380622157, 299.5591386147145, 299.21583804673685, 298.7738438090108, 298.23319483018923, 297.5938348661708, 296.8559017587689, 296.01955521412776, 295.0847814381521, 294.05147663648154, 292.9193185832042, 291.68852481506366, 290.35949032699216, 288.9320474982519, 287.40572072291536, 285.77993722919217, 284.05353052158756, 282.22519253312595, 280.29334432313334, 278.2557616595555, 276.10996252309707, 273.8532184830182, 271.4828944085519, 268.99598896671563, 266.3888580466736, 263.6573950323516, 260.79681859935306, 257.8012912003391, 254.6638036218444, 251.37677192270124, 247.93225156876247, 244.3212330997884, 240.53367055312347, 236.55875269954853, 232.38400961695297, 227.99505974026854, 223.37654264184974, 218.51236046622128, 213.38525859990577, 207.97707635379652, 202.2685379028714, 196.23869961687123, 189.86637163644482, 183.12970376003483, 176.00670248487572, 168.4755367612893, 160.5123299506194, 152.09184061619098, 143.18832964924601, 133.77617585852965, 123.83020406100884, 113.32659883574532, 102.24398832512504, 90.56370769963476, 78.27101991621625, 65.35642482285887, 51.816720350437656, 37.65688864566465, 22.892003110181104, 7.551988850706557, 0], "angular_position_true": [7.065285157913496e-06, -6.610872676552578e-05, -0.0002442478581559237, -0.0005255344064684878, -0.0010091296647282881, -0.0017480627777571836, -0.0027763488746505383, -0.004135051665158113, -0.005862807743896752, -0.008039212243234867, -0.010781301110545198, -0.014151573971656246, -0.018191867608729217, -0.022998489602226554, -0.02868816367898101, -0.03535008282628675, -0.043038784114629636, -0.05177211236372719, -0.061594526154026774, -0.07251884456280512, -0.08451438723177376, -0.09764340299428732, -0.11210275823071852, -0.12809521268925275, -0.14582846720147574, -0.16539661391295402, -0.18681678108913957, -0.21020377157547068, -0.2356078536988358, -0.26302440788512504, -0.29250875078997385, -0.3242192160753434, -0.35822386541685997, -0.3945502448700686, -0.4333429202189122, -0.4745982913506536, -0.5181717103875421, -0.5641002173091467, -0.6124761658301154, -0.6632466305871056, -0.7165009387765993, -0.772252475899905, -0.8302387964785276, -0.8904022881930681, -0.9528596875028229, -1.0180115193975598, -1.0865257519782916, -1.1587523715545753, -1.234996653860142, -1.3154792763508605, -1.4002286634963206, -1.4890932261951042, -1.5820484800524823, -1.679490970364294, -1.7815820724465725, -1.888537659652327, -2.000802496284328, -2.1185206278901423, -2.2416461873677656, -2.370217281376928, -2.5041589646247724, -2.64315817458405], "angular_velocity_true": [], "altitude_sensor_readings": [302.41968978202067, 309.4527351085456, 293.30337824471644, 295.66322466000435, 300.39513277274887, 295.12781668136415, 301.3634716556412, 290.54879180218205, 289.807250833836, 299.675976557804, 295.5623223291799, 290.48099661332066, 292.9576263188708, 279.636320254341, 289.27907149375216, 287.4277404317193, 289.38012116520855, 282.9216064146557, 280.0491533397576, 278.2921224003594, 280.5691590771865, 269.34990500627043, 273.58632439115166, 268.1917027627237, 269.1386413173935, 258.8023129638708, 273.1639003016545, 259.09938054702025, 262.6565929462403, 258.8263830065111, 253.24305439888536, 245.1314109465435, 237.3828428557588, 244.79834904339089, 233.62669184600284, 231.5216219731826, 219.9041313693253, 225.39003437297208, 223.24290389602442, 216.44754020086, 210.27427335685798, 200.11641748022168, 203.55308355706867, 190.42489701842732, 175.8172831385009, 175.9452235715417, 169.77293029578215, 162.22606409170447, 151.54749721677825, 140.46080009345678, 133.4682921477093, 122.0406001327695, 114.57053302080298, 102.47247359449699, 84.77643839321323, 76.86842916004234, 61.38153467760681, 59.92433610099406, 41.34676931773397, 31.28528148552015, 7.224642966298546, -5.717490597012574], "speed_sensor_readings": [1.4046896344710809, 3.740394162407223, 6.259007624099754, 4.695237460547798, 11.27221748425352, 9.26627576964339, 18.108757660384242, 10.484151188922457, 10.008304397179929, 15.087548151677186, 16.053518657018774, 14.375386498154855, 19.92487773465647, 21.942389144981323, 20.436781809930316, 20.201016974891957, 30.869248535580866, 29.853229453274054, 26.104575816742432, 31.269744313174876, 32.15780533432912, 33.004491536140414, 34.06111257617867, 35.25057001827003, 42.20444448906962, 44.31659898561604, 47.37348849028356, 53.43515182119828, 50.99038214801739, 50.049143956785464, 55.337130257141204, 53.93179306820425, 59.11448524306766, 63.75821175280899, 71.32100959904467, 73.75677503226105, 78.52419584295082, 74.23018848012225, 83.11358137715355, 84.7099444650258, 88.68244868212872, 93.64627123086035, 97.30083966073063, 95.84789069702673, 99.35064078100577, 109.62203520714506, 112.71863037596951, 116.11372838733132, 117.18024699533844, 122.23502098831132, 134.20889309655465, 132.6393617025857, 137.9099171771618, 146.08861643828982, 145.78224821540817, 154.33423826354684, 162.8046708146736, 161.33857301655738, 164.88252889546914, 167.0206723250943, 167.66664333380632, 2.6098225582795704], "angular_position_sensor_readings": [0.1727104520270679, -0.19211967539458072, -0.18484209781596844, -0.17060006583054396, 0.014642380096055861, -0.22268766113435756, 0.10513187815934646, -0.35553560521120814, 0.2713403059855753, -0.2543397288700623, 0.0890325016660041, -0.23705670860260497, -0.9477660209678455, -0.1859325825108033, -0.00788331486835275, -0.19336944497875735, -0.4568875784701086, 0.030675284467044726, -0.06420794508220411, 0.382164433924894, 0.6045486405599069, 0.6980442138097619, -0.3679706950686942, -0.658209702138835, -0.24981801826967182, -0.24142869206797518, -0.0006226106542307486, 0.2875706513906411, 0.2446468880599228, -0.2811706405269205, 0.20352277029422472, -0.5640694951943256, -1.0375075440031591, -0.31832481060702855, -0.532104814070013, -0.4078257563512699, -0.7577483394434847, -0.23242795372956992, -1.000547802680185, -0.8470391292895865, -0.8853684533824968, -1.1402283742372323, -1.3152614447093336, -1.0840649387870687, -0.8321177808310765, -0.2642811719652107, -0.8913454355195053, -1.5974859761744176, -1.5587495818458021, -0.7815068299639911, -1.3381413225771384, -1.7802158849172887, -1.3044145841926058, -1.2997143135001779, -2.37907131821048, -1.332520370178933, -1.459462676341944, -2.2419269687767858, -2.5818930967866685, -2.3129791513422013, -2.4888642256265885, -2.4454856962644653],