{"position_x_true": [0.0, 0.0, 0.0, 0.0, 0.0, 0.0, 0.0, 0.0, 0.0, 0.0, 0.0, 0.0, 0.0, 0.0, 0.0, 0.0, 0.0, 0.0, 0.0, 0.0, 0.0, 0.0, 0.0, 0.0, 0.0, 0.0, 0.0, 0.0, 0.0, 0.0, 0.0, 0.0, 0.0, 0.0, 0.0, 0.0, 0.0, 0.0, 0.0, 0.0, 0.0, 0.0, 0.0, 0.0, 0.0, 0.0, 0.0, 0.0, 0.0, 0.0, 0.0, 0.0, 0.0, 0.0, 0.0, 0.0, 0.0, 0.0, 0.0, 0.0, 0.0, 0.0, 0.0, 0.0, 0.0, 0.0, 0.0, 0.0, 0.0, 0.0, 0.0, 0.0, 0.0, 0.0, 0.0, 0.0, 0.0, 0.0, 0.0], "position_y_true": [299.95095, 299.80379999999997, 299.55854999999997, 299.2152, 298.77375, 298.2342, 297.59655, 296.8608, 296.02695, 295.095, 294.06495, 292.9368, 291.71055, 290.38620000000003, 288.96375, 287.4432, 285.82455, 284.1078, 282.29295, 280.38, 278.36895, 276.2598, 274.05255, 271.7472, 269.34375, 266.8422, 264.24255, 261.5448, 258.74895, 255.855, 252.86294999999998, 249.7728, 246.58454999999998, 243.29819999999998, 239.91374999999996, 236.43119999999996, 232.85054999999997, 229.17179999999996, 225.39494999999997, 221.51999999999995, 217.54694999999995, 213.47579999999994, 209.30654999999993, 205.03919999999994, 200.67374999999993, 196.21019999999993, 191.64854999999991, 186.9887999999999, 182.2309499999999, 177.3749999999999, 172.4209499999999, 167.36879999999988, 162.21854999999988, 156.97019999999986, 151.62374999999986, 146.17919999999987, 140.63654999999986, 134.99579999999986, 129.25694999999985, 123.41999999999985, 117.48494999999984, 111.45179999999984, 105.32054999999983, 99.09119999999982, 92.7637499999998, 86.3381999999998, 79.8145499999998, 73.19279999999979, 66.47294999999978, 59.654999999999774, 52.73894999999977, 45.72479999999976, 38.61254999999976, 31.402199999999752, 24.093749999999748, 16.687199999999745, 9.182549999999742, 1.5797999999997385, 0], "angular_position_true": [0.0, 0.0, 0.0, 0.0, 0.0, 0.0, 0.0, 0.0, 0.0, 0.0, 0.0, 0.0, 0.0, 0.0, 0.0, 0.0, 0.0, 0.0, 0.0, 0.0, 0.0, 0.0, 0.0, 0.0, 0.0, 0.0, 0.0, 0.0, 0.0, 0.0, 0.0, 0.0, 0.0, 0.0, 0.0, 0.0, 0.0, 0.0, 0.0, 0.0, 0.0, 0.0, 0.0, 0.0, 0.0, 0.0, 0.0, 0.0, 0.0, 0.0, 0.0, 0.0, 0.0, 0.0, 0.0, 0.0, 0.0, 0.0, 0.0, 0.0, 0.0, 0.0, 0.0, 0.0, 0.0, 0.0, 0.0, 0.0, 0.0, 0.0, 0.0, 0.0, 0.0, 0.0, 0.0, 0.0, 0.0, 0.0, 0.0], "angular_velocity_true": [], "altitude_sensor_readings": [304.8774869590419, 296.76518616757863, 305.1596389340187, 291.4954930870497, 299.47363597433935, 296.5852808819383, 302.9907180175886, 295.44604656557794, 291.35353641296433, 294.8319377391266, 290.2722495407497, 297.2252703781036, 287.02215594483675, 294.38487917033973, 288.7001248133483, 292.834178582011, 288.9692803622144, 270.8312826692446, 285.82281826605185, 277.4111511091826, 280.6084973616038, 277.25437790180223, 268.475035703703, 280.29834865157807, 265.2160758438456, 272.5682495398101, 255.22872657977112, 258.5154976922954, 261.3111270325538, 255.363344792009, 259.16033053824845, 252.4812848927134, 244.17704046454185, 238.8057425947159, 249.94112555329818, 240.5752627364325, 233.748406167788, 225.08442251796146, 224.13317684857398, 225.3205530518592, 219.53930138875435, 218.15456056551426, 207.5580512039139, 204.6362893218206, 204.69427173297717, 194.40041318020627, 201.4965037721711, 193.06929000030956, 180.809061796835, 171.270383500771, 172.21189206541658, 172.29540357961508, 161.89389242569274, 150.1532358584869, 151.07237929581805, 154.44077505756775, 142.88461352500903, 135.1059269110513, 128.7288507271333, 123.29931783020912, 109.45244935932337, 104.2326658655653, 105.24016645066054, 101.02267611993352, 94.17823208185364, 87.19598115850457, 75.69503539052646, 71.10551671215107, 66.48932007217232, 60.455811043346145, 56.68146043359241, 52.76090809822799, 37.69556615202145, 30.492127425501796, 22.522981437997984, 14.576903689732454, 12.882784241584464, 3.175856753190635, 2.45284079038151], "speed_sensor_readings": [1.9554602678020787, -4.764192526027905, 0.9739286520625088, 7.1441424963419085, 6.874165157370451, 10.082039481513855, 6.275549398884996, 7.89999655812423, 9.480317935260285, 7.425569564317535, 7.328705896242825, 14.124473442915972, 15.253541307061532, 7.01036831565759, 16.49594687742653, 14.153868808118801, 16.56922277746125, 19.454197500622428, 15.49418151100388, 18.8589014776151, 23.72772151165059, 18.914964647608993, 20.485057010222206, 28.736311046012695, 23.924945798323037, 28.10725550004628, 24.254073091296153, 25.185531023761612, 31.89491925334602, 27.43341321102858, 31.008105682983583, 26.519954644563562, 32.28531140516527, 35.85245865172848, 28.560174164830478, 31.82704651667468, 40.92750969317756, 39.747355199269606, 38.633382778706235, 35.0599926698538, 35.80224346994315, 39.22848425114079, 42.49028695268382, 46.15736563445674, 43.588099093517094, 45.280789918142226, 46.59227183569003, 46.051020892908895, 51.012317017569195, 56.72778102926703, 48.16736558470244, 50.40234718266142, 47.96641051156848, 51.94977319730313, 52.873629111352464, 56.209290165312424, 56.269854661099714, 59.67701291218124, 53.69601791906177, 57.45466766181264, 65.33901058461366, 58.882918406659556, 68.83309284256869, 61.77977533577222, 60.51928421764623, 68.29855013874868, 65.08096386976554, 64.35412862750496, 64.81746929098418, 66.42666789727232, 68.73171696539374, 66.29623238909352, 66.65018246831296, 76.80082720824835, 73.77958873994801, 78.49904533702718, 79.42723000400149, 77.21935898339078, -3.2425245767192274], "angular_position_sensor_readings": [-0.6047924334533188, -0.20169645606549524, 0.6144685174526902, 0.2641746299262672, 0.08789329753840719, -0.21688889963149222, -0.41673410022123153, 0.16437291133611523, -0.34777292993245695, 0.2796329196593001, -0.27568254125091624, 0.15733111358673135, -0.3348793382393956, 0.5468365051583642, -0.2877924891028927, 0.017496641910196585, -0.07428919466703159, -0.13905095408281185, 0.4540193837528448, 0.3349442341661164, 0.16848995702164896, 0.0687454693792498, -0.37585781571086485, 0.37637122334387596, 0.2754287091745255, -0.3610405050310759, -0.11360178097511726, -0.18713731654382448, -0.08549020525829185, -0.5143287473696324, -0.10972050223446626, -0.2822456304610044, -0.026590184975983974, -0.4425411958128458, -0.08033325336518508, 0.24495991944130108, -0.7038595548997121, -0.014687003224067078, 0.3596800040652067, 0.9987743989206491, -0.4928018037401766, -0.011155895919437024, 0.0038544240913458818, 0.1901167482528386, -0.024739708750546475, -0.5366804720401229, -0.9248290526168952, 0.16482392204665303, -0.06835887997854094, 0.3733881220028752, -0.3357299106879257, -0.3301770963585853, 0.46011640918497304, 0.4219979722081577, 0.10524978504577896, -0.004092282874852859, 0.34795511508917804, -0.3729639321922637, -0.2620714492320433, -0.06594710858057137, 0.5548479321886597, -0.20472325632629707, -0.07629085766366271, -0.031876896207332354, -0.5194415183628412, -0.2697698761761493, -0.6325928896227966, 0.07578746344481958, 0.06890340786056523, -0.07541727136753289, 0.22492999238144332, -0.02646053403894651, -0.47295132332884604, 0.1472304235862288, -0.4193759502619619, 0.41255155097787144, 0.18330704075574855, -0.41750124179773734, 0.1297824337633254],