{"position_x_true": [0.006167239680746685, 0.03082122534824961, 0.09042252140155471, 0.20551656620520445, 0.3926089919336003, 0.6644661106414252, 1.0301134083349366, 1.494372414537526, 2.0617879594174218, 2.736982616109749, 3.524662865645351, 4.429587043846317, 5.456636813223838, 6.610702958922053, 7.896673546830184, 9.319517084727767, 10.88447646416672, 12.596770616241981, 14.46158419071098, 16.484063868350916, 18.669359894107817, 21.02289148140715, 23.550125204889323, 26.256442256516973, 29.147292038774722, 32.22816335552245, 35.50459279599784, 38.982314893693996, 42.6672717331172, 46.56602543589568, 50.684689063250275, 55.02877784541748, 59.604194473718856, 64.41628581473445, 69.47001199374003, 74.77042329028498, 80.32190055136898, 86.12868135831435, 92.19507121083498, 98.52562549453464, 105.1244946640194, 111.995751475273, 119.14409371777471, 126.5731982835509, 134.28645352618187, 142.28823487498983, 150.58291364669194, 159.17445408711814, 168.06533199515567, 177.25709947398934, 186.75181432158504, 196.55272041481018, 206.66294886164536, 217.08595427560033, 227.82657586837138, 238.88638914300162, 250.2670307411839, 261.97005472827874, 273.99429136615856, 286.33964429886703], "position_y_true": [299.94683524122127, 299.7832037185757, 299.5048839055532, 299.1115944420914, 298.6067807139061, 297.99749591926377, 297.286673134133, 296.47297706007777, 295.5548627403722, 294.5305258673728, 293.3979544537759, 292.1549685569519, 290.79933360166484, 289.32866296726644, 287.7401015058602, 286.03099067487585, 284.1985243357067, 282.23978359069105, 280.1515159516712, 277.9294410248224, 275.56937403601046, 273.0673463419135, 270.4186893689326, 267.6185075000034, 264.66186381319596, 261.54324939064634, 258.25736416058095, 254.799073846903, 251.16290729643424, 247.34400511572477, 243.3365281095232, 239.13323822470448, 234.72737634445213, 230.1110738545992, 225.27471562627096, 220.20815113580343, 214.89972612778652, 209.3370357736566, 203.50761826967707, 197.3992137293048, 190.99931811771336, 184.29513414242373, 177.2739483033546, 169.92117454331782, 162.22181358220985, 154.16193252919587, 145.72698165029283, 136.90090907786498, 127.66533449598661, 118.00079454483232, 107.8875807175358, 97.3059160032497, 86.23522194996579, 74.6539683844318, 62.54004449503613, 49.86775238698311, 36.610343260239816, 22.73987414100784, 8.225068952330352, 0], "angular_position_true": [-0.0008447908164432957, -0.00423056335073521, -0.011009034004503673, -0.02116939025139227, -0.03385658739319894, -0.047354209957679416, -0.06083619094785953, -0.07437763088770774, -0.08803373430416016, -0.10183168464596182, -0.11577450858286334, -0.12983519287520973, -0.14399585165444997, -0.15820608536126513, -0.17241973949835182, -0.18674329654698082, -0.20127759463746667, -0.21605839204767552, -0.23115635515916014, -0.24649956911948676, -0.26201736037227924, -0.277736996072153, -0.29362457452090307, -0.30963811484819476, -0.3257507645203889, -0.3419123711515874, -0.35811487212922993, -0.37440248421310546, -0.39093617624874516, -0.4081035996285427, -0.4260818829323735, -0.4448927766146878, -0.4647255826190424, -0.48561600683251993, -0.5074357824735054, -0.5300830849730069, -0.5533039058383743, -0.5767587727660842, -0.6001824691058367, -0.6236064917641517, -0.6469858947278417, -0.6702107428671467, -0.6934396707617152, -0.7165575259836272, -0.7394711502508734, -0.7624717720123205, -0.7858406032960884, -0.8096476006298162, -0.8335784214521619, -0.8572145194993214, -0.8804560406112935, -0.9034359979654991, -0.9262276833599807, -0.9490685423214704, -0.9723636653238581, -0.9957509445955097, -1.0191543768107767, -1.042866314491156, -1.0667150761200264, -1.0907003454392346], "angular_velocity_true": [], "altitude_sensor_readings": [293.95077196797325, 300.7683303330258, 294.15071087711937, 300.1658358744483, 301.01317857258505, 295.14206180677166, 289.0344644245938, 294.57181854786353, 297.39518852795436, 296.4566232373536, 287.2959885949185, 283.6906985740796, 297.9959705339421, 287.92402437366474, 278.2544580679042, 289.95515951747603, 281.98260072252236, 281.9216720324304, 285.2831938217647, 272.13291508280275, 275.1011677819209, 266.96048019672, 269.9879852456319, 262.8088067943034, 258.1462526946849, 254.3721764941574, 259.2018706090329, 259.081183012692, 252.24801487089778, 250.61537200924678, 245.874182429621, 238.82595038564747, 237.0569084196784, 231.46163030253854, 223.29618980539547, 215.78847703189945, 220.26908627835394, 203.06548807008977, 206.20144638995586, 196.0053708683655, 194.30857960822973, 184.34573698173912, 175.91874795354366, 170.40436480149265, 164.74268736059733, 157.63491623295698, 143.16074228300394, 141.4572148216406, 129.17923330092245, 125.97043891688413, 102.93840726154454, 90.76538207743357, 91.47739647442019, 80.96243561079542, 68.10782616499965, 48.03153467280797, 33.666380986728775, 24.473509265529643, 10.084148275643475, -1.7007029411028853], "speed_sensor_readings": [-1.6983432363427382, 1.0313428820258475, 6.979397774385989, 8.554405815841115, 7.084914094678724, 5.991932038288293, 8.778209296356785, 4.782149143230665, 13.458908440862125, 10.4139104837553, 12.138163978784773, 18.33122707123788, 20.205341084509715, 16.14263782483382, 22.175256804355353, 25.081528800972674, 25.17080057627393, 25.096829186181605, 27.595505641908602, 27.313255878083933, 32.83797239177043, 36.60736057325859, 38.94849691615006, 39.25941028422856, 38.08574401625965, 45.94442904617888, 51.93529209990539, 49.34538310814925, 50.53835221471323, 53.98374319436661, 57.225794298069, 59.68367568423826, 64.59940101631823, 68.57367032335321, 70.83661436672465, 73.75921036394162, 75.41344247204508, 81.20387708876011, 83.40336959283468, 88.24939184740212, 96.2460195509272, 98.17017181203525, 105.21535773627878, 102.34528105515733, 115.54064255734053, 114.26101819452909, 120.25466446164387, 128.3322486498653, 130.3732186295017, 133.54633555454492, 144.82573445932272, 152.81889781323542, 156.1465716666356, 151.4646495235411, 166.289724361677, 170.39342093477458, 177.60127974853475, 185.53244070115713, 190.60768871537636, 0.22337183721568135], "angular_position_sensor_readings": [0.05656522987544736, 0.6166912733094652, -0.348571135435863, 0.44073643644025, -0.1578202817477613, -0.49911593365736506, -0.1733266169101702, -0.08981514143564963, 0.03222655586134128, 0.3279009936522287, 0.3214928847639231, -0.09433242394653617, -0.12175703549980374, -0.18254745447473664, 0.034091336761434554, -0.39244567153074184, 0.10714045562920624, -0.6260808396666977, -0.44961940136835155, -0.5119120094199623, 0.03620176349037152, -0.9411448323161302, 0.3144666085813539, -0.8805387008605341, -0.4412980847271894, -0.6126636927113456, -0.1302661352886637, 0.13086916816306088, -0.38975733174343996, 0.6230991285675302, -0.6025816654427314, 0.0471569974680528, -0.04615498579594246, -0.34587844515892496, -0.5177335863232699, -0.6072702831948772, -0.2736842671901809, -1.0761901946664605, -0.8342883627283643, -0.395903388325113, -0.42050559527815307, -0.8747645352176351, -1.0928326533715846, -1.274500320885402, -0.08563325727820037, -0.9426762053415634, -0.8330991409100694, -0.7889690403233934, -0.7197925531395071, -1.1275804880049738, -0.5678400448577645, -0.6568754592814432, -0.4373335368979101, -0.8704891212097177, -1.1362406668971337, -0.6882440118570334, -1.2879150213884338, -1.2850952803690985, -0.5456262922894533, -1.6797468607164663],