{"position_x_true": [0.010321620778011362, 0.051592585331976894, 0.14452634688680754, 0.3100128539049418, 0.5608666819155409, 0.901813507701335, 1.3376493705826418, 1.873279172161673, 2.5135334213014993, 3.2631535251947623, 4.126972571684749, 5.109704719305905, 6.216111786430121, 7.451385656511073, 8.820860559970475, 10.329767043816084, 11.98360485184649, 13.788056963403793, 15.748702236873141, 17.871399918908107, 20.16216846020279, 22.627076159175424, 25.272395561197637, 28.104510265801693, 31.12980111719915, 34.35443291772687, 37.784500511186735, 41.42641726028298, 45.28678045486481, 49.37203437712583, 53.688678507557626, 58.243166031690485, 63.04184321678568, 68.09089868122659, 73.39631868518403, 78.96392387740421, 84.79895267944266, 90.90614947480967, 97.28934833447653, 103.95131028581773, 110.89420638151705, 118.11940700684222, 125.62746078828982, 133.4180299528266, 141.48825708462715, 149.8317446342067, 158.4399262243052, 167.3013209127639, 176.39990865889615, 185.71509189460588, 195.221808542543, 204.88970411523428, 214.68334732803396, 224.55979206162263, 234.46698697740158, 244.34343072869487, 254.11751977837147, 263.7098497001663, 273.0313649800937, 281.9845192041692, 290.46805116841557, 298.3851299369173], "position_y_true": [299.95093407403425, 299.80362170641365, 299.55788810149716, 299.2135309730532, 298.7704393520253, 298.228900468801, 297.58913699519235, 296.85101489364723, 296.01431079588747, 295.07859355688794, 294.0433437900605, 292.90789253902136, 291.67129502792153, 290.33277933645013, 288.8915520470053, 287.34660795748306, 285.6966933472375, 283.9407291786309, 282.07746447331215, 280.1054256971299, 278.0229940555823, 275.82800487438, 273.51806875204136, 271.090145651436, 268.5407806263116, 265.8659774094262, 263.0607444820134, 260.11946465127875, 257.0366016414319, 253.80605762805428, 250.42066626932652, 246.87252834903265, 243.15339790335565, 239.25391555844325, 235.16379848775503, 230.87272621376323, 226.36899540546634, 221.63954330925236, 216.6694454637071, 211.44219329852712, 205.9405998286951, 200.1463861252541, 194.03976139737662, 187.60030155575922, 180.80597119479833, 173.63166383896598, 166.05072265667133, 158.035012598762, 149.55512730366232, 140.5805129243577, 131.08001054038542, 121.02260164653566, 110.37815533315234, 99.11798667323517, 87.21584680780569, 74.65000913960651, 61.40525861451715, 47.47535101179474, 32.866984786964956, 17.603325803420155, 1.7330160390479836, 0], "angular_position_true": [-3.644547085414999e-06, -5.2882744721550743e-05, -0.0002215760160714717, -0.0006001780985839238, -0.001280138652754763, -0.002302716373505653, -0.0036970796813681787, -0.005565687234187936, -0.007997615518393168, -0.011067221963239102, -0.014820342239849002, -0.019274028075080673, -0.024470501694692906, -0.030406062258418253, -0.037052218645414636, -0.04442920708715098, -0.052536126684596327, -0.0613772139214557, -0.07098670995766407, -0.08147544369588999, -0.09300741139642184, -0.10570458971287693, -0.11968835190671301, -0.13501671564454026, -0.15180143896569104, -0.17006050178426607, -0.18967076597355143, -0.21059513058367435, -0.23290290169893743, -0.25666806255386215, -0.2820159433339103, -0.30909997937128825, -0.33802162843982836, -0.36876503102017055, -0.4013436279711555, -0.4360046276689851, -0.4730060821285207, -0.5125310012575052, -0.5544970430925292, -0.5988870067524897, -0.6459703429896135, -0.6959738985797623, -0.7491177279525965, -0.8058716349219175, -0.8666365375831582, -0.9315170750728631, -1.0007152810215698, -1.0744759662192525, -1.152973623903695, -1.2363604520384843, -1.3250499458257083, -1.4195922359993194, -1.5206370157089715, -1.628800704452572, -1.7445614897328954, -1.8682333174736199, -2.0001193751815594, -2.1409005665762777, -2.290966279899255, -2.4503809885344654, -2.618542013612678, -2.7948012448821715], "angular_velocity_true": [], "altitude_sensor_readings": [296.31735712670246, 295.66227613400946, 294.2348611169199, 306.2442682760539, 299.68301178208975, 293.72366849536695, 296.70313091493705, 295.328501759433, 294.05468228497955, 295.5847142310393, 294.4246307882946, 291.31554271443775, 293.97400648946666, 290.8395008168994, 286.17341403096674, 282.44063746320256, 286.7597847799616, 278.3351656033689, 278.43325743223687, 285.8930410895666, 279.1525835201926, 276.79983978107657, 272.41181171465377, 267.9454855681965, 269.87162162964086, 261.4129726394352, 267.3450355579118, 256.6681758835, 258.68482388167587, 257.79802819322845, 255.594982710894, 245.97018115894227, 244.2194670932742, 236.2256012200366, 231.38833398279908, 233.87784111402394, 232.42348996138224, 219.4249865645753, 214.13489622784024, 212.65888336970391, 205.58347701660475, 202.3212483510981, 201.233472522873, 183.65320072457067, 185.28403864370807, 180.77943942238437, 161.09008470792872, 163.9688825528144, 154.4533392657213, 144.75822807385023, 136.41365066919673, 116.4702843335331, 109.90762641117806, 98.82448246159942, 86.68973825548412, 69.13957979670653, 58.36586996622808, 50.072261457285, 36.27941811163034, 17.926058819713315, 0.5075714594578487, 6.778633056295418], "speed_sensor_readings": [6.4077072216546185, 4.199108044309957, 7.03619840369467, 9.231578439263195, 5.63778122242244, 8.04436601837936, 11.961636110462425, 6.576008235457751, 13.304399926780851, 14.825822329127675, 13.666224314771547, 12.52951462352126, 15.512668945575601, 21.591477693116218, 24.753847448680194, 20.373036434471633, 28.18229456694631, 23.63951689955031, 21.79381668475859, 35.81822482444254, 33.10228514424767, 36.12976212914766, 36.719649604348945, 34.87730687782702, 35.46152340174486, 40.50021893123728, 42.01372449642629, 47.09413476172383, 48.81806361573957, 56.542518909157764, 54.921806247931315, 62.65259866179425, 62.331131769003846, 70.14401158322406, 73.3788850485304, 77.88302256824474, 73.68829733658038, 79.16676437708671, 83.91548322534129, 82.09136645751616, 89.32184191912859, 94.12596002494672, 97.60986884187952, 109.14259313324564, 104.60827214332988, 112.865766999634, 116.9815316078299, 122.27169988827698, 126.42487415758278, 134.769079181346, 136.0653026923168, 144.77729359880905, 146.549073312523, 152.75786778990224, 158.27286478779644, 166.86667474911857, 163.37949944869928, 171.58081481317845, 177.4374970584229, 182.3792439822254, 182.40199765618567, 3.32186013506604], "angular_position_sensor_readings": [-0.49014380872460667, -0.5955426499013607, 0.11614149990707269, -0.4769086458509151, -0.29410909866838736, 0.28926407407744925, -0.6151461032626803, 0.7057985583059959, 0.6923225674479926, 0.153362022917387, -0.2942107397665748, -0.012503385047077398, 0.23787073835773476, 0.17888500130024737, 0.38714507188584624, 0.36762177362089676, 0.10489005983639836, -0.34558810716861255, 0.04155729652140347, -0.12378004533766915, 0.17571204285669684, 0.4168998308099576, 0.005740573064060034, -0.21541341301334016, 0.3699169165040595, -0.12314733979409848, -0.33318646912406047, -0.3107995217676846, -0.2515710349728975, -0.754073746270999, -0.649396471766156, -1.0834746488058697, -0.45619947660518384, 0.027053113345588686, -0.31822779230556564, -0.5303670041937824, -0.2775688236829075, -0.345238681057746, -0.1857624918301068, -0.6580103032113016, -0.7518030598788058, -0.13504799786178168, -1.372071983947289, -0.9952496400996143, -0.25250649438591255, -1.0860585053901146, -1.6930728448945849, -0.46732767741498715, -1.3669344209078644, -1.0717130212961405, -1.5658745114526211, -1.094099058319976, -1.6190307556424246, -0.8794109220550659, -1.395242413037327, -1.66349095128767, -1.6540504391139268, -2.598289215279058, -2.0881512394740023, -3.0602794743123445, -2.032988857301134, -2.184635454218617],