{"position_x_true": [0.0, 0.0, 0.0, 0.0, 0.0, 0.0, 0.0, 0.0, 0.0, 0.0, 0.0, 0.0, 0.0, 0.0, 0.0, 0.0, 0.0, 0.0, 0.0, 0.0, 0.0, 0.0, 0.0, 0.0, 0.0, 0.0, 0.0, 0.0, 0.0, 0.0, 0.0, 0.0, 0.0, 0.0, 0.0, 0.0, 0.0, 0.0, 0.0, 0.0, 0.0, 0.0, 0.0, 0.0, 0.0, 0.0, 0.0, 0.0, 0.0, 0.0, 0.0, 0.0, 0.0, 0.0, 0.0, 0.0, 0.0, 0.0, 0.0, 0.0, 0.0, 0.0, 0.0, 0.0, 0.0, 0.0, 0.0, 0.0, 0.0, 0.0, 0.0, 0.0, 0.0, 0.0, 0.0, 0.0, 0.0, 0.0, 0.0], "position_y_true": [299.95095, 299.80379999999997, 299.55854999999997, 299.2152, 298.77375, 298.2342, 297.59655, 296.8608, 296.02695, 295.095, 294.06495, 292.9368, 291.71055, 290.38620000000003, 288.96375, 287.4432, 285.82455, 284.1078, 282.29295, 280.38, 278.36895, 276.2598, 274.05255, 271.7472, 269.34375, 266.8422, 264.24255, 261.5448, 258.74895, 255.855, 252.86294999999998, 249.7728, 246.58454999999998, 243.29819999999998, 239.91374999999996, 236.43119999999996, 232.85054999999997, 229.17179999999996, 225.39494999999997, 221.51999999999995, 217.54694999999995, 213.47579999999994, 209.30654999999993, 205.03919999999994, 200.67374999999993, 196.21019999999993, 191.64854999999991, 186.9887999999999, 182.2309499999999, 177.3749999999999, 172.4209499999999, 167.36879999999988, 162.21854999999988, 156.97019999999986, 151.62374999999986, 146.17919999999987, 140.63654999999986, 134.99579999999986, 129.25694999999985, 123.41999999999985, 117.48494999999984, 111.45179999999984, 105.32054999999983, 99.09119999999982, 92.7637499999998, 86.3381999999998, 79.8145499999998, 73.19279999999979, 66.47294999999978, 59.654999999999774, 52.73894999999977, 45.72479999999976, 38.61254999999976, 31.402199999999752, 24.093749999999748, 16.687199999999745, 9.182549999999742, 1.5797999999997385, 0], "angular_position_true": [0.0, 0.0, 0.0, 0.0, 0.0, 0.0, 0.0, 0.0, 0.0, 0.0, 0.0, 0.0, 0.0, 0.0, 0.0, 0.0, 0.0, 0.0, 0.0, 0.0, 0.0, 0.0, 0.0, 0.0, 0.0, 0.0, 0.0, 0.0, 0.0, 0.0, 0.0, 0.0, 0.0, 0.0, 0.0, 0.0, 0.0, 0.0, 0.0, 0.0, 0.0, 0.0, 0.0, 0.0, 0.0, 0.0, 0.0, 0.0, 0.0, 0.0, 0.0, 0.0, 0.0, 0.0, 0.0, 0.0, 0.0, 0.0, 0.0, 0.0, 0.0, 0.0, 0.0, 0.0, 0.0, 0.0, 0.0, 0.0, 0.0, 0.0, 0.0, 0.0, 0.0, 0.0, 0.0, 0.0, 0.0, 0.0, 0.0], "angular_velocity_true": [], "altitude_sensor_readings": [291.05465015442593, 301.41810449491385, 298.94234540977317, 299.25643456483925, 302.2029926690304, 297.90290855322104, 303.3871758834141, 293.1922603296228, 300.47222196088563, 295.6991146872981, 296.4188366573436, 294.66427232419414, 294.0050559920405, 293.75037054588034, 294.01590633539274, 288.34843301411496, 289.59326260653876, 281.1708808588682, 282.2187957309149, 281.4465375398099, 279.3128200081626, 271.763802882451, 270.6558670015708, 276.27305409072534, 276.5779884715464, 264.1268325666018, 262.76870246024043, 263.19373159803865, 262.1678122308197, 258.8638753723273, 257.6504932061846, 250.8809245010231, 240.90767417202997, 246.1418329774643, 245.7117068707817, 238.19425030336834, 230.362130484879, 237.17254021054404, 223.01384522707434, 221.9244264760951, 218.77339920873612, 215.46846965893747, 209.817164382705, 202.81815358707243, 198.26008646360276, 192.0246830938019, 186.0665456713953, 191.15796417171845, 181.4833873203157, 176.99486295257316, 172.14881857334188, 162.98790969658626, 159.78673537215997, 165.63200805546987, 155.27476568342496, 142.51890860572158, 140.58104328261015, 137.62215113297574, 133.29878031241384, 125.95669470865712, 116.16444836590952, 107.36135162077827, 111.05267268321802, 94.58569564145685, 95.6962850549743, 86.25510430316368, 78.64956883397518, 70.4436509535954, 67.08986422983526, 59.93966889747208, 48.763504441889545, 48.24458447741082, 37.752255391674254, 38.80296968328168, 23.99396073181538, 19.85206164356327, 12.064329842698832, -5.0053440202379, -4.875319036681194], "speed_sensor_readings": [1.9201654945878976, 7.025680948058614, 1.13462668329926, 3.5512714354753303, 1.4866221281019878, 5.998597324906173, 10.267768648799484, 10.67139008584424, 9.823748956792448, 10.054119240366232, 13.827274186853163, 10.852391692792514, 12.934592195640292, 15.365858701162512, 13.572916225300553, 16.108126582893696, 22.86185305749245, 16.85576077968014, 22.54247774503402, 20.036412899992477, 20.140914655502286, 26.12080140867119, 20.65622348590323, 27.18353377642773, 26.172758912935766, 20.590141862077704, 28.146871796770828, 24.39410777997867, 30.528280374633034, 21.824148994766823, 34.78447489294905, 30.449184653835193, 31.968139313636783, 35.312294805774854, 34.09124288702205, 38.35898643174005, 39.04544086541272, 37.995546702220935, 35.92403147264983, 40.288726774832185, 35.650247066413925, 39.63892979513692, 39.395856143734065, 40.52618823189343, 49.5069512544791, 49.013409579881454, 43.17622752316182, 46.42075838547922, 52.98425737009531, 48.31338147889498, 52.70245361049719, 46.83226231730826, 48.71215795462466, 56.55626432398272, 55.911347488198786, 56.72000563245701, 59.68879922331695, 59.46293067978313, 60.86318859708709, 58.24522363432464, 64.06755531029943, 57.0878041528316, 67.2043424681367, 63.006642924362104, 69.05086722850638, 61.02030268697076, 70.84466636954602, 61.485281691511105, 68.84259756355178, 69.54761328471271, 62.31668005875648, 70.3694107416488, 70.97686721685051, 69.98931114483149, 68.69226044314387, 74.84588040160024, 72.07142637708824, 75.84496541225137, 0.6855751194519614], "angular_position_sensor_readings": [-0.20661970495992726, -0.30124501689246147, -0.32538780369330667, -0.4434981233411039, -0.23594753095266574, -0.2445448276199511, 0.5481871639174455, 0.2979764099779895, 0.028905156044537368, 0.10441604021138684, -0.3654253370437679, 0.0018019637190647459, -0.05183261427441452, -0.0020692366259025346, 0.06646498125726456, 0.47660869470109646, -0.31203793278910014, 0.3474075240969694, 0.3712832249994934, 0.44782329952161853, -0.05803321634395234, -0.30835393252001553, -0.22767375957265212, 0.15750086444008404, -0.08174409716979514, -0.6354189586286507, -0.8545259538374266, -0.5223121146910911, -0.7249082478523746, -0.6168202151058674, -0.07445974885967566, -0.3683305998500781, -0.0399888843856951, -0.2118116348132928, -0.04602093324689354, 0.5430878914712316, -0.26561836014181645, 0.009156982404276582, -0.07130786238961971, -0.2931528646894912, -0.03130802568025279, -0.5378533259469264, -0.1846523199756887, -0.032745725453753614, -0.10999530315159474, -0.32156136098725363, 0.12704603375719783, 0.46253169011632017, -0.8175842604192982, -0.1743185776657733, -0.4469098313814215, 0.3529272746623386, -0.14695623305454908, 0.013935293955729925, 0.28861817534870127, 0.1826557300768955, 0.7481663544242662, 0.12174170077843205, 0.44613056963785, 0.28016521821818424, 0.4715434860305064, -0.07911105352092891, 0.13591785126173966, -0.5540111099041021, -0.09992447819641759, 0.4173086311944082, -0.21964343165344433, 0.26485659239140025, -0.07422306247805892, 0.2777379009460574, -0.215868653136284, -0.5355647838929113, 0.29403514663046576, 0.5233593128714678, 0.49191218780869017, -0.4476437847115806, 0.27256263042714907, -0.7753263751095889, -0.41434777798660866],