{"position_x_true": [0.0, 0.0, 0.0, 0.0, 0.0, 0.0, 0.0, 0.0, 0.0, 0.0, 0.0, 0.0, 0.0, 0.0, 0.0, 0.0, 0.0, 0.0, 0.0, 0.0, 0.0, 0.0, 0.0, 0.0, 0.0, 0.0, 0.0, 0.0, 0.0, 0.0, 0.0, 0.0, 0.0, 0.0, 0.0, 0.0, 0.0, 0.0, 0.0, 0.0, 0.0, 0.0, 0.0, 0.0, 0.0, 0.0, 0.0, 0.0, 0.0, 0.0, 0.0, 0.0, 0.0, 0.0, 0.0, 0.0, 0.0, 0.0, 0.0, 0.0, 0.0, 0.0, 0.0, 0.0, 0.0, 0.0, 0.0, 0.0, 0.0, 0.0, 0.0, 0.0, 0.0, 0.0, 0.0, 0.0, 0.0, 0.0, 0.0], "position_y_true": [299.95095, 299.80379999999997, 299.55854999999997, 299.2152, 298.77375, 298.2342, 297.59655, 296.8608, 296.02695, 295.095, 294.06495, 292.9368, 291.71055, 290.38620000000003, 288.96375, 287.4432, 285.82455, 284.1078, 282.29295, 280.38, 278.36895, 276.2598, 274.05255, 271.7472, 269.34375, 266.8422, 264.24255, 261.5448, 258.74895, 255.855, 252.86294999999998, 249.7728, 246.58454999999998, 243.29819999999998, 239.91374999999996, 236.43119999999996, 232.85054999999997, 229.17179999999996, 225.39494999999997, 221.51999999999995, 217.54694999999995, 213.47579999999994, 209.30654999999993, 205.03919999999994, 200.67374999999993, 196.21019999999993, 191.64854999999991, 186.9887999999999, 182.2309499999999, 177.3749999999999, 172.4209499999999, 167.36879999999988, 162.21854999999988, 156.97019999999986, 151.62374999999986, 146.17919999999987, 140.63654999999986, 134.99579999999986, 129.25694999999985, 123.41999999999985, 117.48494999999984, 111.45179999999984, 105.32054999999983, 99.09119999999982, 92.7637499999998, 86.3381999999998, 79.8145499999998, 73.19279999999979, 66.47294999999978, 59.654999999999774, 52.73894999999977, 45.72479999999976, 38.61254999999976, 31.402199999999752, 24.093749999999748, 16.687199999999745, 9.182549999999742, 1.5797999999997385, 0], "angular_position_true": [0.0, 0.0, 0.0, 0.0, 0.0, 0.0, 0.0, 0.0, 0.0, 0.0, 0.0, 0.0, 0.0, 0.0, 0.0, 0.0, 0.0, 0.0, 0.0, 0.0, 0.0, 0.0, 0.0, 0.0, 0.0, 0.0, 0.0, 0.0, 0.0, 0.0, 0.0, 0.0, 0.0, 0.0, 0.0, 0.0, 0.0, 0.0, 0.0, 0.0, 0.0, 0.0, 0.0, 0.0, 0.0, 0.0, 0.0, 0.0, 0.0, 0.0, 0.0, 0.0, 0.0, 0.0, 0.0, 0.0, 0.0, 0.0, 0.0, 0.0, 0.0, 0.0, 0.0, 0.0, 0.0, 0.0, 0.0, 0.0, 0.0, 0.0, 0.0, 0.0, 0.0, 0.0, 0.0, 0.0, 0.0, 0.0, 0.0], "angular_velocity_true": [], "altitude_sensor_readings": [305.19667757520216, 305.9572982592957, 302.60975180332525, 298.52694724534706, 302.8385403292608, 306.66378906094366, 289.9212624306565, 301.99921240200393, 293.6506943596954, 295.2382189059856, 295.7511773863506, 288.67134523552136, 290.46051919657145, 285.2651515634024, 294.0376987770124, 292.00693557832193, 285.33699812149285, 284.1033832182427, 281.81359418078785, 283.38824734191275, 280.5139802335436, 277.0809278634213, 276.4360120556744, 276.90078437306323, 273.7293829883186, 269.50581321861137, 264.74442814889017, 262.58266468265856, 262.7262011508106, 248.01701206236237, 254.6862239389469, 244.34860005507355, 247.98465717548382, 237.7761297698565, 239.19765481527716, 235.8981980981499, 235.25557717248785, 232.74317881878085, 224.69413802366506, 215.44107493388105, 210.34231831611487, 217.18630058411216, 213.49147418829608, 209.57982666051993, 194.7910414655946, 190.87870006838497, 195.29174775552195, 190.01349162410588, 179.01929314439613, 179.6270765869266, 165.04778152530147, 166.3583229804196, 161.4794375825411, 154.2968101264487, 156.75682228816078, 144.1275056181271, 134.00308526796107, 136.56746958951317, 124.81861317701502, 129.35597263690528, 115.33286997088643, 114.35126673793961, 101.23332882843859, 94.2080565599856, 86.1679260381987, 83.5460539576408, 83.90292925984772, 72.19674902201126, 61.84736123137208, 57.491256713747326, 62.961899614592326, 45.2484512509122, 40.662221794533025, 31.442929656495412, 22.237821502317786, 18.705368769564195, 9.56934801013499, 0.19965649246410222, 4.768862338055934], "speed_sensor_readings": [1.8661449159873702, 1.4017560694175824, 5.588719077783875, 0.5781139258628594, 11.213591355473994, 4.6333301412735555, 7.396726116834606, 13.117738000847705, 9.95881208947948, 10.795671156532919, 12.70166725731183, 15.94398372754172, 13.464347559305473, 10.347382767523067, 13.314391063758665, 15.610150088311467, 16.55960178967537, 16.649361675573424, 18.351258689329267, 21.631830638613163, 18.973371666609005, 22.594315995496206, 20.050798947030216, 22.672095676118186, 29.020893174593937, 23.165872317610347, 27.084019092603807, 25.55296175855848, 30.675400892250792, 31.16688650633145, 31.521115221209694, 31.054710368015115, 30.00459966975966, 25.76035331743929, 36.77472608928755, 34.98766839412532, 31.897025350163034, 37.96021524512083, 34.55052627421933, 44.07970463964338, 40.1726083749085, 36.184837608320535, 44.15993819953741, 43.575145471803424, 45.674257331364636, 46.44187990277881, 46.3069496119302, 44.79013476747598, 44.82174584548286, 47.316304447097444, 48.71523881388315, 50.71381878592158, 51.49007107817789, 50.87330039680346, 52.08152294080709, 54.54716459741544, 55.62141382171144, 57.600949239863, 55.745611416952734, 54.91018082416485, 59.95736799364889, 57.83273623791007, 62.36479754825314, 60.732972494035195, 66.75677820113386, 69.18304407556721, 68.24357924111962, 66.92064927991972, 58.37940709206774, 67.77790216707233, 72.16457879580628, 69.9091015571179, 75.05677719317647, 73.68396421019735, 73.49575803674405, 76.89852874578669, 75.92923344307646, 79.50649744627145, -1.7851634416095106], "angular_position_sensor_readings": [-0.5794692385785886, -0.374599072856218, 0.338859362640485, 0.28681310446411834, 0.0690931157469901, -0.32693577410669783, -0.32181020412469913, -0.19765443455409562, 0.06811531500240624, 0.40362391242385115, -0.5918366633637275, 0.30142290416557815, 0.24296843267566326, 0.21335685649406388, -0.7456256907383583, 0.123431384577935, -0.4009341556621979, -0.29164818627322403, 0.1982229056568114, -0.5820734108723952, 0.16675234131830047, 0.17195370989456144, -0.02626240110240108, 0.1388909897993398, -0.5650604368441003, -0.12407588226473272, -1.3495411340723162, 0.15964697423968, 0.2526055686048272, -0.394103734438032, 0.7810814570527037, -0.17332928200793962, -0.23129042574741676, -0.7376260810794109, 0.05603066089325925, 0.6923578296056254, 0.017955509503889005, 0.7068737195631796, 0.40299247281368483, -0.6635065611027032, -0.13429908034930593, 0.09422410387663338, 0.9840741830385169, 0.38602476592249035, -0.31944663493413933, -0.17932530014530834, 0.4301158141297114, 0.45119654638320594, 0.1820773329030025, -0.5436796531212243, 0.7165408210100792, 0.15345641184164305, -0.0808164916736943, -0.45656923840957647, -0.13424860864845753, 0.02886451581526401, -0.11452909723996818, -1.0297958818895554, -0.1686357515197328, -0.0315100610632025, 0.10888713080793296, -0.4800479746592287, -0.21681017254350732, -0.028285076128020472, -0.2623670007718599, -0.25912351555370516, 0.3446099749417097, 0.09583502085461487, 0.18237341143448382, -0.5890481064870169, 0.4048526798395, -0.8869757906914497, 0.20633855577961593, 0.015471922596344194, -0.18852270750978678, 0.7243713753868812, -0.4073009397234641, 0.09922823346154713, 0.018038850701102196],