{"position_x_true": [0.011281439162740055, 0.05649705037443018, 0.15846489911788378, 0.3401545073593575, 0.6206402222901447, 1.0152884109005818, 1.5397347742596497, 2.2097953062086186, 3.041401550732523, 4.050200418620804, 5.2435947924600805, 6.620177260584214, 8.176684702698749, 9.907455554407003, 11.805059385883526, 13.858848234949917, 16.053944448513604, 18.370501867816778, 20.782818382457503, 23.26037861106942, 25.767058188683883, 28.262121183606975, 30.702163247842932, 33.042932572990615, 35.238241478637335, 37.24134695511979, 39.009391576214, 40.50719494327885, 41.7414751321732, 42.72398406386062, 43.44713164053466, 43.92914151519531, 44.21595009595603, 44.37881463546201, 44.49912473699488, 44.681299661943775, 45.04362195801638, 45.68763164365344, 46.650133686730086, 47.949064981538015, 49.61206998057126, 51.598896099803284, 53.816835001449434, 56.139031300226016, 58.41184753809326, 60.47575813280026, 62.188975393703565, 63.45457096435087, 64.23172616002033, 64.60334438635805, 64.81689501076737, 65.03044563517669, 65.24399625958601, 65.45754688399533, 65.67109750840466, 65.88464813281398, 66.0981987572233, 66.31174938163262, 66.52530000604195, 66.73885063045127, 66.95240125486059, 67.16595187926991], "position_y_true": [299.9470583135269, 299.7843802035978, 299.50427896423264, 299.0992251247954, 298.56495009809345, 297.9000187865094, 297.1020296704432, 296.16702773911845, 295.08779970530213, 293.8524524249201, 292.4483691237929, 290.8633952036333, 289.0825573292933, 287.0884731995413, 284.8640382447931, 282.3907449000952, 279.64843400161396, 276.616979746362, 273.2766745737962, 269.6106061476419, 265.6058463278226, 261.2549365534072, 256.5577299294013, 251.52227733425076, 246.16635450358254, 240.51933980981107, 234.623433247502, 228.53380305536626, 222.29485688080032, 215.9587801043906, 209.6072454314018, 203.32693261022976, 197.20060001781715, 191.28944007002357, 185.63237404733155, 180.23476468600143, 175.0618528422077, 170.04916403834537, 165.1136772765263, 160.1447781007709, 154.99323021399505, 149.53960386703605, 143.69323103516473, 137.3739435587286, 130.5541144075647, 123.26898055344934, 115.61750217131397, 107.7510295889331, 99.87177127545732, 92.13944838145613, 84.45356624109668, 76.66958410073723, 68.78750196037778, 60.807319820018336, 52.72903767965889, 44.55265553929944, 36.27817339893999, 27.905591258580543, 19.434909118221096, 10.86612697786165, 2.1992448375022065, 0], "angular_position_true": [-0.0008118748260774967, -0.004055652954177505, -0.0113891675822461, -0.024625821453514184, -0.04487463780603979, -0.07244162815254195, -0.10773494956520062, -0.1512750909047327, -0.20341282360121687, -0.26416280622957666, -0.3336825222371438, -0.4123924875672484, -0.5004779380273761, -0.59795324023656, -0.7052130111208184, -0.8225516030709572, -0.9500579985816314, -1.0878090637865434, -1.2356685609701723, -1.3935606839664607, -1.5613715932715149, -1.7389868342799664, -1.9265949787412346, -2.124879443462192, -2.3343411789909823, -2.555200164270699, -2.7876178956436948, -3.031700174659831, -3.2826288218458792, -3.536717400832837, -3.7964193506009933, -4.064371337942551, -4.343750917392375, -4.636669609702436, -4.942620708677127, -5.262310504933747, -5.597837235591549, -5.950127121257289, -6.312985135043011, -6.681396477201896, -7.05887871317889, -7.4437061599146634, -7.832133604514653, -8.223831884808392, -8.618672469288182, -9.016611514570025, -9.41746424477385, -9.821390856183728, -10.23131836619408, -10.647195288285484, -11.064661321962943, -11.4821273556404, -11.89959338931786, -12.317059422995317, -12.734525456672776, -13.151991490350234, -13.569457524027692, -13.98692355770515, -14.404389591382609, -14.821855625060067, -15.239321658737525, -15.656787692414984], "angular_velocity_true": [], "altitude_sensor_readings": [304.2956730664911, 304.23008312979096, 301.6938804903588, 296.85257248269085, 301.0948204235611, 297.217404189476, 293.28750359268474, 293.1405071943321, 296.2594266492884, 290.8845712070828, 293.4129671759343, 291.8224411564706, 289.9717556478828, 293.1378827172837, 287.6275907279627, 284.90259617817964, 275.0115627732551, 285.76796953865227, 278.23762476187767, 272.39317632387304, 271.92816684777677, 262.659262132946, 260.2027734585268, 259.2438878564452, 244.07257161436195, 238.75340183439627, 237.08849298011134, 230.44665702194905, 221.15547346274886, 218.85478748077858, 201.2654934158622, 203.9867281930773, 197.68773855879675, 188.28149289443024, 176.08765182312777, 183.2518109102253, 171.63024425201837, 169.05655961505008, 164.58638309508706, 159.72471782512145, 150.09369858091048, 147.45383132614117, 139.47463564289276, 137.96671709082784, 126.69778161646337, 119.22145537054196, 113.21275585647233, 106.8668215436832, 96.47329319751171, 88.74581641790266, 86.3139381498362, 77.57348355550263, 69.63413957171515, 71.01135819725678, 52.15325086383056, 43.85704153352178, 31.966557672155165, 25.662704721821335, 19.680928770292017, 4.564704600939084, 3.5133456827056095, 0.39013440453021103], "speed_sensor_readings": [0.17064807921035863, 2.0003109433956987, 5.497144679595058, 0.3307922796489349, 4.487238705061769, 6.142771579272921, 3.334520546697501, 9.855832929726521, 14.011090283602048, 14.89089072163295, 22.98320629346186, 26.734581433037864, 23.37496588449274, 27.002488353574858, 38.173362653632104, 38.76781828433906, 37.28745967098769, 34.85987770933223, 40.02749979337, 46.802504191871215, 47.23436209335314, 52.834139433588064, 52.041159066268506, 50.47149902736085, 55.19642581096615, 62.629144795463915, 64.86324807883534, 63.13625439365638, 58.22085966303981, 63.41478085407712, 64.38623455225678, 62.89390070710382, 60.148557399027396, 58.218398857547356, 60.34233084830748, 56.107729863107856, 56.00377171260971, 54.04455827787452, 48.95080811992653, 50.474585142951945, 48.85973376073213, 60.98465919860257, 69.14550152532698, 74.51621092558976, 78.67861293125978, 72.53871242529033, 82.02375229304073, 82.86759426172556, 73.20662402080953, 80.37227105211723, 78.39990070369576, 72.8466218686544, 82.0381039853176, 82.41354501498869, 82.17825037679792, 81.68264399047088, 84.11832716902038, 86.04280298724495, 82.45438923932487, 84.7461301624978, 83.94948073701754, 7.20733108041005], "angular_position_sensor_readings": [0.25131055565207044, 0.9360392658936957, -0.7877108986543628, 0.7312449776693147, 0.5621182390690065, -0.43532653459625975, -0.10993465321939033, -0.990005347013643, -0.7362453376148574, 0.08776730017461498, -0.19359201131431553, -0.3581352939004244, -1.0601101271525613, -0.6474600863018889, -0.2953899485111551, -0.7285895593591291, -0.8550363816841826, -0.689111089444708, -0.9916004607370748, -0.7428788620129387, -1.2593537160359014, -1.7344633545111026, -1.6727077127711638, -2.3928050135268952, -2.2913140521772593, -2.601051778455281, -2.792262790523341, -3.0484682386414947, -3.6352737513273734, -3.3622314331817083, -3.966743268615373, -4.164087242156219, -4.0765677141299825, -4.394761372031047, -4.534846954579775, -5.343789892804115, -5.326301630342531, -6.217229701066135, -6.441959021539592, -6.833926205387507, -7.4398931700231605, -7.065655837396068, -7.536632049149738, -8.399744044154875, -9.364986919219566, -9.060615303869984, -9.201966630823087, -8.91612409086282, -10.454749421334803, -10.575706278372754, -11.213889054517214, -12.201146560209832, -12.16953264722015, -12.463495642318666, -12.51079284405586, -13.130962974057347, -13.533508712479632, -14.172099883610816, -14.422119542294729, -15.465405866507783, -16.03256811892767, -15.814700520572718],