{"position_x_true": [0.013226697689756263, 0.06611586223616539, 0.18519563738607692, 0.39725089893485777, 0.7255342438794692, 1.1898010071146983, 1.8101608402111586, 2.6069619537411275, 3.6008523229045615, 4.812815309706812, 6.255993380418898, 7.9343829211437935, 9.850383721644642, 12.004350849787134, 14.392999782614131, 17.00911033964536, 19.84095845044045, 22.870425339128523, 26.07173153799411, 29.411762499416174, 32.84899912179232, 36.33076714985705, 39.79455023075361, 43.168959193485165, 46.37422839377032, 49.32437157406743, 51.93206890320118, 54.11349167635921, 55.793602066517366, 56.915356303467625, 57.448569202672424, 57.39965403287093, 56.82172049191984, 55.821708266521036, 54.56368846793708, 53.27087974484008, 52.21590348148324, 51.6978247631686, 52.00922525188902, 53.38528059125675, 55.59776904259732, 58.06659492927648, 60.53542081595563, 63.00424670263479, 65.47307258931394, 67.9418984759931, 70.41072436267225, 72.87955024935141, 75.34837613603057, 77.81720202270972, 80.28602790938888, 82.75485379606803, 85.22367968274719, 87.69250556942634, 90.1613314561055, 92.63015734278466, 95.09898322946381, 97.56780911614297, 100.03663500282212, 102.50546088950128, 104.97428677618043, 107.44311266285959, 109.91193854953875, 112.3807644362179, 114.84959032289706], "position_y_true": [299.9469419743872, 299.7835744180604, 299.5011581938103, 299.09072095801747, 298.5465158894608, 297.86604127989676, 297.04515664440174, 296.0766540205039, 294.9513250984234, 293.6573919786291, 292.1818807980314, 290.5091945648349, 288.6207366808073, 286.4955964502121, 284.10831705215816, 281.4305320741248, 278.43168474362346, 275.07897226472306, 271.33849316407185, 267.17717592690155, 262.56429561033656, 257.47324738160114, 251.88449566633176, 245.78867623329913, 239.18995260184104, 232.11049451731407, 224.59269945887797, 216.70263610063714, 208.53275213997205, 200.20071977952776, 191.84743624349028, 183.63135793414204, 175.7208963668708, 168.28009366710677, 161.4494479441629, 155.3253545470439, 149.93362012387752, 145.20280988430244, 140.94108635654848, 136.8235038579567, 132.55752447952582, 128.12010308917684, 123.58458169882785, 118.95096030847886, 114.21923891812986, 109.38941752778086, 104.46149613743188, 99.43547474708289, 94.3113533567339, 89.08913196638491, 83.76881057603592, 78.35038918568692, 72.83386779533792, 67.21924640498894, 61.50652501463995, 55.69570362429096, 49.78678223394196, 43.77976084359297, 37.67463945324398, 31.471418062894983, 25.170096672545988, 18.770675282196994, 12.273153891848, 5.677532501499007, 0], "angular_position_true": [-0.0008078277666229373, -0.004038142699702007, -0.011267643463338414, -0.024152241365958428, -0.04355184096104643, -0.06961428576243572, -0.10251347826271412, -0.14227239823263668, -0.18909673619124842, -0.24332665776686324, -0.30546710746769423, -0.3758446421903661, -0.4547834089006632, -0.5427497196440785, -0.6398889284047198, -0.7463315847836598, -0.862234029388186, -0.9876612310961009, -1.1226658451685094, -1.2674165495976757, -1.4221651200030725, -1.5869946648621687, -1.7619883770460112, -1.9472264096131218, -2.142765519107389, -2.34864856173404, -2.565151455169902, -2.7926582103829087, -3.031399124172651, -3.28167617335539, -3.5438500610747514, -3.818502214247588, -4.106160062282527, -4.407459823637527, -4.723416242210115, -5.054913192024051, -5.4028888837454625, -5.7686398852282395, -6.153423756488163, -6.558428957165027, -6.973750256252469, -7.3889703762983965, -7.804190496344324, -8.219410616390252, -8.634630736436181, -9.04985085648211, -9.465070976528038, -9.880291096573966, -10.295511216619895, -10.710731336665823, -11.125951456711752, -11.54117157675768, -11.956391696803609, -12.371611816849537, -12.786831936895465, -13.202052056941394, -13.617272176987322, -14.03249229703325, -14.44771241707918, -14.862932537125108, -15.278152657171036, -15.693372777216965, -16.10859289726289, -16.523813017308818, -16.939033137354745], "angular_velocity_true": [], "altitude_sensor_readings": [306.7909152377598, 299.21655189211845, 299.3668539189927, 302.1955449706173, 294.2197709609724, 292.31963929642575, 301.49194379474, 290.6349776823842, 300.9856014284828, 289.9396182235377, 288.02325349254886, 297.0714629177375, 289.6146489247362, 286.2152081941867, 288.5043794782591, 278.95049190126593, 270.6790656282627, 274.8469390766285, 273.4970217499819, 270.69198776178865, 260.54202151055443, 256.6839639309551, 257.4653293894925, 244.78970441787308, 237.4767702164473, 232.5752890329097, 224.6825456388901, 214.80353076882437, 208.52171454517583, 205.5904889539626, 192.280780879074, 185.21759706216122, 171.24716021427975, 170.42805788609556, 153.8006748544741, 153.34150912734546, 142.48553514048388, 142.0342261770458, 135.8192815916, 130.39355126601262, 130.4657874083039, 125.32143659731997, 126.38518977875015, 115.62258584549295, 121.32625010273527, 106.80482305054547, 106.26693750792218, 104.32858748442086, 91.99434014273282, 83.6953160910995, 80.86884542600836, 78.12492177754453, 74.40861378833445, 70.66214191059721, 60.22171935699119, 55.08827104591906, 49.16160164356571, 46.075447847852594, 32.58877887664845, 30.11683463621147, 25.342837594240464, 22.495667191076095, 9.95340572597214, 6.962015140807841, 8.619913296783091], "speed_sensor_readings": [2.6077099405441104, 6.256931264313037, -1.4457092341065874, 5.056888969787041, 9.25521478559301, 14.272994554727909, 7.772729854531157, 16.381539855105398, 16.439910079014133, 15.355049924590759, 24.129442259226657, 24.92426187275531, 32.01837780377757, 34.995605024757324, 39.63816939336447, 38.17132742984896, 44.15152781388577, 47.53217324547839, 53.70970163737152, 57.13429980658949, 61.3884872199666, 55.689344271732516, 63.296376078927736, 76.22184935341754, 77.21169913263637, 85.42649637681059, 79.88490864201128, 82.92679191767901, 86.35544939141941, 87.23211194338138, 86.8646090109782, 81.05340825068012, 77.15244777890643, 71.52865297110966, 65.6235563042667, 60.07983171678015, 51.527052767651554, 47.99319436097874, 39.399687407351514, 47.29062123135895, 55.43823271114711, 48.3228444795266, 47.90055471746477, 51.363320734766035, 55.8806318747677, 50.35512249109218, 53.36977009128055, 51.70995525721472, 60.02137676803131, 58.64158743801243, 60.2422242455572, 63.69921046365891, 61.953078409257465, 62.6225673611653, 59.770465974823686, 64.86791202848732, 67.37805285563266, 62.68010660977441, 66.44867601586893, 65.88090723190166, 69.1008634950073, 68.83585958162176, 69.33127246741638, 70.08681744511594, 5.047629294958831], "angular_position_sensor_readings": [-0.4456968454420958, -0.17230862079614104, -0.10753774714788836, -0.485466836840749, -0.03706667383023911, -0.315800622589877, -0.6480322811802952, -0.2804517013287591, -0.45487391277436773, -0.8455200200799006, -0.0818466164901451, -0.7133463054077485, 0.16691429551058384, -0.46892843142694307, 0.09273735132775085, -0.10946143003005271, 0.14395916772982864, -1.0042909669426938, -0.6205484897793798, -1.4566668366316473, -1.6580984842417448, -2.3966495423999303, -1.1446709255568466, -2.05527505909886, -1.860110484769106, -2.033550711233256, -2.134152430507043, -2.5934227627197783, -3.38407384086962, -3.8710542960798833, -3.531279715803747, -3.8785232228124014, -4.828888119685667, -4.555252246698885, -4.825623455472333, -4.84881111108522, -5.981157467427362, -5.107606581551391, -5.54884486808409, -6.027562965155572, -7.707152772636935, -7.211896264653651, -7.9428216879383156, -8.064456178198517, -9.127761451037543, -9.148647482659785, -10.034248393276968, -9.229691996462464, -10.123762374580945, -11.371416592966169, -11.505233145096616, -11.155867560142516, -11.944336252941314, -12.565135944595928, -12.966992506298096, -12.649662941890607, -13.025792759114749, -14.273671072942669, -14.649852127150991, -15.194509985367663, -14.24041672454278, -15.935788239219534, -16.886889194687086, -16.535401396472064, -16.494354885379487],