{"position_x_true": [0.009361310124419693, 0.04683753957518892, 0.13129018653230778, 0.2817813667996434, 0.5176722189449341, 0.8587268070389138, 1.3252179317571917, 1.9380281537024464, 2.7187834544258873, 3.690048519459238, 4.867394666423048, 6.259013449064335, 7.873427614446861, 9.719534011751982, 11.806611744380238, 14.144369913535758, 16.742959185020453, 19.612972727734125, 22.7655404876886, 26.21238073473766, 29.965733918465997, 34.0385029671924, 38.4443721672493, 43.19797213608299, 48.32109381743515, 53.84300987222549, 59.795007015894875, 66.21081055711008, 73.11977273914198, 80.54593361662259, 88.51431496011998, 97.050024596242, 106.1765384376877, 115.9142509690029, 126.27630139405423, 137.26520642150265, 148.8677563944415, 161.04514906470197, 173.7251260665338, 186.78934002888593, 200.01021332239864, 213.15552259274187, 226.06194665652785, 238.55361382658043, 250.45842095379226, 261.6707692067663, 272.52500053551256, 283.3792318642588, 294.2334631930051, 305.08769452175136, 315.9419258504976, 326.7961571792439, 337.65038850799016, 348.5046198367364, 359.3588511654827, 370.21308249422896, 381.0673138229752, 391.9215451517215, 402.77577648046775], "position_y_true": [299.9510196728204, 299.8040709823945, 299.5590116818252, 299.2155173693724, 298.77330925150466, 298.2324654948731, 297.59294638905425, 296.8533712824562, 296.01195260084046, 295.0686554261043, 294.0261017579537, 292.88734286115994, 291.6527156486868, 290.3219044434775, 288.8944086609809, 287.3700943151743, 285.7516149808106, 284.04265381501125, 282.2455848295973, 280.36203525529993, 278.3954876560055, 276.3496218858796, 274.2271040253288, 272.02834705387653, 269.7468599494016, 267.3737589310993, 264.9004653125393, 262.31539858560507, 259.6072484008967, 256.76410388026835, 253.76470239692716, 250.5740207200802, 247.144002849124, 243.4155325647736, 239.3138944444145, 234.74917131299992, 229.6169303559971, 223.7937910085886, 217.14326980866042, 209.5216425265638, 201.01806530165638, 191.78875014786817, 181.84325413740166, 171.24271234464317, 160.11123458897703, 148.61759468947562, 136.93884409308728, 125.16199349669894, 113.2870429003106, 101.31399230392225, 89.2428417075339, 77.07359111114556, 64.80624051475722, 52.44078991836888, 39.977239321980534, 27.415588725592194, 14.755838129203854, 1.9979875328155146, 0], "angular_position_true": [-1.4778234849699805e-05, -5.7530307054124876e-05, -9.845032900862054e-05, -6.962480834777821e-05, 8.738848414188125e-05, 0.0003577326568913341, 0.0007551348478397799, 0.0015794875598590307, 0.003226878568492136, 0.005756802725965696, 0.008719258052366135, 0.011612689610820614, 0.014513583867713856, 0.01764141260849711, 0.02126616553087796, 0.025613687954386684, 0.030398288540997638, 0.03518327054685197, 0.039828877289089154, 0.04436504005251217, 0.048482807273234264, 0.0518501302417773, 0.0543262577345454, 0.05616840984254341, 0.05667525632808333, 0.05321263500967271, 0.04262238830373239, 0.021566901242329295, -0.012034640297917933, -0.05918699101360817, -0.12079750700976324, -0.19720756763389968, -0.2886132784649285, -0.39563091791951677, -0.518877139521158, -0.6592812510082553, -0.8182834904215395, -0.9970155725940086, -1.1968011102661227, -1.4188259963857142, -1.6622819564293678, -1.9261318007793768, -2.210961872554503, -2.517406925121355, -2.845899802894594, -3.192437771809534, -3.5458902590941612, -3.8993427463787884, -4.252795233663416, -4.606247720948043, -4.959700208232671, -5.3131526955172985, -5.666605182801926, -6.020057670086554, -6.373510157371181, -6.726962644655809, -7.080415131940437, -7.433867619225064, -7.787320106509692], "angular_velocity_true": [], "altitude_sensor_readings": [295.91038432269494, 310.363463282056, 293.7347738258019, 297.263427611522, 302.0863907178107, 305.7442738799935, 297.8618924466278, 297.190930688345, 298.43831416401844, 295.3876315051711, 300.4975292493196, 293.00007658643693, 291.1805026821849, 291.3817900702078, 286.5143223151994, 285.7410684504727, 286.7678804223772, 283.9387722613124, 275.4255803212644, 273.50724555111447, 274.42964781030304, 277.21172240287103, 275.3610932822728, 270.71359357369585, 274.9921338530841, 270.85804168288223, 270.8482824714714, 261.8984597168064, 258.5240638035424, 258.4668252822547, 254.0209172616688, 249.7537705553461, 259.13552729381877, 234.58410091554853, 241.22029760116396, 232.6761667140524, 230.5336932098431, 224.0587351108856, 211.93611988208664, 209.5468753776471, 203.12653784405867, 188.91716020548606, 178.08583704558987, 167.23632973236843, 160.70184113343464, 156.54778175766626, 137.66620640228538, 128.42713996065427, 117.98110421448175, 97.18822297963712, 94.52883383430697, 72.66461434607052, 71.78855490660331, 62.731995922099124, 40.266503497992744, 31.115516687836127, 15.768170256128476, -4.873129691391177, -1.9606306570597043], "speed_sensor_readings": [-0.46434995489139463, 2.640965005700253, 2.8659669901146008, 2.231392512472853, 0.44572863338489377, 8.946643807794052, 7.464325410117218, 15.908682543985549, 12.0742012876146, 16.94129879933539, 15.427211255593082, 13.271301186736412, 19.483663964330276, 21.373816570069614, 25.69165877907568, 29.522038252409626, 32.69750181582672, 34.635259231852054, 34.25954906305204, 39.827503272582085, 43.486372869477414, 45.14704307988712, 50.561090589573325, 50.77021009291436, 61.50356056287271, 66.94548762535896, 65.65792882078772, 80.9837164579925, 79.62827925571514, 82.07555701078792, 90.00037133347563, 94.910553464919, 101.30647591535677, 104.24407455119649, 113.44199372875873, 118.02454076574682, 131.20778174277902, 140.686463011177, 151.56842395622445, 155.9616724360098, 160.18724551372378, 164.7285108369094, 161.11182516396659, 172.06040990712523, 161.4072904600207, 164.85925992686202, 159.41473554378047, 159.10497906173637, 156.88852469598422, 161.25324611679864, 165.84643102947666, 160.24551198261804, 166.9433373070296, 164.44369238105878, 169.24700536975118, 169.2299389544291, 172.03000531293216, 173.5395799444315, 3.5715401807085834], "angular_position_sensor_readings": [0.27122891720587927, -0.3320736852126753, 0.7839858146135114, -0.3488917095124165, -0.31198686684892096, -0.6585095954278408, 0.29973986573478995, -0.3835804601083053, -0.1116205238311445, -0.19841838043390037, -0.0846931599426743, -0.23420429557418132, 0.08761538579539943, 0.2512712083242449, -0.1630965393498477, 0.2117523667155375, 0.42229785014111604, -0.5191191458089791, 0.04122271207591406, -0.6392283259421325, -0.09714676930529798, -0.0865057048464359, 0.7080601277213008, 0.3576012742679352, -0.09534965695160964, -0.39317580556482956, -0.037667363143309075, 0.3043781584856429, -0.24432425034364938, 0.41636958573100835, 0.5044029525032914, 0.17795078224445238, -0.26434988344028637, 0.058990516141988414, -0.7073219707217856, -1.1418875245496733, -1.375266963209262, -1.4710333242114626, -1.0311406353931103, -1.478860002616463, -1.6333535585334695, -2.1559659699143343, -2.336906910084245, -2.5674241959362205, -3.215468613437322, -3.1399503274574254, -4.220403548288392, -3.172804229299613, -4.514429150370538, -4.632342456531271, -5.224827348202276, -5.172912055014398, -6.214395051597559, -6.440600412548634, -6.016209953132609, -6.654763859343942, -6.733015574035091, -7.046690593769502, -7.783912944326895],