{"position_x_true": [0.011294903621896293, 0.05650384233021277, 0.15832762829245278, 0.33958392034742096, 0.619365527262355, 1.015258174433791, 1.5471605917653162, 2.2350988161373535, 3.0992884884800525, 4.159858766891897, 5.428554389768066, 6.908878899038596, 8.603664216829975, 10.514066094980299, 12.639227892506923, 14.97554596192758, 17.514818921940297, 20.243973721473008, 23.14604152648544, 26.199383836199367, 29.375691833727526, 32.60520883617472, 35.81837252557182, 38.99461011962131, 42.12011343562597, 45.17281729809019, 48.12254678944216, 50.93043074812696, 53.55040074716438, 55.93162801605205, 58.123907869347605, 60.19160936118091, 62.1460166430954, 64.00492266659299, 65.76466126406453, 67.43799897164263, 69.058004212495, 70.68151911806065, 72.38981420647224, 74.21779968210383, 76.15114811566502, 78.20230909067112, 80.398000305594, 82.75099662575242, 85.2478272124548, 87.83865173648282, 90.42862914538168, 92.9302352214859, 95.28208555237812, 97.42131313288478, 99.30705503549873, 100.94625691129099, 102.41347215600875, 103.85489866352974, 105.38550525783741, 107.0560316006768, 108.90842145834169, 110.94676569060844, 113.06698712311453, 115.13883932897116], "position_y_true": [299.9470229292783, 299.7841500144881, 299.5031979586745, 299.095581116119, 298.5554759989389, 297.8796124624206, 297.0638582054294, 296.1019970589506, 294.9849199445074, 293.70050173486544, 292.2347543986327, 290.573992666629, 288.70362809806255, 286.6060301322033, 284.2613455300147, 281.6473140000583, 278.73757443653875, 275.50362809789215, 271.91720220879586, 267.9501132920647, 263.5742730995441, 258.8629782566978, 253.9418529815074, 248.83830616865342, 243.53128656204296, 238.00250921582548, 232.23867363400447, 226.23483630627464, 219.99763675546086, 213.54880716720214, 206.96272087133764, 200.30960675333623, 193.61178832138665, 186.89644587334487, 180.20168556739299, 173.57405681823977, 167.0615584692523, 160.70598183178367, 154.5326481482341, 148.43512914825266, 142.27364308008734, 136.00982629806148, 129.6084764205481, 123.01374026581529, 116.1546668162705, 108.95702264366396, 101.46640892618477, 93.763449279405, 85.86246717228168, 77.81560153578023, 69.71698918981825, 61.69140293037605, 53.86706694736692, 46.220064133131515, 38.599942142399065, 30.920220948241045, 23.117276009635734, 15.089048182956427, 6.801543013149521, 0], "angular_position_true": [-0.0007986200226896982, -0.004003791172664021, -0.01121700080677291, -0.024091611697035466, -0.043385098023424024, -0.06891841595635897, -0.10067341644455079, -0.13867855754167469, -0.1828708510776976, -0.23323760852303632, -0.2897846192932666, -0.352776881249671, -0.42267991415678036, -0.49975606615752943, -0.5843213103971967, -0.6766943284781426, -0.7767167972966543, -0.8841901501228968, -0.9993127835300718, -1.12247219904273, -1.254034392649256, -1.3941150518589376, -1.5430105646933119, -1.7011292997790615, -1.8685829316079456, -2.04556905398037, -2.232428438756999, -2.4294996258333112, -2.637179927083319, -2.855791226607315, -3.0848311422776535, -3.323777705685467, -3.572976212587312, -3.8329167171428904, -4.103829018954809, -4.385843489309115, -4.679259198366598, -4.9843462371375695, -5.301239089229668, -5.629641308619567, -5.969360400282443, -6.320582574713336, -6.683418726217037, -7.0581034293932605, -7.445041254261181, -7.844629866983345, -8.256800311936049, -8.68139688161428, -9.11841343054437, -9.567853390953573, -10.029818459184506, -10.504450742105968, -10.9921244774318, -11.493631624903834, -12.009216652303456, -12.53867827062402, -13.082225568970603, -13.639986337385979, -14.212406478456348, -14.799977979156381], "angular_velocity_true": [], "altitude_sensor_readings": [296.21334903111574, 298.5798570494315, 306.2678514530449, 304.82584340385307, 301.9851413294268, 300.3403557308813, 298.65652829640436, 296.6813259544203, 298.3886580119902, 292.3492104448004, 293.1803508137811, 295.6092153379321, 287.52482298362463, 285.06470187795014, 283.02847709007034, 277.2594249857132, 271.8268525071413, 282.1224853872416, 268.5485351912356, 262.74431190506476, 261.34226457056144, 264.06496165637793, 258.9453829341783, 249.27773439345052, 247.36038558459177, 237.36797169227674, 227.5325688200612, 229.14296940370622, 218.0569011023029, 212.0664428529202, 208.28041920773848, 197.41852627460804, 188.28256776699055, 187.06814207864667, 178.08609583793006, 179.32496441420042, 164.38827019857365, 164.32891213896082, 154.27970270350912, 146.9272305019387, 139.5246977336862, 134.18475777559755, 127.01020258723777, 122.67127366484279, 113.23270290147134, 112.89031264942632, 101.61570175093728, 95.91280486451723, 85.47997834165932, 85.5713192697774, 65.34179569605601, 63.83704525110197, 55.36119158048099, 38.21717705259914, 37.003306474844955, 29.217786250351633, 21.661496196381865, 13.309910219677974, 2.4400744391174127, -6.484422578684126], "speed_sensor_readings": [-4.141817038815411, 6.708853161717254, 4.257888020177616, -1.4501350637447867, 6.07094886201503, 4.068679497103316, 12.570274800832621, 9.379089893257289, 19.08171676994625, 18.880825525648753, 20.37967498570608, 22.84158199536993, 25.61989142271048, 29.239843674432937, 33.9202418770692, 40.83997365426485, 42.568022702381406, 36.647498850640225, 46.43196564392517, 44.046855984719926, 56.32701047182921, 60.238760234680996, 61.42080242492815, 63.61809314458023, 66.15015983338739, 62.08151535733729, 70.78179019414722, 71.01853798970821, 70.08048063339778, 66.58268257293605, 64.29773593817522, 66.43292313665651, 70.8385190711345, 70.21365572536254, 71.09362803073834, 68.1547374201178, 66.18063556504717, 64.6096319922664, 60.75351789977659, 66.60836324768121, 65.73986932240982, 67.97363835776267, 64.5858706598929, 68.26913101217245, 66.97037260282075, 78.81050025514179, 78.0827789562343, 88.89253573430973, 83.07024192780395, 84.9049751818601, 78.90256538507737, 82.79048190153725, 82.20883967322355, 78.31470299230064, 82.29633314082032, 75.34865423565894, 81.82825940313536, 80.42450104506482, 88.85533638137946, -3.0598670758929827], "angular_position_sensor_readings": [-0.6618565824933058, -0.5603854760594117, 0.8774731058193279, -0.12745448047798416, 0.1180730060425397, -0.619748409021499, -0.23666275923647534, -0.41699176600597826, 0.0054726721644543785, -0.02001897187107521, 0.3469525917241495, -0.7629729055102424, -1.0884250007063814, -0.3575160389693627, -0.5674926250176341, -1.025579554726519, -0.4966121715769082, -1.237232035128155, -1.272685761472883, -1.0052823648557514, -1.5500311519493026, -1.2431848545473867, -1.7214009812895377, -1.5612520931460963, -2.410989560620599, -1.7031795284438986, -2.549265315581697, -2.1838811736906987, -2.7911342042376734, -3.4634973016196997, -3.4700793671766137, -3.0920998708263556, -4.446989512827272, -3.899997658479589, -4.360512924036409, -4.614624737108518, -4.505754197354208, -4.697749025952233, -5.041819279201509, -5.5509624331711445, -6.0340693618671875, -6.018261803617564, -6.5688350320827675, -7.11558511116428, -7.438877747268335, -7.219931778910498, -8.667690860338475, -8.790321015924722, -9.066775507883865, -9.247686354022145, -9.769497006799565, -10.894458973870027, -11.004929288414786, -11.997507189116055, -12.431516105819847, -12.702896169634279, -12.643232507716956, -13.25087398155737, -14.275772598906697, -14.67334815583263],