{"position_x_true": [0.013279784439215535, 0.07035854503672806, 0.2058824946820613, 0.455190976783479, 0.8505856559070869, 1.4170134768165878, 2.1759738578097303, 3.1500667895155128, 4.363147859270997, 5.840356631468788, 7.600095657004758, 9.653772784086199, 12.013407132069691, 14.691584857599093, 17.701472494493615, 21.036762338178207, 24.69611197737839, 28.703385015820306, 33.08378624639629, 37.86463884953213, 43.04111190718588, 48.606899323881635, 54.587253328314034, 61.00664992754429, 67.85232712915, 75.10614799964411, 82.77646497138142, 90.86153009396423, 99.30619243498235, 107.96112080835255, 116.72035723945673, 125.55554914201804, 134.38296036303913, 143.09884725923504, 151.60646999847816, 159.770878960961, 167.5305337352413, 174.84344642290503, 181.61491678531993, 187.82542516516267, 193.51451178440692, 198.74185622478117, 203.61164229545585, 208.28790645656744, 212.9856762638376, 217.94770552833282, 223.41096434260285, 229.56046475410253, 236.47321230908543, 244.05330682960067, 251.91680162840262, 259.7802964272046, 267.64379122600656, 275.50728602480854, 283.3707808236105, 291.2342756224125, 299.0977704212145, 306.96126522001646, 314.82476001881844, 322.6882548176204], "position_y_true": [299.95485356609197, 299.8195753294349, 299.594784052536, 299.2816865908563, 298.87824114133326, 298.3835467523214, 297.8015910502077, 297.1362602310496, 296.3910479947515, 295.5684047559333, 294.6699004885298, 293.6946678116493, 292.6394155247612, 291.50119948802586, 290.2780548540943, 288.947747052589, 287.4898404189907, 285.90473626828026, 284.1877868405575, 282.33157395561807, 280.302240378763, 278.0616257806507, 275.5878878186604, 272.84925161478503, 269.7946271216468, 266.3671985642351, 262.5116884102491, 258.15910125327383, 253.23991025660803, 247.81493944817805, 241.94330280015876, 235.55420124942668, 228.6104545697988, 221.0844837230613, 212.92862057525468, 204.15469577846676, 194.89964199347415, 185.2916782598718, 175.43739949736855, 165.48746898126728, 155.59525220472, 145.92181969304514, 136.61181266322652, 127.78209179911183, 119.49174650297977, 111.71600423844335, 104.3275203739647, 97.09245021730896, 89.68988704455593, 81.8510897123296, 73.69982191139144, 65.45045411045328, 57.102986309515124, 48.65741850857697, 40.113750707638815, 31.47198290670066, 22.732115105762507, 13.894147304824353, 4.9580795038862, 0], "angular_position_true": [0.0008079789288359597, 0.0032091533059836457, 0.007133904021473485, 0.012445744594302583, 0.018171890007348306, 0.023220172986270937, 0.02712047289096685, 0.029406359890776973, 0.029654239845540505, 0.027610549711789407, 0.02302871697747672, 0.0158933109780096, 0.006555036410717042, -0.004885876330691369, -0.018684229706276236, -0.039255173849258376, -0.06986547833174772, -0.1086537936682452, -0.15355478987454588, -0.20266102591717639, -0.2599263314258357, -0.32925797020544867, -0.4087172156458978, -0.4960813055622658, -0.5942357661123913, -0.7062211249997079, -0.8297645432237917, -0.962166932813804, -1.1067484420725915, -1.2652643487634057, -1.4333056736171341, -1.6079257410483339, -1.7928875424724198, -1.9921837119598533, -2.2031537122446907, -2.42838035033863, -2.669656846906648, -2.9230853474237493, -3.1912920872410506, -3.476804404992559, -3.7801217017289828, -4.104022039862922, -4.449194852127506, -4.815987596320294, -5.20479143301448, -5.616485293839413, -6.052193922487116, -6.5130127961924105, -7.000098905954753, -7.503330505134079, -8.009304745464378, -8.515278985794678, -9.021253226124978, -9.527227466455278, -10.033201706785578, -10.539175947115877, -11.045150187446177, -11.551124427776477, -12.057098668106777, -12.563072908437077], "angular_velocity_true": [], "altitude_sensor_readings": [298.4919139693235, 293.4673805268257, 300.436273030939, 291.2075810289221, 300.03862974337625, 298.454362613128, 302.8539872281687, 297.229052231106, 294.1217182978759, 296.3563584803524, 290.60372648486805, 299.44282511466747, 294.7346019034087, 297.54929973790786, 293.5537147536532, 285.59092482843636, 285.8262403376479, 286.3538326724528, 288.39025252844607, 281.7225001484659, 279.80985462042867, 276.78468664330336, 270.7400093800589, 267.7301525882162, 271.8416016374412, 264.6427139931637, 261.25731200725073, 259.6494331381467, 252.5365502040975, 243.89232857284907, 250.83408737083508, 238.73197561444894, 225.94880743268212, 224.17051362582947, 209.73842385699868, 208.02294135293423, 194.7153728661988, 187.06783575768216, 178.99856086367447, 167.19511831781458, 149.83802243514336, 143.8651145260255, 144.69415959846245, 120.94688062283102, 124.28540965179486, 112.70886407946863, 106.40115773786745, 101.97268806347913, 92.14570923945273, 76.87836873566881, 79.9492338359012, 56.13964415832606, 58.328413367929016, 46.165943497659335, 45.47216734699319, 31.18878708598432, 18.034283743350457, 9.761162291488846, 4.203855295529205, 1.4035957971727615], "speed_sensor_readings": [0.6833915963719871, 6.30584758184181, 9.182148675004251, 1.8423689068160236, 7.830111207679913, 4.30699478786051, 11.419244073780213, 14.056606064715691, 10.432922778001984, 20.58713378916682, 18.95424629660645, 23.23587491581976, 23.46090308529943, 28.984206913788764, 35.84894915636159, 38.144538042868774, 40.65883935636281, 44.04744440028108, 45.577482893629096, 51.60821043243666, 55.590378649321224, 65.13606142728324, 61.42741045005437, 72.86207292715942, 80.45402685990624, 85.8465971415223, 90.94863427999036, 94.9660541717152, 100.49754372860784, 100.03443956250449, 108.24421522763616, 111.06848338676983, 115.71213292076742, 118.60777818014897, 121.12587112151895, 121.3638332468439, 125.21347775736226, 121.00617285520724, 119.46575464604054, 119.3014057379895, 107.64146231600202, 110.95803601197616, 98.78059563217846, 95.51852891811478, 93.2559512809929, 90.60804223148261, 96.43464097758454, 96.9942737835322, 97.57146419457216, 114.1036981615219, 118.46643700481387, 115.34855392752904, 112.47097223524653, 116.36544596200918, 118.79144540773672, 118.2721239618603, 122.99936803999198, 113.72136428947934, 121.37251226403569, -2.016699520197996], "angular_position_sensor_readings": [-0.26260577150323966, -0.36163113021533183, -0.48577283945122346, 0.16339794498380228, 0.2555069035866054, 0.22869184211982568, -0.44377349093847596, 0.536595386306484, -0.7775136532725284, -0.42976606642687293, -0.10025337666045821, 0.13372504154879133, -0.2602609025023901, 0.1474678292766507, -0.252969164099226, 0.17247562400429045, -0.15442296191118365, -0.2627296788464378, -0.08184578652973563, -0.6141073365318609, -0.8326157378879007, -0.045827584590576065, -0.7772742280154479, -0.8154131865083547, -0.7562899696639498, -0.5131240555165715, -1.0150989220080724, -1.0160612599089394, -0.8608106456490366, -0.9371964015592521, -1.0311049292087953, -2.109359590634403, -1.6624380580975584, -2.3835575174345007, -2.1047313913066055, -2.171183947098628, -2.289526028658365, -2.822028653252554, -2.7863412764271254, -3.608458640018015, -3.743875003439885, -3.3302542294963224, -4.198868705310141, -4.934081582783997, -4.873546884589078, -4.8182797362253345, -6.3267309068727435, -6.991627744207758, -6.980311414852306, -7.290494202829753, -8.233252304836281, -7.491352419228281, -8.348658432110144, -9.09421096093745, -10.066141424564199, -9.941086850567846, -11.467963317472519, -11.526238264259325, -11.474619463057266, -12.297853755218256],