{"position_x_true": [0.01715260952630795, 0.08591558284319706, 0.24120218626688633, 0.5185597404113242, 0.9463758440230683, 1.5456373908729781, 2.3380511651532396, 3.346445171458756, 4.5946732249920235, 6.1079041053212775, 7.904557252735986, 9.99599055466853, 12.393949624663746, 15.110722537500136, 18.15926490072646, 21.55315922582631, 25.307334606757166, 29.43779106570108, 33.9612037757872, 38.895075884599976, 44.257959212250796, 50.06985733554544, 56.351588800251086, 63.12441261613098, 70.41045393023063, 78.23243609304167, 86.47985891415554, 95.04730286605394, 103.96869223491657, 113.27884535485788, 123.01280369986812, 133.1374756053647, 143.6179098689958, 154.4857371013733, 165.73292414240186, 177.3360357398142, 189.29551625273874, 201.61104941360898, 214.28164625136225, 227.30486367209946, 240.67628969699635, 254.39129369686788, 268.44422701528833, 282.8273056278823, 297.53298561008086, 312.55163310903106, 327.8677253374322, 343.46478106255404, 359.33027581419, 375.4509720129037, 391.7456782266998, 408.09071230193166, 424.4357463771635, 440.7807804523954, 457.12581452762726], "position_y_true": [299.9510114721261, 299.8040695429423, 299.55980529032263, 299.21937654553625, 298.78334369996253, 298.2521068278655, 297.62587309020284, 296.90481916234205, 296.089241608946, 295.1790250440295, 294.1748344708264, 293.0787186643932, 291.89343279572984, 290.62159878854345, 289.26459869628513, 287.8213429125937, 286.2866223784823, 284.65347781835345, 282.91385325605927, 281.0591264214861, 279.081644160437, 276.9704060977157, 274.7067235026613, 272.2674270585591, 269.62836742965555, 266.7610685441874, 263.6709684847759, 260.36565240348426, 256.8172657113133, 252.99408248684009, 248.85768171025802, 244.39979819285782, 239.61300199179095, 234.45499962635276, 228.90868388672538, 222.96481958533178, 216.59380927862404, 209.76483847771942, 202.44640440821686, 194.60531084147482, 186.2059658589139, 177.21161661331902, 167.58444539354088, 157.28436202283535, 146.26944191758201, 134.49513404535654, 121.91280433928364, 108.47126298271255, 94.11801584328006, 78.79735968147598, 62.72136538373903, 46.3392073019925, 29.858949220245982, 13.280591138499464, 0], "angular_position_true": [6.71053063954255e-06, 5.6593715398581166e-05, 0.0001154570731182834, 0.0001028082880950431, 1.1328889638451676e-05, -0.00024730487060799894, -0.0007274976179175386, -0.0014324838761997608, -0.0024405272221465968, -0.0037609457212865855, -0.005502337124411366, -0.008126378512104362, -0.012334981483760325, -0.018842335766560494, -0.02822762610459233, -0.0408057126590777, -0.05637097390661619, -0.07467040347290958, -0.09558679390584993, -0.11915551181186755, -0.1459678813738206, -0.1765342176658606, -0.2104886741285879, -0.24727891779621586, -0.28677583118131517, -0.32862966820689865, -0.37143971779725266, -0.41420963100528996, -0.4573233981046546, -0.5012288396129507, -0.5460054227729985, -0.5909576507587074, -0.6354793792734339, -0.6797155251171323, -0.7237696261572961, -0.7676222994466595, -0.8111813597938933, -0.8544326748432232, -0.897440760467013, -0.9400890095584762, -0.9820992113888628, -1.0233155847478421, -1.0637499443548157, -1.1033265095862446, -1.1421456731383306, -1.1802482414399993, -1.2171772621814312, -1.2522866227193918, -1.285337106083699, -1.3162488531410648, -1.3456141740105523, -1.37457279697656, -1.4035314199425677, -1.4324900429085754, -1.461448665874583], "angular_velocity_true": [], "altitude_sensor_readings": [294.7774909737788, 301.2580274307822, 290.3304169518573, 297.1752653417118, 300.94016639891777, 306.96127615990116, 292.79724946688543, 297.0532193816424, 296.08696320808485, 295.28010520468894, 290.07719507507056, 299.3423563031351, 285.51843704376336, 294.30901734957365, 295.0625701778396, 290.76797514918957, 280.7665317102942, 280.8694691425187, 287.47042660445106, 285.21622144839665, 288.7236478261956, 276.42696034329026, 270.68298954578063, 270.0211783793888, 272.5892699374311, 265.3768277837379, 261.317447734209, 258.27193320942416, 252.76808953330953, 250.88888793786873, 248.17220821745607, 250.98986934172208, 233.90602918105137, 233.89040909017362, 229.80345358119357, 222.7464600958358, 219.208520424523, 214.44351381484606, 203.61296291241828, 195.5827832598231, 194.93108445356577, 171.74594807753715, 161.04944442925685, 153.0063103319473, 152.87541678701146, 137.50937927904388, 114.5869779706241, 103.87852625920668, 98.50031922913385, 75.75936829266861, 64.32705710954865, 44.77826560240912, 25.87900228140932, 10.774333965077657, 2.792360773888109], "speed_sensor_readings": [4.5329909606236845, 3.9467946464428505, 4.731859122630296, 5.090873606395872, 5.753893673209467, 7.0166154673841366, 7.635334054060502, 15.232067597994728, 20.586459657172895, 17.065040986259948, 22.231864509681674, 26.508269589385627, 26.474499166195397, 31.321199338826407, 39.77587733910211, 40.89106462669461, 41.871403279081385, 43.30391810108743, 47.51735595350128, 58.0320012002407, 62.584294973909586, 66.60576972379383, 69.21865186782931, 73.06015027400554, 76.12853905094931, 85.1193718061997, 86.57495510273519, 94.76174839339983, 98.60274015360866, 99.3600440962593, 109.95137189025805, 106.75873462631145, 118.4671510271579, 120.9613932069034, 128.86678397240323, 130.68972963677723, 137.26223215047003, 139.11445179006, 147.81131222101038, 146.96818714913573, 161.1809913490987, 168.51509568119326, 176.9038899242774, 174.9026441389429, 186.17641832873048, 191.8636700994994, 195.90456758084258, 215.00886830983933, 218.93615403562484, 229.49644798338713, 232.85884687985137, 231.53022911137867, 235.1210702711695, 231.18958857228742, 7.042239996350148], "angular_position_sensor_readings": [0.4995295552428297, 0.060957070857810984, 0.10713367896700078, -0.05355457880161692, 0.07269640027067906, -0.4997803141882903, 0.25988708667317384, 0.10744919157873514, -0.556295963642261, 0.1310469368734091, -0.3229597897192559, 0.07331786199254323, 0.517173865183637, -0.15858273404876966, 0.408528290857397, -0.8021958588554142, -0.029077377308771333, -0.16593527096188998, -0.40444139017706815, 0.35622889409225833, -0.3590715231330296, -0.10928770621018505, -0.19049768023196506, -0.4224826036993275, -0.2094853801958057, -0.23615627064916625, 0.06993292497260928, 0.24799912946003733, 0.041007214852311014, -0.7806181001372268, -0.6318985990650376, -0.7703887032101459, -0.8323857337444378, 0.039982255763253094, -0.561766412992784, -0.77388241605029, -1.319193742130211, -0.010346488872812643, -0.6850595741257359, -1.3892165615451997, -1.1575658498869608, -0.634066660421728, -1.242848010067119, -1.342778207415823, -0.9519640004116658, -1.524242567584673, -0.8872792113230652, -1.4054752400496187, -0.7735361586758001, -1.2762160725234648, -1.568717259935238, -1.6023216211865892, -1.5386158473046763, -1.101883643759916, -1.2911829059177604],