{"position_x_true": [0.015176155613820233, 0.07591614823377178, 0.21271631264963314, 0.4565454955062162, 0.8333765444900101, 1.364157290933751, 2.070437807231097, 2.974567120573795, 4.083171001358131, 5.3945148769781746, 6.9180640604643155, 8.653189842153003, 10.599233700290377, 12.769282133412045, 15.164251012895953, 17.787417413367077, 20.646060361616513, 23.747368821859357, 27.097090747628727, 30.70026563732168, 34.55814160792214, 38.67018166261567, 43.031952789762116, 47.633864847960766, 52.45930601131326, 57.4772069641849, 62.65678640643773, 67.95726596258118, 73.32913190645259, 78.7110438022239, 84.02981511633122, 89.20416186472828, 94.14338557273497, 98.7493036537418, 102.92037475062904, 106.55823635617091, 109.57481733022277, 111.9047575495363, 113.52255987318354, 114.45968596132441, 114.81908450350679, 114.78998875198332, 114.60960028703698, 114.41284652248872, 114.21609275794046, 114.0193389933922, 113.82258522884393, 113.62583146429567, 113.42907769974741, 113.23232393519915, 113.03557017065089, 112.83881640610262, 112.64206264155436, 112.4453088770061, 112.24855511245784, 112.05180134790957, 111.85504758336131, 111.65829381881305, 111.46154005426479], "position_y_true": [299.95091675265877, 299.8036567893885, 299.55807274951337, 299.2141520659851, 298.7718793118358, 298.231393787758, 297.59290960700395, 296.856103981973, 296.0026741994107, 295.0179064986982, 293.909606221628, 292.67172923491535, 291.29769408099924, 289.79358528632935, 288.148650361819, 286.3491181180937, 284.38398000427185, 282.23967450896276, 279.901130711814, 277.3493209335556, 274.5594642493842, 271.5038107018045, 268.15433323663314, 264.4765746429421, 260.4345576796925, 255.99081288473354, 251.10862951080216, 245.75184853419702, 239.88762499884643, 233.48876907517328, 226.53623752995347, 219.02325247164313, 210.95862039737986, 202.37087493518618, 193.3137822219374, 183.87007038350583, 174.15859984778712, 164.3366423901286, 154.5938217983086, 145.14648817573328, 136.21915158593592, 128.01974031655075, 120.63490470929423, 113.60290948931296, 106.4728142693317, 99.24461904935045, 91.91832382936919, 84.49392860938792, 76.97143338940666, 69.3508381694254, 61.632142949444145, 53.815347729462886, 45.900452509481624, 37.88745728950037, 29.776362069519113, 21.567166849537855, 13.259871629556601, 4.854476409575346, 0], "angular_position_true": [4.709359992296353e-06, 1.5235968758473745e-05, 2.8728266738624593e-05, 7.45115377317792e-05, 0.00021451533572093359, 0.0004663980106051691, 0.0008384541049045119, 0.00140944958026938, -0.0011449053523705024, -0.009262437415697312, -0.021353565463799108, -0.0386497438842677, -0.06250328009334596, -0.09158809507112355, -0.1270977498572314, -0.17002724772537708, -0.22049977774156448, -0.2787063321928823, -0.34508246710601953, -0.4199565267992874, -0.5030235296631489, -0.5942572761647833, -0.6941093206040395, -0.8025024014053669, -0.9192806668445807, -1.0456686275006872, -1.1818101867434772, -1.327718335039033, -1.4836565979011647, -1.6498567774472495, -1.826479062685128, -2.014250723963101, -2.2139867200696903, -2.4264170899655393, -2.652421589214776, -2.8931791941690417, -3.149562215816371, -3.422119490634234, -3.711802905103862, -4.019540741778055, -4.346732411943592, -4.6951940466310145, -5.055672438127436, -5.417141524172023, -5.77861061021661, -6.140079696261197, -6.501548782305784, -6.863017868350371, -7.224486954394958, -7.585956040439545, -7.9474251264841325, -8.308894212528719, -8.670363298573305, -9.031832384617891, -9.393301470662477, -9.754770556707063, -10.11623964275165, -10.477708728796236, -10.839177814840822], "angular_velocity_true": [], "altitude_sensor_readings": [297.78428967478584, 299.53403496411335, 295.1640271353104, 296.9284677750736, 295.14659306655807, 297.50495397554823, 305.8846019846786, 301.00286025225967, 298.73096616533036, 294.35864334256524, 302.0728343852383, 296.4978682567151, 290.9977594287338, 290.72719708060845, 288.12909208046807, 282.0298057895945, 278.881307750348, 273.48685675885133, 280.7887523955217, 277.4681709420051, 277.3042924119534, 270.153144488263, 264.4586502226555, 259.7293731356593, 262.7549832987246, 260.7395674891622, 246.08217977252627, 246.1351769748016, 242.5354052894678, 238.94807258411794, 223.83358503005812, 230.74108126363888, 210.12575342973233, 204.0870027861985, 198.76001002388927, 181.94615395790723, 172.94619767532163, 163.88789658860824, 152.89820668402035, 151.33630554374434, 142.48468592355258, 130.2020752163165, 120.50842542432093, 112.60283512903486, 101.47325452609695, 100.77722404241786, 86.81626477073209, 87.10428401906056, 79.948806120727, 65.79397118671933, 58.80075396143815, 59.05660602660011, 48.781480703276245, 34.391880905273766, 33.52572840584915, 23.409546096114187, 11.45782072039499, 6.858662138746395, -4.798513913704311], "speed_sensor_readings": [0.45598130469542697, 10.10004556770912, 2.7140375627448767, 1.5607612863636406, 5.85515008777393, 7.379259873682322, 11.484250191801303, 14.870694883215034, 17.574717362191294, 17.180149803594702, 22.471394803761267, 21.965559128723132, 26.716649893819554, 20.21055362794537, 34.001501481625816, 31.415407580267875, 34.89397517175388, 46.75499161224549, 44.092188898461664, 46.41626303533385, 53.09306021044401, 55.68700947724418, 59.13284498190245, 56.79397652947382, 66.46173967491464, 74.68126508663191, 76.35610494267509, 79.91287498905284, 79.61036960723581, 85.3986551470665, 86.96180878992844, 94.32136305723637, 96.44947628192864, 99.57316854301136, 102.1237130621618, 100.46670052817952, 105.76896257492862, 101.64991330993696, 99.13109832536936, 92.73191566989807, 91.70356750761664, 77.13046496335892, 71.50075778675956, 68.35141095397867, 70.15469210435279, 72.41468913660444, 73.55890153231296, 73.51218486499111, 72.67807554988154, 80.49413779737985, 76.34537429948614, 81.66474675579391, 82.6750068874515, 85.49390426942844, 80.75264069064235, 82.85906956832926, 82.91981168570076, 86.33909496319176, 0.13748333359092704], "angular_position_sensor_readings": [-0.3385842317540543, -0.016818135701278568, -0.26529345311098823, -0.5932307802839425, 0.23307273565265685, 0.4424684043539998, 0.8389411406333471, -0.4513837763411867, -0.12688582699420042, -0.5725845461732176, 0.4381805258077387, 0.026607804439040747, 0.6282896998464327, 0.05441794448744296, 0.5694755015568863, 0.2960417509410639, -0.060451203858631286, -1.0077504101981196, 0.13313822998911184, -0.5581223409600373, -0.4925198422407202, -1.3767047986529963, -1.0653310706643575, -1.0028431913648035, -0.8236742103092386, -0.842877401377073, -1.5125293882924038, -1.3276046896769915, -1.6059529862798645, -1.0670401094612947, -1.8023828400612756, -2.487102205671398, -2.0167292979712195, -2.5221932551725095, -3.1324741527445576, -2.3512980585680126, -3.509473202007347, -3.6797974524988026, -3.9277380647987483, -4.324857095740975, -4.149635830571498, -4.769924935090027, -5.065434230846595, -5.416342591437422, -5.671349994470498, -6.326522494174756, -6.432748854981528, -6.9092369359093135, -7.355154012625994, -7.557340357824242, -8.231478614946763, -8.281032439516334, -8.809697589184756, -8.78463066375624, -9.742986326602905, -9.558485066837319, -10.864346047614568, -10.667950809298034, -10.39212690351778],