{"position_x_true": [0.013244958681185035, 0.05849751378443128, 0.15460252983983894, 0.3125844483141148, 0.5437251868720799, 0.863555977533644, 1.2859773953180655, 1.8273303779264642, 2.5005754814040815, 3.323172753811097, 4.305294345667752, 5.449509314337956, 6.75845344753623, 8.234879829260489, 9.881596894995935, 11.701524364170716, 13.697683327364583, 15.872993882707753, 18.23034944499279, 20.772955025033262, 23.50417028393956, 26.42734206090964, 29.545809638347503, 32.862635728509815, 36.38048760140884, 40.101735084578834, 44.028682758225834, 48.16313245847094, 52.50586304883383, 57.05729956877296, 61.81838442794006, 66.78920387886816, 71.96911414636281, 77.35676538346084, 82.95118853783603, 88.75088466967414, 94.75158478395782, 100.9460688196032, 107.32623249957585, 113.88409107698091, 120.60958561547173, 127.49051806506958, 134.51402366514006, 141.66375528955587, 148.91963544784602, 156.2561585788628, 163.63892124045302, 171.0301176755298, 178.38552558520163, 185.65244878201895, 192.7784174674261, 199.7067339182571, 206.37492194118622, 212.7201807063958, 218.82622234933257, 224.87057292570236, 230.91492350207216, 236.95927407844195, 243.00362465481174, 249.04797523118154], "position_y_true": [299.946961424322, 299.7917354462709, 299.53427487084167, 299.17456023927195, 298.71257630757003, 298.1484219386933, 297.4819902989043, 296.71235685161406, 295.8426051684719, 294.87121452266894, 293.7972142154791, 292.61999934613715, 291.33835676770735, 289.95196936136165, 288.4596889736183, 286.860620961947, 285.1539550494888, 283.3359493019274, 281.4017889588885, 279.3492453388644, 277.1765735416414, 274.88086804186435, 272.45843261352303, 269.90336289528165, 267.20769675912675, 264.36256760932616, 261.35928990366415, 258.1880354700313, 254.83669272710603, 251.29302906487717, 247.54646884492985, 243.58522469648062, 239.39647209281975, 234.96687380862306, 230.28379694012523, 225.3343174843944, 220.10247594092425, 214.57007976443924, 208.71887216249908, 202.531623861889, 195.99020684205215, 189.07590057830913, 181.77026089973654, 174.05413199978176, 165.9077020497944, 157.31113455900038, 148.24469653226743, 138.69094385367572, 128.63581827501048, 118.07004053830931, 106.98848247211012, 95.39252922243708, 83.29111988621663, 70.69958778577355, 57.76809330894136, 44.68781382917845, 31.50943434941555, 18.232954869652644, 4.858375389889741, 0], "angular_position_true": [-0.0008044522089663695, -0.002395607109812493, -0.004805621867609732, -0.008057502498192768, -0.012219330796919281, -0.017398355230793618, -0.023734640870169587, -0.03122443051868036, -0.039056248080840114, -0.04725140796774545, -0.05593920448434309, -0.06529837479105134, -0.0754095097289466, -0.08657080361452407, -0.0989525405697726, -0.11282661981127114, -0.12854377354925267, -0.14594377137419678, -0.16473795132861827, -0.18523166818164616, -0.20790829489869608, -0.23312115315301596, -0.26119028805656563, -0.2921470350927079, -0.3257786525659974, -0.3618548796634192, -0.4003355130412264, -0.4411117966050603, -0.4837814990322721, -0.5280648105040646, -0.5741528210944651, -0.6221333964174589, -0.6720398750552989, -0.723951628101372, -0.7782772999488593, -0.8355470840359523, -0.8958334331541297, -0.9588801253496193, -1.0246114564743267, -1.0933819132256437, -1.165507120568357, -1.2413210904563328, -1.3214749591520174, -1.406529137358857, -1.4969722516258555, -1.5930942721080819, -1.6945527296599687, -1.8012545322202096, -1.9129545616032586, -2.02897006546991, -2.1493425232057657, -2.2741731082961634, -2.4033780583504667, -2.5373898734612457, -2.6746639551248346, -2.812672538798248, -2.9506811224716607, -3.0886897061450735, -3.2266982898184864, -3.3647068734918992], "angular_velocity_true": [], "altitude_sensor_readings": [298.53673472273283, 302.06057072925796, 302.15605551595854, 303.01833206140765, 295.71780014168576, 300.09978368881156, 299.30025265079274, 291.4068259622921, 300.3760825245087, 294.78782914886426, 291.8736459448349, 294.45979729581757, 288.4553628300779, 291.7139921896855, 286.9329069855008, 285.73014438389345, 279.8302615304747, 279.72814675548244, 281.2675492782283, 275.6724981405829, 276.39003545576753, 274.107548549406, 269.4692361239755, 263.18833397846697, 270.29095068588634, 260.1807175325947, 254.32315941388347, 250.6975737529619, 256.72057822899967, 257.93278572847817, 246.77563235890065, 249.13001610044086, 242.2859525977606, 230.99256397189757, 226.89948901290123, 225.65619115090408, 213.82639574079442, 213.4532902967631, 207.8940435734248, 201.86108116839205, 205.67672876908185, 194.70962824041717, 181.81920002350344, 173.43769325885134, 161.75345462439012, 159.66515535670297, 147.90631501019587, 141.42320456339453, 132.82103485838786, 111.67071521853954, 110.65615209696956, 95.6842155605754, 86.11041086030531, 77.20575079085333, 58.502022828176415, 44.169090472935814, 33.2984673053937, 22.18885983789107, 7.266329322357912, 4.892785526075933], "speed_sensor_readings": [6.047381476504041, 4.580423723395189, 4.15235536251797, 7.198311873486843, 1.454430703299944, -1.3630656840901736, 9.914395103167745, 12.21643728608827, 8.133292655092287, 15.437059890510291, 14.975065902326037, 20.789012572610673, 16.245776359376705, 21.153983739422106, 19.62239214841646, 30.95236045699187, 26.223497993612607, 31.46573417214055, 27.299805615979984, 32.806491873287335, 34.59782338431195, 47.654489196537476, 39.680317924794764, 45.09719189160447, 45.958546944494174, 43.683477861877776, 49.672533610433234, 54.41557275938614, 56.28292557591869, 62.97393358236717, 63.679787261259484, 63.05885711061464, 72.96771754650702, 72.68135999642591, 74.01621991752108, 75.48779311906311, 82.63307371227063, 90.55874681277898, 88.4398871544093, 94.10171110224195, 99.38661101409339, 94.45443334170066, 102.87276376757315, 110.0697422119957, 103.74474238479316, 110.48696035374351, 122.33844781487637, 121.70376777454503, 127.98312046224153, 128.8919852243442, 129.9731817580837, 143.6670021740233, 139.08037432402213, 140.37132300979974, 146.77057205975157, 146.4766158966276, 142.0375874222533, 147.06513349091063, 148.9436724940606, 1.7451160519188478], "angular_position_sensor_readings": [0.23490022891057752, 0.3621081540038045, -0.40817802135647135, -0.01811005937360625, -0.2196471609611602, 0.10106549515982116, -0.8585424926424438, 0.45502477179331735, -0.6645857201508905, -0.4721305896165267, 0.13649082497012335, -0.5562778811140912, -0.13921921100428172, -0.07845173893826116, -0.18872174644682932, -0.11234830651869321, -0.6073876472851054, -0.604589407740584, 0.35163466700506507, -0.03534063598038589, -0.6223334729774493, -0.4771539086374486, 0.38890724595256343, -0.11129502852495424, -0.9251296141817944, -0.5074343786425446, -0.5111478288128871, -0.8600594513267915, -0.34009650557924176, -1.2379549551546376, -0.28974331128414527, -0.22125339496880259, -1.1640502744494536, -0.10774453400911277, -1.0967486329934575, -0.6453809267889309, -0.8486291687370419, -0.9714622955516599, -1.3553739212164653, -1.2936693713031335, -1.3027453796044182, -1.1810802350975562, -1.5043392890770493, -1.770877580262004, -0.8454875644459363, -1.143390353103927, -2.1023829574592803, -1.3761239825035603, -1.3664816771049857, -2.071056492143025, -2.5170041757707344, -2.708836437241279, -3.0394711740276437, -2.609103326385661, -2.4097934224809925, -2.6860234784514865, -2.6293438129224223, -2.6510152889884018, -3.8221997088051847, -2.898511786158163],