{"position_x_true": [0.009361109659206014, 0.046836623894630475, 0.131287192147696, 0.2817756007919292, 0.517656835588624, 0.8586883344389525, 1.3291662357570464, 1.9581227866310922, 2.7798296203969413, 3.8343539236418924, 5.15152899457054, 6.7504774143745045, 8.646721191801905, 10.851989718124608, 13.378169957519788, 16.23750489416731, 19.44304643494402, 23.008757710043554, 26.94954823156142, 31.281067762058143, 36.01999119615995, 41.18366395556953, 46.78997840670813, 52.857282495882544, 59.40522788364458, 66.3358117009824, 73.55726194929804, 81.10358896729424, 89.01008749553162, 97.31383755570673, 106.0542164187183, 115.19450379891168, 124.68237360085325, 134.52774741276667, 144.74132148516787, 155.33290240616634, 166.31100899768913, 177.6845938468185, 189.4622622698305, 201.6525433254702, 214.26410637527468, 227.30387591624023, 240.7783060924195, 254.6933233790724, 269.0530989296755, 283.86181246754126, 299.1224629993895, 314.83577939468296, 330.9987486954017, 347.6066930451513, 364.65841726935975, 382.1500229672933, 400.0723874067899, 418.3378111291293, 436.7333698988191, 455.1289286685089], "position_y_true": [299.95090510094695, 299.8037675178887, 299.5589012158561, 299.21644850231183, 298.77704892034694, 298.2413960353057, 297.60547631768844, 296.86054962248824, 296.0004390415459, 295.0225441653361, 293.9283705552608, 292.7217780625173, 291.4019478553064, 289.9640632389859, 288.40128560854987, 286.7055081707316, 284.86724835084726, 282.87724338034013, 280.72754861574174, 278.4092742684179, 275.9133979450183, 273.22862958364686, 270.3393850757565, 267.2278777619953, 263.8764516234795, 260.3091656419104, 256.55043900806515, 252.58240252651507, 248.38445054975816, 243.93348100820361, 239.20362462881653, 234.2023628716327, 228.94354117574457, 223.41330753773073, 217.597203951658, 211.4772808002216, 205.03209035079618, 198.2399773240942, 191.07908328087436, 183.52545042510567, 175.5528185259206, 167.13161992875482, 158.23103839478688, 148.81875277642067, 138.8594375178021, 128.31690662846648, 117.15222599335323, 105.32252994656932, 92.77969233066408, 79.47113115187211, 65.34357350494015, 50.33928796941744, 34.39418473933948, 17.620894258790898, 0.457339448436759, 0], "angular_position_true": [9.523494909180444e-06, 6.937947522534763e-06, -7.422818955077638e-05, -0.0002646522898148431, -0.0007018399375551524, -0.0015395201923954862, -0.003650556478965372, -0.008705053745994746, -0.01739680361639681, -0.02968665183795782, -0.04490370594755633, -0.0613355644966343, -0.07814149253625204, -0.09545145293186894, -0.11312768281695232, -0.13103470508331494, -0.1489425188746605, -0.16674289689209923, -0.1846296932643086, -0.20275931775082678, -0.22147079608147444, -0.2408546215372659, -0.26042855497872375, -0.27949685846154604, -0.2976704640748278, -0.3156730544874957, -0.3343492315563051, -0.35375470990251867, -0.3737881031261578, -0.3944181475501632, -0.41561322171348414, -0.4376828804887613, -0.4609495014815324, -0.4853696945309923, -0.5111063600421769, -0.5381968599292543, -0.5662631419257177, -0.5952837673329419, -0.625443980224249, -0.656772846310943, -0.6893175893291467, -0.7228817041783908, -0.757364311013186, -0.7928974837656747, -0.8294001579012675, -0.8669565982316261, -0.9056245657230577, -0.9452642786423212, -0.985532139904647, -1.026120851931887, -1.0676222955312344, -1.1105726555359372, -1.1549485400863293, -1.200133079386324, -1.245430987080161, -1.2907288947739979], "angular_velocity_true": [], "altitude_sensor_readings": [303.9118062763222, 297.68839526648514, 302.18129967918503, 297.70338406999974, 293.6424865682847, 303.3064338027986, 305.58602389062526, 293.34708786489097, 304.5901770662404, 294.8345579781432, 290.8436082989412, 300.6608783465984, 297.50997631178234, 286.77925902228674, 291.5309187970766, 285.8100560180423, 283.37587071924685, 277.7210217179294, 277.87849220589084, 280.7477253871546, 276.7790602664556, 272.68305244014635, 262.7261923233531, 271.3626313619138, 260.5604943027617, 253.44628525978104, 259.4306993892251, 255.14075968472437, 251.07340288819714, 246.96187266500252, 246.34437536218215, 236.61469128463102, 225.05552887650074, 215.61747509488933, 208.31151995611563, 214.455113949816, 204.14871994400175, 195.11170826826742, 199.47951880048274, 174.81164591325214, 180.17326378734109, 169.94562557458858, 152.43509637467642, 155.39241685308676, 144.29983991586366, 127.83911014313499, 113.02823123909056, 110.07048164379191, 97.29191364630194, 80.95878600361014, 64.68197014168022, 53.86677413228862, 31.4506351524197, 17.574508828727936, 6.156229125429674, -4.672906111933576], "speed_sensor_readings": [-1.4362613401366828, 1.927848161889794, 5.8970751184356685, 4.012961389925414, 8.239342415583128, 5.690020993490244, 1.0281519384822069, 7.2556134804117285, 12.348781019984484, 21.169197429744152, 23.28299792745846, 19.312342888533898, 30.185362379365046, 29.197143842072382, 31.026171366578467, 39.54649291996993, 36.45648132895325, 45.78600642125397, 52.6042873791331, 45.776668580192194, 55.17073930996137, 59.31936361008239, 64.50132676202568, 70.2344706150303, 75.6498194799322, 82.57210029405674, 84.98917431444396, 84.30842613391704, 91.55230685904448, 99.48393902682753, 100.96380672763351, 110.13419902865344, 112.9969247519579, 113.38418371913922, 117.97251867847027, 120.7863364276943, 126.97382016743083, 136.7275388825041, 136.42927214864145, 152.3994397933987, 149.4455996200037, 156.37267514931546, 170.1234399823789, 172.4526534190163, 185.559715991312, 183.08566909862574, 192.03049098936572, 199.56981125078488, 210.15276577952127, 217.52000568670013, 223.70152716459756, 233.05747284638068, 246.24267206605498, 256.1107202901252, 252.1001718672275, -2.3323671968869464], "angular_position_sensor_readings": [-0.12194413995337498, -0.6459553524434339, 0.013028098073218664, -0.812077908503732, 0.16950911786385056, 0.00905129891010854, 0.163048590305278, -0.1522849941751817, -0.38762546127343434, -0.3641717204060999, -0.5640590003948401, -0.06230254972045756, 0.05294603795751961, 0.019194291990009826, -0.1138919788110026, -0.4402661681322966, 0.012002631915611711, -0.2141796492683472, -0.6130586938241798, 0.050433241270410156, 0.11401799143300298, -0.1387515612014837, -0.3289404075279114, -0.27246315264451965, -0.3994451703842019, 0.10544431485739558, 0.8022861355272854, -0.31042512607001804, -0.2757181320445741, -0.20118091207279876, -0.5083771664711159, -1.1830147392533756, -1.1041938826734286, -0.11873646531580462, -0.32952479024590203, -1.3063251900219193, 0.031023545017187182, -0.2700291850960379, -0.8957224668613093, -0.8180727120936515, -0.5525654626301199, -0.5083170057761045, -0.5367282902486894, -1.7743358913702805, -1.1373810777331819, -0.6165357652034036, -0.35659739597683815, -1.4324777982418295, -1.1416067297994392, -1.5218415887798766, -0.5096606777118466, -0.890915126342793, -0.4053883653134235, -1.0021589084133609, -1.5763550410227687, -0.5754307980873012],