{"position_x_true": [0.017193493065970653, 0.08604310116552953, 0.24132930599631386, 0.5184704027158435, 0.9457400482033675, 1.5441888800345693, 2.3356467974616755, 3.3430216160772583, 4.590538345484556, 6.103698795108011, 7.901152406484597, 9.99418144465039, 12.394637080734633, 15.114988170247239, 18.16833356962455, 21.568934699281744, 25.331987906605775, 29.47325155785874, 34.00923073155052, 38.95757608031168, 44.33683076663534, 50.1664368747722, 56.34958440753527, 62.752962974856345, 69.36494345114743, 76.21495074129832, 83.33142366821194, 90.74122037280092, 98.46885443701771, 106.53466004498384, 114.96213449987147, 123.75427914636012, 132.90094325101862, 142.37160722057726, 152.09041601971256, 161.95750315519444, 171.8420664232062, 181.58241875157037, 190.99516445249097, 199.8688545368633, 207.97242546318603, 215.08092820452012, 221.24318400570976, 227.01115103311824, 232.7791180605267, 238.5470850879352, 244.31505211534366, 250.08301914275214, 255.8509861701606, 261.6189531975691, 267.3869202249776, 273.15488725238606, 278.92285427979454, 284.690821307203], "position_y_true": [299.9510433842348, 299.8042287185701, 299.55966207577325, 299.21750698579933, 298.77741053466275, 298.23939742822745, 297.6040247178039, 296.87271294021394, 296.0470666197878, 295.1263638883653, 294.10974736466034, 292.9985021336681, 291.79327443300747, 290.49371293232366, 289.0973161567389, 287.6002580270759, 285.99895219200215, 284.28807497234425, 282.4582604499725, 280.4979182329756, 278.39759639215197, 276.14637051972187, 273.74756411940234, 271.1880148178313, 268.43887953801385, 265.48572921905367, 262.30812817332003, 258.87858854939236, 255.16130992506433, 251.11107444710578, 246.6722491314187, 241.77534329955165, 236.33608527556365, 230.26094183493305, 223.46222459550523, 215.86558388285843, 207.4089726721472, 198.0523396930264, 187.7882057504425, 176.6582029894015, 164.7697410676679, 152.30964214235163, 139.53173637266693, 126.6149867762022, 113.60013717973747, 100.48718758327274, 87.27613798680801, 73.96698839034327, 60.559738793878545, 47.05438919741381, 33.450939600949084, 19.749390004484354, 5.949740408019627, 0], "angular_position_true": [-1.8606154384978327e-05, -7.822773662141773e-05, -0.00018032684740271798, -0.0003355976846731326, -0.000494190211177809, -0.0007019306156790771, -0.0010912944044100393, -0.0018964696451035656, -0.003423311984128704, -0.005649854077388435, -0.008585256471399058, -0.012749045202598695, -0.018568614242101076, -0.026283032547181208, -0.03588533495276639, -0.047445449857344654, -0.061274678658776796, -0.07748066201473322, -0.09572457577533255, -0.11547399097843383, -0.13687050681237345, -0.16010632522086224, -0.1848697237761598, -0.21571953490615267, -0.25767200277958896, -0.31106907417213003, -0.3762872803848134, -0.45377462281157477, -0.5439872549422577, -0.6475269258533547, -0.7636407261432502, -0.89286893025914, -1.0356740788397942, -1.1925794252469153, -1.365201638263111, -1.5537098355623038, -1.7581963894510217, -1.978915064456789, -2.2174708469531863, -2.4752877609309847, -2.753374455526684, -3.0534827790841907, -3.3657550292020515, -3.6786913064460176, -3.9916275836899837, -4.30456386093395, -4.617500138177916, -4.930436415421882, -5.243372692665848, -5.556308969909814, -5.86924524715378, -6.1821815243977465, -6.495117801641713, -6.808054078885679], "angular_velocity_true": [], "altitude_sensor_readings": [304.04701386581166, 296.835365714022, 293.2255294025582, 298.23998181431847, 297.5259001474799, 301.77745713193445, 294.93200321329357, 295.8363583445919, 298.4391639242264, 290.1032041554839, 302.6710164347369, 295.55859346505554, 293.8290036625174, 291.7370700281883, 292.37638413161045, 289.15201528712845, 285.25917726566036, 288.47108169741955, 277.6204813883282, 284.7230863936351, 270.8542617638464, 274.16585987235175, 278.0158266993989, 274.12936787210054, 271.64162520291706, 266.7964130422605, 262.23377364442695, 259.7510867439548, 255.6678257186865, 247.08885839195048, 249.0421548329276, 247.77709915269634, 234.52119570875945, 237.6280440695821, 223.37258614568117, 215.66210906050608, 202.70265435361458, 197.02097253854578, 190.5098863563568, 174.77429247207064, 157.1747978680799, 160.75662158791346, 143.6429553245825, 120.40414696132204, 115.62330171553269, 104.726817714376, 90.03927953994632, 76.88053119208443, 64.85463743252477, 44.80984946502492, 35.462938224640894, 19.30721919965963, 10.853124359368842, -4.41594674627706], "speed_sensor_readings": [0.017992414097595333, -2.4787649137317334, 5.653523556956771, 8.146558657495682, 7.38121008092847, 7.111302662421453, 8.382440795509641, 12.204465152487574, 10.965555795344937, 21.028051776021076, 19.91080504556798, 24.085106083048892, 32.34867445527743, 35.38754740235244, 30.6938609141762, 39.17871442030085, 40.293019425655864, 49.835422026081126, 46.81872714237232, 59.024180745360866, 58.35335327594307, 63.90535764246843, 68.04290765635277, 69.5625699204024, 63.971085368932975, 77.9518895208302, 78.83447875493219, 86.20768681369843, 92.24864529692833, 92.90965666152398, 95.45438841947302, 106.4196547282852, 111.50361455079025, 118.75462594903149, 120.7590645049365, 127.91629559930806, 131.33399680615022, 136.93348768979232, 149.78191337869663, 142.43220709407504, 139.93709495908323, 138.46462864500052, 135.17856332410514, 142.38550802489317, 142.51492728932485, 145.4763748893231, 145.45866929537232, 144.9819001201977, 147.42869115255667, 148.3086056175104, 149.19508792202546, 147.96937460506894, 150.1495307462377, -0.10171161699953034], "angular_position_sensor_readings": [0.44724601652212914, -0.24960766290830344, 0.06928570091659281, 0.08642775234432223, -0.4053900897000361, 0.411551523750439, 0.2075261833297842, -0.07352035582200918, 0.3784486751301581, -0.251209877313397, 0.5655955448463424, 0.01755235034859792, 0.05913020265568801, -0.46537991215715047, -0.4515066968706839, -0.04897122395652956, -0.45281966171269133, 0.3460895154609911, -0.48724401696025016, -0.5339708197743858, 0.18695936526116902, 0.5333052114925955, 0.2247616474667417, -0.029215656883054053, 0.06422080332404484, 0.023415022077924563, -0.15577490462687493, -0.45547894272478145, -0.7154907595707042, 0.0991993965410568, -0.7610937038168044, -1.1284687359324728, -0.15009429543382502, -0.8895757692853294, -1.0335842808546853, -2.006016331543778, -1.5350932382022218, -2.0189478678319706, -2.29092126756688, -2.070582584238643, -2.6641651759325686, -3.2309246921483235, -3.37360184370668, -3.7821571082774166, -4.0410990873704495, -4.395141992459028, -4.977790728043004, -4.429913536758844, -5.0681589354201915, -5.157658425892198, -6.481008363701447, -5.138437424677562, -6.605632827755368, -6.463025009476107], "angular_velocity_sensor_readings": [0.012532089285158655, 1.3957385624965062, -0.7933100091112112, 0.986339022688552, -0.01947298457578378, 0.715032448220984, -0.3158484766045722, -0.4727377573669405, 0.9702607521761203, -0.5163367942415285, -0.6282108694600733, 0.9528425742788242, -0.07271241555059195, -0.3560086794306214, -0.12131351994222231, -0.16783196672711365, -0.17708032375231317, -0.30758059182733066, 0.4538812099709215, -1.017952031298802, 0.32301005432707575, 0.16485363907266845, -0.5116056083357294, -0.862763217226098, -0.6208592501740984, -0.4532058362919946, -0.41617410502911667, -0.7197287617235676, -1.5106879332675476, -1.3060963399941343, -1.788983078582409, -1.3880655569798122, -1.975459877642751, -2.2173975207393175, -1.8681702988543438, -1.6638322448655511, -1.408515474341336, -1.8188751436793555, -2.46988861813877, -2.904203369459831, -2.6646775448604205, -3.104793165002368, -3.0111973205869402, -3.770077298425282, -2.893419785624311, -3.6065008614885183, -2.761931154053646, -2.3769715308981327, -2.396403446130749, -2.469046830325859, -4.272201564124327, -3.535508164169272, -3.077137296030248, -3.212438842134603],