{"position_x_true": [0.007366482431036083, 0.03685378634094972, 0.10329288403086348, 0.22165776593900416, 0.4071340879209335, 0.6751883996216257, 1.0416309772511871, 1.5226987787008932, 2.1351916604085077, 2.8965403576510664, 3.8211955162322875, 4.920549710249024, 6.2065050721122255, 7.673224709355697, 9.314789162853158, 11.143533148619422, 13.172303882925583, 15.41441165273029, 17.881055307500155, 20.57602737270991, 23.500473609945086, 26.65761160152484, 30.050171237958622, 33.68081788682589, 37.55452486667894, 41.67821628971083, 46.05824398560573, 50.69970009343169, 55.60551661511067, 60.776153263592384, 66.18839904299902, 71.81708989537574, 77.65550748239481, 83.69147513414704, 89.90630464576111, 96.27498846083537, 102.76427538614692, 109.33205063923502, 115.9276821248021, 122.49363886839741, 128.9609941364089, 135.24813188071883, 141.2628622477651, 146.90029147023148, 152.04345258411885, 156.57082476668174, 160.6919234628946, 164.6525242035383, 168.4711082273676, 172.20565345607488, 175.8928807461072, 179.576746878416, 183.30416582275984, 187.1208659581801, 191.06473948838612, 195.15810608004816], "position_y_true": [299.9509510410929, 299.8039067654387, 299.5589339294463, 299.2157754675523, 298.77429281486553, 298.2341308560472, 297.59396417882493, 296.852206671358, 296.0086483865632, 295.06310606964337, 294.0115050766245, 292.84605548037825, 291.5574083651501, 290.15202776746713, 288.63583657150184, 286.9980117647068, 285.2273367516372, 283.31242196440854, 281.24543531275515, 279.0207925083927, 276.63233083752107, 274.0720071567301, 271.32917300459627, 268.3941511889567, 265.25591468218954, 261.900157963012, 258.3111273274467, 254.47074027346557, 250.35692015858115, 245.94349691472, 241.2128700022929, 236.14893637465084, 230.72492460307691, 224.91022424249203, 218.67146318806851, 211.97390297498032, 204.7822547799399, 197.06213379642622, 188.781889961835, 179.9142735173923, 170.43848726016, 160.34258142698405, 149.62762641570086, 138.3129449345902, 126.44459772948642, 114.10036418828467, 101.51768336113881, 88.89908389504744, 76.27433249611485, 63.67315277468475, 51.11467400316549, 38.607454533748, 26.145878125539276, 13.707817581423178, 1.254289941134827, 0], "angular_position_true": [-2.208252020562497e-07, -2.2637161319379018e-05, -8.149651811304096e-05, -0.00012287860082128144, -0.00011833988826558823, 6.207161656063918e-06, 0.0005302698308971218, 0.0017934321727147097, 0.003863612377345637, 0.00683187631442829, 0.009881710858179488, 0.011183084589133845, 0.009102138871964535, 0.0058214389720586575, 0.003528948815866596, 0.000578640331997296, -0.004734594379702146, -0.01433861027255072, -0.029280801907513004, -0.04939528948168929, -0.07466353351914551, -0.10499324247078864, -0.14001399940878495, -0.17983665657261375, -0.2247159245550685, -0.27474615533042024, -0.3302194588328856, -0.3915626396104977, -0.4589829004700649, -0.5323598115056851, -0.611449510918956, -0.6965626720402839, -0.7883710361967762, -0.8871725645165122, -0.9931143721380205, -1.106306999655952, -1.2268133501887248, -1.3547476344591605, -1.4903895762982542, -1.6346341193906702, -1.7884213696796456, -1.952581702959489, -2.128256837430474, -2.316410626310152, -2.5174973499623694, -2.7321135393237674, -2.963433847655672, -3.2139132368552414, -3.483705952060773, -3.7731128480741427, -4.082272609375402, -4.41136285026045, -4.760461260080876, -5.129697359962014, -5.519249046717642, -5.929275205982968], "angular_velocity_true": [], "altitude_sensor_readings": [301.7842310772178, 304.6774934054668, 291.3466154372722, 298.2117303373434, 300.2640539575794, 299.03328431468594, 292.21223545890604, 295.27290354802955, 293.96576171542927, 289.5740579831934, 295.12953800417534, 287.2121888245939, 291.14910772565474, 284.49400102841946, 293.54920417100226, 283.1280112440849, 288.23034774581186, 282.74100738298404, 282.8999685653693, 282.20217876485503, 270.0629222319958, 281.38270456832885, 273.4684019462433, 271.47810953501187, 275.0664767251467, 263.79095159384076, 261.6708040054356, 255.80049325043638, 247.07822527928224, 247.57067642866957, 241.97512972483244, 239.5775434503687, 232.53884505510663, 224.1837335991157, 222.0920506410767, 218.14947137920552, 204.7970135564296, 189.16047635108603, 192.03045187856728, 185.87225545725667, 170.18129551325106, 157.68142845360182, 151.79332594746128, 133.25556049094956, 128.07937728744747, 117.84271314726777, 108.00301195911993, 91.55898147823149, 73.42091725758448, 65.74047098233235, 48.811096147104465, 40.15236525123199, 23.143802851596206, 21.33330427783746, 7.698391406296023, -3.5640370731867095], "speed_sensor_readings": [0.28719641535967033, 0.1004123658650975, 4.803939172647479, 3.113254616959974, 6.5903769904738105, 9.091322521699313, 7.694216513532614, 10.321233954864445, 10.745974893297014, 11.023610819201936, 12.812448946607663, 18.154140434356822, 21.71165560399885, 19.040293218852383, 24.984885421048276, 31.47077858018843, 26.126357159766524, 31.161454917198697, 29.55369284608777, 34.92567457804817, 41.724564910172575, 43.42613976050627, 44.18447558772022, 50.80612206029107, 55.27737250090192, 50.931240228529816, 60.807195632595295, 60.99073665965927, 63.148957419087, 69.46855060358962, 76.44101301143245, 78.47794292494355, 80.41660819858258, 87.77889152028084, 89.43489958551189, 96.30670091981372, 103.26165424476422, 102.65470144623283, 112.75859791810545, 117.66254099075016, 119.2089075991813, 119.91476979638293, 127.69555216269791, 129.54691989206484, 136.3816289954831, 133.98618374616467, 134.60846459258744, 130.97871630941756, 132.57671370616046, 130.5503956921616, 130.26613825967289, 138.28370768864335, 124.66775083906394, 128.5508215965844, 132.37170251104627, 0.11601981717585458], "angular_position_sensor_readings": [0.4242210270196973, 0.6030349324964502, 0.34499997282682915, -0.35720189068316344, -0.24074869092316323, -0.52563554762829, -0.09231048655103694, -0.21336741728825626, 0.7516097817375011, 0.35994231751289574, 0.5932134671303305, -0.40393084754365954, 0.6721674250519201, -0.08671481232648567, 0.23451599073081023, 0.094179646074958, 0.4926790803187801, 0.15816749145147646, 0.5326217525748143, 0.15922916429188194, -0.047557722435103256, -1.010004991573649, 0.7894776325572295, -0.5466747825996203, -0.18835577838681344, -0.2969998872854628, -0.7463850908538956, -0.22017942356272752, -0.3530389255951103, -0.19213633178586614, -0.4916909129724529, -0.12808345554602418, -0.29405530863214696, -0.8379955297798167, -0.38253791275476334, -1.4304233931469028, -0.3013383303739462, -1.117759410696361, -1.2209814523357316, -1.4303904904423825, -2.1259646040259157, -1.9373159388156036, -2.7688915548854593, -2.0346512110437045, -3.0534541619022715, -2.6311922478860827, -3.412046163251071, -4.107240700646628, -2.9121642377629158, -3.184993612853848, -4.222179048392497, -4.383299249937624, -5.015492607372543, -4.713200979412532, -4.851117170143024, -5.685136799404239],