{"position_x_true": [0.013282067218520464, 0.06639301353684647, 0.18808111006777783, 0.4095950510460446, 0.758840628646309, 1.256487835242157, 1.9196967579467872, 2.766252086859517, 3.814919176794083, 5.068531450011424, 6.528675101323305, 8.212580660555723, 10.13135537802126, 12.294474806607258, 14.692110932680608, 17.316476482470293, 20.181911558372516, 23.303822888622882, 26.673671578705147, 30.281893685917602, 34.14704344649184, 38.287397921680586, 42.67889791014528, 47.29435503325722, 52.14483180765131, 57.212990681654645, 62.47550161289132, 67.92673120037988, 73.52625661097274, 79.22632938303323, 84.97685511871242, 90.71324236160298, 96.35969925296376, 101.8216515686677, 107.09084502577713, 112.22148646535904, 117.20929054371847, 122.02561419919228, 126.63705773093136, 131.02455974052995, 135.1860152403073, 139.14253153333894, 142.96662730474532, 146.75846789299206, 150.6624364219983, 154.85515444416146, 159.5037636547732, 164.73074268514574, 170.57235865231056, 176.9399396073396, 183.51602610306563, 190.0773660890432, 196.6387060750208, 203.20004606099837, 209.76138604697596, 216.32272603295354, 222.88406601893112, 229.4454060049087, 236.0067459908863, 242.56808597686387, 249.12942596284145, 255.69076594881903], "position_y_true": [299.9549379818892, 299.8198212886468, 299.59489675030335, 299.28103273800673, 298.8754243739896, 298.3756220463369, 297.78407130870903, 297.1035245313757, 296.3365576820845, 295.4675780349062, 294.4848516997138, 293.39570053046236, 292.20464398845326, 290.91693209429565, 289.51512080384805, 287.9797496724172, 286.3122388516266, 284.51063443134956, 282.5546958692951, 280.42120645747946, 278.09657943081834, 275.56272663955934, 272.793199931731, 269.75952468311175, 266.43613592648563, 262.7929791435215, 258.79602883793837, 254.40693345194939, 249.59263533096478, 244.3212757780397, 238.56470749772572, 232.29749638514284, 225.50811582913178, 218.20829743968176, 210.55706134492297, 202.73586887781494, 194.76849383488914, 186.68658049028386, 178.53945960926802, 170.378380364093, 162.27638078482028, 154.31787712762355, 146.59013472257897, 139.16550089303038, 132.09344812214968, 125.34941325127365, 118.81576520835418, 112.29748584245817, 105.52978340234324, 98.22509401317213, 90.42139785220111, 82.40767522861162, 74.29585260502213, 66.08592998143266, 57.777907357843176, 49.371784734253694, 40.86756211066421, 32.26523948707472, 23.56481686348524, 14.76629423989576, 5.869671616306279, 0], "angular_position_true": [0.000788779090884728, 0.003151116623066532, 0.007037330921119942, 0.012337291374457517, 0.01810373666109516, 0.0233977459201934, 0.028026067992530216, 0.03166394381767786, 0.034073267605112256, 0.03164439827462104, 0.02145622710565555, 0.0052029281071057434, -0.015193082185040247, -0.03809486452673168, -0.06669596238734252, -0.10414559819695521, -0.14879360709726547, -0.19874168181564716, -0.2563164811547709, -0.32374319587492, -0.3986435368406507, -0.47871506985154233, -0.566246151060484, -0.6634006316348031, -0.7680315402025484, -0.8820374500471658, -1.0071061476904517, -1.1408692824468, -1.2849389761026222, -1.4413549469945364, -1.6107683669134376, -1.793516668841584, -1.98989725276039, -2.2015416599092505, -2.4273595931216363, -2.66461032514156, -2.910516689945271, -3.167370132216095, -3.43753581868683, -3.721809777604059, -4.021068245957277, -4.336134359332165, -4.669382462753815, -5.0220213899069615, -5.395201989182529, -5.7895573368722095, -6.206084616317242, -6.646079591768051, -7.1099913217019735, -7.598653484487065, -8.108398271020544, -8.62634045039843, -9.144282629776317, -9.662224809154203, -10.18016698853209, -10.698109167909976, -11.216051347287863, -11.73399352666575, -12.251935706043636, -12.769877885421522, -13.287820064799408, -13.805762244177295], "angular_velocity_true": [], "altitude_sensor_readings": [300.7639093940042, 299.8448913635139, 299.98706071166004, 298.0468563209175, 296.71805364829254, 299.46801622066715, 305.261244237715, 295.92748400216004, 292.1817617762335, 296.7637835690506, 295.86679958505357, 294.88386066474754, 298.2814454050578, 294.39913306867766, 291.589425763742, 284.744739594467, 289.27861887930374, 282.8350129449901, 285.05635684167436, 286.1106329277432, 277.0815840105789, 281.7279743577417, 275.1349537451669, 272.3739898841341, 269.9718657862299, 267.51435888595785, 258.2809083936665, 251.6261603232392, 247.03603822298476, 240.59480024933802, 235.65657682934312, 230.9405438579735, 232.68558949395666, 211.7074574668775, 209.14232028238843, 199.4696840027261, 188.08224639557892, 184.64602887749524, 177.89388206934248, 169.72990575311462, 159.8220900542811, 151.34668372318632, 144.3411377222486, 146.26735157530072, 136.93079218815896, 124.34564979709675, 111.71375725771813, 110.5261011569772, 105.26965478627793, 95.30310253551477, 95.31780655410698, 89.67385565292845, 76.90892812761975, 58.66273919051249, 59.43723761994486, 51.085532296390134, 41.17249301543701, 34.52331689845649, 20.236296786344266, 18.678546834544736, 3.4389847158601308, 5.25010501479703], "speed_sensor_readings": [0.626765062062217, 2.262991832505812, 2.4844595563266494, 0.7458356726857946, 6.44819709752397, 16.75399147432021, 7.734129153600979, 12.610708364511066, 12.758980176768068, 18.289410589644877, 22.320884087218882, 23.864919599042626, 22.699363100652967, 25.347120714404866, 28.29634891225607, 34.836937233065356, 34.24747712818956, 37.677828338801554, 41.03290168001976, 41.470303117731305, 43.78324425447633, 50.631413232319176, 54.2552791489924, 64.48866264459178, 64.72884330646059, 64.02498179816953, 74.45424179268922, 72.57711158793738, 75.76116816034065, 79.1716816789593, 81.92264695193737, 87.41381030352426, 88.67799396236813, 93.52980797018543, 95.19245922845387, 93.03217235103567, 92.10121799914972, 97.97234967211857, 90.11273442066418, 88.32737579248281, 92.77417227421661, 83.86657546242363, 83.18688481165205, 80.2354906234777, 79.44232316186122, 76.55705464845411, 81.48315532400532, 84.28845888878878, 95.05631472904302, 99.1786042346919, 102.95342328357019, 111.26454265741513, 106.48260999072437, 103.71392968817965, 107.68530185889044, 106.59432476821401, 107.6899169994808, 107.46552227358937, 107.87813939150983, 108.27951111141873, 114.97727933671678, -1.0205450158645528], "angular_position_sensor_readings": [-0.7055791059128842, 0.20415961051998563, -0.018529872790298038, -0.12637937872520474, 0.06110382918534399, 0.05156154583678599, 0.2923622475804665, 0.0022129609520276997, -0.7481754565854355, -0.15771882137032842, 0.8654614000251621, -0.3867794032738052, 0.27696506904889334, -0.16360875526412166, -0.2460293114131293, 0.292152649477338, -0.342539673837321, 0.18987674236172064, -0.5934759784324916, -1.2185444836136146, -0.5823965634333198, -0.49345005230891903, -1.131948997971885, -0.4232367618877313, -0.5628295540131333, -1.020974823593962, -0.368579088859716, -0.7693098293619325, -2.001147085726452, -1.0531947132637518, -0.9284846721949096, -1.7998358481147883, -2.5872092062851233, -2.108695557834455, -2.536066169214709, -2.304717847735505, -2.7303926002907977, -3.4476053357741283, -3.2387445863490916, -3.8070984266965504, -4.074897528894204, -4.421433507873535, -4.535223106348973, -4.408622775626009, -5.972880912693557, -5.417318089535583, -5.862645212617601, -6.994841597333324, -6.970690489529568, -7.950030818396062, -8.389105568052061, -8.62318745197946, -9.538654710464616, -9.15362110748183, -10.372542839318275, -10.060043826568164, -11.230008230123675, -12.118154823386309, -12.393858989387667, -12.15643709510628, -13.889240419268333, -12.967431942493842],