{"position_x_true": [0.006189891404167, 0.030945268121042722, 0.08664461017790048, 0.18573123147828485, 0.33647827766965954, 0.5426895357761005, 0.8123852992798722, 1.1489490774324789, 1.5556894494014626, 2.0450021563987137, 2.629697044080788, 3.323018659239401, 4.133239891705958, 5.063334965230955, 6.115860022230721, 7.292638800588124, 8.59489287195733, 10.023567970343613, 11.579097558633944, 13.26108962415108, 15.068074817583822, 16.997498516665495, 19.045628305525995, 21.207899542173067, 23.478994165955847, 25.852520032931462, 28.320980671747805, 30.87580378640724, 33.50683058375244, 36.20179516788861, 38.94733428228419, 41.729052544139876, 44.53134614982625, 47.337314504592534, 50.128425886485196, 52.88625426231271, 55.59095726589066, 58.21919968299153, 60.744842713642036, 63.14079864142971, 65.38011171172691, 67.43551704100643, 69.27917046850281, 70.88208234289898, 72.21424831358127, 73.24419402407662, 73.9394057553554, 74.26873046366943, 74.20332564724194, 73.7150410631614, 72.77671992496761, 71.3645621763437, 69.45883221223886, 67.04543463058377], "position_y_true": [299.9468512270137, 299.7832816189525, 299.5010311359516, 299.0917871604965, 298.5509850341589, 297.87752072570305, 297.0738166766711, 296.13782771189506, 295.0663988203746, 293.8625473192145, 292.5278359314061, 291.0624601504557, 289.4623291100412, 287.71975487589634, 285.8264119738541, 283.7732023281859, 281.5506302018529, 279.14919800447274, 276.55935726962446, 273.77084349040547, 270.77255419805704, 267.55305903353644, 264.10066651451933, 260.40341001623113, 256.44926118065473, 252.2261507696057, 247.721935373406, 242.9247984337084, 237.82314812873346, 232.40500161459454, 226.65891789937024, 220.57434747886902, 214.1412561714221, 207.35049688202687, 200.19385328280805, 192.66392516953883, 184.7543454069838, 176.46059620455492, 167.78057215750536, 158.71420722740797, 149.26316150052813, 139.4309355635784, 129.22345891294415, 118.6496961304411, 107.72196332962054, 96.45746856207683, 84.87845501183709, 73.0099544733525, 60.87838150682017, 48.51609125569598, 35.964730176218026, 23.27138902073009, 10.488463354951774, 0], "angular_position_true": [-0.0008386334665720006, -0.004194714938763256, -0.011754115774049608, -0.025189447081328892, -0.045313360100218934, -0.07213845656213837, -0.10488779771722072, -0.14361165384532706, -0.18835382327562006, -0.23747725886761076, -0.28930563388190916, -0.3421287012004288, -0.3951213692273853, -0.44838399231661313, -0.5019694940342481, -0.5558703086952482, -0.6100908633209823, -0.6647067104327989, -0.719964519019406, -0.776120054852447, -0.833301391036603, -0.8915730562104028, -0.9509305509760659, -1.0113478057503058, -1.0728287530730753, -1.1353305097800583, -1.198892289638812, -1.2636218242078023, -1.3295337075681661, -1.3964804001454352, -1.464316641697648, -1.5329633116089705, -1.6024476288590106, -1.672912368543164, -1.7444035424911313, -1.8172763716638813, -1.8919641834658167, -1.9684195510404716, -2.046317266218555, -2.125437426195311, -2.2058458858735466, -2.287851834863707, -2.371815603485905, -2.458079251494663, -2.546926017847126, -2.638317989274399, -2.731891891570412, -2.827678966052663, -2.9264453362440497, -3.0286594660415105, -3.134057696817674, -3.242323289744082, -3.353152080146227, -3.4661444774322607], "angular_velocity_true": [], "altitude_sensor_readings": [304.8302794924597, 309.98992603560686, 303.2907747078475, 302.19603680952457, 301.22868988177214, 302.51691330222184, 298.5743630098761, 292.33634333342167, 295.66667586976416, 293.6174853738054, 286.170525693599, 285.1727616653957, 284.0672641249111, 288.18430967763464, 281.1456903246495, 287.4947942555978, 268.69118896255054, 274.3972787428595, 274.32038508430765, 277.23447010582214, 273.13686992168374, 264.7549494257295, 262.33707916735915, 255.0128623360354, 260.3024352231034, 258.84617584577455, 244.12475255553963, 243.92208312170666, 238.8869866695057, 231.13463355391715, 225.79854317089345, 226.3722273912037, 217.29356292163226, 212.04946695568051, 205.8728214940379, 192.83569091411184, 188.18575019062325, 184.40212164628142, 161.14975129478833, 162.13649093521607, 153.55406025950376, 141.19232075538332, 131.65541097563835, 115.04162271037912, 112.056879395617, 95.14509832720448, 81.3610576906194, 77.03590320040867, 59.778085284100115, 39.798062725387766, 32.36523566898733, 24.11887746362663, 5.8169394737739575, -0.37241042595814416], "speed_sensor_readings": [1.0297790978516268, -1.666127583024359, 5.3447213443458015, 6.018586180154898, 10.981888357459674, 8.865233819102716, 6.60259811449855, 6.552464240357221, 10.574695871612361, 13.658363587831907, 17.729823221961038, 13.178114183760153, 19.41057584158246, 18.571962809643896, 24.653217298878918, 21.848562241531823, 26.748692480099155, 26.306369200759782, 30.111114430091323, 35.68308130292612, 34.36151305569056, 42.87661473483764, 43.95502121003237, 48.07661666314313, 49.15139286139059, 49.96454705305879, 57.28501417795146, 57.8678307562218, 55.38524398202228, 66.1080552675858, 60.1432990011346, 65.57996877818802, 69.72072730047752, 77.24007203296807, 82.20565015846316, 77.35620129426533, 86.323771112804, 88.80424551805434, 86.6616232670763, 99.29647863264576, 99.83159791065165, 98.72904056983946, 99.50482830712501, 110.8759525919616, 109.8575164006909, 112.9373971524237, 118.7201054505951, 119.03444223034751, 126.75900284890889, 119.93717397538046, 128.02009928848702, 128.20902902361973, 127.70675337356433, -1.1224150470165184], "angular_position_sensor_readings": [0.08885376156956813, -0.23604610086180255, -0.4742565351656071, 0.06399159775518068, 0.23174634510783468, -0.02514985006102815, -0.1719006060671527, -0.24077835685163612, -0.16970563455262588, -0.32162927293611093, -0.6523818136578312, -0.12300228150806167, -1.012475753629787, -0.5870395901473946, -0.5977257326190206, -0.23981675909614514, -0.6183807229030333, -0.2557438222146429, -0.5915938544438508, -0.017719896734950003, -0.7447640679379293, -0.968128274406832, -0.6527244968633816, -0.37750080480330217, -1.2905943002755043, -0.6582907281342889, -1.0392378684192203, -0.6929673066482722, -1.123629835749572, -1.740332270396064, -1.3824438674022612, -1.348878741640999, -0.8159692708849322, -2.105827862295139, -1.2081895823201214, -1.8109232681222163, -2.743022209391907, -2.084157367233984, -2.476925565271883, -1.859450427279806, -2.611276135928512, -2.3332559722417368, -1.9408493007606056, -2.650061206291541, -2.50116421513759, -2.7972633585544084, -2.3098289707303623, -2.870904662486771, -3.3032401432934897, -2.8788311296199214, -4.067283392140331, -3.731409342665274, -3.2838444034824934, -3.8642952990494743], "angular_velocity_sensor_readings": [0.6149875902285227, -0.4953336039492588, -0.3632069969292437, -0.6547610608850447, -0.06568334997301112, -0.521586983352752, -0.4101843740107095, -0.26093830921854827, -1.1223897457997132, -0.6240774096339161, -0.5002354055596967, -1.2417085553144216, -0.21968759241794095, -1.355353336384705, -0.8418851145293207, -0.5594752242556583, -0.6726159068740405, -1.0722089796477152, -0.6960068555436913, 0.23204318630286946, -0.8155815589487221, -1.2133799792050675, 0.21916263233482602, -0.5115940113205081, -0.46851046634613813, 0.3833431227198253, -0.025543974116527424, -1.2233066265876995, -0.7845369067519241, -0.5294645208702589, -1.0304643088061909, -0.571632956313124, -0.18337191141832598, -0.7548513013634479, -0.16337979217050647, 0.03499909233975684, -0.6720246688014757, -1.440536776720938, -0.7077793484530787, -0.0697906299678398, -0.5239370405171334, -1.298718170797867, 0.08779550099888733, -1.110458753038648, -0.667534328540643, -1.8828350544741614, -0.44595989955205234, -1.889350719871751, -0.6134980537913197, -1.2119911589107657, -0.9636190083651981, -1.8856187853513475, -0.6276267358210622, -1.2824416954456845],