{"position_x_true": [0.009834991139054006, 0.04927946005807676, 0.1456858635489794, 0.3341647335904242, 0.6423317954680829, 1.0902075143445469, 1.6982415878707706, 2.487797966556263, 3.4813872737122162, 4.702485381599422, 6.1757246673363575, 7.927026185524165, 9.97555186348226, 12.33324206571995, 15.012565542379596, 18.026642712986444, 21.389459101595612, 25.11595514174737, 29.221909449183585, 33.702644959015934, 38.558829567206, 43.81854900389091, 49.51211882096018, 55.672070766809234, 62.30085745330381, 69.40193472656519, 77.01207497844452, 85.1710395520629, 93.92270204478262, 103.2710429769508, 113.22042960857236, 123.81956400135743, 135.12169124223877, 147.1374258412943, 159.8779191584286, 173.40061178265697, 187.76232941377697, 202.95753152756444, 218.97764799756462, 235.6500131017707, 252.54973482251125, 269.4494565432518, 286.34917826399237, 303.24889998473293, 320.1486217054735, 337.04834342621405, 353.9480651469546, 370.84778686769516, 387.7475085884357, 404.6472303091763, 421.54695202991684, 438.4466737506574, 455.34639547139795, 472.2461171921385, 489.14583891287907, 506.04556063361963, 522.9452823543602, 539.8450040751007, 556.7447257958413, 573.6444475165819], "position_y_true": [299.95092391916717, 299.80368105738256, 299.55839708387026, 299.21541032355213, 298.7751102293953, 298.2378623206715, 297.60377132391034, 296.87271292949777, 296.0443602548063, 295.11826646434315, 294.0943115709388, 292.9727997400625, 291.754196590325, 290.437295080954, 289.02050916700125, 287.5035839512197, 285.8865606136333, 284.170644875709, 282.3547934291995, 280.4153235586796, 278.3370124074658, 276.13084666299454, 273.804339493902, 271.36425936724714, 268.7852838215301, 266.0391864884074, 263.12478424292794, 260.0366475344667, 256.7652434795855, 253.2660749422569, 249.4922597392644, 245.4218112989169, 241.0241835128737, 236.23765386567774, 230.99376491207772, 225.23326328501886, 218.8730886728837, 211.80135002193052, 203.89284624370796, 195.2615978540831, 186.30747580433967, 177.25525375459623, 168.1049317048528, 158.85650965510936, 149.50998760536592, 140.0653655556225, 130.52264350587905, 120.88182145613561, 111.14289940639217, 101.30587735664874, 91.3707553069053, 81.33753325716187, 71.20621120741843, 60.976789157675, 50.649267107931564, 40.22364505818813, 29.6999230084447, 19.07810095870127, 8.358178908957841, 0], "angular_position_true": [-4.743422492597462e-06, -2.055349622966065e-05, -3.868447334579587e-05, -5.6849798787888994e-05, -0.00012290253829857958, -0.00026000590306029625, -0.00046823907524742007, -0.0007856669509324432, -0.001161502353182581, -0.0014759244741753218, -0.00164645631671714, -0.0016755233208431157, -0.0016667622828807, -0.0014112756626871695, -0.0005812792217633136, 0.0008774250668139304, 0.003037609525004815, 0.005881406605670212, 0.009786906823491856, 0.010913865638590679, 0.005756013033174242, -0.0037769167140454234, -0.015345483272231364, -0.026806927417083785, -0.042233565727827105, -0.06530389800110153, -0.09327403214393287, -0.12332419003151923, -0.15244485808942132, -0.18508152016561208, -0.2258346786911148, -0.27163076700838196, -0.3192474917568384, -0.37252537592185087, -0.43558075024391224, -0.5051901326289272, -0.576917692102813, -0.6556627623537139, -0.7470667436884143, -0.8427301308455548, -0.9372314186131221, -1.0317327063806894, -1.1262339941482566, -1.220735281915824, -1.3152365696833912, -1.4097378574509585, -1.5042391452185258, -1.598740432986093, -1.6932417207536603, -1.7877430085212276, -1.8822442962887949, -1.9767455840563621, -2.0712468718239294, -2.1657481595914967, -2.260249447359064, -2.3547507351266312, -2.4492520228941985, -2.543753310661766, -2.638254598429333, -2.7327558861969004], "angular_velocity_true": [], "altitude_sensor_readings": [299.9590464227819, 300.8758639592901, 304.59191548109106, 297.962986524742, 298.27792636419554, 292.8913176968019, 293.4191192627154, 305.1078110735931, 293.48759534441047, 287.6890101843893, 294.8965958477186, 297.2111742143913, 296.0371150111716, 292.7234320127301, 287.1068876311209, 281.09424299769825, 295.8185808240797, 281.18434851037705, 283.3099406746839, 285.82441872646405, 280.7138509781676, 277.0539313762358, 273.39477666234524, 278.7771387820346, 270.13622374753623, 258.30411351158745, 259.0433403784315, 258.8020469375572, 256.0924877759666, 253.15038297104252, 247.87318269059602, 239.12578189359115, 245.8740378321375, 229.27331538732102, 229.5951576530098, 228.43217402127834, 211.69173385439797, 213.70779341371986, 198.7695584671347, 189.88498895200763, 181.89101902110113, 170.93264575364458, 169.63932632446623, 154.77645375109958, 147.1555346757111, 146.53507526926532, 127.74364537837825, 121.56535773686757, 110.3083565996169, 97.09523760521793, 82.40731654835946, 75.49163159816649, 64.54609264627287, 56.18294763321409, 49.924660034230385, 40.737960951687526, 30.671236723526377, 20.06332553701793, 14.66572185722388, 6.500410826001229], "speed_sensor_readings": [-1.406749337033854, -0.23125653939349622, 4.811067141035557, 8.373336860884134, 5.615145218383989, 8.555874021766735, 7.924009727600442, 13.029506036381488, 12.673893615334135, 12.9592751588785, 20.874363832960835, 22.577978995370437, 25.140614019186472, 31.373736378982816, 33.60375624071115, 37.1398873305902, 41.33890821397819, 45.70978951544851, 46.273891345762415, 49.63716994949775, 56.163704562309114, 57.55805203484366, 61.63022667745457, 67.52113945637981, 77.12335696159253, 81.5481997700818, 84.34045918815085, 92.04664814453707, 95.07868189596371, 99.3066305522246, 110.71272878401219, 112.27396957625432, 121.96659856199845, 129.57535158031436, 140.46029177343303, 150.50275545761795, 159.69707057316762, 172.62989314740327, 181.3755538230444, 187.64963364778086, 188.42273209750317, 195.39464806293972, 193.07198524620915, 191.95220930117824, 196.10728970915375, 194.41051258295954, 194.20353129826108, 193.05191430505855, 199.08944029325062, 193.9700560838357, 203.88900523163943, 188.80893707630472, 197.3844024792317, 197.29637554117522, 199.72422321842674, 199.8203764597669, 197.47266852161695, 198.74048424372054, 202.49142408342547, -1.055593755232528], "angular_position_sensor_readings": [0.34949710088004315, -0.5797782845957911, 0.03234202268173286, -0.5455005434692346, 0.08892715424879712, 0.061340312932872496, -0.18888131030312844, -0.04590301534753132, -0.2986892608269191, 0.28878053672001885, 0.2238098656455256, 0.3717218662610072, 0.5703588346005393, 0.22001742198231927, 0.5987394039556946, 0.10535978272291896, 0.016949861733659255, -0.23767366978282475, 0.0782694488141927, -0.20990526869301301, -0.5843058725160781, 0.13135065182575606, 0.26647091246356924, -0.35416403810740904, -0.35421520886266944, -0.19137617074762592, 0.6065767382171285, -0.45433886384348304, -0.3792141661396778, -0.13820873631055597, 0.30325123396207493, -0.4352154756376687, -0.22997110983727403, -1.100632691737336, -1.337438044606788, -0.7119463250395537, -0.9013495532575004, -0.8399657439527715, -0.7832050094556575, -0.46950843808818093, -1.119079465503637, -0.35613506497837555, -0.7518342756136287, -1.3475306725025145, -1.9538906939560277, -0.9029779203911836, -1.3806968936754997, -1.324745138605056, -1.3683700179148657, -1.8703050941465864, -1.5851021295667378, -1.7928217996586733, -1.8694457898244277, -2.409287511436977, -2.75356100589555, -2.1435210850259803, -2.7551257718428936, -2.485280962051039, -2.6806455274521546, -3.0563015535805684],