{"position_x_true": [0.0, 0.0, 0.0, 0.0, 0.0, 0.0, 0.0, 0.0, 0.0, 0.0, 0.0, 0.0, 0.0, 0.0, 0.0, 0.0, 0.0, 0.0, 0.0, 0.0, 0.0, 0.0, 0.0, 0.0, 0.0, 0.0, 0.0, 0.0, 0.0, 0.0, 0.0, 0.0, 0.0, 0.0, 0.0, 0.0, 0.0, 0.0, 0.0, 0.0, 0.0, 0.0, 0.0, 0.0, 0.0, 0.0, 0.0, 0.0, 0.0, 0.0, 0.0, 0.0, 0.0, 0.0, 0.0, 0.0, 0.0, 0.0, 0.0, 0.0, 0.0, 0.0, 0.0, 0.0, 0.0, 0.0, 0.0, 0.0, 0.0, 0.0, 0.0, 0.0, 0.0, 0.0, 0.0, 0.0, 0.0, 0.0, 0.0], "position_y_true": [299.95095, 299.80379999999997, 299.55854999999997, 299.2152, 298.77375, 298.2342, 297.59655, 296.8608, 296.02695, 295.095, 294.06495, 292.9368, 291.71055, 290.38620000000003, 288.96375, 287.4432, 285.82455, 284.1078, 282.29295, 280.38, 278.36895, 276.2598, 274.05255, 271.7472, 269.34375, 266.8422, 264.24255, 261.5448, 258.74895, 255.855, 252.86294999999998, 249.7728, 246.58454999999998, 243.29819999999998, 239.91374999999996, 236.43119999999996, 232.85054999999997, 229.17179999999996, 225.39494999999997, 221.51999999999995, 217.54694999999995, 213.47579999999994, 209.30654999999993, 205.03919999999994, 200.67374999999993, 196.21019999999993, 191.64854999999991, 186.9887999999999, 182.2309499999999, 177.3749999999999, 172.4209499999999, 167.36879999999988, 162.21854999999988, 156.97019999999986, 151.62374999999986, 146.17919999999987, 140.63654999999986, 134.99579999999986, 129.25694999999985, 123.41999999999985, 117.48494999999984, 111.45179999999984, 105.32054999999983, 99.09119999999982, 92.7637499999998, 86.3381999999998, 79.8145499999998, 73.19279999999979, 66.47294999999978, 59.654999999999774, 52.73894999999977, 45.72479999999976, 38.61254999999976, 31.402199999999752, 24.093749999999748, 16.687199999999745, 9.182549999999742, 1.5797999999997385, 0], "angular_position_true": [0.0, 0.0, 0.0, 0.0, 0.0, 0.0, 0.0, 0.0, 0.0, 0.0, 0.0, 0.0, 0.0, 0.0, 0.0, 0.0, 0.0, 0.0, 0.0, 0.0, 0.0, 0.0, 0.0, 0.0, 0.0, 0.0, 0.0, 0.0, 0.0, 0.0, 0.0, 0.0, 0.0, 0.0, 0.0, 0.0, 0.0, 0.0, 0.0, 0.0, 0.0, 0.0, 0.0, 0.0, 0.0, 0.0, 0.0, 0.0, 0.0, 0.0, 0.0, 0.0, 0.0, 0.0, 0.0, 0.0, 0.0, 0.0, 0.0, 0.0, 0.0, 0.0, 0.0, 0.0, 0.0, 0.0, 0.0, 0.0, 0.0, 0.0, 0.0, 0.0, 0.0, 0.0, 0.0, 0.0, 0.0, 0.0, 0.0], "angular_velocity_true": [], "altitude_sensor_readings": [303.2812823550655, 295.9872305170489, 305.1830146331064, 304.05021867494963, 299.85488375885416, 300.3533251519161, 293.8688968300349, 296.43335280824726, 298.3832719707184, 302.21255101639395, 298.584329689712, 290.6852220121069, 286.0378102119114, 291.5833406840661, 288.4420911384733, 279.724559599333, 283.07415788097677, 284.28148178836557, 279.44244458231856, 278.29637711590124, 275.9958126115619, 272.1200590731671, 275.7209499845037, 267.39706395276204, 266.45475300678834, 264.8468883055076, 260.59777831620954, 260.08291089076044, 259.19157536291203, 249.3707170308865, 247.50920051330885, 252.78459746731286, 249.18486548461254, 244.38084357201552, 240.30960946818473, 236.32570332619463, 228.9196709919778, 227.0332360141655, 229.70732512226795, 222.3020147798395, 210.69976577367052, 212.89439540346822, 209.97737386630504, 205.6825646395548, 194.817085867372, 199.17673881582186, 194.9810863527539, 179.83846881921318, 176.52260845381673, 178.85597192447756, 172.76015577049893, 173.57800623143402, 158.1832040187724, 156.8599562701948, 155.33545086250757, 150.80509252344075, 130.50275511898377, 131.9545388957164, 122.07642287563752, 119.90894296638481, 118.91572262253214, 114.88636029341227, 105.10512707257615, 106.82532131336886, 91.50060583734472, 90.14628330547646, 75.11127960610669, 77.44703846147561, 72.79220912041961, 69.02551105753034, 55.06177557767737, 50.719530804966624, 42.61615644947404, 34.959590743375344, 27.001483807705235, 15.77262127196632, 6.514471135002836, -1.7930210845473185, -4.575038391689927], "speed_sensor_readings": [2.5508895624517, 1.5364687242392967, 2.6787868163641546, 2.8467724773442997, 6.2776368338246264, 1.4461909969756386, 7.267084753420287, 4.528931745308827, 9.892356778290871, 5.216067662680584, 10.941611319120979, 18.94617382294726, 7.088748299720113, 11.459114101741593, 16.00849588061227, 15.471097976078209, 16.23553965247172, 18.803931710925763, 14.1402893250639, 19.502899661535025, 17.285769789127478, 22.012321324653886, 24.708988536001677, 24.256850083755115, 25.033246090257656, 24.895840826183917, 24.489581479409413, 29.013592863778303, 32.515286338999516, 25.08689622351819, 31.576610036828324, 29.33467705591465, 32.49189630048961, 32.99039293443725, 27.83534309451847, 32.238021777056474, 42.56885531670154, 31.747683298649616, 36.30541475926629, 36.39891926946429, 40.19162408907614, 41.64909382752885, 42.56866059907374, 46.211457132503774, 40.76629418582607, 42.13734408368336, 48.41508786478977, 42.748012896661585, 53.06478218141282, 47.02466845889492, 49.89766683649984, 49.24187651645294, 52.14267745645794, 51.3991352428016, 58.70604005646639, 57.11819369318532, 61.230143088580306, 57.24423752757418, 55.38980559808415, 59.02929127381154, 56.43428576745831, 64.46781845497665, 66.9326952819132, 61.204442965852586, 65.37347040595195, 69.77116237400075, 65.52063242731484, 65.45973748188327, 69.21595934275315, 65.04253499592122, 66.86216261971336, 67.60214298133, 72.6730957545545, 68.77626679899427, 71.70954413794117, 78.30217406514431, 75.68659270070663, 74.263280537766, 3.236421982497973], "angular_position_sensor_readings": [-0.05932160885255541, -0.9272756496742744, 0.03361417710644727, 0.4426379543666162, -0.005906624766715562, -0.6762915597190381, -0.40746249976772875, -0.8322585016646242, 0.4083833856561578, -0.5774426192582326, 0.6863416198586956, -0.16746316377314285, -0.11288261914359961, -0.00040099589317423804, 0.10158509399078108, 0.4988691397007612, 0.07093132361286088, 0.13578368398132887, -0.18994812220191812, -0.1469434806642041, -0.014436448278595436, -0.08011175706167625, 0.09422424714943346, -0.7258337490650404, 0.46834510043312527, -0.5068107240632537, -0.36561098360903976, -0.5699985832693679, 0.28069565700343985, 0.19381261268300104, -1.2975219718343902, 0.16691745614722003, 0.407535805878853, -0.23422859316815514, 0.4409206760256059, 0.09247220949454286, -0.058833624055840375, 0.42834736379590954, 0.5267523279944697, -0.33731142090717803, 0.0498137854163786, -0.515885881058342, -0.3653788912395168, 0.0733637584309728, 0.01983885345912048, -0.3007638351499323, -0.48693732736407364, 0.1324376323051418, -0.4353516427869525, -0.3849599084957458, -0.5848846626800299, 0.7922856866147678, 0.22891198266588245, 0.23103358044324904, 0.2428968942376455, 0.08989404408711553, -0.4459417811511506, 0.5937415770435933, -0.519472199074362, 0.13411753425096504, -0.018788508194966448, -0.09727010114158757, 0.18847747914901045, 0.5977793305714039, -0.1373356255576271, 0.3483018185417792, -0.6705790832663721, -0.06955941047866421, 0.1546576670064177, -0.061963189729895174, 0.4808477805005278, 0.4526337402181298, -0.18295753717635876, 0.22785219342204535, 0.41352655953074174, 0.08432178094996351, 0.4364175325335555, -0.42209579904699607, 0.2543827731649352],