{"position_x_true": [0.009818740576045282, 0.049062479399000374, 0.13733646225853285, 0.2942581949385339, 0.5160019620826549, 0.7949784605906913, 1.1432934894801843, 1.5731909219525355, 2.096997915349729, 2.7063503145456815, 3.392826031698828, 4.168889835118079, 5.047409081973073, 6.041558769519957, 7.140864385543953, 8.334457585323728, 9.635065972924435, 11.055355721399113, 12.608239727018695, 14.278786935903481, 16.051201253811314, 17.936785941113346, 19.946014096826985, 22.088772650501166, 24.343705588440216, 26.68815410133938, 29.12817947381106, 31.668438417220678, 34.28696644194649, 36.9682930535029, 39.72235794569029, 42.550024747502576, 45.4514341311003, 48.41645942326359, 51.42282644543161, 54.4473132326654, 57.448403689684994, 60.41459387696869, 63.361995207131756, 66.28447136147426, 69.17513063316703, 72.02365513957155, 74.81705306868251, 77.54480642989353, 80.19812232439992, 82.7709536027285, 85.25957412264901, 87.66329320167081, 89.98611296675199, 92.23553280837977, 94.4224117676335, 96.56149076049857, 98.67248176126559, 100.7805519926822, 102.91906575432199, 105.12886979334966, 107.45684061589252], "position_y_true": [299.9509451327752, 299.8037572280776, 299.5583779116494, 299.21484190498506, 298.7572156234063, 298.1733564333719, 297.4708538311006, 296.6567552298774, 295.73754520059254, 294.6999592407658, 293.5302789881891, 292.23342641757307, 290.8132940268569, 289.2727608431122, 287.59739131906576, 285.7725173372865, 283.7992691675859, 281.6768820502065, 279.40280931880847, 276.96181910289033, 274.33849867025606, 271.5278709344692, 268.52219898668307, 265.311641451667, 261.8833294173922, 258.22472812465065, 254.32455706297242, 250.16940821366487, 245.74996053199425, 241.08210467435293, 236.17587218158573, 231.01415034852764, 225.57880652909566, 219.84952092309504, 213.8049280747122, 207.4254622593336, 200.71359677971623, 193.69177052356684, 186.36211972271826, 178.7076192086989, 170.71060565181673, 162.35916730158098, 153.64743075960502, 144.5693243630741, 135.11823236818995, 125.28631955934176, 115.06505169524418, 104.44484260359829, 93.41417088036016, 81.96037667958062, 70.0702997733996, 57.73045842311207, 44.927644472708145, 31.64952949102246, 17.885121460085006, 3.626569249811645, 0], "angular_position_true": [-1.0687619874253974e-06, -1.2653110106714427e-05, -6.340602678204035e-05, -0.0001704622301851951, -0.0036699843246313256, -0.013087617660855897, -0.02679083640445608, -0.04311094673707598, -0.06034697211555955, -0.08103143854917533, -0.10769344464650775, -0.13857694091211206, -0.17190609879120033, -0.20589534840314147, -0.24310011254615185, -0.28615559080022834, -0.33334931208536456, -0.3829042746985241, -0.43304566416001933, -0.48643004204134116, -0.5457067438432653, -0.6091133078156231, -0.6747846776478321, -0.7407713105841908, -0.8098331619918441, -0.884797339587475, -0.9637653716516685, -1.0447722700065851, -1.1297405310556745, -1.217033563449804, -1.3011925689731076, -1.3801455525266386, -1.4519483229349588, -1.5166569905502592, -1.5759164270401904, -1.6314309123970725, -1.6892925770258476, -1.749634725191933, -1.8064225245956704, -1.8574558410697692, -1.9004784772604613, -1.9342618819068784, -1.958566738805352, -1.9731624817548323, -1.977792307485536, -1.972363550768823, -1.9566359254200338, -1.9303181636480164, -1.8934451579629683, -1.8460500002702012, -1.787964945167844, -1.7188623767835924, -1.6382574749692222, -1.5455268754146454, -1.4404984588865495, -1.323146467805137, -1.1932290654872761], "angular_velocity_true": [], "altitude_sensor_readings": [298.81927496435367, 303.19950064365355, 296.1758658718812, 295.0658774935428, 296.8344747523606, 294.71940566186834, 295.988296289377, 297.90179789106895, 300.9744197726449, 303.4948754534546, 294.107498943317, 296.46649048349843, 287.1797928749731, 291.0622917833531, 295.89998428148084, 293.1189456845654, 285.29362095919896, 286.02628235159693, 279.2164281477684, 278.73294333083834, 274.82596062843805, 277.78356847984344, 269.3190438397291, 265.83117882861, 262.2757958361255, 262.71733884454596, 254.7551363682191, 251.73248775489944, 248.37838521290502, 235.33118356644957, 234.90152012254015, 235.85839590205092, 215.84107967087283, 213.65249114702792, 210.87771672286462, 208.18953321112866, 194.08038656484007, 192.49493635900177, 189.66229977734315, 176.71725599500752, 175.39776690249434, 172.06087050975535, 159.22451425616012, 148.38657863865274, 138.27485964799607, 121.13633983840506, 111.85809633567365, 107.15634399502171, 93.00743032840742, 73.9487800104975, 81.38572687108645, 63.77353144569854, 39.599730121987776, 42.25719115475809, 14.611998661576648, 5.132288237196462, 0.755454622093803], "speed_sensor_readings": [-3.847070367708252, -0.07646548544544496, -0.675119668885503, 3.783695608550369, 6.964690093513573, 7.50771991443243, 11.566605270778023, 12.08558150045258, 12.655713988189948, 16.55351733926286, 15.903919146792878, 16.426791003026555, 21.665193244340113, 18.199791405653823, 21.22279469000409, 26.011321264605066, 18.46161811042894, 22.70411249073498, 28.58593777281493, 22.861080163531945, 30.327323921994388, 37.05011633113602, 36.86655756296198, 35.808315672678525, 41.664452076572985, 44.42289068881088, 46.02252089104296, 55.20062407461632, 53.44430306634622, 51.80985339332295, 56.83830061678536, 61.71619240774592, 64.0908231386958, 65.65325959657892, 63.899290452370096, 75.86296716061072, 71.36815995315317, 78.94559805994699, 78.09377148753283, 84.22910089238505, 89.27610587877432, 88.52292649138106, 92.98342148828806, 94.31189919675299, 101.31228022879178, 93.4924068037747, 107.55880156833702, 111.48522174236966, 114.8694069542215, 115.14490490560009, 122.2009835901932, 131.78229535701132, 128.35001602480747, 137.7791155645502, 146.230895185547, 152.3080023152941, 2.5344438520050208], "angular_position_sensor_readings": [0.5045688301266835, 0.8235473743310174, -0.06502095831425901, 0.5052790565418583, 0.34862498254703617, -0.20123968394135058, -0.1358817987358672, 0.029634204206255788, -0.3756468721106478, -0.8730497784447633, -0.6986987565953405, 0.02855086909880908, 0.2375143217112971, -0.6566812280999085, -0.19190392335777984, -0.4868208110645009, -0.08998843686651892, -0.4201898958382851, -0.5320683631832684, -0.95856347483997, -0.6561615497602054, -1.3559133003096275, -0.088820012849112, -1.1272343159564906, -0.661778180770878, -0.21689768913406282, -0.6478247882396198, -0.6549440992754734, -0.8882411806371192, -1.4279280124925458, -0.8957916181711314, -1.7475847895642143, -2.2554655988640615, -1.4882387404969233, -1.7445180322774987, -1.2695942210391031, -1.6664483544745905, -1.1641600229334998, -2.3683978603023785, -2.628238192362172, -2.486632535894109, -1.463257141113836, -2.410653100387385, -2.1391750757892822, -2.8329894792584267, -1.6736562383746498, -1.8272351838764613, -1.700006215125076, -1.5188848423779526, -2.0642635353653733, -1.820048002529438, -1.951126624839181, -1.5602691528353652, -2.077466111555297, -1.139556162089598, -1.79327616584992, -0.42418443495279723],