{"position_x_true": [0.00936132121586105, 0.04683752979755259, 0.13128998606323314, 0.2817805650046007, 0.517666808659808, 0.8587075368080588, 1.3251547177357743, 1.937878576999639, 2.7184991823994933, 3.6895496357697017, 4.870880343999802, 6.27958599689939, 7.933634305908202, 9.851890058220956, 12.049391161090972, 14.5368887381095, 17.325512179960967, 20.426621974747874, 23.851861557303838, 27.612992947167605, 31.72129718963062, 36.187668875933916, 41.02214205118376, 46.23252066317767, 51.823010582917945, 57.79471750678194, 64.143494795046, 70.85729971020957, 77.91606386800093, 85.28802571718803, 92.92772799933992, 100.77465790000981, 108.74708354900126, 116.74082264845988, 124.66289637761467, 132.42868765606713, 139.93081658131752, 147.04474794961155, 153.7148056101714, 159.90404886446265, 165.56706285499945, 170.68978062369916, 175.2671114971449, 179.39803359189807, 183.24790470032963, 187.01014628882572, 190.95524662547913, 195.3413115562896, 200.39384212484174, 206.25625409281398, 212.7300109137086, 219.39923580673874, 226.06846069976888, 232.737685592799, 239.40691048582914, 246.07613537885928, 252.7453602718894], "position_y_true": [299.9508911724212, 299.80371339131455, 299.55867878473964, 299.21571485686286, 298.774375133516, 298.2344324097963, 297.59489166589935, 296.85396433531133, 296.01013635944724, 295.0624883227377, 294.0066772489065, 292.83428364173494, 291.5361309213479, 290.10302778218045, 288.52971079696124, 286.8128576842721, 284.94734572842634, 282.92518136506305, 280.7372247669294, 278.3727429929264, 275.8165833471937, 273.0505578358873, 270.05278640127096, 266.79518267786375, 263.2425050691832, 259.35567920595815, 255.09040568032887, 250.39517948618908, 245.21459597812492, 239.4890156447362, 233.15567908343436, 226.152063041493, 218.41839760978183, 210.06757003910548, 201.2232748126019, 191.8572618539328, 181.9616703180133, 171.55811546421793, 160.75623753030592, 149.69491323340205, 138.49459744918664, 127.30674417347629, 116.30602019962882, 105.64072876579826, 95.443027386881, 85.84696410510898, 76.91729765973167, 68.53432174238706, 60.45542072809148, 52.38477915228076, 44.090588559021285, 35.61103019033058, 27.03337182163988, 18.357613452949174, 9.583755084258472, 0.71179671556777, 0], "angular_position_true": [1.2477861098767558e-05, 1.8429182183642517e-05, -2.6983544636806102e-05, -0.0001086472034901135, -0.00013340812971146936, -5.4809757970472096e-05, 0.00033601020948080854, 0.0014200354405040933, 0.003537817463709753, 0.006944760136951632, 0.010892064186071793, 0.01370558480883694, 0.013734796393426736, 0.009077885795708736, -0.0014390634893469648, -0.017940142839735072, -0.04055565403799847, -0.06927776867470217, -0.10439580307718903, -0.14644578014143567, -0.19578369203332513, -0.25291331007808965, -0.3184425175631791, -0.3927503104138906, -0.4759050875043732, -0.5682819675603974, -0.6703218241609744, -0.7821373765858067, -0.9041041062417825, -1.0366014952360962, -1.1798590274311882, -1.3342034204711704, -1.499656036263415, -1.6777989920111362, -1.8705755261636132, -2.0780145798229555, -2.2998372653630508, -2.5358968479987083, -2.7868156485871243, -3.0533785166042016, -3.3360681811751727, -3.635525495019004, -3.9522552457195177, -4.287387554465043, -4.641854809748715, -5.016084913232012, -5.410594043737175, -5.826357232084114, -6.26458195840594, -6.726040635374403, -7.199862999777924, -7.674227463547627, -8.14859192731733, -8.622956391087033, -9.097320854856736, -9.57168531862644, -10.046049782396143], "angular_velocity_true": [], "altitude_sensor_readings": [298.4949411070915, 302.3213156520169, 298.6684055686538, 294.49568266610277, 298.70995512653207, 298.05201496206547, 302.02555666542537, 296.5095613109815, 298.80117300182803, 292.0177910313484, 291.87353645217684, 291.8094355340961, 291.4966519543017, 290.3642524742099, 284.53656315041627, 286.0128002678932, 281.8922792893806, 278.0061711300411, 275.48751630671256, 276.89305620523504, 273.3675171369712, 271.9190247962697, 268.4399811014574, 271.81428981974443, 262.68240664494465, 253.8307426938251, 249.6415214059988, 252.84772202519872, 247.29809773861393, 240.04861187092473, 227.87340174172857, 231.73338371800455, 217.94151655880202, 208.54246859974975, 197.34773575050258, 191.71365123144696, 183.2894052144507, 167.38872019958444, 161.45718865399328, 146.34332016329878, 134.46736733732578, 132.15893970843587, 116.46904180949427, 100.43343655810183, 95.94419439397645, 84.4280108410161, 79.57941915223212, 71.12900039747409, 54.0834091587803, 51.922288400435654, 41.206391585444464, 39.99521748234942, 24.20637192527431, 15.822915847886703, 6.900919557837364, 2.189773376052317, 0.5514405131287591], "speed_sensor_readings": [4.84265455747157, 0.16565363525443022, 4.311822967365754, 0.4954200491783345, 6.564487570016342, 7.455969181986607, 8.027302929337068, 12.136619269362868, 18.1378878737666, 16.733869767651484, 18.30824236387712, 22.304940725901023, 26.629346443166618, 24.65705585780724, 30.525924006125024, 35.852356725705846, 39.21294238550314, 41.74992836188517, 46.474685170151, 44.47027327297112, 48.03552080433965, 58.120443927243976, 55.4785681746806, 59.98796456332994, 74.30777952185434, 75.38895241981388, 77.5759412599372, 87.65952984818605, 90.93958762027923, 101.35438916680165, 104.98166543274628, 106.48049484962006, 107.56120166311445, 118.97171450186244, 127.5767257813704, 123.88192258168367, 125.11954598153083, 127.1169666667378, 124.94525391387216, 122.43904948097295, 124.99821876644167, 118.91223220428063, 118.71299693728172, 108.12375099134391, 108.87538971417177, 106.61212516838188, 90.35647830007774, 92.4829899267569, 98.08828826697925, 102.89885980263728, 104.50767046673282, 109.36337140685289, 108.37186706631155, 110.69800833316289, 114.00509363445451, 116.49644135140234, -2.7216162453964716], "angular_position_sensor_readings": [0.22556727709412677, 0.6975960660757623, 0.10920821004368639, 0.2762252014146086, -0.25473152885174616, 0.23750725179061985, -0.5549856670538361, -0.47527810270948845, 0.23492096185013062, -0.7829517880657055, -0.5737622138331042, 0.5368198649817871, 0.5818072776559459, -0.4702266438171732, -0.21743494280803677, -0.07581194303959427, -0.5223711361410932, -0.09232432417884405, -0.47212471903191117, 0.2744517280976694, -0.5206108476076379, -0.3312714218333558, -0.2761387801937734, 0.10116347535182046, -0.43798812431768097, -0.7539709686803683, -0.8179836711998424, -0.7596305853415288, -1.1417562477636285, -1.2923646319232185, -0.912983862393836, -1.2012202512193777, -1.6617740859633165, -1.745533140836562, -1.3742312502236684, -2.078627407008989, -2.475466771907785, -2.5812067499208866, -2.858249005998464, -3.5920552917723714, -3.817344173779441, -3.7540845885587313, -3.0313087446305738, -3.965836981593904, -4.607124039652641, -5.073964890665821, -5.302942032263777, -6.34543803226206, -6.4067039065910585, -6.3077542165491645, -7.531874934242921, -7.687069551856252, -7.647863919465065, -8.76941992413004, -8.624241481976474, -9.43592032589496, -10.673686474296831],