{"position_x_true": [0.007362922772290473, 0.03683836426589384, 0.10325667223195312, 0.22158568691261882, 0.407007357213545, 0.6749839524239218, 1.0413421281846156, 1.522366628987513, 2.134863942638148, 2.8962527909587745, 3.8166840809353557, 4.898738694472297, 6.145072837458693, 7.558427121319665, 9.141622174185684, 10.897567308612032, 12.829254879213794, 14.939727602703563, 17.2321079342411, 19.709599428197855, 22.375479669580628, 25.23311259441849, 28.28613913793548, 31.53849018808954, 34.99421543707063, 38.65737170550637, 42.53203301957764, 46.62254199113546, 50.93372304115917, 55.470796118341255, 60.23892580046583, 65.24324130950511, 70.48906569918663, 75.98187903900158, 81.72731798724283, 87.73099646817694, 93.99872695955355, 100.53614718828743, 107.34860593497062, 114.44191143534044, 121.82202486114429, 129.49377079991066, 137.46022736388903, 145.72384877767632, 154.28777082955412, 163.15609518466465, 172.33282476364323, 181.82178590824415, 191.62769510183466, 201.75227334816796, 212.19558975393193, 222.95945376328388, 234.04558440869204, 245.4572969765848, 257.11478626315795, 268.854056082747, 280.593325902336, 292.33259572192503, 304.07186554151406, 315.8111353611031, 327.5504051806921, 339.28967500028114, 351.02894481987016, 362.7682146394592, 374.5074844590482, 386.24675427863724], "position_y_true": [299.9511789819642, 299.8048751233991, 299.56129571812625, 299.22087179496015, 298.78393840026877, 298.2509530125118, 297.62216715151385, 296.89692020928277, 296.0748696887907, 295.1567921259843, 294.1424176154242, 293.03097119110964, 291.82224962860204, 290.5146417451928, 289.1062338395416, 287.59565832653436, 285.98127042045894, 284.26046352241934, 282.4304805341476, 280.488594397061, 278.43179066088373, 276.25697914323536, 273.96251170375996, 271.54806820575106, 269.01293484594333, 266.3550144363792, 263.5709706100374, 260.6582076679123, 257.6161385934355, 254.44541566445582, 251.1445788068885, 247.7101592461985, 244.13837528423556, 240.42484099699055, 236.56454848169477, 232.55104903927443, 228.37747854316746, 224.03527388225865, 219.5137951284162, 214.80313935818037, 209.89293249957217, 204.7689969228411, 199.41269389219673, 193.80423182025356, 187.9250888882519, 181.75789142433214, 175.28430408106755, 168.4847143450938, 161.33953716253365, 153.82441363581577, 145.91182401110578, 137.57499966985418, 128.78538669898842, 119.51372817967047, 109.8359822137498, 99.9514037775065, 89.96872534126321, 79.88794690501992, 69.70906846877662, 59.432090032533324, 49.05701159629003, 38.58383316004674, 28.012554723803447, 17.343176287560155, 6.575697851316864, 0], "angular_position_true": [-4.856914395585561e-05, -0.00022815990263229068, -0.0005836943053250494, -0.0012097003519070016, -0.0021851300327878362, -0.0036228306468163414, -0.005605817531871666, -0.008045497081200718, -0.010945947104261057, -0.014574742247913372, -0.018998802789655215, -0.02419481574462003, -0.03028883585558463, -0.03715238364316622, -0.04463174001382389, -0.052717560342886174, -0.06137600436694289, -0.07041314995284029, -0.07963561832607872, -0.08888181905715306, -0.0979529656578507, -0.10664986792734077, -0.1150599553681329, -0.12353045421899471, -0.13234009196419105, -0.1415261567438092, -0.15092265756420223, -0.16053617669398515, -0.17077689178265162, -0.18231855421286547, -0.19550439131113861, -0.21039745658642411, -0.22710892813371722, -0.24575587470537705, -0.2664710225965348, -0.28927379074378934, -0.3142631386886812, -0.3414102126980453, -0.3705055692921198, -0.40165231408524843, -0.43506617588500734, -0.4705284642419296, -0.5072874421731199, -0.5446102084944862, -0.5821768155732168, -0.6200515804700312, -0.6583280537412798, -0.697097890625354, -0.7367067441996527, -0.7769450586801128, -0.8173664807730622, -0.8579957745683653, -0.8989133366408363, -0.9405104400581897, -0.982830698177389, -1.0253716388929597, -1.0679125796085305, -1.1104535203241013, -1.152994461039672, -1.1955354017552429, -1.2380763424708137, -1.2806172831863845, -1.3231582239019553, -1.365699164617526, -1.4082401053330968, -1.4507810460486676], "angular_velocity_true": [], "altitude_sensor_readings": [303.1193587062118, 294.3757950262306, 294.2740436680901, 301.1412854037746, 301.20336224247194, 298.9203323533926, 294.6402986604332, 291.0771365868159, 299.868063801596, 296.10325009738847, 293.04441064667077, 290.05297527900393, 295.3099018763332, 288.3680208999576, 294.72391949873, 288.05379293811944, 289.07194800609255, 281.25713261097826, 282.2789627873694, 277.4819852332709, 278.6326532537053, 271.63682828468876, 274.4245710486441, 265.9037068839169, 263.47476512742935, 263.4358301924048, 260.81097012928973, 253.4054112639129, 265.2447369223821, 253.91714467282108, 255.2991562184845, 244.71058230034393, 241.76967865857546, 235.18364319805872, 241.79489440144062, 233.46870241057314, 225.17534042443896, 221.16711704258358, 217.5472587655037, 212.96686724196118, 212.3229782245894, 204.44079116921853, 207.43526311616526, 191.07238804224005, 180.19419695626996, 179.90920938146934, 169.4851626390567, 170.09778212647686, 163.77983433529943, 156.63180307896718, 138.83202502238234, 132.04160541910537, 127.20614004875198, 120.64180597024423, 106.98802395118395, 104.5800445599207, 92.93857216725912, 70.522724580512, 72.01407180200313, 59.20839093959207, 40.18413358022127, 36.46140744569472, 32.22135269758776, 18.14945420752581, 6.5229559472718694, -0.6158090245993469], "speed_sensor_readings": [5.523799025959617, 5.7511738519731885, 1.5180197039261834, 2.1367535949979226, 5.627559013434842, 4.026280311169701, 3.324266100414298, 10.415016062889519, 9.175675889897724, 12.300129452658448, 13.048966552041161, 16.355491572701432, 12.072830071652403, 20.61944643921271, 19.136928497277594, 16.471704373928958, 30.164545691489458, 32.949142203527096, 28.90028999568338, 34.39117146702127, 32.800405217567445, 37.015154358579764, 37.48230024675154, 43.90558667095634, 45.132465853571844, 44.906635220105244, 47.888421893464844, 51.48266575129847, 50.684132744695304, 56.62874323296701, 57.120564114996874, 59.77061433658395, 60.92460532720921, 71.1833883883774, 71.65167663409201, 73.21758630033733, 78.5913757317917, 79.99492156273178, 77.97292772737825, 82.74746384833554, 87.23639064210009, 95.32707063180139, 99.10183421315753, 102.37606371977654, 102.25951609643027, 107.3900235244981, 113.43078880073963, 121.82559972126269, 128.1817725658831, 129.4825709783053, 130.91103146976283, 139.56802082694944, 146.1192143345989, 150.86567514908847, 147.4424029700328, 152.3165183299203, 157.2467161524109, 157.75189678603743, 155.52430174654978, 156.92865365058117, 160.06169320343457, 155.23754913145925, 156.52548396670863, 159.5852518099927, 160.09884748369018, 2.0461325337017904],