{"position_x_true": [0.0058871189851968575, 0.02942387351188563, 0.08628040347856122, 0.1961056953748948, 0.38232616801570485, 0.6722817816643607, 1.0897134353700062, 1.6550382607866614, 2.389481607221725, 3.2682810672660136, 4.2661930533886885, 5.403904253045509, 6.70247209338876, 8.151481881468387, 9.74044834219757, 11.47453158872722, 13.350767954555463, 15.374147796684984, 17.54982049054074, 19.883079448195428, 22.379216601642295, 25.04357077124342, 27.88143756361019, 30.898261887077105, 34.09978126635632, 37.49168968541014, 41.079520766466636, 44.86879105976304, 48.86497935455384, 53.07348775220454, 57.49966120143827, 62.148921850733686, 67.02704028568267, 72.1400189410605, 77.49387943654555, 83.09463798316365, 88.94884825614518, 95.06350106609027, 101.44541444792884, 108.10087084701577, 115.03615464214212, 122.25824433197342, 129.77440597815266, 137.5917768364332, 145.71735706422388, 154.15808446007193, 162.9214200218934, 172.01546725727258, 181.44847223497163, 191.22885032695612, 201.3652546770849, 211.86639798314985, 222.73879705582146, 233.9878024516391, 245.61926110358235, 257.63590952094427, 270.04018569091323, 282.83585418165586, 296.0241369433579, 309.60428761793474, 323.5730705697086], "position_y_true": [299.9470174060331, 299.7841050854604, 299.50717248755694, 299.1159427071718, 298.6137677559121, 298.00712053527474, 297.2979771322488, 296.4843076522085, 295.5638211329021, 294.53549504302043, 293.39835121835176, 292.1493241183172, 290.7847205246692, 289.3027088679518, 287.7010770774026, 285.97710380339265, 284.12893476933414, 282.15338149396644, 280.0468960733037, 277.8064763329315, 275.42889906336086, 272.91014302857906, 270.2462777633863, 267.433168235559, 264.4664108023347, 261.3413496072071, 258.0531350772527, 254.59660169870267, 250.96580807243103, 247.154770595383, 243.1566541687626, 238.9641946258403, 234.5708373189304, 229.96979254326087, 225.1540525061331, 220.11590892240648, 214.84790607891344, 209.34260904349114, 203.5917326510418, 197.58653925506798, 191.31760253771216, 184.7754926124613, 177.95038638266863, 170.83190366662683, 163.40906514568508, 155.6697497485889, 147.6018919349231, 139.19358549172725, 130.43133683023447, 121.30084818704363, 111.78812223063395, 101.87788158042376, 91.55072485503902, 80.78448580070264, 69.55660133634126, 57.840238195943336, 45.60689123268824, 32.82831927371326, 19.47258617941744, 5.50506667029021, 0], "angular_position_true": [-0.0008127995486968343, -0.004066702376414452, -0.010564128891720367, -0.020269489580074938, -0.032356003361338294, -0.045242831820811014, -0.058195500764841354, -0.07137052235533957, -0.0849941537049065, -0.09885085807895753, -0.11272734964994661, -0.12683458015750998, -0.14131665891655049, -0.1559203896299504, -0.17045221644328648, -0.1849406001110405, -0.19932460129853158, -0.21361470025151075, -0.22783117801852223, -0.24209899933431617, -0.25649230895968167, -0.27097201081938166, -0.28552115797205463, -0.30013734433503153, -0.3148719461184843, -0.32983120698885343, -0.3450272593388415, -0.3603407388320683, -0.37569609160765016, -0.3911145632506121, -0.40647217550931847, -0.4216388537778276, -0.4367062471345117, -0.4517583242176346, -0.4668448424819378, -0.48186495403320145, -0.4968124259959938, -0.5117916890863566, -0.5267672204942513, -0.541621175919446, -0.5562711198172082, -0.5707445327638359, -0.5850734941817284, -0.5993349316255827, -0.6135959804799395, -0.6279168326002597, -0.642507951655365, -0.6576701739973221, -0.6735912294268084, -0.6905804070816094, -0.7091185760372212, -0.7296142152317445, -0.7520744935449565, -0.7763140838865331, -0.8023385209788939, -0.8297963629210819, -0.8584802511069702, -0.8886912532516884, -0.9203505500162337, -0.953186809852047, -0.9872067353687397], "angular_velocity_true": [], "altitude_sensor_readings": [292.85985897129143, 299.3991767004701, 300.7422631609207, 295.348655804095, 304.8404859687021, 295.08483863078504, 296.8509686722007, 302.340829202454, 293.56780336207294, 290.3725581227021, 289.4609729945291, 297.45720204509, 299.8205100484456, 288.89006614167215, 290.18473148763235, 285.3313447122499, 292.15464932911954, 284.63398071234843, 281.75117457178914, 280.121917476186, 272.8958267049512, 273.9418493254261, 270.38369279687936, 266.0622328505291, 272.293552696058, 261.5810816436164, 264.43066439674095, 253.26046622015184, 244.3404245690522, 245.447905409099, 243.1596951403091, 239.57053314653538, 238.84049677704576, 226.6350700267326, 216.4909833265488, 218.21428710299122, 215.11775623565896, 212.4968740688424, 202.7550675496273, 194.61057755281377, 194.3802846234376, 188.09679479271685, 180.76604177694762, 174.61131878219834, 161.6013439781836, 153.28159665817873, 140.43593343235025, 149.86494756776156, 132.7158024809207, 117.05434520896978, 108.07153659287496, 101.86565519438227, 91.71816556545474, 78.99677581018933, 72.53757198426689, 59.05157785111927, 44.01305956432601, 31.307558597090665, 13.942219046213967, 11.992138263136129, 3.217544742002007], "speed_sensor_readings": [5.634452779676703, 2.560358174854337, 5.5689422620173445, 4.611789462989563, 3.6654529359200896, 7.081954315772498, 12.521063450394596, 13.74155371925926, 11.82179255723577, 14.201488916749568, 15.329516678613382, 17.432874162417615, 18.173523331263183, 22.70504898854793, 24.04355961826359, 28.332003902027452, 25.473152588957298, 32.60096004406979, 29.32227161899132, 37.05825379084564, 39.71532338321266, 40.146006769764625, 32.65735411749003, 41.459165391268286, 46.076567104164596, 46.07284649795758, 50.38003205854099, 52.535092329472455, 55.02010876499364, 60.84619084236785, 62.89040936001537, 61.41116990409257, 64.26976239089558, 69.31924051992566, 73.20265119599554, 82.23322424354974, 78.65137032037963, 83.26991207845863, 86.64928747550128, 91.57964989627042, 95.28314106681081, 98.16168388177557, 101.49752210189672, 108.6544462163299, 110.16821387643498, 116.3768438642639, 124.65732607022659, 123.5819879182271, 135.19602080635977, 135.44099559848803, 141.9839643680025, 144.76019661858362, 152.36973481909482, 162.3641452194416, 163.6587313502548, 174.498618884359, 180.11742079532993, 187.85458781494907, 191.21309633516057, 197.27144898622947, 0.8777776519506566], "angular_position_sensor_readings": [-0.741255793106905, 0.5674420612151719, -0.07058005856802793, -0.28823532251926737, -0.401957306016843, 0.6950563186791273, -0.05642620714408839, -1.1770865823861736, -0.18889015593434044, -0.08576890160581786, -0.3736339471053879, 0.12910706102608493, 0.2373749851904154, 0.1750255101412899, -0.16899585311374277, -0.651308116844715, 0.4702614358741698, -0.30162163279414644, 0.0831408590530818, -0.0589368079549111, -0.5668570847229386, -0.35253275136633305, 0.21007748328221937, -0.19091610926340502, -0.34286156612799196, 0.4732902009013386, -0.7311795587488196, -0.5859021940049887, -0.06296168564720639, -0.5981811767144173, 0.20524072724901288, -0.29723560457932846, -1.2946164004334815, -0.1570119804022585, -0.1048354414481783, -1.6609891870471087, -0.7504323221041124, -1.2932320298153073, 0.4150537695930756, -0.12614326983289104, -0.11438269877633889, -0.5700410288037899, -0.35082585702530533, -0.429975778949813, -0.7149105848532069, -0.4879531877236767, -0.7361370435192978, -0.21348161960943068, -0.8156871013378, -0.5959022341186468, -0.6882184156262758, -1.3465896442961363, -0.3807462065511236, -0.9982618520979483, -1.0077210408783834, -0.7515890879986469, -0.8993357354427061, -1.1395174812309035, -0.8458381830376143, -1.2491349707386092, -1.5064699271414885],