{"position_x_true": [0.0171932120935644, 0.08606142208318032, 0.24119208510346507, 0.5018048769904009, 0.8797762431280434, 1.395368544373007, 2.069244647252442, 2.905486422774355, 3.906260390564472, 5.088511846334915, 6.463196470419905, 8.034785982266493, 9.806645652471548, 11.780484877738317, 13.955936484134783, 16.329767884942, 18.895638218408052, 21.644018615860944, 24.560708655832745, 27.62541269105376, 30.811763706894098, 34.08515953934287, 37.40268929219728, 40.71306064858203, 43.95641561094047, 47.066357650535, 49.9711774468977, 52.596724734127726, 54.8683277654937, 56.717389809115915, 58.09008649827077, 58.955431338215334, 59.31414986790871, 59.20682034000129, 58.72249163112087, 58.00434250151997, 57.247804880546305, 56.640602880285144, 56.334404925526755, 56.458656144104886, 57.097039952867235, 58.27163156540318, 59.91951908926452, 61.87140429594061, 63.91883826412766, 65.96602725536741, 68.01321624660716, 70.06040523784691, 72.10759422908666, 74.15478322032641, 76.20197221156616, 78.24916120280591, 80.29635019404566, 82.34353918528541, 84.39072817652516, 86.43791716776491, 88.48510615900466, 90.53229515024441, 92.57948414148416, 94.62667313272391], "position_y_true": [299.95092731763134, 299.80375963099374, 299.5585059664243, 299.19894396493703, 298.7088620961129, 298.0872461259286, 297.3315035930051, 296.4384709040017, 295.403498298502, 294.2198830178484, 292.8782820113492, 291.36640783292313, 289.66912716419944, 287.7688132287697, 285.6460093193994, 283.2783070090361, 280.64126482482243, 277.7096358748397, 274.4569662296583, 270.8555580253678, 266.8778989422375, 262.4974476719391, 257.6906516713751, 252.43972975917933, 246.7349502949016, 240.57764507488784, 233.98285965477444, 226.98202883727888, 219.62790233186607, 211.99637710232113, 204.18707814307447, 196.3206076418369, 188.53338258896824, 180.97181271504863, 173.78005563481292, 167.08384406422581, 160.96785496236092, 155.31385429767852, 149.92881868257433, 144.69386394669857, 139.43807331172206, 133.95248331442528, 128.01210442995904, 121.41189741374265, 114.33458072112168, 107.10653222665537, 99.78038373218907, 92.35613523772275, 84.83378674325645, 77.21333824879015, 69.49478975432385, 61.67814125985754, 53.76339276539124, 45.750544270924934, 37.639595776458634, 29.430547281992332, 21.123398787526032, 12.71815029305973, 4.214801798593431, 0], "angular_position_true": [2.6736004688553974e-07, -1.9053991579439633e-05, -7.772899211587398e-05, -0.003474899466048131, -0.013625619821413273, -0.030626067917914113, -0.05455707399410481, -0.0856440291179115, -0.12412417215508825, -0.17043906122683464, -0.2249299840121239, -0.2876949034438771, -0.35867774552855963, -0.437838027375916, -0.5253166468096958, -0.6211099324661152, -0.7252310199187948, -0.837951979658256, -0.9596790497356623, -1.0907540899892614, -1.2315690700156725, -1.38231114777528, -1.543126807014094, -1.7142213035783194, -1.8958056297084527, -2.0882705634182708, -2.2920876284031437, -2.507824762686578, -2.735692803355212, -2.975789076742583, -3.2282677958776036, -3.4935334158725775, -3.772248493462222, -4.064947079447259, -4.3721306036587775, -4.693976294264613, -5.030557986572542, -5.3825559743592235, -5.750615596169646, -6.135388600310458, -6.5378780201703846, -6.959224974156596, -7.400774266752995, -7.863731630569654, -8.337711267509148, -8.81172023025997, -9.285729193010793, -9.759738155761616, -10.233747118512438, -10.70775608126326, -11.181765044014083, -11.655774006764906, -12.129782969515729, -12.603791932266551, -13.077800895017374, -13.551809857768196, -14.025818820519019, -14.499827783269842, -14.973836746020664, -15.447845708771487], "angular_velocity_true": [], "altitude_sensor_readings": [296.2901209835078, 303.5547813467045, 298.85209825963307, 305.6421556109337, 303.3097581973622, 296.5882474068245, 293.15572351061303, 295.51898510719735, 298.0714804968323, 291.19427875934775, 291.465971387497, 290.2590512331716, 290.46652912801244, 291.0842126396065, 281.7316274697357, 281.7447727057203, 283.3464184996749, 280.01941009168877, 273.3931966269912, 271.84758417489957, 274.25852395008644, 261.53837049555557, 255.88394652612365, 254.02708117186353, 237.72817826751546, 246.96891212335083, 235.81949485379312, 219.2242516770669, 220.50716649959344, 217.0243003664475, 195.18189443896168, 194.05037197957117, 186.63097860103073, 179.88318337605645, 172.31426603277512, 169.61954828049176, 158.7041176965387, 162.8283507889724, 148.3364026883938, 143.0154372707686, 137.73520758308135, 135.49295895103148, 130.15936033770072, 117.00578562511427, 111.40029961243872, 112.06438584853811, 94.15086472205853, 102.33652973530995, 76.24995211881225, 68.72870331159005, 72.6801288256521, 57.34832549376454, 52.40380564726089, 43.630989174910226, 38.74465848760458, 31.386978679828296, 20.94978711111431, 14.715644330339911, 3.599239026504501, 1.5655439891965452], "speed_sensor_readings": [1.5923731138406625, 4.892064432488097, 9.296069340739635, 3.901554730319316, 6.157014415883562, 5.38970330391851, 11.600762130926098, 13.152238219837795, 10.6459389754044, 12.402083426516517, 21.860719078364294, 21.282243324437488, 33.14749827364247, 34.095174363873426, 27.494886206630532, 34.340008369394745, 39.54085806320466, 40.427557429889696, 48.34511118920926, 50.76240827017215, 55.06454293125096, 56.668633487157145, 61.97761190296767, 59.762523743549664, 67.08792428690593, 72.67448709532314, 73.78962385881296, 69.92390652440099, 76.43196769096969, 79.49326032908034, 75.21754788107809, 83.00987517859414, 75.2933228761564, 73.03897884959004, 71.04288491305162, 60.78143336572457, 59.12976903401667, 52.8610278302297, 50.34438089712769, 51.67613269862212, 53.105580461999025, 63.62168462684514, 67.10529041279166, 72.99817269262492, 69.81045713769497, 73.28337340995981, 77.25519958718895, 85.29839675847384, 79.5475528191547, 82.61770897879505, 78.15058712700454, 79.95548712059176, 84.65066860343026, 81.76213696881025, 85.0950606103806, 82.15517062007227, 85.91002994360673, 84.31048196589641, 88.15435061910925, 3.04754711394493], "angular_position_sensor_readings": [-0.5237700190154337, 0.20105490176805263, 0.55386695077867, 0.28388382756401975, -0.12969192631043172, -0.2741772603524372, -0.19037900445669728, 0.16242197123994323, -0.8101703848007882, -0.05505079154088188, -0.04367501584390926, -0.8714231137185076, 0.5130643415070035, 0.0827947095580513, -1.1064417426465059, -1.3115190881800878, -0.43003683049057223, -0.42221339039901934, -1.5187737958534697, -1.3354255995145066, -0.9451083113314216, -0.803995527554584, -1.4835481321518726, -2.96778790043545, -1.769708556058831, -2.259233828548983, -2.3455861730427525, -2.6736796449758433, -2.750105467548971, -3.217919077014342, -3.5036230122884215, -3.5358575019899945, -3.7416138270804846, -3.968902701815999, -3.5384124965233497, -4.417959210667352, -5.15573578382379, -5.110123772374694, -5.7566942394534495, -5.750406583718403, -6.956780891009525, -6.808280903746607, -7.675859561222676, -7.071671278532007, -8.451454051841717, -9.334674579784297, -8.444432276011943, -9.648924270862778, -11.338311803177934, -10.79640641091075, -11.838769677421375, -12.483594882445978, -11.84854382146291, -12.72405119401557, -13.189692916535355, -13.267199941670157, -13.760702917136145, -14.35339504942958, -14.444403845835685, -15.260371083572409],