{"position_x_true": [0.007366237112565739, 0.03685339436548418, 0.10329277296989876, 0.22165785764573676, 0.4071339014498223, 0.6751898630958952, 1.0416546411244887, 1.522795172384928, 2.1354081781108305, 2.8969240209837013, 3.817492605224034, 4.899674249561239, 6.146099496357485, 7.559499851590328, 9.142704196128197, 10.900999287272136, 12.837456547435652, 14.955328313161125, 17.262892049289686, 19.768788085567675, 22.481996284365113, 25.411866007705026, 28.56814882557995, 31.96096792873204, 35.6008542358191, 39.49875633900252, 43.665899529901935, 48.113787117170965, 52.85434361663324, 57.90004486877763, 63.26382582522029, 68.95921180022138, 74.99946699616963, 81.39642193067611, 88.1611357817898, 95.30421643495524, 102.83603988720533, 110.76588736819687, 119.10050507722794, 127.84422532706832, 136.99991776232275, 146.56864588584028, 156.54725846228746, 166.92594753145443, 177.68465183802263, 188.79549837831377, 200.2217596571345, 211.91724357891047, 223.809608141131, 235.77631967230909, 247.74303120348716, 259.7097427346652, 271.6764542658433, 283.64316579702137, 295.60987732819945, 307.5765888593775, 319.5433003905556, 331.5100119217337, 343.47672345291176, 355.44343498408983], "position_y_true": [299.95101012729907, 299.80395606758975, 299.5587479369782, 299.2152279642516, 298.7735958290363, 298.2337980941379, 297.59570693659236, 296.860211394477, 296.0279447264099, 295.09865802787783, 294.07224293360514, 292.9496725463811, 291.73248961126814, 290.4213382790109, 289.0165699530134, 287.5185454407659, 285.92668031636964, 284.240940888923, 282.46033325582187, 280.5818047895967, 278.60368884864545, 276.5241390386499, 274.34000306701563, 272.0469280604334, 269.63990713088725, 267.1135984703672, 264.460062631579, 261.6696140665371, 258.7321842660014, 255.63773605990033, 252.3753606677198, 248.93369793907235, 245.29748611899717, 241.4441590370994, 237.34780724116212, 232.9807670360941, 228.31378786458754, 223.3145098069221, 217.9452969404538, 212.16421119775987, 205.92652107045362, 199.18431806344276, 191.88410480128093, 183.96532784109806, 175.35905700392252, 165.99064436245692, 155.78018426142393, 144.64192605694245, 132.55899347875948, 119.96810247922448, 107.27911147968949, 94.49202048015451, 81.60682948061952, 68.62353848108454, 55.54214748154955, 42.36265648201456, 29.08506548247957, 15.709374482944584, 2.235583483409597, 0], "angular_position_true": [-1.2753543519830486e-05, -3.314545808449765e-05, -4.2274566133708586e-05, -7.000009868357285e-06, 3.058942066228385e-05, 8.215878480777097e-05, 0.00017572048475652017, 0.00012671572264122795, -0.0001960245539897126, -0.0007451581119884878, -0.0015111899413172835, -0.002715624897358242, -0.004706731103073587, -0.0076680499754780175, -0.011753009577011453, -0.0171607417131493, -0.02394021987177578, -0.0323089150524674, -0.04238043481914961, -0.0539514405866694, -0.0671901228407273, -0.08233809782269774, -0.09950882437793294, -0.11873506642432938, -0.14009058186229104, -0.16377321343141427, -0.189703727953188, -0.21771429448608648, -0.2478201187704292, -0.2803136103607139, -0.3156305533488862, -0.3544726810046141, -0.3972563802793744, -0.4435779937685959, -0.4929773378463683, -0.5452425298113178, -0.6004722909839997, -0.6588417431756584, -0.7202586102644097, -0.7845991823071683, -0.8520622268930084, -0.9231782056971576, -0.9984305343087294, -1.0780399838310486, -1.1616757816770071, -1.249139601362125, -1.3404780631555295, -1.436057629111368, -1.5361208093492469, -1.6383082230098334, -1.7404956366704198, -1.8426830503310063, -1.9448704639915928, -2.047057877652179, -2.1492452913127655, -2.251432704973352, -2.3536201186339385, -2.455807532294525, -2.5579949459551115, -2.660182359615698], "angular_velocity_true": [], "altitude_sensor_readings": [303.30842126999494, 304.40448433145605, 296.02465379351696, 301.35103289536784, 305.0753558086613, 305.33040918111556, 297.92588518045324, 295.97864497805585, 295.3246056535895, 292.47208292009634, 295.05304066606874, 288.67541764642374, 290.2539491651677, 287.4876202077457, 287.25353232886266, 291.59701952347746, 282.0856583569171, 283.43852478646096, 288.0983387098016, 281.4090062206064, 275.6764374578259, 277.7254163445952, 271.85708962992504, 270.8886256651747, 274.18698657653454, 261.6328186974587, 260.96913597983337, 257.207563407133, 254.8929635653818, 250.00881693833807, 256.2962575080468, 250.34194018154986, 244.5594032013782, 235.79089491796057, 237.39746343840747, 240.31388377320224, 234.30534506772148, 223.76688315441308, 218.7711715790186, 208.1502002850967, 209.7479700511726, 204.1740118130601, 188.61498805333238, 182.29304990398907, 185.68666529983247, 164.3192599320617, 157.66944095164072, 144.85116972985554, 127.72022624009196, 123.52150455463982, 104.35680939892954, 90.81133799211412, 85.41951980609586, 69.08945876102342, 54.843239613771715, 38.54873179209455, 32.56962469774018, 6.52416733339717, 2.3425613278712607, -2.0887484828189042], "speed_sensor_readings": [1.1545568975140135, 1.8479980160796905, 3.293913356620922, 4.11927312141651, 6.395349049585537, 2.913165476064577, 7.298178154268009, 10.085790738597998, 9.984058615435229, 10.647306834253168, 15.207146430306292, 16.05251582768031, 21.351446083628552, 22.50568416900298, 25.367237551521413, 25.262173431000814, 26.14597988221517, 28.203002192701142, 32.537550793220205, 32.60973292436322, 32.98400819223374, 38.209379406363695, 43.29357215717772, 38.13213098671289, 43.59489984679, 46.36673647415718, 48.83898950817734, 50.24269287989331, 53.45532922075771, 62.422238034383675, 61.548156736842365, 73.60216631601375, 73.1014825003195, 70.64243978684239, 82.68624718456526, 86.5717590873042, 88.749426563512, 96.11480421701549, 99.7602637029403, 112.04194645252156, 109.35086472418442, 120.18373875905517, 125.50268709532777, 135.53957092948843, 145.33397958840186, 148.0992930775523, 154.1643830626569, 165.2229475646188, 169.56930909687486, 172.92532671585042, 176.63137764987195, 176.66213504822466, 175.30967910159444, 177.4680713216224, 171.8448426686491, 170.17027171238303, 178.89750873908486, 181.41563652121292, 181.19194021578383, -0.005060574460678585], "angular_position_sensor_readings": [0.19097097710840352, -0.11057127194934764, -0.11720458780780939, 0.18617259268665542, 0.9419997684958926, 0.1985880513536828, -0.2115118983856051, 0.4722097183932722, -0.6946921141442842, 0.16560027815800485, -0.8689880798035229, -0.15366439175006408, -0.003170821141054979, -0.11697804867766624, -0.8168997721563024, 0.5865311501214396, 0.3875037844339527, -0.7932542732460698, 0.07994499397201646, 0.30488117652213853, 0.27456664538095715, -0.5781912938084264, -0.13756653030136984, -0.13610083535945988, -0.588345870532272, -0.037386460801514115, -0.29049381923265666, -0.04715878075426577, -0.2868735015650852, 0.02714620082912933, -0.9886832755620139, -0.3963295922133733, -0.12587974905099236, -0.6277241952868418, -0.674577942518238, -0.30428639952976066, -0.4300905524479429, -0.9218673686672136, -0.1560399433894033, -1.1677216174481522, -1.5839306487089455, -1.2701770424565053, -0.9722533926039861, -1.3045030878176849, -0.6277208802273869, -0.7708223847249998, -0.7406906622070729, -1.275415450761491, -2.2507865703065466, -1.8680272845183952, -2.2034534690588683, -1.3974434555462687, -1.805706650833947, -2.2689669918298967, -1.6813625204083373, -1.9049097371565966, -1.8693404174440782, -2.9414476131696166, -1.7589372694954348, -2.2743274344964295],