{"position_x_true": [0.006195252709785425, 0.0350944622907874, 0.10744224054697349, 0.24403341422551317, 0.461592227712183, 0.7687971135709544, 1.1704047671432285, 1.671227175995004, 2.275905757392244, 2.989223241216247, 3.8164991057659123, 4.762909951080985, 5.833182229037027, 7.032101662974359, 8.364748240370403, 9.836536259719342, 11.452960447975055, 13.219464568629512, 15.141463147051553, 17.224446731075343, 19.474005719879855, 21.89594370079112, 24.49632441021302, 27.281212286616057, 30.256818895327847, 33.429750028273375, 36.806645123945444, 40.394063955417025, 44.198696121225986, 48.22722827345188, 52.48638480370229, 56.98284323171633, 61.72321482531547, 66.71438254196009, 71.96361375257635, 77.4778641892768, 83.2641304096921, 89.32905784053287, 95.6792343992457, 102.32258424008609, 109.2668109019076, 116.51859159218802, 124.0840413469116, 131.96836021855572, 140.17669430214758, 148.71416701936266, 157.58454761688208, 166.791101018523, 176.3358239567967, 186.21800430120481, 196.43549059542258, 206.98608221448418, 217.86633853416075, 229.07148511876073, 240.59453702545343, 252.42394029890073, 264.5439104122738, 276.93593805152955, 289.5801040567335, 302.45590296158093, 315.5401039051128, 328.8034826514606], "position_y_true": [299.94687276956864, 299.78752996530835, 299.52195256736593, 299.14983057276396, 298.6747373493219, 298.1003644453059, 297.42621540313826, 296.6515820221372, 295.77565777101756, 294.7974161524292, 293.7161083802281, 292.53088400990566, 291.2403762646517, 289.8432397203422, 288.3383669256601, 286.72403643775743, 284.9979612083105, 283.1577715761782, 281.20143271385234, 279.12715657959706, 276.9323206597915, 274.6139894743846, 272.1694367000254, 269.59600991092685, 266.8910488380702, 264.05164045351864, 261.07438107423144, 257.95588313707447, 254.6921711428713, 251.27865545606554, 247.71059849384042, 243.98280832653612, 240.08925106325543, 236.0229147035835, 231.77742331304674, 227.34609585354488, 222.721697393911, 217.89599421997517, 212.85959517272468, 207.60386812212764, 202.11899934880785, 196.39245057009256, 190.41019054576992, 184.15654659960222, 177.614461742997, 170.76624481286453, 163.59251161913855, 156.0734585730543, 148.1870533469614, 139.90754738478162, 131.2075858784764, 122.0597713154056, 112.43609053914928, 102.30743709510938, 91.64294830197724, 80.40848953810169, 68.56753064639364, 56.082107920814124, 42.91391141085269, 29.02454741028126, 14.379628853741337, 0], "angular_position_true": [-0.0008412592253567125, -0.0033671577870295964, -0.007555827394257836, -0.013379338139845216, -0.019993784212188673, -0.026591915680115423, -0.03321221153532009, -0.03983753400067531, -0.046509765601328114, -0.053310683949964036, -0.06027829828130767, -0.06740928175911934, -0.07472932926529093, -0.08230241872292529, -0.0901920491681632, -0.09846444074368575, -0.10702685901268229, -0.11578320661079666, -0.12482063467413441, -0.13420605714974107, -0.14392350039152427, -0.15394970022037435, -0.16426049362597814, -0.17490864652566784, -0.1860201689553129, -0.1976647664190018, -0.2098388142404207, -0.2226943537736787, -0.23638232352923022, -0.2509418579374207, -0.2664557562871653, -0.28293713639647006, -0.3002852055680463, -0.318375702476755, -0.33727975957093653, -0.3570470354927428, -0.37779701355551365, -0.3996742374455117, -0.4227284165008612, -0.44736658376369876, -0.47398830517170537, -0.5026389294048039, -0.5332360124778747, -0.5655537972462436, -0.5995506028450253, -0.6353746658584577, -0.6729820224558146, -0.7125547921544868, -0.7541960303679778, -0.797498795717428, -0.8419480760303488, -0.8874826110117668, -0.934373697039277, -0.9829471840781199, -1.0333394638040656, -1.0852347179613937, -1.1380567843566212, -1.1912504883912, -1.244685444176269, -1.298704944669898, -1.35374237536705, -1.4099223986401572], "angular_velocity_true": [], "altitude_sensor_readings": [291.20110029306977, 301.133362573716, 295.13275987286005, 308.8843211438639, 297.8211475982655, 302.3683824080911, 295.2247655331125, 289.1353429151577, 296.7201000159244, 289.9947485459084, 294.0342198051973, 293.8791219234716, 290.11400332387734, 287.07596823098515, 294.4012047854503, 287.6733499496283, 285.494501476976, 282.42283236085694, 278.542415675584, 274.0028285927873, 269.68325283504254, 270.4661404502348, 274.13504643835836, 272.82923589632685, 273.26441464102044, 268.7160038736103, 258.58042503221515, 246.87298477088527, 251.48738957559783, 256.0990852136367, 246.16770790848395, 245.16495221235198, 242.58108647237037, 239.95082744672305, 236.28288710458853, 236.190153692982, 224.91798013469958, 214.50585396538284, 212.33630212331028, 204.81513197006552, 204.35250505363132, 198.21497577753524, 190.81316188396215, 179.98001248211472, 176.10942354980057, 173.66311380352457, 162.71169197998464, 158.71784966305333, 148.44935476364734, 145.67033421737352, 136.8309348610725, 121.42457418033385, 112.19200210062172, 99.36153858415854, 91.70378187249571, 85.44712645542596, 66.18673073418616, 53.694207028617456, 37.44703893923463, 23.476910999668203, 13.780574562390067, -1.6928786398734945], "speed_sensor_readings": [-3.34975935140082, -4.970882050488628, 6.930039321547863, 1.2197104280733102, -0.5763303528768144, 8.220730192247323, 5.8746362267181915, 6.915903419022255, 13.320839441987756, 11.85632478580965, 9.107662594128925, 12.423614851824295, 18.198933365327544, 14.532325405743572, 18.792089170447113, 26.470982526666692, 28.413651242574332, 29.78249919743614, 24.58746300023945, 32.46693626844489, 34.973344932896524, 28.64322741695139, 37.959096617985836, 36.015600550596524, 38.29471356895704, 44.79888507900038, 49.71042106104377, 44.93918095468117, 56.02861813507184, 51.85260065727771, 59.190552140004236, 60.34383151728018, 63.28483656852606, 64.5461430178158, 71.92786830375499, 73.59628296589698, 75.09589725308993, 80.11828014083349, 83.65442319359589, 83.44763672263058, 86.63782849966015, 92.72608717351235, 96.02674825303671, 101.19787358042998, 108.56622655496466, 106.55480093805764, 115.6522188989218, 119.3573808375998, 127.24028468602685, 135.6676107999057, 132.45994739414192, 140.7270993919422, 144.33238820016874, 157.17980588471823, 164.7718678590378, 165.8470096976467, 174.3501841319235, 178.91604954629597, 180.4115223863363, 195.44764178932397, 199.06624080723532, 0.09073599915465595], "angular_position_sensor_readings": [0.04703694052331337, -0.29492261813993265, 0.3843748134278424, 0.10121174226946608, 0.2145441074934663, 0.7038810334264439, -0.3966277687249238, -0.24310211165819692, 0.559537899959999, 0.06393773200900006, 0.35837247607566575, 0.642002275894512, -0.13661426154666373, 0.2399524049363543, 0.005923441754240727, -0.21865210808069885, -0.7615865114764331, 0.13897907699499112, 0.5343582642866184, -0.4012261818881062, -0.1647756507206569, -0.004911389741698607, 0.385243712735755, 0.6900929001939058, 0.5037384125094744, -0.08880723891234452, 0.026023861732828973, -0.25825179308576685, -0.3295861210359637, -0.09559649386332048, 0.11978678029123951, -0.8707803386592865, 0.027869823146575545, -0.5546391850932098, -0.12859768311676664, -0.8032921176789849, 0.10727266612259662, -0.24381875876473025, -0.2816256026754056, -0.6662522065899837, -0.44174400861448077, -1.3775675120816007, -0.8397912494622507, -0.28353255520704973, -1.229340981770457, -0.673773899377581, -0.6980020856027683, -0.7667111014452271, -1.0854983412508727, -0.4156955022573873, -1.0482840566720681, -1.2760108515299518, -1.663526909651467, -0.5392043406637943, -0.9117005970732885, -1.359246668479996, -1.2326905814258131, -1.0742171628870554, -1.1237437393866028, -1.6042119990204868, -1.5300457976779174, -1.4769344500319266],