{"position_x_true": [0.017208864296941503, 0.08615007000691423, 0.24166049831509667, 0.5191308898855453, 0.9466190550405768, 1.5452296618092995, 2.3369069706747125, 3.3443599906198864, 4.591600491291439, 6.103992811287577, 7.900249533695471, 9.991608020921854, 12.389651921685578, 15.106869926167013, 18.156443153176212, 21.552239599875556, 25.3089937962406, 29.44231524256727, 33.86479077881377, 38.4953507469665, 43.36315915344126, 48.49847934506905, 53.93291375116226, 59.69994404666298, 65.83519156442765, 72.29519280765058, 79.0345252032212, 86.08660972471357, 93.48675793308512, 101.2726460179479, 109.42059622566742, 117.90599388350768, 126.76658341691673, 136.00202613249658, 145.59852136045686, 155.5679559488573, 165.92206044278856, 176.67284248182446, 187.83232537603294, 199.41256730942897, 211.42787822148674, 223.89328721114344, 236.82359655694646, 250.23322653387362, 264.137075420539, 278.5524389361167, 293.49536407430287, 308.9807157754248, 325.02350890359554, 341.63707674552535, 358.8344808361633, 376.6297259981868, 395.03760958356173, 414.0722687983609, 433.74582240228153, 454.07181092795713, 475.06382487653525, 496.48191662891037, 517.9902907627808, 539.4986648966511, 561.0070390305215], "position_y_true": [299.9508944097173, 299.8035058389502, 299.557837816618, 299.213803030585, 298.7709524384891, 298.229164892605, 297.588846308205, 296.8502619434785, 296.0129628928105, 295.0764697246615, 294.041116998939, 292.90750712039693, 291.6756779794901, 290.344275774215, 288.9106493156427, 287.3711525981206, 285.72277227318574, 283.9616288976947, 282.0866934945389, 280.0981094452407, 277.99213552003823, 275.7643167918951, 273.40882825302367, 270.919082111066, 268.28789660212834, 265.51735513787605, 262.60967240308787, 259.5556340728161, 256.3445654697393, 252.9645952293765, 249.41388488208662, 245.69107885800935, 241.7822545645109, 237.680232743182, 233.37972373239737, 228.869311884786, 224.13600874205412, 219.16601701953, 213.94480606481173, 208.45613601758703, 202.68590783862962, 196.61984094792825, 190.2402837536902, 183.52655228228858, 176.45756181836774, 169.01306469683757, 161.1681407352641, 152.89361718964273, 144.15762204603433, 134.92399337355573, 125.15297476051626, 114.80224039369719, 103.82669705153572, 92.17704661037722, 79.79862459842451, 66.63333448399048, 52.616960365321816, 37.99529093522369, 23.162326730036114, 8.231262524848537, 0], "angular_position_true": [4.334451148479754e-06, 1.528936874207406e-05, 3.645922425256207e-07, -6.653539841281055e-05, -0.00017435945750737542, -0.00037162043560632724, -0.0007491008037646188, -0.0013844101635176226, -0.0022983302495441335, -0.0035746424642117275, -0.005462760134948051, -0.008311052937721844, -0.012431724710525612, -0.01783400047864584, -0.02432865106465029, -0.03171574475961321, -0.03997716189416817, -0.049037301476980114, -0.05853256468494814, -0.06830685307860526, -0.07845785596766057, -0.08906917635640677, -0.10011740847330632, -0.11156608940617159, -0.12345763190257089, -0.13595701911522118, -0.14929991382012842, -0.1634782396104421, -0.17845184539921255, -0.19425994371554464, -0.2107576682222436, -0.22798715110221154, -0.24613497758120037, -0.26510182524352166, -0.28478772026372684, -0.30525265918270994, -0.32629418869830545, -0.34773399934539234, -0.3694266434716553, -0.3911440616028192, -0.41315313152696204, -0.43593710698160404, -0.4596971978268506, -0.4842646495045958, -0.5096590290946988, -0.5364254813948591, -0.564797127962904, -0.5947093371730616, -0.6260926861457081, -0.6587065296752738, -0.6923168203115025, -0.7267925403835976, -0.7622981843107294, -0.7991656855448737, -0.8376408975314419, -0.878355053338014, -0.9220765870566345, -0.9678098197520567, -1.0139332631633131, -1.0600567065745696, -1.1061801499858261], "angular_velocity_true": [], "altitude_sensor_readings": [293.8211464730333, 296.80765009922067, 304.1196522875582, 301.1384703967626, 297.44253099617634, 297.57765386290754, 296.9290106580548, 300.6820919678093, 291.7317081865398, 298.885256875026, 289.2714598329795, 287.23340768293076, 297.19402717568903, 286.1956157028483, 287.7712488950581, 286.14274023327886, 279.08923819936365, 286.233204787151, 279.57648473842835, 279.35275855750876, 273.89870340404593, 279.80727192575586, 270.61267326579184, 263.81194649774585, 268.63243528031063, 265.5953616174217, 260.93145402819266, 263.23022884537545, 252.26401184815649, 249.34885146113345, 254.06174677837416, 250.34803185697012, 239.1277556389498, 236.59917440680363, 231.51831669548952, 237.67692430022302, 224.76248064243686, 217.76934119843943, 212.55094816063624, 212.72818939712778, 206.78730287821818, 190.64421570002023, 197.12977992523582, 185.2153970562472, 177.57583207319917, 169.34576604484923, 160.79221269605597, 151.8994756672031, 151.19286855499746, 133.37236871609537, 116.21619740411546, 117.09618555688083, 104.46780583225315, 99.03031480845732, 80.36899626687119, 71.32024073831752, 49.42214179566347, 41.69382890733758, 29.118833706889543, 12.399664739908513, -5.796953168436087], "speed_sensor_readings": [-3.130191216978705, -1.2053534956295953, 0.9794374782685371, 6.431527989280837, 10.154673395443671, 9.097768620799716, 13.363901375357685, 12.421715404761839, 17.942442560589495, 17.134449772109413, 20.732563627756488, 24.520737614476776, 28.32250682482363, 29.669735277295423, 35.87965053034949, 38.38933673048162, 39.251636417084285, 45.03762904507029, 50.52254284700313, 56.48898736646251, 52.51420226689447, 57.470989756455005, 63.18169045662687, 61.57917865731605, 70.69756159782563, 71.7581273927955, 76.27021404837875, 79.27645551269069, 86.46633543807881, 85.47839097530125, 95.00770416472982, 94.10746245464011, 95.85521129753795, 100.05270304157469, 110.60097706419529, 116.08355669968343, 112.80046938623227, 121.90876128125628, 122.61438097943409, 126.16369827760337, 139.2992801499368, 141.36435745152028, 147.8892086163605, 157.99553639620362, 163.1677138308265, 168.47086842580802, 173.90328992064894, 174.27565217397472, 185.17854133088386, 193.33196451498276, 200.24718234436008, 208.81915728544388, 217.08310050327955, 229.1453403804196, 234.24639011852247, 236.494621456974, 254.65347955538004, 259.2695300348382, 263.58467291102875, 261.2622484198619, -4.05276569719126], "angular_position_sensor_readings": [-0.09032148207638059, -0.7161209147315096, 0.29338036896704617, -0.325294566038004, -0.6760506327318253, 0.3709981004350226, 0.332137283021936, -0.08377592893860794, 0.37614639976418385, -0.5413954181496853, -0.6259670958390194, -0.2047119050667745, -0.3706567510933434, -0.4715848743816533, 0.9976594609228109, 0.42038738532570824, -0.15563666840856005, 0.11602414024820155, 0.49448375331950667, 0.6505897151716489, 0.4285513824960791, 0.057931108408553006, -0.9416291990688593, -0.2165659045165153, -0.5886452046125606, -0.7548033469321271, -0.4733062343688115, 0.31715517976938656, -0.1120500370222733, -0.32912138166348476, -0.6593807544962433, -0.20514674100025737, -0.2940781147212188, -0.6850804440981072, 0.09921534059006115, -0.2803948070205374, -0.023661088744765635, -0.41387938499068344, -0.3182401747256212, -0.6098711962943622, -0.4136848697839918, -0.2514304165077349, -0.22117637692961012, -0.5268057228892018, -0.9455584763797383, -1.625384296801856, 0.6188615317559916, 0.2283253540526291, -0.8694211895335379, -0.24107540220318185, -1.065474262891723, -0.5163449288917148, -0.9686807787627881, -0.7530630238980649, -0.052600081948912414, -0.3875455934837324, -1.2600099145143904, -1.7219633383543929, -0.4511372889456109, -0.5911222119353178, -1.2924956599988877],