{"position_x_true": [0.009809194349042216, 0.049147364423015746, 0.13775529979484763, 0.29546167807902235, 0.5185664461633466, 0.7995465234670016, 1.1506837766776687, 1.5842151267992701, 2.112531646167086, 2.727075815474947, 3.4192085228700337, 4.201282717507114, 5.085871463078325, 6.086076468560529, 7.191364536174834, 8.390593431778715, 9.696161687268603, 11.120936675977337, 12.677974595780062, 14.37450271548385, 16.21191564842539, 18.191100045211446, 20.287903798981496, 22.482896048160196, 24.785484713849826, 27.2041134993675, 29.74572574741584, 32.38454634889026, 35.0935913985891, 37.874669293790305, 40.72646594197569, 43.64527684854084, 46.618734434318185, 49.604013723150274, 52.561496987139954, 55.476301263535206, 58.3299767104549, 61.099518191116125, 63.74634438815861, 66.23116614579591, 68.52541966121784, 70.59723318863584, 72.41257160809255, 73.9501434240614, 75.19388318717719, 76.11976427602202, 76.70570915014478, 76.9337102659195, 76.81248545765939, 76.36432289149326, 75.60455933726277, 74.55709319984351, 73.25328636410498, 71.72874946466946, 70.02420862141915, 68.18242283273406, 66.24681924077724, 64.25921931710742, 62.257969542161256, 60.28154849416524, 58.36466554365943, 56.5371559929369], "position_y_true": [299.9509284962682, 299.8037875557417, 299.5586834748701, 299.21546942876597, 298.7583598667896, 298.1757466740453, 297.47521627408145, 296.66355707971303, 295.74714002247777, 294.7129988700328, 293.5479447325163, 292.25722169988296, 290.8448299774801, 289.3139257681347, 287.6500096078287, 285.8377380102019, 283.87757419508034, 281.76839913156255, 279.50746414918285, 277.0882541073412, 274.5008818081195, 271.7352030683646, 268.7758563432017, 265.608830407644, 262.225449652293, 258.6145771223985, 254.76279404597173, 250.66007798673772, 246.29717613419294, 241.65976092342603, 236.73150358035497, 231.49439492981887, 225.93256355599954, 220.0519409227393, 213.85824228558124, 207.33834012920786, 200.47944501322593, 193.2699682487027, 185.73531449777255, 177.9060601222442, 169.78433197268356, 161.37728861957638, 152.6975538826119, 143.80022755624887, 134.74587037093977, 125.56462790870332, 116.29547132283172, 106.98672119194424, 97.66746897908, 88.3714841278134, 79.15791296634569, 70.08181418923819, 61.19368433827748, 52.53738774409474, 44.151219923519314, 36.06795966898344, 28.31482636780584, 20.91464796830239, 13.886592731892646, 7.247241134942678, 1.0078591352101451, 0], "angular_position_true": [-5.65907880652204e-06, -2.0475930020343106e-05, -6.709901827199738e-05, -0.0002247966879554807, -0.0037902073739732095, -0.013192469935998746, -0.02679618041376331, -0.042963525552504725, -0.0600808981864002, -0.0807228953334195, -0.10745923373761165, -0.13866494137845797, -0.1727081765363571, -0.2078871436144992, -0.246779153034711, -0.29198222208142155, -0.34176298274604466, -0.3943885835795577, -0.448147818176679, -0.5022510050976416, -0.5567416065643725, -0.6116716263092504, -0.6707396530464482, -0.736670337768221, -0.8075476265059576, -0.8814909661053467, -0.9566712683149841, -1.0359906434642434, -1.1224117943271017, -1.2140731759646628, -1.3091111858824285, -1.4057915740552756, -1.5032344882814075, -1.6052258926873704, -1.71456290610605, -1.8293556042258945, -1.9477838373794332, -2.0680162476575044, -2.1932602341460035, -2.326473084413969, -2.4654411281416744, -2.608071893455255, -2.752430115306896, -2.901844463146091, -3.059685410749401, -3.224183438533503, -3.3934567135944627, -3.565437295971155, -3.7343571323537406, -3.8952062701455956, -4.047672739367715, -4.191498577562546, -4.326289513629366, -4.45187013681164, -4.567775407632524, -4.6736334700408575, -4.76918180717232, -4.854382916936522, -4.929563764578945, -4.994723650167587, -5.049859484683798, -5.09503188719726], "angular_velocity_true": [], "altitude_sensor_readings": [293.3632190649347, 297.21727496910535, 303.84641045756297, 293.306523487578, 298.85879561034034, 296.59443736499884, 295.61009982341494, 296.14010332465256, 288.9222090000286, 302.4898042495176, 296.46562669130594, 301.3680967902038, 291.8056798160053, 290.0953773770812, 290.2836822048269, 287.6713884593445, 280.59735120332635, 283.1258030746151, 283.7548624004263, 278.9770870180834, 275.7440281638397, 271.7381296410397, 262.5304415238879, 269.72735566446624, 266.55379089784793, 258.3427370049096, 256.7108895475462, 240.15125232698406, 244.9924674725707, 243.83227466683587, 235.60346760732105, 235.70484550949416, 221.37336645711574, 212.74069675328712, 212.42676041128973, 216.0932278214065, 198.69014155404608, 194.65054268829422, 185.06319620071676, 181.3096654031409, 166.26679766884564, 153.44318261301493, 148.96186666508098, 144.92346572830039, 140.38958619671772, 134.07282578463617, 121.94604949638557, 114.38733235103122, 96.0694832284244, 92.38076897098027, 79.59236363122555, 67.92714109153343, 61.46180495451269, 56.44345284080646, 42.35378478148347, 34.49857625345899, 27.555906879981844, 16.096737781112914, 11.592204294157614, 7.750425617632134, 4.12012876358516, -1.9516213247738514], "speed_sensor_readings": [3.230845329449388, -0.16795984724711088, -3.6627493772023576, 1.5423566191334377, 2.928215120998406, 7.74660486939562, 11.236279225346479, 9.006710219469005, 11.369641159417926, 10.226178264168988, 9.814615194687631, 16.445072636247374, 23.842493775539552, 18.770927662306164, 21.044223501339967, 22.951319462217302, 22.095125452709468, 22.086731419903863, 30.869397928699257, 31.88244297994514, 35.49469794533056, 35.842841697451206, 35.073110783320445, 34.80874658502, 42.341925172820055, 48.90265630573931, 50.67792899070436, 53.49227322161272, 57.08603890744378, 54.6041910709892, 57.92846337611695, 57.46683298933936, 66.81028942771928, 68.506615538869, 72.70237799686865, 75.78242752247328, 72.04669313417709, 82.58789534749675, 84.74454252212892, 82.9372465167321, 83.27582844655528, 93.32342532828713, 91.50704434986693, 93.4043047491742, 88.06472039353362, 96.03228283836982, 94.04347951139992, 90.07374533850982, 94.94986236519583, 95.38262143591275, 92.07249786546336, 91.93192491771819, 88.88246631151505, 82.04261273154167, 86.8728127092421, 84.20932344925964, 76.27063374223327, 70.43941899622561, 67.64127098704428, 60.45512198995785, 62.24676735952628, 0.15644549976897507], "angular_position_sensor_readings": [-0.20709500703275477, 0.9949398878961572, -0.14992702106837802, -0.3911644767336818, 0.3226919616850592, 0.6552299141751959, 0.002762071129877787, 0.0010526013971269427, -0.33303396208411096, -0.48881596063601485, 0.2820868639131755, 0.3488826866199785, -0.3729933658643925, 0.004955387871767303, -0.39241649522913946, -0.30613993153010344, -0.18120880820107627, -0.5772851707108456, -1.1346027998133459, -1.0991479653297413, -0.7514098158672424, -0.1391183008254177, -0.4348747206244127, -1.1044261707362253, -0.7075103604759555, -0.20088544141567266, -0.7833549757879752, -1.1692520959799932, -1.5477211095421384, -1.6541862067770783, -1.490996883069813, -1.0840775323295668, -1.0407315533535588, -1.788760823929352, -1.7492060093868746, -1.3694179869131313, -2.0075599576804763, -2.927114850406225, -3.003651061053586, -2.8627551325410145, -2.7167397165104736, -3.1164619895465355, -2.6532569508787924, -2.884268965107295, -2.872025793355098, -2.972312042315372, -3.2006201302320774, -3.0085465861999383, -3.881862392941332, -3.7296205698681817, -3.860749340666867, -4.084005277687791, -4.201348971549201, -4.127293073370296, -5.0088478777918635, -4.307519841891368, -4.046084727370541, -5.647280340143294, -5.249540027731149, -4.7884005723471805, -5.00672986117513, -5.016609264499776],