{"position_x_true": [0.00936145871016044, 0.04683770788612878, 0.131289737338947, 0.28177881215043016, 0.5176671939683851, 0.8587201528944833, 1.3252112412139498, 1.9380391626117535, 2.7188530903202532, 3.690201367215866, 4.867612781464839, 6.259282430553891, 7.8737499920285305, 9.719914447523998, 11.807064018703743, 14.144900845453886, 16.743577218353536, 19.613741355268832, 22.766540376706203, 26.21368996388804, 29.96751200985843, 34.04084639227197, 38.44722729420899, 43.20118065613714, 48.318135812489615, 53.81438956059709, 59.7071460866248, 66.01475773587292, 72.75705158768328, 79.95508657114047, 87.63135737769602, 95.81031393435717, 104.51820249836388, 113.78298753184427, 123.63422831184221, 134.1039577733296, 145.2271641781246, 157.04077115198763, 169.5839252991802, 182.89800317390421, 197.02645863400423, 212.01496511882442, 227.91076891261181, 244.68310674562397, 261.86636317374223, 279.04961960186046, 296.2328760299787, 313.4161324580969, 330.59938888621514, 347.78264531433337, 364.9659017424516, 382.1491581705698, 399.33241459868805, 416.5156710268063, 433.6989274549245, 450.8821838830427, 468.06544031116096, 485.2486967392792, 502.4319531673974, 519.6152095955157, 536.798466023634, 553.9817224517523, 571.1649788798705, 588.3482353079888, 605.5314917361071, 622.7147481642254], "position_y_true": [299.9509315111647, 299.8036599428292, 299.55816322748007, 299.2143052289282, 298.7719721992301, 298.23177038427787, 297.5943569830997, 296.86025255233704, 296.03041204684047, 295.10576543120607, 294.0865633077104, 292.9720867168645, 291.76128346389316, 290.45314995647874, 289.0465881631812, 287.5397681596221, 285.93081350794273, 284.2187798526836, 282.4015019473827, 280.4766094642393, 278.44181435241853, 276.2919829557454, 274.0218510366255, 271.62935366192886, 269.11273198425005, 266.46888093774004, 263.6929082888212, 260.7797405022062, 257.72673276020373, 254.52945644219426, 251.1810298373142, 247.67576196719605, 244.0067880805424, 240.16256885649457, 236.12477995072118, 231.87285063637538, 227.38573558817325, 222.63421798984893, 217.58136780007004, 212.18242774724445, 206.38225091318319, 200.11391207836766, 193.2963758361207, 185.87006775660618, 178.08254798357575, 170.19692821054534, 162.2132084375149, 154.1313886644845, 145.95146889145406, 137.67344911842363, 129.29732934539322, 120.8231095723628, 112.25078979933238, 103.58037002630196, 94.81185025327154, 85.94523048024112, 76.9805107072107, 67.91769093418029, 58.75677116114987, 49.497751388119454, 40.140631615089035, 30.685411842058617, 21.1320920690282, 11.480672295997783, 1.731152522967367, 0], "angular_position_true": [3.921649050781145e-06, 2.9714431210206174e-05, 8.222435823417005e-05, 0.0001908430308148407, 0.00038129138256396626, 0.0005296736058484981, 0.0005034715784990505, 0.00019796728479869684, -0.0005888084690763693, -0.0020685479895690083, -0.004338282908338263, -0.0073311710797943665, -0.010953569046893267, -0.015164333944106372, -0.01994603531211901, -0.02518020325677839, -0.03078554223788344, -0.036911159817552636, -0.043516453807408796, -0.050577896642815465, -0.05815209341088242, -0.06581889319835704, -0.07320161561375091, -0.08057555610796646, -0.0883140945015787, -0.09660288300692871, -0.1053954440105572, -0.1147204568883705, -0.1251588760426515, -0.13712494782487242, -0.15081218813025496, -0.16687820059557237, -0.18610304975397257, -0.20891718630362852, -0.23520257029555153, -0.2651294185226847, -0.29953020318289175, -0.3388544470790507, -0.38345864809306307, -0.43382443592187986, -0.4904492866916098, -0.5540002977915245, -0.625360637603709, -0.7040165294662221, -0.785790978298407, -0.867565427130592, -0.949339875962777, -1.0311143247949621, -1.112888773627147, -1.194663222459332, -1.276437671291517, -1.358212120123702, -1.439986568955887, -1.521761017788072, -1.603535466620257, -1.685309915452442, -1.767084364284627, -1.848858813116812, -1.930633261948997, -2.012407710781182, -2.094182159613367, -2.175956608445552, -2.257731057277737, -2.339505506109922, -2.421279954942107, -2.503054403774292], "angular_velocity_true": [], "altitude_sensor_readings": [302.45179083917617, 307.6132385720878, 300.06141020555594, 298.1449351716703, 305.30917313687496, 301.2013262961767, 300.84993363233355, 301.6467372010637, 298.33628544920805, 293.3906306444941, 299.12350636043556, 292.53428328747304, 288.76942660843565, 292.47090298969505, 288.5409854671086, 285.4792555096342, 281.2986428911419, 283.9443510480071, 279.9946724504826, 274.9620925438893, 277.57589074203537, 276.7701608508847, 271.8841000552615, 273.040995086574, 263.75561074655127, 260.8683999189926, 259.68645214361715, 260.6064617288449, 254.28047380681699, 254.18847386412497, 253.71716601464175, 251.3335537599341, 236.7081500664016, 241.38765990938984, 238.13559055358976, 236.22893254710854, 225.7629849552525, 230.6497340293399, 209.62135030210413, 209.89036058195367, 207.07656530439994, 196.9957556374226, 195.2260552178193, 184.2849772137023, 172.06786505260987, 177.0876692389913, 163.6117240028613, 158.35554791292097, 147.35075330458508, 137.48664029803834, 121.92514225017645, 116.91462660400988, 109.28303354302103, 102.14706170652124, 97.13385235805528, 78.79124901250862, 68.94964322954941, 66.88254981823681, 54.714762155292114, 46.92456998651755, 45.64673920734556, 25.147905067319755, 21.780123087335692, 7.683523879609717, -2.8682728704664777, -7.3814161361592205], "speed_sensor_readings": [2.867716118905612, -2.4921452661520034, 6.3620440842273185, 5.121236885997028, 9.779151677050942, 5.316152418173443, 4.292567414790291, 4.310840763793041, 15.302819463964745, 18.79757833946514, 13.254475489843266, 23.321432971703224, 19.907999794601285, 24.467476716666635, 27.379491067615522, 31.021409435420402, 35.313137838084415, 34.30042127264232, 39.89252315600445, 39.0304824464329, 41.85449851440227, 43.63551246027106, 52.930233073962455, 56.35761598638165, 60.777181595175, 57.73044448366525, 69.86335015230165, 69.59325691331892, 71.19026040498132, 82.07332514011289, 81.68808780819957, 84.58144884483035, 97.46052958074745, 100.50818883659124, 111.58395110392645, 120.753183140082, 121.98680190353517, 133.41675741857244, 147.32219991300786, 145.70006900264957, 153.964123191977, 166.94748288165007, 184.74301655230752, 185.9375105865674, 192.83592657817508, 186.25346667959758, 188.24694405456407, 185.01851622848818, 192.25595373558738, 195.5924503728329, 188.45766024256096, 194.22125855972507, 194.19854121997906, 195.73709293936008, 189.1423776318126, 198.44041135632474, 192.31100434550297, 193.13500004807184, 191.66791645677216, 195.23242132690837, 193.55319491509806, 195.29249243838197, 202.0360092534899, 197.16362778220974, 193.771499214577, 6.470145828197992],