{"position_x_true": [0.009826978901154287, 0.04908033157220622, 0.13739922151324896, 0.29462859526019447, 0.5171573739698807, 0.8008982095441509, 1.164834108653265, 1.6281025287347377, 2.2099882833708713, 2.9297974018196737, 3.8070124704931616, 4.860916158788472, 6.110498357001764, 7.57408492306096, 9.268998995245276, 11.203569116064221, 13.377114519033508, 15.786094336431201, 18.42283101739516, 21.2763839077631, 24.33165180390861, 27.568369369128085, 30.960060920644217, 34.472170927710486, 38.061855556119546, 41.67917755211068, 45.26803000514351, 48.76732887980546, 52.10880497160417, 55.215188384490716, 58.00418255313158, 60.3899847486651, 62.28628578689075, 63.61261426765741, 64.29891266407209, 64.29255991478831, 63.566655375558675, 62.12867713314403, 60.031583217356996, 57.38320875224684, 54.35712831884148, 51.200686444723694, 48.23410538081023, 45.54339115486465, 42.94458947999633, 40.34578780512801, 37.74698613025969, 35.14818445539137, 32.549382780523054, 29.950581105654734, 27.351779430786415, 24.752977755918096, 22.154176081049776, 19.555374406181457, 16.956572731313138, 14.357771056444818, 11.758969381576499, 9.16016770670818, 6.561366031839859], "position_y_true": [299.9509492790261, 299.803703415345, 299.55816635152826, 299.21425312781815, 298.7562892675963, 298.16863285814026, 297.4506587028902, 296.60067198000235, 295.61499007913494, 294.4879020947669, 293.2120835766755, 291.77688760484153, 290.1679970159397, 288.36698213094957, 286.3517191216066, 284.09945714748034, 281.5886084934084, 278.79532017388084, 275.69193538654486, 272.25001676693785, 268.44024497191003, 264.23209404333556, 259.5945040403888, 254.49673142650818, 248.90996914653772, 242.80937546436618, 236.17582770018984, 228.99700541647618, 221.26938549045613, 213.00128066405682, 204.21480424981425, 194.95001270190272, 185.26799272216346, 175.2515141380156, 165.00676471817692, 154.6652785901469, 144.38272462494274, 134.3338908956001, 124.70776204592119, 115.69689832949635, 107.48243959289117, 100.21277079173557, 93.97274922253499, 88.37814554502745, 82.8538424811817, 77.23143941733596, 71.51093635349022, 65.69233328964448, 59.775630225798736, 53.76082716195299, 47.64792409810724, 41.436921034261495, 35.12781797041575, 28.720614906570002, 22.215311842724255, 15.611908778878508, 8.910405715032763, 2.1108026511870177, 0], "angular_position_true": [-5.8044110769802626e-06, -3.64431079563119e-05, -0.00011307092569439746, -0.0002529577731159072, -0.0037373753097729935, -0.013876811342096802, -0.030742427166824352, -0.05436545067795519, -0.08464037863728263, -0.12146268335888528, -0.1648491316756213, -0.21472308786963556, -0.27090147608923865, -0.3330723270887714, -0.40107184446074673, -0.4748204071373234, -0.5545218619329003, -0.6404065070389423, -0.7322931965239243, -0.8302735931286034, -0.9346122520064017, -1.0454877284405948, -1.1629844341193158, -1.2869943870567861, -1.4172526646465633, -1.5535573792630704, -1.6960498143965426, -1.845399812294027, -2.002359956255642, -2.1672558242883797, -2.340423896598786, -2.5220860045729543, -2.7123967122896637, -2.911856476360677, -3.1209738618677045, -3.3402413920322167, -3.5702669573556487, -3.8118614074012114, -4.0659427625509155, -4.3337246494084605, -4.616473281684986, -4.915365689233078, -5.231787618369401, -5.557749631283486, -5.884129852250813, -6.210510073218139, -6.536890294185466, -6.863270515152792, -7.189650736120119, -7.5160309570874455, -7.842411178054772, -8.1687913990221, -8.495171619989426, -8.821551840956753, -9.14793206192408, -9.474312282891406, -9.800692503858732, -10.127072724826059, -10.453452945793385], "angular_velocity_true": [], "altitude_sensor_readings": [302.0276475758439, 294.0118039989779, 292.68975100356437, 299.55365952039784, 300.1394721089466, 302.95308556276774, 291.61292500902005, 293.6106103666806, 291.5781900692812, 292.8339958937014, 285.92939788824907, 289.78770486354784, 290.5207000383972, 288.40676163814646, 283.0645077537137, 283.24485899540406, 276.84527610075025, 281.1184875388841, 271.36787385186904, 270.4316426784911, 264.5099177511109, 263.3005241067843, 257.90489097081183, 248.9776148542975, 257.9751381350889, 243.0861400271616, 239.93274876943508, 229.12950253583313, 220.0637589535535, 215.38568469429507, 207.31239525060354, 195.7599266906225, 184.3333155010419, 179.58059394487944, 166.59243638552303, 161.0309947041037, 141.55931184634724, 140.51036071364948, 125.75123281627737, 114.54614182672553, 103.35257175527113, 108.41775261400795, 91.07608017165691, 90.59785546441395, 80.51553300527324, 75.9433703038227, 67.91387549030974, 64.56218166728115, 57.35470384629276, 49.91303530166157, 52.709764719740555, 45.243726780648196, 34.5648564362626, 29.613589457692168, 20.31748452927615, 12.190641324457605, 9.39675834372829, 5.2129129944968735, -0.5547420425245121], "speed_sensor_readings": [1.3204785016860527, 2.2710925307718366, 0.42868510605097265, 4.97043704784403, 5.9318340102491875, 0.3710880385521609, 9.409906892187902, 10.692574612547508, 7.123123729555522, 13.65728997116667, 17.260887364296913, 14.465238857762063, 22.775556778586076, 28.876568167464132, 30.39420731247995, 35.62278539265534, 32.40977571863898, 35.58712894738069, 45.84277527101873, 37.569582657273784, 52.439326370662855, 52.55891863833379, 59.532249217112046, 67.35855644173367, 67.709910645345, 77.01772320029019, 76.24079792946578, 82.46922244787748, 81.83024081031098, 95.04714076960401, 92.80859788005232, 97.8434229229349, 108.00072722563911, 99.01289766404949, 107.41839863245568, 109.1992499861546, 107.68946321552, 99.91438788617505, 96.15657572392395, 95.74332704302634, 80.36007297895236, 75.72667787494157, 62.52027993459645, 59.45714647929736, 60.014786368478546, 64.87194830887489, 64.62489909814454, 67.46457379759775, 64.29700778711333, 66.95426054664087, 64.29318340783172, 66.3191869331977, 66.08085373225292, 60.365531451295986, 70.66887628198565, 69.99350027216569, 67.82616618920834, 66.66181736307786, -2.392923046716729], "angular_position_sensor_readings": [-0.4556513887643662, 0.3967202754790553, 0.2654177374299725, -0.14910965838036772, -1.1469932819454998, 0.4883012922614787, 0.49601363369807355, 0.17093136437648415, -0.44881998319544153, 0.07088778938444888, -0.8518626003455628, 0.14453855374890856, -0.04167094354654588, 0.3322703965454567, 0.03305288964532671, -0.9877252555949458, -0.44387272764940955, -0.9501041858662885, -0.25535451155207256, -0.8008919036327189, -0.778530163893858, -0.6602917394455828, -1.1607342695430332, -1.3063396268781677, -1.7309458456935765, -1.4334456693838038, -1.6549051223941103, -1.4393538770953525, -1.855854415777991, -1.704482131406538, -2.358035241789748, -2.300997721245078, -2.855622369742995, -2.8101503569069655, -2.8545241246887914, -3.1015268303991483, -3.806437768971122, -3.338866616459823, -4.091364218720758, -4.148611025466788, -4.879435381718352, -4.948642610622692, -5.6116612225618905, -5.635139002597315, -6.010377625004158, -6.170071866628109, -6.793822935407109, -6.976113315783598, -7.477322814266488, -7.716359539762013, -7.971578358761814, -8.032744949543778, -8.549220906011998, -9.02034279593108, -9.370916123350755, -9.291191795367908, -9.14659222165747, -10.08259416605305, -10.593064297803101],