{"position_x_true": [0.01127021740386785, 0.06224316131229366, 0.15355605167623002, 0.27862134053618814, 0.4573275672245377, 0.7057381138397422, 1.036172427989549, 1.4407620922812838, 1.9113774890883626, 2.4601695304371805, 3.099564701753178, 3.842172045800906, 4.67867413117284, 5.599402101087498, 6.6167011886767755, 7.743418216985328, 8.992740006536268, 10.352250596937278, 11.808799525493797, 13.374278902716895, 15.060804317764648, 16.880792816325297, 18.81685673473133, 20.850749517282676, 22.99239926158983, 25.250429113513242, 27.632426127423138, 30.13880901419813, 32.761614080960975, 35.46536969408594, 38.2203109586562, 41.026455267883286, 43.88094485479228, 46.777794916969114, 49.701769299309696, 52.6295537252607, 55.53703161410489, 58.39916213162331, 61.18998521531582, 63.883107801207785, 66.45052666673902, 68.86295310894045, 71.0914856428499, 73.10717376238271, 74.88143436082603, 76.3859544498044, 77.59291238453572, 78.47580779159546, 79.02285698097319, 79.22398477249517, 79.05580589443703, 78.49413420591618, 77.51513546731273, 76.13305050528945, 74.36848009464967, 72.21381821658737, 69.6952244115711, 66.8482930295575], "position_y_true": [299.95477120770823, 299.81909048874655, 299.581313886242, 299.22991387768764, 298.765010784195, 298.1903746551375, 297.5134104376321, 296.72167757203124, 295.8023396451773, 294.76166550490507, 293.6052409278206, 292.3377738075042, 290.94521014493677, 289.41320995551865, 287.7447913842135, 285.9420254235488, 284.0061253414006, 281.92259597840007, 279.67613466814873, 277.26511798899907, 274.6866670108902, 271.93632908798384, 268.9995729194313, 265.86186909634046, 262.51613120125654, 258.952465425242, 255.15866988745873, 251.1209500303802, 246.82488447620284, 242.26255420535864, 237.42688075997302, 232.30382933311665, 226.8774345452574, 221.1301516694453, 215.047648264877, 208.62061263715026, 201.84172033476656, 194.70574409976695, 187.20971453892335, 179.35317286970022, 171.13864768355705, 162.5716108372155, 153.66005778988156, 144.41514359663256, 134.85082328801636, 124.98466083681399, 114.83844361318613, 104.43683783009364, 93.83800288171504, 83.09448222935339, 72.22385995208265, 61.25015762259122, 50.20577468032718, 39.1561087926394, 28.166690971395557, 17.28019962204627, 6.555696811680274, 0], "angular_position_true": [0.0008313251743986257, 0.0033564865570811643, 0.005109514455547223, 0.0036108599424070275, -0.0011111920982279566, -0.00824312030920195, -0.016179104145937952, -0.027452899746354696, -0.0445673578760757, -0.06583854708761733, -0.08954844051604897, -0.11394224306254844, -0.14153942684099774, -0.1749081625754851, -0.21230523928332629, -0.2519974348270232, -0.29228675693472467, -0.33591362006650605, -0.3855514960501415, -0.4394025005436737, -0.49578100890182814, -0.5530274353609808, -0.6139050682369701, -0.6812028262072676, -0.7531638376296236, -0.8279655985444497, -0.9037322824442475, -0.9795518435450368, -1.0553677789081515, -1.1349507196708775, -1.2213140255720594, -1.3125837688943207, -1.4068354998107833, -1.5021092607549487, -1.597317300237889, -1.692346538627804, -1.787209171110695, -1.8819270646148338, -1.9764822873835746, -2.07097647941693, -2.165428251865608, -2.2597063646850866, -2.3538202628795606, -2.447723462095464, -2.5413988436528077, -2.634775401526292, -2.727549111906135, -2.819499361586548, -2.9154235803379622, -3.0190487633393617, -3.128097720702405, -3.2402944631692048, -3.3529332562582757, -3.469930846229963, -3.5956296824712193, -3.7274957025114697, -3.8668977367815187, -4.015185897863888], "angular_velocity_true": [], "altitude_sensor_readings": [301.43078042104963, 298.5384409603557, 298.1105054843928, 299.124260759269, 300.2879442861201, 300.3222940454021, 299.9943631607154, 296.7482867803953, 289.91494233667106, 293.5354294113545, 297.07448265539824, 292.2893791304257, 289.9491616534517, 288.52847615633, 284.70399261883284, 285.3607442738996, 275.59764566359155, 285.4687123790825, 275.00278765150324, 284.66806014639985, 280.9493141129247, 271.38091981599797, 271.49429082086783, 266.82693026401006, 257.3730131557669, 260.3353545786679, 247.39282051718558, 254.08216508141442, 241.4995662944833, 240.78167360657744, 244.76325677256142, 239.08492963303289, 224.9131645618006, 218.10651093824075, 213.29100128676188, 212.91760472010318, 194.42302163590466, 199.758359222442, 185.43321437700854, 169.69568090135542, 172.8379899893917, 160.6693312171118, 156.52954893914068, 145.00268048394716, 139.95030321464628, 124.31837544471105, 107.73816099736567, 109.62659268659226, 90.26986377966361, 77.61500339305987, 68.19594013707713, 61.08126918465788, 44.6644886062769, 43.96833107366079, 36.01947526646147, 19.465610603885047, 0.2354694703153708, 3.5470537241787303], "speed_sensor_readings": [1.2613078149308101, 3.1047036492474582, 1.722932126413117, 4.453195333497348, 11.846812383360309, 4.042554941149183, 12.135921457864413, 5.295441951676535, 11.706618438723808, 12.570348572674272, 13.017645205370894, 20.323082814044113, 18.832202415966105, 16.068361738549783, 16.397512449062567, 21.42166441189638, 21.24443445894832, 28.952718783764958, 27.666217102115333, 29.56639700586519, 32.17597812311272, 36.819524712656474, 37.76165389107241, 41.109622511798214, 38.81855057487625, 38.2000250293552, 47.07120501630015, 45.09598274641727, 51.07129532280855, 53.27958622370857, 59.10532152047084, 56.3561411156079, 65.95295388622341, 65.20937944112487, 70.50165400024544, 73.93853891385307, 76.10059135295946, 74.47136574318803, 80.63173269985164, 86.6810896940595, 85.3113762134489, 90.99646080277496, 91.83375163563657, 95.66405431188231, 97.0961984460505, 103.86355877741104, 106.70255577453527, 104.85343656599767, 107.77859452758204, 115.88894721585223, 114.85706928950559, 112.81248948020499, 114.84690744024962, 105.63996730873596, 109.59030188075084, 110.04187022491901, 111.85793280385825, 1.1439658345778498], "angular_position_sensor_readings": [0.5320381099690011, 0.03583900632913121, -0.31745678433668423, 0.23873861041051136, 0.640552442399076, -0.799208342272607, 0.17205146728635132, 0.11884489937670897, -0.21103159112791314, -0.5208038237471311, 0.0110850583719133, -0.0016955518864505414, 0.09820433450328347, -0.36736495718829476, -0.6524151929716893, -0.6620938378839417, -0.5119866431284712, 0.1371076143658816, -0.10486877514397891, -0.18356536251821037, -0.596253207653891, -0.8546694394879079, 0.00047827925649535086, -0.10795509844364937, 0.47858002077113915, -0.4683650698362847, -0.7583871536349496, -0.8034137204124612, -0.9365434696727858, -0.7460028873360218, -0.6917546794746195, -2.1014829771017833, -1.238211125039744, -2.0308862494256794, -1.4972600886388066, -1.1361327287877527, -2.027680335451896, -1.5276140511884975, -1.9183504762843815, -2.1925688033587014, -2.989613557581418, -2.5330465025814557, -2.4965285224359905, -2.239103063145558, -3.0266869350320853, -2.5798759535509053, -2.4121709685628923, -2.8511353628545772, -2.602031451690152, -2.5887441198491703, -2.8533920924479697, -3.5633532068024265, -4.0184872123174395, -3.4127617363042084, -2.962822247476426, -4.425849738760267, -4.276195553437198, -4.428719024315178],