{"position_x_true": [0.0, 0.0, 0.0, 0.0, 0.0, 0.0, 0.0, 0.0, 0.0, 0.0, 0.0, 0.0, 0.0, 0.0, 0.0, 0.0, 0.0, 0.0, 0.0, 0.0, 0.0, 0.0, 0.0, 0.0, 0.0, 0.0, 0.0, 0.0, 0.0, 0.0, 0.0, 0.0, 0.0, 0.0, 0.0, 0.0, 0.0, 0.0, 0.0, 0.0, 0.0, 0.0, 0.0, 0.0, 0.0, 0.0, 0.0, 0.0, 0.0, 0.0, 0.0, 0.0, 0.0, 0.0, 0.0, 0.0, 0.0, 0.0, 0.0, 0.0, 0.0, 0.0, 0.0, 0.0, 0.0, 0.0, 0.0, 0.0, 0.0, 0.0, 0.0, 0.0, 0.0, 0.0, 0.0, 0.0, 0.0, 0.0, 0.0], "position_y_true": [299.95095, 299.80379999999997, 299.55854999999997, 299.2152, 298.77375, 298.2342, 297.59655, 296.8608, 296.02695, 295.095, 294.06495, 292.9368, 291.71055, 290.38620000000003, 288.96375, 287.4432, 285.82455, 284.1078, 282.29295, 280.38, 278.36895, 276.2598, 274.05255, 271.7472, 269.34375, 266.8422, 264.24255, 261.5448, 258.74895, 255.855, 252.86294999999998, 249.7728, 246.58454999999998, 243.29819999999998, 239.91374999999996, 236.43119999999996, 232.85054999999997, 229.17179999999996, 225.39494999999997, 221.51999999999995, 217.54694999999995, 213.47579999999994, 209.30654999999993, 205.03919999999994, 200.67374999999993, 196.21019999999993, 191.64854999999991, 186.9887999999999, 182.2309499999999, 177.3749999999999, 172.4209499999999, 167.36879999999988, 162.21854999999988, 156.97019999999986, 151.62374999999986, 146.17919999999987, 140.63654999999986, 134.99579999999986, 129.25694999999985, 123.41999999999985, 117.48494999999984, 111.45179999999984, 105.32054999999983, 99.09119999999982, 92.7637499999998, 86.3381999999998, 79.8145499999998, 73.19279999999979, 66.47294999999978, 59.654999999999774, 52.73894999999977, 45.72479999999976, 38.61254999999976, 31.402199999999752, 24.093749999999748, 16.687199999999745, 9.182549999999742, 1.5797999999997385, 0], "angular_position_true": [0.0, 0.0, 0.0, 0.0, 0.0, 0.0, 0.0, 0.0, 0.0, 0.0, 0.0, 0.0, 0.0, 0.0, 0.0, 0.0, 0.0, 0.0, 0.0, 0.0, 0.0, 0.0, 0.0, 0.0, 0.0, 0.0, 0.0, 0.0, 0.0, 0.0, 0.0, 0.0, 0.0, 0.0, 0.0, 0.0, 0.0, 0.0, 0.0, 0.0, 0.0, 0.0, 0.0, 0.0, 0.0, 0.0, 0.0, 0.0, 0.0, 0.0, 0.0, 0.0, 0.0, 0.0, 0.0, 0.0, 0.0, 0.0, 0.0, 0.0, 0.0, 0.0, 0.0, 0.0, 0.0, 0.0, 0.0, 0.0, 0.0, 0.0, 0.0, 0.0, 0.0, 0.0, 0.0, 0.0, 0.0, 0.0, 0.0], "angular_velocity_true": [], "altitude_sensor_readings": [296.0792479419689, 302.4052337397764, 306.44756677721654, 297.7346621170029, 298.12231771716773, 292.02308479706375, 290.8704160788899, 302.8048609186542, 301.3732328514215, 302.2980620713587, 294.20984898693456, 298.0920880289108, 293.77219243084517, 289.416272819769, 289.29998867659157, 293.907993888877, 287.5555892197765, 281.69732018374674, 284.5942075631312, 279.1704600364724, 275.75600212082463, 278.3675673546047, 274.21625179457243, 271.04727824709084, 274.45372236894605, 269.9287073908595, 263.2170270163424, 264.64670361583796, 250.74110981204225, 257.03715469750887, 257.8517810916295, 247.55072835242237, 238.03045059237957, 244.81095082454968, 241.59327777884806, 246.4895201778218, 228.80884142062467, 227.69667456492436, 228.56583158618363, 222.68996571734004, 223.38775452360917, 215.5291993140781, 210.3762094170059, 201.88821528736597, 196.8974291324428, 200.53971260141486, 194.80456832213275, 186.2816085921837, 184.25263927701997, 177.5483684151421, 176.9430261977371, 164.17159609666447, 166.9397842669569, 166.12129357656283, 154.5382122990729, 149.11491351860784, 138.0063709132698, 130.0354971260672, 133.0434442137883, 123.32763169635341, 123.10819875441967, 112.55268112906101, 103.70188822910227, 94.90829890246215, 96.15415234964843, 89.32455695290128, 80.19434765866288, 68.2266960321938, 71.00683351326455, 60.65882033227693, 50.85373803121644, 46.24487987718914, 41.115763917737794, 34.03341466745887, 20.808978571815338, 12.938443018213007, 11.219215959329263, 0.7363641379254453, -2.429742864535656], "speed_sensor_readings": [2.355409368160675, 4.017361661645517, 4.566519916139795, 4.705992241299066, 3.960553988008099, 5.336862548054006, 6.542409865349042, 12.252818245672874, 2.774613324776716, 8.636295566547101, 13.737343208144374, 13.555405821079978, 8.407531330608126, 10.955711039676855, 15.53344519006022, 16.37921899230814, 15.774131812008203, 14.843972266412926, 13.239857127661914, 20.951547937380283, 18.293803323232183, 22.75120123186737, 22.72368548046675, 24.930959098976782, 21.775126637192137, 24.82114852399012, 23.166254588942646, 26.314609730738184, 30.85505385983546, 29.01792127435321, 33.79755213004358, 34.67049788541507, 28.164850999784335, 32.506778211568694, 33.92514345245467, 35.446614274979204, 40.47220720205527, 38.913706265559064, 36.58422723900181, 33.6528026009152, 43.86832692291142, 39.68083513495298, 37.510616093424886, 43.74266669310673, 37.88248981683532, 47.26395872440905, 43.71206461752629, 47.30929705384056, 49.18013871555618, 47.09505639180696, 49.21458643217885, 48.51516061147737, 51.463656741260294, 49.35117132416039, 54.64386965157826, 51.77762024700186, 55.53571393593759, 60.595758690671914, 58.8661579979606, 56.447455722228995, 61.41617788555748, 58.893511869689874, 58.73860559202518, 63.864720053394066, 64.69402597617098, 60.77305230355568, 71.80516520351526, 64.16909101936425, 65.37190842537686, 69.86900808800604, 60.4117046805959, 72.22501746313984, 70.96362610638558, 74.48142690068302, 70.09663408300146, 73.48936042408612, 75.0505374644955, 74.81204274707589, -4.036436225400424], "angular_position_sensor_readings": [-0.13049043999024856, -0.6985916204237254, -0.026426629124320068, -0.06232650492586253, 0.014659298994554391, 0.07917236076001805, 0.2930821624536403, -0.2500494641885857, -0.42037530769133236, 0.19792142884822617, 0.10352791316991639, -0.6246559255144657, -0.03760681318863998, -0.34427095951573244, 1.0788615473372205, 0.4218063976720606, -0.2464320716148719, 0.23521780531498226, 0.24686029707106194, -0.06462091186554751, -0.022435028147586803, 0.5461215760593879, -0.25023209799216706, 0.045848350148775203, -0.18947012603934835, -0.1676027503982407, 0.2632532202972882, -0.2631738485505165, 0.18327423230121115, -0.4428919793109007, 0.5416522338975491, -0.3694371777899757, -0.17660647670397023, 0.5289093702200073, -0.15442791613729215, -0.2826516380486101, 0.23276937202466308, 0.3340423094667169, -0.35060750396744883, -0.3140557622715592, -0.12228426429479425, 0.7912033122086657, -0.21546994185187965, -0.007942881860181893, -0.8238624329105808, 0.4807868223543714, 0.1361122280722654, -0.24410834536958417, -0.4213548649676934, 0.06581588557653899, 0.21441120111977197, 0.7147024079212846, 0.5024683239704414, 0.7985421417687596, -0.8953163017511889, 0.43513875316441136, 0.1636190505050802, 0.6391949801601395, -0.5056788493041495, -0.20357951581416087, -0.7452567551852975, -0.8650906907441706, 0.4702107841618678, 0.4426270062671853, -0.6366131540625257, -0.1701312278506818, 0.033797645650446385, -0.4786229873166102, 0.34706987972264547, 0.0033475337926426856, 0.7148007571050088, -0.07507658116247096, 0.16452459287533877, 0.22061057386422955, 0.2631254442604489, -0.8095151245969188, -0.33722294652635343, -0.027644624950732857, -0.5105896587325293],