{"position_x_true": [0.010301010331568154, 0.05155915206468872, 0.1446383088213862, 0.3107020703418991, 0.5627897943430049, 0.9056716540498071, 1.343981449595288, 1.8824236484811498, 2.5259946146038597, 3.2798160256085, 4.149043310399945, 5.138742755886651, 6.253938727408745, 7.499836648009297, 8.881860228703957, 10.40549897631694, 12.076339923329403, 13.899907426799679, 15.881697481269292, 18.027527460544544, 20.34329291148444, 22.834957240810084, 25.50884882779599, 28.37138178259612, 31.42888312040111, 34.6879502209527, 38.155419030250464, 41.838070950861436, 45.742659882174635, 49.8760494751253, 54.24530723799063, 58.85764333440229, 63.72023087857761, 68.83994066732505, 74.22354101608256, 79.87781834083324, 85.80908294960001, 92.0233409433001, 98.52564827296801, 105.3205137111102, 112.41208523246354, 119.80358800373297, 127.49695988543075, 135.49264740134916, 143.78977955886128, 152.38562676495604, 161.27458723399636, 170.44737238535362, 179.89219711903394, 189.59441514066535, 199.53399747684938, 209.6863923471723, 220.0242594303466, 230.517271355939, 241.1314248354395, 251.82555117959043, 262.549468742966, 273.2450881002729, 283.84872108866944, 294.28946750088653, 304.4884967913875, 314.36058882321413], "position_y_true": [299.9509296030037, 299.80373747839076, 299.55836030893084, 299.21482439228845, 298.7730760802826, 298.232970820742, 297.59440147692436, 296.85726980415524, 296.0214664643418, 295.08682386138645, 294.0531977046192, 292.9205266543477, 291.68881523920857, 290.3577534274325, 288.9266225318804, 287.39452422409147, 285.7606651686052, 284.0244485338819, 282.1847823320227, 280.239973481487, 278.1884492819714, 276.02856273843724, 273.7584267334375, 271.37555056255883, 268.8768772958002, 266.2596392174216, 263.52049186699276, 260.65502208852536, 257.6580201677517, 254.5239551565465, 251.2471502054984, 247.8218356477289, 244.24187836525715, 240.49958520777935, 236.58656462916224, 232.49415516060492, 228.21226289517858, 223.72912444030712, 219.03048769072012, 214.1007192211175, 208.92308198028692, 203.47984333110568, 197.75185015430043, 191.7174093523443, 185.3536301784238, 178.6360549061266, 171.53778351600175, 164.02963362323916, 156.08174840878112, 147.6635081884729, 138.742344981477, 129.2851286285511, 119.2591971938863, 108.63315656123012, 97.3769485771141, 85.46104455900606, 72.857746482062, 59.54210664308912, 45.4934300601665, 30.69757925069248, 15.152719447635562, 0], "angular_position_true": [-1.979838835067566e-06, -1.1238215814756665e-05, -4.5452586831644054e-05, -0.00010717076333627705, -0.0002418806509962488, -0.0005174166851229583, -0.0009929573594504313, -0.0017796102112031535, -0.0029365019634569898, -0.004526108393589129, -0.006611177607468089, -0.009216332367545023, -0.01243713736189419, -0.01639169958673157, -0.021086031558446867, -0.026471775610228704, -0.032569756435093994, -0.03951169337780114, -0.04739350976655872, -0.056215890117137464, -0.06601726425233151, -0.07690355975914516, -0.08895110303243736, -0.10209485038282398, -0.1163451505961196, -0.1318071984851018, -0.14846584169492513, -0.1663464187410097, -0.1854835288830022, -0.20587073645296325, -0.22757813777627756, -0.2508031957060527, -0.27581606385887253, -0.3027294872919072, -0.331695213999809, -0.3629234422665922, -0.39656794704770637, -0.43280429969497114, -0.4715252365062016, -0.5126995107908027, -0.5565148504180947, -0.6032104670829985, -0.6529660099049064, -0.7058700860238554, -0.762151851954705, -0.8220535215943537, -0.8855988214515028, -0.952436532532852, -1.0224195040993098, -1.0955756552781686, -1.1715476816864663, -1.250064557638435, -1.3312515714694482, -1.4156093270887917, -1.5039369532546685, -1.5966603687276846, -1.6937056866166524, -1.7950271993426632, -1.9008668778913707, -2.0115493120660988, -2.1269645336452534, -2.2464018347914494], "angular_velocity_true": [], "altitude_sensor_readings": [291.28461645153226, 306.8686210077518, 297.0970886445265, 302.3014944029261, 297.0796009409897, 292.17962137651404, 299.86573451971486, 296.4453919804738, 299.0043220893354, 294.1519122280873, 299.8192716945678, 297.98037108240413, 289.42129809597054, 292.9468106453607, 286.9489086838024, 279.1947979776011, 289.8884543358277, 284.9980156726167, 285.1471365009653, 293.21434129744813, 274.4453077687402, 276.4671842213814, 280.4077098733548, 271.0813327869763, 275.0755218994324, 261.33062366042446, 265.9868227418491, 259.90306229879843, 264.29778129589386, 254.9817708713068, 255.33151118115944, 251.20288755176892, 244.48283997610918, 235.2522262385764, 234.97641631806349, 238.4538121356084, 228.7745230637958, 228.52762744927696, 213.98531015297738, 217.74876046489484, 206.73354247451115, 206.60413983116266, 203.35146049709545, 189.58295168783008, 181.72932821140907, 180.2627085813364, 176.6594994184156, 158.34979367850318, 159.43249297530176, 152.07163059324355, 141.33668377706212, 128.43145242393388, 120.89271779973227, 106.89546877942132, 93.5564622536062, 78.87561182228444, 66.70831140717635, 66.68779678944864, 50.6796920711182, 32.45185620384054, 20.493239325567643, 0.9691132590736741], "speed_sensor_readings": [-3.853370292148443, 2.90265647348284, 1.150284331208066, 4.854773291216565, 3.8227221795033834, 7.172342727977528, 6.322491492591768, 10.504002811595045, 12.637174777692712, 16.42222117159747, 12.563677796386607, 18.261422855022822, 18.206776651328955, 19.25944889258005, 25.70996491338851, 23.0279516198261, 20.678180975841876, 23.097732064341923, 26.487659246087052, 30.925961075310266, 32.35006524170432, 33.111425018275206, 32.182499710174014, 38.63943553871541, 35.761896826019935, 42.197089888537846, 45.34106972403131, 49.99811206695371, 48.55385220617071, 55.68033064391787, 55.06191308572589, 56.415689769348525, 62.30764358718907, 61.39162199651658, 61.28554337315823, 69.50385063831679, 75.51937823928208, 75.7621613428814, 79.9681615149871, 86.38182819036743, 91.0051710255286, 96.59430093953799, 100.82708428079656, 100.48293433542055, 105.04759746424791, 110.60389870684995, 114.41706961802846, 122.8951861946866, 124.70073713581607, 129.3983040354933, 135.1069728701727, 143.0080529279045, 143.63206914967958, 150.53063100215388, 156.2602757953288, 163.46536369397927, 167.22867063164313, 177.08593305106263, 179.84713472574617, 185.79279148352128, 178.97775041989075, 7.9884744829954535], "angular_position_sensor_readings": [-0.6980397520155139, -0.09026223188745301, 0.41230991763451325, -0.2841645670820657, 0.0034907230048481295, 0.3790546609375118, -0.28891498414161054, -0.660137117691923, 0.03342506970870313, 0.002167668567446869, -0.6640684230864764, 0.12994148210548184, 1.0137688302058345, -0.06342379106922258, -0.28946586585672507, 0.33600739034567295, -0.08674378091037971, 0.005952058558622346, 0.4830876219765015, 1.12951866920864, 0.22859420388414126, -1.08162961382965, -0.3005344330378423, -0.47535723805705943, -0.16506434111935406, -0.357557292623474, -0.05966572270328069, 0.2315008637548555, 0.14002118286608398, -0.40031795712765117, 0.6598008755602153, -0.22290501699330992, -0.39385327284876137, -0.6041401486402085, -0.9976284777673781, 0.39739520550954927, -0.5608696156094812, -0.12336208288426004, -0.8053587035305256, -0.754995346154129, -0.8807495171837545, -0.7394406778607961, -1.2342235664922465, -0.9953999057916276, -0.411091047363245, -0.421285572965589, -1.175104783220473, -0.5683594768018492, -0.9709896072931234, -0.6064975370573974, -1.279656788208009, -1.486572929308035, 0.0410181987483873, -1.1970693102616277, -1.3152980899029987, -1.1188258698261762, -1.2211559804450252, -1.698674791260661, -0.9301254937414425, -2.031146870830567, -2.2034684103579165, -2.2954466399015887],