{"position_x_true": [0.009826862203314477, 0.04926129929001624, 0.13823906240641126, 0.29682300172860443, 0.5213570888591248, 0.8041417132524571, 1.1573538026048742, 1.5934163686096625, 2.125258895032175, 2.7616731518117845, 3.5070166719613347, 4.36583675864202, 5.342814273133498, 6.442547462644361, 7.669676923429586, 9.02893842163736, 10.525069154849904, 12.162829072845065, 13.947304460621474, 15.883720456097631, 17.97693923614987, 20.231935210975557, 22.65384307648388, 25.247439339998333, 28.017462862987916, 30.968674070174128, 34.105727947582324, 37.43292653269472, 40.95414819070016, 44.67308692158231, 48.59251095301701, 52.714851131854424, 57.042549776899314, 61.577270353380534, 66.3195867737863, 71.26938052298988, 76.42489752483729, 81.7831987697484, 87.3407047135809, 93.09244961148586, 99.03110626979009, 105.14746051352225, 111.4313344859529, 117.87031476158738, 124.44989758540358, 131.1531290368918, 137.96061442287674, 144.85027299368332, 151.79853799603774, 158.78068991146947, 165.7682118061219, 172.72902903830771, 179.62936553927602, 186.4338924015614, 193.104528067575, 199.59615081641005, 205.85642019277628, 211.83455973671042, 217.47881240488056], "position_y_true": [299.95097136590516, 299.80386811281653, 299.55865017119027, 299.21545434964156, 298.7589198816693, 298.17724080375234, 297.4777690373066, 296.6675163226748, 295.75287877058406, 294.7360930461798, 293.6154591293393, 292.3888178172799, 291.0537193749169, 289.6075244806121, 288.047372547291, 286.37033667931206, 284.57331980990585, 282.6533209291908, 280.6072129113724, 278.4310190861396, 276.12017917755946, 273.67023989946165, 271.07666021211554, 268.33417322168214, 265.43714680642245, 262.37931326255176, 259.15365887870524, 255.7530207417203, 252.16919458267856, 248.39305761434318, 244.4141603956033, 240.22187122968657, 235.80598493684087, 231.15471951835826, 226.25474673390866, 221.09185531550196, 215.65026312680357, 209.91379062466154, 203.86616920508314, 197.4900174152398, 190.76695341782408, 183.67803320982614, 176.20440069215746, 168.32694369124744, 160.02648474064114, 151.28383350060386, 142.0800622049042, 132.39654669632992, 122.21533716409635, 111.51975335483162, 100.29433656996002, 88.52462918654894, 76.19751191997511, 63.301897855336165, 49.82899158579636, 35.774232486621585, 21.138549192642735, 5.925238335849041, 0], "angular_position_true": [1.4900192954636596e-06, 1.4887726692899607e-06, -5.674153764155768e-05, -0.00020481204147773736, -0.0036711945055820493, -0.012911847047910109, -0.026336060863648793, -0.04234044435389844, -0.05935325289686645, -0.07660841659950877, -0.09414019961422382, -0.11197837812793401, -0.13016060850648045, -0.14867709717120325, -0.16749675343478565, -0.18668613713045012, -0.20629103667938536, -0.22641058044779627, -0.2471453082233664, -0.26849847414150363, -0.29049739758415116, -0.3132435657154767, -0.33692582897558915, -0.361677979769902, -0.3876075164184472, -0.41483962953118336, -0.4434757588116191, -0.4736437908228254, -0.5054261067348279, -0.53889415342115, -0.5740192674798307, -0.6108766746694724, -0.6497095950510396, -0.6906485546934213, -0.7337793984583301, -0.7792066012797563, -0.8267146485280794, -0.8761951581383679, -0.9277721591855761, -0.9814589522538351, -1.0370668142590314, -1.0943537484132448, -1.1533289405100937, -1.2138991714687384, -1.2760093314074112, -1.339743179505841, -1.4051543014908396, -1.4721064344030894, -1.5405847493267313, -1.610785441090617, -1.6827280792728745, -1.756358711659927, -1.8318719949065818, -1.9098342930607743, -1.990805624515801, -2.0746337911230053, -2.160466501336901, -2.2482337310822276, -2.338179396770281], "angular_velocity_true": [], "altitude_sensor_readings": [300.0072412335732, 300.94492576235217, 305.0566131243197, 293.18860430241176, 296.4192614080424, 301.2782348755611, 296.1193609416975, 296.7210203400655, 297.80376597082517, 295.2779951642171, 295.8335213208728, 295.9922973602108, 290.3778747004431, 292.5181971952189, 289.77378566867486, 292.0582877688992, 284.92845106397465, 283.1657781797488, 279.1110578263777, 278.61759461018295, 277.6890357152217, 281.8513342784702, 269.14092166009937, 270.08219312373046, 263.1468186659097, 260.11937622891753, 260.35896985700697, 250.81301739712535, 246.00329151322896, 245.21233389501583, 237.3581362499188, 240.06454179359702, 232.02177402366783, 232.76135420336146, 232.51210801984567, 220.7601617844922, 217.1540344019244, 203.94057876669478, 205.12208965363345, 199.31425227990084, 191.61967611301955, 181.43077109238996, 176.91057994252841, 172.12451086190546, 163.87730707918007, 154.28310167606637, 140.7048576905176, 130.42687114447088, 118.60536558163764, 113.56151657068538, 95.88944825788953, 85.28587458745284, 80.16432321070084, 61.89866812290796, 45.0374011685579, 30.5030580708695, 18.846288694235824, 8.001554986378581, 5.226775709276515], "speed_sensor_readings": [7.210899626973451, 0.6798327752958389, 4.8813522486258325, 4.760416250691383, 4.198732554139735, 0.22637673245089296, 8.031131223202491, 3.495706033440495, 13.181167439403605, 14.77275961495287, 16.02238568895738, 15.609151686180725, 23.01119254375985, 23.55184908686082, 19.60441976251292, 17.578003662100542, 27.163235589191196, 26.968780773003193, 27.8116977105291, 32.457788453224836, 30.936335569654972, 40.377098159275974, 36.60550534690352, 37.91377661975565, 39.35364110137037, 44.03221189369347, 41.88273864933614, 47.902840296379544, 57.63029060035567, 52.42772356332197, 54.241342240867176, 60.99115222851496, 65.2160722070259, 66.15979086309267, 65.03299396401948, 74.33448231488121, 79.19345328557345, 82.69702855721746, 87.89164595008481, 87.26456021034913, 94.8204458872798, 94.85097781186279, 102.75257057325541, 100.97535105896547, 108.77936653997557, 116.7814173013661, 110.12849693824779, 117.69035560339356, 119.41348214298581, 134.60721361964377, 131.60184273616576, 135.42044859000353, 144.24038105105802, 147.354431693197, 149.00901728060526, 154.64024920912772, 160.5216125611636, 163.89599376840496, 2.111309966308464], "angular_position_sensor_readings": [-0.4625452429935583, -0.0504767807928588, 1.0807991438303015, 0.39801111475801165, -0.07718542956938834, -0.6946578492752038, 0.0009101319633250289, -0.2857814964918158, -0.23894069961969355, 0.02113945449913031, 0.23032066480692215, -0.2596996864883576, 0.16161770576061155, -0.4724308000185423, -0.5203601550652375, -1.2085569265019673, -0.2797923632528836, -0.34645744741976003, -0.05279853048774791, -0.3168330125847519, -0.36510486572430156, -0.938270543947878, -0.48066826458571577, -0.4950359200560739, -0.2742005266891278, -0.44518182024730685, -0.8483299623060143, -0.5887015933721405, 0.023328818136868712, -0.8321789566785387, -0.08750997444858283, -1.783081533551488, -0.7920166765055286, -0.6148822595732729, -0.6651384204124239, -0.6457366393554305, -1.2166988316613194, -0.7211418646780393, -1.2164715687455916, -0.4774462658494045, -0.44737227461965967, -1.4712371518148484, -1.2085890122139205, -1.1106693412742679, -1.229054153886793, -1.3083261634899443, -1.1923535691742044, -2.1781623177257377, -2.418821272504475, -1.703976560097219, -1.1921115290306328, -0.6972229208954432, -1.9805369543161688, -1.8530653652037878, -1.2654612064979402, -2.058060911122134, -1.7107739308799472, -3.0640550184571222, -2.544169808331231],