{"position_x_true": [0.009801564919546403, 0.0490640004704156, 0.1375188161944696, 0.29502519670943994, 0.5410816980639481, 0.89500002771951, 1.3767000460934655, 1.9902632349705178, 2.7055492671838834, 3.504850038652227, 4.401055836835906, 5.407376836491141, 6.540698642280647, 7.821706664322146, 9.271753690984962, 10.893212401333003, 12.693120239717116, 14.703187508841614, 16.940247759950317, 19.416265717204727, 22.153687875222353, 25.17423090706569, 28.489350083142163, 32.09975580795356, 36.00379062143885, 40.19610106381036, 44.665554425996206, 49.393284803919215, 54.35095446360211, 59.50376380032711, 64.80887432580036, 70.20907874097696, 75.63406542945837, 80.99899332165036, 86.20794691444357, 91.15641982976885, 95.72903254844802, 99.80593613616487, 103.26812925482237, 106.00697059459725, 107.94036077526664, 109.02881880283886, 109.29263699192171, 108.82871314392659, 107.83185813972486, 106.6087190423307, 105.38960038536217, 104.19692831395348, 103.00425624254478, 101.81158417113609, 100.6189120997274, 99.4262400283187, 98.23356795691001, 97.04089588550131, 95.84822381409262, 94.65555174268393, 93.46287967127523], "position_y_true": [299.950932875816, 299.80372091992047, 299.55822532750716, 299.2142662774582, 298.771975248556, 298.23124181936714, 297.59171699329187, 296.83716973707976, 295.95498721592287, 294.952209991628, 293.83493637718493, 292.6087115637591, 291.27460504926853, 289.82806102143604, 288.2639128380027, 286.5619290221629, 284.7042898382877, 282.6898254588591, 280.50440512562005, 278.12878007885075, 275.54743094623217, 272.7391922238014, 269.6792550718325, 266.3409558006719, 262.6957885885829, 258.71216362983006, 254.3539423114061, 249.5809841688572, 244.35006150107486, 238.61879932535305, 232.34718711679434, 225.49655346714795, 218.03395603369827, 209.93621084709062, 201.19301781952808, 191.81185216047982, 181.82339663334977, 171.28607887779066, 160.29402457986868, 148.98281268193625, 137.52873943289492, 126.15066231023343, 115.099423630352, 104.63724034755707, 95.02118967584009, 86.46780246604074, 78.55659816471645, 70.66144862855272, 62.668199092388996, 54.57684955622527, 46.38740002006155, 38.099850483897825, 29.714200947734103, 21.230451411570378, 12.648601875406657, 3.9686523392429347, 0], "angular_position_true": [-7.531849274261915e-06, -3.9058625709090055e-05, -0.00013395690601177487, -0.0003364581698468494, -0.0006601208054665354, -0.0010912974479605723, -0.001669735767441085, -0.005784719054056027, -0.015948133882038286, -0.03051977857111158, -0.04775336623839683, -0.06592370285203888, -0.08418444375448622, -0.10239617612752744, -0.12048477562772258, -0.14189422530388962, -0.16923306141253044, -0.2008436321861909, -0.23777601277350086, -0.28224724325859746, -0.3347247555151562, -0.3955409414299017, -0.4647464607449958, -0.5422547384881645, -0.6283722545010907, -0.7235436927755855, -0.8279665276605069, -0.9416423499243027, -1.0642478975974208, -1.1959404483073133, -1.3374525012426295, -1.4889861866659244, -1.6507853208727246, -1.8229445939588698, -2.005811027530436, -2.200342657811634, -2.407210050435566, -2.627183291331241, -2.8608254514123312, -3.1083447066230914, -3.370399102871142, -3.647376915206884, -3.9396009372570706, -4.248418531421282, -4.574929887464014, -4.9198428364998055, -5.273957214884964, -5.627812172978997, -5.98166713107303, -6.335522089167062, -6.689377047261095, -7.043232005355128, -7.39708696344916, -7.750941921543193, -8.104796879637226, -8.458651837731258, -8.812506795825291], "angular_velocity_true": [], "altitude_sensor_readings": [304.34501454117503, 301.8318541277729, 301.14948888847294, 303.0162180141347, 293.72848552376695, 292.66191222370406, 301.84391521010843, 295.75179585463917, 296.9759473607846, 292.97523720871186, 294.6559940044057, 289.5844184284682, 297.7808380451914, 286.68049895514446, 287.94144602516116, 287.0366993395993, 285.20487482786706, 271.42420376672885, 286.69602632956656, 278.6079820542636, 277.57408728381057, 267.978723943454, 274.5149586206654, 270.8089753555388, 265.1792417256945, 261.87189959254164, 257.4613623304498, 239.93430581097536, 236.42263032572149, 240.14577931863846, 234.88112990692852, 230.25849465956435, 220.11076580870758, 210.42999961451898, 202.39725917397325, 192.36817804915788, 180.2155851025658, 183.82899622277722, 161.61575249933935, 142.86688902547417, 130.9564107195518, 120.0726815506818, 115.51237188591514, 107.29536248782266, 99.84106626343846, 81.30796288877221, 86.30895812208182, 70.28230270214965, 58.76165439349813, 55.3267644358139, 45.83232915779067, 40.7137531929843, 27.85185244221129, 21.584284151347294, 13.254282015557004, 5.199909407675472, -1.1582288477752005], "speed_sensor_readings": [1.1441720082522202, 3.1215924235050347, 7.960301810164541, 6.606584225954991, 11.180679110046901, 11.764094582300734, 7.180587008484906, 11.882710688519566, 7.344217202311736, 17.287143072382733, 14.93785292367815, 14.908550722621364, 21.17330608857111, 17.37260383863098, 21.497114162255546, 24.564009227302545, 26.72295191707955, 21.8805164975747, 34.150947582733984, 29.822657547828076, 37.68724231866199, 39.555297260135184, 50.309181048498495, 55.30230264864925, 59.4306088401075, 66.30930342178021, 62.194919915746084, 71.03914403520974, 76.19100743132526, 83.83114101763864, 86.43627259980417, 93.43340002453157, 91.33786913616215, 97.37614399619467, 103.56374742137304, 107.31842834525301, 110.51640399171916, 113.75081860297671, 119.52889692584536, 109.42816237127195, 114.52455314559799, 112.32452975865094, 113.31127239231517, 106.57385671555849, 90.95255750622731, 74.8996169825217, 74.91196095721881, 78.2481511156049, 82.29709851264654, 78.08981717634843, 82.45075488808321, 87.80686879481416, 79.6195875258325, 82.95555765837099, 86.12672821836966, 85.77258036796937, -0.5189219980266507], "angular_position_sensor_readings": [0.6155083031322357, 0.666958490394646, -0.43551028593036756, -0.2609598350081436, -0.8147883291733573, -0.7586121056986531, 0.4140335565454001, 0.06490727545659547, 0.27624183743003883, 0.322808724294066, -0.33176078364917994, -0.5392869181730204, -0.0665664613490701, -0.8364979923381706, -0.4953476280250821, 0.442667989718299, 0.20522245859273838, 0.07034173065981619, -0.22435244552286382, -0.21126615574969843, -0.13291280463164956, -0.4610183330911797, -0.9343344698158803, -0.3757455692919114, -0.3082058768923572, -1.0139094913802298, -0.203340416868673, -1.5736391553758942, -1.6345498298972916, -1.3266009140381088, -1.7551924124213247, -1.6402031681046894, -1.692580567498927, -2.548360674879267, -2.5011325785523417, -2.431620442154527, -1.604437005538311, -2.0534495216018596, -2.586081853624277, -3.3597457519416185, -3.512812905192816, -3.327305383731426, -4.0339653256553785, -4.463204424628726, -4.021695036033394, -4.794792355411745, -4.922589241996328, -5.838224320343569, -6.136030762619122, -6.611111510887468, -6.6121857116061715, -6.716396365520188, -7.2316715899422075, -7.754197114032744, -8.143438138598835, -8.310985512425367, -8.922498904849718],