{"position_x_true": [0.013263005821392183, 0.058549777169928735, 0.15082236289750167, 0.3091385205549714, 0.5528580699343726, 0.9017467037123044, 1.3760591268966624, 1.9966734400089408, 2.78525200558123, 3.764389489367585, 4.949666201887428, 6.349289927442285, 7.971811090002154, 9.826132115979142, 11.921543414238363, 14.267766604899784, 16.874949895217853, 19.753695169531444, 22.915088380321972, 26.37071090569206, 30.132524980082547, 34.21263616377914, 38.6232877271392, 43.376822759103156, 48.485963847798544, 53.963120771994184, 59.819584854812156, 65.95247085711864, 72.26601758956265, 78.78462296856175, 85.53164391117001, 92.5293675250956, 99.79819175045421, 107.29631941639369, 114.97969536653542, 122.8615894776459, 130.95141104512376, 139.22319504050523, 147.64814947934985, 156.22468952694143, 164.93028075879798, 173.7345096861593, 182.61605917605095, 191.5520378446638, 200.51522060585472, 209.47483522289826, 218.39755189341818, 227.2461748859876, 235.98067018359237, 244.5586384158075, 252.93606340664354, 261.06577489011784, 268.89835064578904, 276.38465452370986, 283.4755955143397, 290.12026778436933, 296.2661024255059, 301.86247995302324], "position_y_true": [299.9549511846493, 299.81609100078225, 299.5801952338685, 299.2480747846146, 298.82047011956513, 298.29801148187033, 297.68187485717465, 296.97343000487984, 296.1733404618691, 295.28147622856443, 294.29693067838764, 293.2188998160381, 292.04633144365255, 290.7785333650552, 289.4144795743046, 287.95219801868467, 286.3889805449163, 284.72310495059924, 282.9511724163802, 281.0669847322263, 279.0629103503141, 276.9273335323532, 274.64671857194645, 272.2059129663269, 269.58920198430695, 266.77789732975924, 263.74793590152166, 260.5157262557513, 257.09916434487315, 253.47347209666276, 249.61036365517126, 245.47798460960752, 241.0396870375304, 236.30588437090063, 231.28822313909828, 225.94804065481867, 220.24225963448345, 214.1701797545854, 207.73149588771886, 200.8795483232189, 193.6056610853528, 185.91573798786345, 177.79091328905818, 169.21341581431102, 160.1665441020006, 150.63507474736866, 140.6059914015102, 130.0688429895763, 119.0162799224567, 107.4443106408239, 95.35248267393088, 82.74517418279049, 69.63178267107102, 56.025540844943215, 41.943868348431195, 27.41104754011385, 12.459686416064045, 0], "angular_position_true": [0.0007941398953709548, 0.0023246456228768354, 0.003646730508554154, 0.004615069059032175, 0.0051063964471000055, 0.005021794115939964, 0.004141331979485927, 0.0021869655239109306, -0.0010058828887437822, -0.005493494514964192, -0.01124154453720772, -0.01830900347727267, -0.026780416597400943, -0.03689905336699994, -0.048943219525421675, -0.06312456497752666, -0.07965882840416746, -0.09912940824237686, -0.12200584901756821, -0.1484739481865626, -0.17875841153969202, -0.21267578486178276, -0.2500715449338439, -0.2909073750619574, -0.3354931750691789, -0.3840798954557077, -0.4364670733621676, -0.49098647540344675, -0.54623611707858, -0.6024918136057745, -0.6600930886874935, -0.7195019566985452, -0.7811372413366259, -0.8445277798393643, -0.9091872180310998, -0.9754969754143445, -1.0437708976501416, -1.1137492011937586, -1.1852015114192003, -1.2583404175078028, -1.3330776964582913, -1.4092505157355628, -1.4869205569758628, -1.5663408789062623, -1.6475299308324758, -1.7304146200684662, -1.814995611466492, -1.9011311364589725, -1.9886816181084268, -2.0775565570541765, -2.1678017166516748, -2.2592977910022354, -2.3518581682430613, -2.4456237998897157, -2.540987509681832, -2.6381447274816465, -2.736977559099862, -2.8378437626746904], "angular_velocity_true": [], "altitude_sensor_readings": [298.25660190252734, 301.40866981778913, 304.551350932824, 296.44396234406497, 300.162725938245, 295.803667903009, 301.99490558950924, 300.03757145524344, 291.76501226655444, 295.55904136745545, 293.8746844243205, 296.2341692774696, 295.85602399066187, 289.1982682916126, 283.6730709533014, 286.2185702265779, 288.35570082331805, 284.7465718592662, 281.940825713839, 284.7496064909213, 277.91973528182507, 278.97503693750895, 273.4352409632977, 272.11010922633807, 267.1437706323206, 273.54066054218185, 266.06369506855333, 257.0092793206338, 260.93385126665777, 248.82658004292855, 257.6647800322589, 241.3416917533603, 242.5249809701939, 239.09864597012484, 241.89177714774593, 228.40647582437646, 224.8797960536353, 214.32975882276912, 210.77050904097354, 205.44172014364713, 194.04629593399238, 184.72313505846222, 174.54593739628348, 176.346606642224, 164.48470503611182, 151.9654145538176, 133.81615903621142, 131.9197173813376, 119.97372350331098, 100.71376893895965, 90.33073040433992, 74.98894284647332, 66.49424030644668, 63.12327376632995, 44.94338879329126, 32.78289884870043, 15.147023697646596, -10.117161781854351], "speed_sensor_readings": [2.0923182840009478, 3.2742979688314695, -0.2691098761789954, 3.467870369681567, 10.819351768932894, 3.1966148994173116, 6.086242941102848, 11.298832056749037, 9.32703378002078, 16.98508215128375, 19.29579989370475, 18.26024706754204, 26.718311130639684, 25.43017929364168, 25.92465139214073, 30.58268705807133, 35.79290669978901, 34.46699395762545, 36.4345971456102, 42.868665753159405, 43.67470196954278, 46.8757365978774, 47.29115206336291, 58.078993710500875, 59.26607817610082, 63.58300308509415, 72.13137275678416, 63.724560784286595, 70.15615170565272, 76.80005221157424, 81.92720369055519, 88.38965212679915, 89.64258308157575, 91.28925594695497, 92.3355012132917, 101.99277323949782, 105.1733920650417, 105.25850945072523, 107.07161998366372, 110.44887168691474, 109.92835435515948, 110.8373444019068, 123.27030615224315, 126.50945594303958, 126.41999960627857, 134.86932579386033, 134.02940349439385, 144.22503378294962, 137.34499658629363, 152.6802431677333, 151.33261635826116, 153.3867287062038, 157.64821971778773, 163.06368813547581, 159.32730330069685, 156.9004469385082, 161.59046886067534, -1.619426707474942], "angular_position_sensor_readings": [-0.2081945457002785, -0.14794610705320063, -0.6003712345518, 0.19374121652116097, -0.29614620550380294, 0.13945481276705401, -0.4387093565088408, 0.06428781124137106, -0.16567930467622385, 0.4847804167534021, 0.06264918497972226, -0.3387968166821195, 0.5961123480500994, 0.24264214843948284, 0.4281364490446895, -0.14787504409549207, 0.1796668705646928, -0.5415689812679613, 0.06095814439689677, 0.32763897285802834, -0.24692963939997048, -1.0381276847202916, 0.12271832936351951, -0.048765425916125704, -0.0022638320861282923, -0.6417345405784541, 0.03887719834780473, -0.35719354949140825, -0.3040321860928368, -1.136510050781919, -0.8860494813465726, -1.1291867693023276, -1.2827436306955424, -0.9504846403273901, -0.9752650356343303, -1.7983428301790432, -1.052692554427946, -1.9198210647979637, -0.2530210808404123, -1.4350318441110073, -1.3506675254115161, -1.0729310575116708, -1.3855127665784248, -1.2306020193174754, -2.0322368591112476, -1.5958114057682984, -1.8976491181234465, -1.933811494562343, -1.9578583240435983, -1.9119555773829744, -2.459939353060411, -2.616758023760066, -2.9756035474441607, -2.0077599331067533, -1.9332763843261906, -2.7798645442971956, -2.209997476864828, -2.9678341717986023],