{"position_x_true": [0.006172534636343183, 0.030882196690670802, 0.08644179999253376, 0.1851072036301319, 0.33927854639555516, 0.5614816870719563, 0.8510715069874644, 1.2073706607723518, 1.6427809660395956, 2.169979382652677, 2.802194997882994, 3.5271096150505588, 4.332025499668159, 5.2296297174989785, 6.232602942995034, 7.353752211674415, 8.575917558573078, 9.88099018605186, 11.279683918509066, 12.781725552738699, 14.395775160132315, 16.122782367605957, 17.95590209073479, 19.86213372019257, 21.813673177387447, 23.8118160952284, 25.8548044330719, 27.938302758474045, 30.049667659276118, 32.16889482918285, 34.27435590743793, 36.34241579041593, 38.34791746226969, 40.264896356082765, 42.059139272934466, 43.699133061926716, 45.16230852986921, 46.42256506516587, 47.450912739242895, 48.217679524270686, 48.69640811037186, 48.86419368561456, 48.70083840378271, 48.18954265369455, 47.318245523651136, 46.08029088733512, 44.47455360552871, 42.50686960552294, 40.189489869881974, 37.54156193530076, 34.59107170466861, 31.37455211995143, 27.937722687416674, 24.334876171259598, 20.630561384226702, 16.89783928389412, 13.212577786023402, 9.654266458786324, 6.306287954914736, 3.255945513772051], "position_y_true": [299.9468360627788, 299.7832751140024, 299.5009986748126, 299.09138866675386, 298.5536688762652, 297.8945964451932, 297.1085440892777, 296.18916395571523, 295.14069795967976, 293.96621439324315, 292.66740788316775, 291.2294771289232, 289.6377558600591, 287.8918555859932, 285.9892930400023, 283.92635502186795, 281.6895761648523, 279.26510908517537, 276.64681238863557, 273.8259652832861, 270.79140797867643, 267.53046045442744, 264.0295505655918, 260.282388589949, 256.2833020477791, 252.01860046773893, 247.47263946550308, 242.6286052625583, 237.473085613902, 231.99716685079167, 226.1939501957471, 220.05852064502102, 213.58799511618565, 206.78196165967861, 199.6707301348436, 192.2821368298035, 184.6134686199885, 176.66554420258004, 168.4430165554867, 159.96319112551504, 151.25412266127034, 142.3464595660383, 133.275349032841, 124.08082569397371, 114.8078908692999, 105.5032269897722, 96.21623317916848, 86.99968650088617, 77.90559190396394, 68.98504406428596, 60.28960173723016, 51.869683535381625, 43.77277178413163, 36.04193494722786, 28.714257897671352, 21.818745446172183, 15.374673125759754, 9.391563984853638, 3.8687677129206035, 0], "angular_position_true": [-0.000842686717326413, -0.004220638174426523, -0.011834528636621749, -0.025366926644795913, -0.04478781182003405, -0.06838837376034532, -0.0970438592278161, -0.1315981559831627, -0.17034769361701174, -0.21165520411235322, -0.2538214085376671, -0.2993890114105493, -0.35095859559189646, -0.4067630134584166, -0.46506665121898455, -0.5242012543408744, -0.5868050043382254, -0.6555105532000884, -0.7286173557840178, -0.8044109949548485, -0.881124193991087, -0.9578673263362144, -1.0346783259785883, -1.1153417831324504, -1.2027497603106225, -1.2951005490746812, -1.3904623953995914, -1.487045624846789, -1.5840128990324507, -1.6814312862250673, -1.7793610600734553, -1.8777975447935948, -1.9766485148527313, -2.075866284585114, -2.179707721705147, -2.2912612444387315, -2.4083108032614318, -2.5287643228416603, -2.6505949284600203, -2.7726128230142786, -2.8949790021311186, -3.0181882935763684, -3.14265451665533, -3.268435134312523, -3.3952703582373154, -3.5232409326727394, -3.652390405332076, -3.782495658602655, -3.9136582596150653, -4.046243823187285, -4.180399477351265, -4.316207106222145, -4.453613331204421, -4.592461710296716, -4.732172984020531, -4.871988638235685, -5.011993710214337, -5.152585314743708, -5.294166689190733, -5.436885043322785], "angular_velocity_true": [], "altitude_sensor_readings": [304.6489552767495, 294.89600493622817, 300.7523037080037, 298.6865052758925, 305.31809356360935, 298.92942397614956, 291.68627614343234, 301.7083699426326, 298.82884904008455, 295.61331295897963, 291.7264129739925, 296.7019553955289, 286.07256604080385, 297.0216321135581, 290.42526379373106, 283.473267924203, 284.55384336401977, 282.04280829990466, 283.0310659125216, 277.2896978825166, 269.1433699418867, 269.5185168862217, 260.0724377050292, 256.2983671226654, 251.06650945376512, 243.50471649913746, 247.99973435522733, 236.09559615408173, 235.29424220783653, 231.0398316394963, 227.81943831403495, 219.55282875106099, 213.1650716847155, 209.15891864067143, 195.17060778724965, 193.87349662683786, 188.01314232410297, 171.18856165528499, 168.20197096907967, 157.38733418549558, 149.8042460288559, 140.8171628615115, 135.06671360949915, 123.68731303495491, 112.38103385071251, 107.66220594644115, 93.24802912976209, 81.6225740989445, 78.03313422782254, 67.0662388075582, 58.08664389478154, 52.41572700990772, 38.82328740502142, 36.380167646921514, 27.769564749727966, 21.408882741313196, 13.986614097907188, 20.270344086885665, 6.3424680728215375, 5.596179298999322], "speed_sensor_readings": [2.535430141068486, -0.853880446217381, 6.232736679878706, 3.2381612704776304, 0.5444523744656875, 3.9709516699211234, 13.625903528226008, 13.24025170084706, 9.759634749564322, 10.442173717743142, 19.209284742433944, 19.025528366384748, 16.668116793026606, 19.203060613861712, 21.19870426048996, 21.6680856912278, 23.402426002352286, 29.169680619120626, 32.453407132382004, 30.703806874548697, 31.108950339063874, 38.09182657206806, 40.17879779382653, 44.64432569888866, 43.089208323400285, 50.42118283766667, 51.68170494971822, 51.75207227177993, 60.61192581045912, 62.512660157591725, 61.21245563080738, 65.96070666293946, 64.0263555689981, 72.91088682042087, 73.74930564684655, 76.42011171705313, 74.71196480802175, 82.79792563041454, 87.48052446164937, 86.82923885088921, 90.52733049050106, 91.90625432428237, 90.76692563512223, 94.62094947113071, 92.1751558572935, 94.90134908026518, 93.39655643811933, 95.20759026035103, 88.32222127217906, 97.50772591858295, 93.71553495888647, 87.27536924251638, 86.47392155170542, 87.0047994935374, 79.62024536449991, 76.773502678406, 71.27190948452369, 67.52599993228684, 61.330709221586986, -0.14113075640268152], "angular_position_sensor_readings": [0.26735223514611806, -0.3641749329052968, 0.4125947722070144, 0.2835753018445057, -0.6058540097470291, -0.029752550496949415, 0.2317363816798998, -0.122596130630308, -1.0270281984619372, -0.25367466488749785, -0.04320682720685032, 0.01552437082146052, -0.40599510846688286, -0.3947230343248327, -0.9236901369945159, -0.39521736371475935, 0.008731828717667645, -0.8349535222871117, 0.12045983553829565, -0.8112985929722574, -0.7876170849075789, -0.8077714634882887, -1.1856068979469367, -1.0064018922625484, -1.816684787814763, -1.6444190857284031, -1.409438612486184, -1.086773121667426, -1.7495554969814555, -2.1980389527760673, -1.3216305535650517, -1.4834219474480708, -2.4546869244203173, -2.984179438218195, -2.421308289729069, -2.3294295307748816, -2.0730717496936806, -1.7789395294004513, -2.8266221457034084, -2.7360295838596835, -2.497763563119314, -2.1435218468489454, -3.4768244782444273, -3.7980530545970637, -3.4868672195525843, -3.484091554118334, -3.839230242075757, -4.000014144105079, -3.618312307155845, -4.55198998425479, -4.269616338214654, -4.580717520633471, -4.517265081285578, -4.788146224030642, -4.632110964535334, -5.72129890238304, -4.276662538880488, -5.148298695785275, -5.309436286556647, -5.7057071454085175],