{"position_x_true": [0.015209606409321324, 0.07616882919872726, 0.2136381716533084, 0.4609384892703353, 0.8461140889927252, 1.3899532226236282, 2.1141215304832466, 3.041225128646256, 4.194939184140906, 5.600210691965744, 7.275216417423711, 9.230732670407944, 11.47805191213802, 14.002452590264944, 16.78878318892499, 19.84802091499329, 23.19153357928922, 26.732561337746393, 30.3812497448126, 34.1429368553222, 38.02315162561694, 42.02741340143813, 46.1611274805931, 50.42961023086121, 54.83771426168032, 59.38998708573187, 64.09093372813481, 68.9449025169147, 73.95582695874432, 79.12749407216715, 84.46359081831898, 89.96734741599703, 95.64095475462291, 101.48645210150119, 107.50558483759836, 113.69907331179515, 120.06729372935762, 126.60967034964298, 133.32450111473182, 140.2089786584661, 147.25883226206722, 154.4687894695279, 161.83219357585705, 169.34035652578885, 176.9813933691184, 184.74022405308872, 192.60010001806586, 200.54288747411974, 208.5476223154959, 216.58891181488428, 224.63671525402793, 232.65812892683886, 240.6178615913231, 248.47538437370625, 256.18482368078924, 263.6974887285279, 270.9614192535503, 277.9195718011217, 284.5127562381816, 290.68061578496514], "position_y_true": [299.95093506565644, 299.80387154717204, 299.5590698182905, 299.2170474278475, 298.77916648441186, 298.2467532797681, 297.62046842793166, 296.9017149523472, 296.09232158128685, 295.1922328329267, 294.1986388227577, 293.1084605337838, 291.91986970698696, 290.63147532642876, 289.24187912281644, 287.74583588183583, 286.13649162631634, 284.41257345024627, 282.5730456350554, 280.6137062746641, 278.5297040594399, 276.3156661050218, 273.9664410170963, 271.47635666345826, 268.83865960429966, 266.04627074098386, 263.0918144096043, 259.96735769799653, 256.6645671806064, 253.17434670473716, 249.48710412452044, 245.59266772653007, 241.47993351778464, 237.13786708883148, 232.55523513518287, 227.7198591534943, 222.6187106768665, 217.23792045982896, 211.56299583033223, 205.5786465209113, 199.2686402805743, 192.6164410994175, 185.60494876456858, 178.21613099040516, 170.4308724234991, 162.2295811582585, 153.5934702121075, 144.50422773701666, 134.94396510046062, 124.89487639059749, 114.34022963622884, 103.26515471622939, 91.65667149484294, 79.50480129441613, 66.8032690560426, 53.54981329036249, 39.7473831834339, 25.4059648716245, 10.541833339777583, 0], "angular_position_true": [-1.5360577422544988e-05, -0.00010642980668987636, -0.00034500159239613535, -0.000892759476092885, -0.002053187939375529, -0.004069909308900053, -0.007108356974817083, -0.01150269577006893, -0.01783721005736947, -0.02651766137244624, -0.037427417745455285, -0.05054155448898605, -0.0662422297410005, -0.08474824298914273, -0.10639656138301269, -0.13132336729621485, -0.15966375145556405, -0.18991071291001002, -0.22028289602186849, -0.2508632851090751, -0.28168888505340206, -0.3128784769897527, -0.3445461098776096, -0.3767319039240551, -0.40949889153935043, -0.4428360177242626, -0.47672855503744627, -0.5112292768857485, -0.546344900402347, -0.5821233846423366, -0.6186483354618975, -0.655983558516102, -0.6941128319346682, -0.7331553395236439, -0.7733775343361665, -0.8149908304073741, -0.8581752316252718, -0.9030877576180634, -0.9498441839007974, -0.9985357023075713, -1.04927389607893, -1.1023160165807724, -1.1579849551966044, -1.2164314291738203, -1.2776031978002422, -1.3414188265600913, -1.407905287918627, -1.4773370409560624, -1.5499820948042085, -1.6257752602523021, -1.7045443936880054, -1.7862404737357758, -1.871098806637829, -1.9592719523125206, -2.0506523915309494, -2.1453499523721486, -2.2434775074376114, -2.3447729991015214, -2.448990117606967, -2.5560304557454634], "angular_velocity_true": [], "altitude_sensor_readings": [296.86850127200324, 287.1655722483951, 308.5176854646439, 294.1721292432103, 305.7469220347264, 293.8074009172077, 296.8808675649099, 300.16571566929065, 303.2775767928308, 293.3195044610779, 288.35213257921725, 291.5593523969511, 288.28719833693594, 287.1940802104932, 284.5921951237838, 286.60964962317956, 290.1956472225081, 280.6054026323104, 290.1614756284167, 281.2596885041078, 276.65241510430286, 271.3897305288723, 274.79719804700636, 281.6305510665168, 269.80952030225535, 270.14780554798193, 268.65763984244813, 252.25179067663998, 251.02260047149275, 254.56623786307858, 246.6268765668441, 249.46336352973336, 236.5412004420535, 242.7062840296558, 236.88176627346556, 227.68449104889334, 224.44972569382514, 219.4620338221938, 208.663251377372, 208.31074116429195, 207.99265545264606, 191.77521745605887, 190.21750514605347, 176.4828568558945, 169.37020550523883, 165.48765119181706, 146.29853080514542, 149.40958108652012, 134.45734373130463, 126.43041312547518, 106.72243281849737, 105.72650523319476, 92.66165428171928, 84.04180785344629, 63.96267233124921, 52.54990989151279, 42.24419713827694, 31.03549244285952, 8.767125247937958, 1.5070406296614718], "speed_sensor_readings": [4.010771488043469, 2.3873163042879457, 1.9813967047303571, 0.36586972973603693, 4.377752855183408, 8.05199418828945, 8.04833583826793, 15.968155658036665, 14.489932735617352, 17.947433314755287, 19.57664867773026, 23.355367727251892, 22.47395367556385, 29.367595115219626, 39.30623534719268, 28.92196947154227, 38.552379110850644, 42.89795893343734, 39.40459406067515, 43.9940669317114, 39.39177721162873, 44.95251803777473, 54.20012762735234, 50.16814123175056, 52.594158351371846, 52.065684612139385, 55.820127988887684, 58.9068596462031, 64.5749439595732, 62.93010564536525, 64.04234559526189, 70.73893694551556, 73.66546792632995, 74.72122535126391, 81.9795968185126, 82.1522773716255, 85.92582040194365, 86.02004881302398, 87.09901265872233, 88.51781268019752, 98.72721367495105, 99.5267567922499, 103.71319083647793, 110.18547340524118, 116.5189135431906, 113.5584458526692, 113.00471438031738, 122.18129752718113, 127.79223636363027, 132.563816135868, 129.27758039653108, 145.83593047301065, 137.53743764117473, 147.0550522592685, 150.2491710685422, 153.79279157556016, 156.05531869951315, 162.03774960594552, 161.1558823165911, -0.8205719685340068], "angular_position_sensor_readings": [0.2574836749653876, 0.0003689928313869043, 0.8074901356562075, 0.43429550352789315, 0.06551754019629878, -0.1550611777872799, 0.6053235966865171, -0.21998054669194247, -0.0203403735654045, -0.6432584625910467, 0.7370787118952262, 0.42081346590899715, 0.7797306554507871, -0.27700818546821365, -0.177851125885374, 0.29810421135507587, -0.3239476667855369, 0.18088512702728407, -0.014502757445556874, -0.2644556436527477, -0.7089944989779715, -0.9608438849464666, -0.6784632881755095, -0.30073137464664046, -0.6763556712525365, -0.8386658390179136, -0.7953617077444078, -0.6099515644761044, -0.42551883895665066, -0.00776484966838098, -0.68942178801679, -0.7219866896149296, -0.9237241653352387, -0.9327519915679338, -1.3298752947256176, -1.1659470638694394, -1.1279652449307163, -0.5400409986395962, -0.5843566139831824, -0.6708328540771563, -1.3302862378305378, -1.0743941055833075, -0.792065579310373, -0.7025542023618464, -1.4729814122799418, -1.6023340688400138, -1.2517742213527694, -1.430954902721979, -1.8798925759869691, -2.4179901212682973, -2.023720673003657, -1.5968817854695252, -1.819949970324074, -2.208857940169791, -3.058497036158162, -2.000418555152144, -2.267149202205438, -2.4271281283149473, -2.8056834194573796, -2.838660288171143],