{"position_x_true": [0.015159740169773743, 0.0699940652758297, 0.1832038927908688, 0.3775883094269967, 0.6762846552358208, 1.09879950482697, 1.6649295917948377, 2.394892649354416, 3.3092747615271256, 4.428843434655581, 5.766552605512904, 7.326739681986983, 9.112163189838878, 11.123343680654623, 13.35898235987472, 15.81505556521327, 18.482568469761166, 21.34819777482197, 24.392896274395785, 27.591003870683434, 30.910907755822624, 34.31590700262695, 37.76202898461491, 41.19666197336505, 44.562156880904375, 47.794752370036385, 50.82409899271798, 53.57179283213109, 55.95456870070922, 57.89155480122378, 59.307868600903646, 60.14202204824687, 60.35488141234071, 59.938952005964225, 58.928768486346996, 57.41066261020632, 55.53212809131143, 53.50709732902003, 51.61488700044395, 50.18185545238645, 49.547462897410504, 49.448982942591684, 49.4027232984911, 49.35646365439051, 49.31020401028992, 49.263944366189335, 49.21768472208875, 49.17142507798816, 49.125165433887574, 49.07890578978699, 49.0326461456864, 48.98638650158581, 48.940126857485225, 48.89386721338464, 48.84760756928405, 48.801347925183464, 48.75508828108288, 48.70882863698229, 48.6625689928817, 48.616309348781115, 48.57004970468053, 48.52379006057994, 48.477530416479354], "position_y_true": [299.9509646229095, 299.7958980207333, 299.5225771617299, 299.1219321316337, 298.58786691923746, 297.91715179663527, 297.1049493852605, 296.1455929701078, 295.0314932860522, 293.7514903845309, 292.29286062267386, 290.6418810018323, 288.7819610723834, 286.6923843182772, 284.35102668587564, 281.73433674624454, 278.8147322416767, 275.5628495803017, 271.94802163717463, 267.93898633837716, 263.5060612232686, 258.6220803161102, 253.26295254642366, 247.4092671679761, 241.0483539779038, 234.1759460603749, 226.79850226387282, 218.93772214677924, 210.63376992549112, 201.94740521142688, 192.9647149922746, 183.79758109119692, 174.58192458225338, 165.47329581711094, 156.64166832842002, 148.2624466131316, 140.49993910262864, 133.48516436066072, 127.28656507303683, 121.87831953468438, 117.10922275328831, 112.5739957613212, 107.9593501011247, 103.2466044409282, 98.43575878073169, 93.5268131205352, 88.5197674603387, 83.4146218001422, 78.2113761399457, 72.9100304797492, 67.51058481955269, 62.01303915935619, 56.41739349915969, 50.72364783896318, 44.93180217876668, 39.04185651857018, 33.05381085837367, 26.96766519817717, 20.783419537980667, 14.501073877784162, 8.120628217587658, 1.6420825573911548, 0], "angular_position_true": [-1.2962944915276873e-05, -0.0016790119421282738, -0.007427696196013004, -0.01882420725496608, -0.03658248011488711, -0.060613775002695214, -0.09082135070253944, -0.127357292278091, -0.17048494272265013, -0.220343611119938, -0.2770775867402433, -0.3409407777138816, -0.41214880226098993, -0.4904999850940007, -0.5760253840159949, -0.6690355638518395, -0.7694513256349771, -0.8771542805363661, -0.991935609905753, -1.1135010253078292, -1.2417954615976559, -1.3771213903362558, -1.5197034147324966, -1.669693101347437, -1.8277745076244487, -1.9948804003040128, -2.1720783452248296, -2.359910378369392, -2.558548450418194, -2.7685198975534235, -2.9902481328451462, -3.224070327969864, -3.470340453002538, -3.729811790663125, -4.0035536148525726, -4.292550257745684, -4.597793519318427, -4.920351272732722, -5.2610652689251385, -5.620829413590799, -6.001178533253094, -6.392634021257032, -6.784461734494881, -7.17628944773273, -7.568117160970578, -7.959944874208427, -8.351772587446275, -8.743600300684124, -9.135428013921972, -9.52725572715982, -9.919083440397669, -10.310911153635518, -10.702738866873366, -11.094566580111215, -11.486394293349063, -11.878222006586912, -12.27004971982476, -12.661877433062608, -13.053705146300457, -13.445532859538305, -13.837360572776154, -14.229188286014002, -14.621015999251851], "angular_velocity_true": [], "altitude_sensor_readings": [300.73293271345693, 294.956722168245, 302.6246384020925, 298.3880925394838, 299.8083133097091, 299.1313844570655, 293.3052741809225, 296.80576276667307, 294.03813750652193, 297.56043608200076, 288.92137200485536, 291.2765542835119, 291.4266230177606, 282.80168443898174, 281.5984443913635, 281.85427570634107, 278.92766907516864, 276.4406675936043, 273.9095356198968, 259.06537389857095, 262.55867363090397, 261.14474660439686, 252.49457703699557, 238.06475894616307, 242.6709064401906, 233.156202327999, 228.65305101791415, 217.9847491357123, 211.38790065497074, 194.67513098616791, 189.1814250186174, 191.07333065686578, 171.55140762093768, 160.3335899142062, 159.40708118684444, 157.00862155515392, 145.65777175334318, 132.44024548196435, 124.39017971196797, 125.02842349853304, 116.02234463094601, 110.7863812656906, 105.62653614756736, 103.50498411252148, 99.57053131595465, 96.27483285292178, 89.3687182756845, 79.19401348765489, 79.56798550836722, 77.08141865926031, 74.03084231651528, 69.32460115415424, 61.67124928942843, 48.016463868235185, 50.14765419489527, 45.3284331498767, 30.80870856250747, 25.167091766312545, 15.916038007818258, 14.705678896913183, 8.612247528050952, -4.043634487364516, 2.167823497482387], "speed_sensor_readings": [-3.983730246484165, 3.304011145393358, 0.03957877061576953, 1.2033723235803073, 9.917466996563377, 8.980089819419375, 14.738469313810095, 12.98321108645302, 14.225073179043672, 21.861740204636426, 21.232209197740616, 19.9143193948126, 29.259461884402125, 34.03726746039407, 37.57367567299321, 40.672821327208304, 42.24795432154561, 45.281402101521216, 48.617671298275994, 50.31965171473896, 66.98438321473856, 61.84058765385873, 63.02210952527471, 69.75972470366135, 73.7062484808966, 80.00069230247395, 81.12702840281334, 83.08156807987595, 88.0543930687462, 88.33545146616287, 87.2714626210661, 91.42888707095824, 92.8708058817782, 94.14119290521276, 90.99380735525696, 79.96560563299191, 80.72269915191652, 65.63889516591097, 59.520842232063465, 52.07948035549526, 42.97115408585406, 48.14816598143639, 45.17532784143283, 43.90560919776894, 50.746603916311294, 47.19351795189615, 51.41340706777308, 53.98467440826642, 44.7978907105192, 54.09528198541406, 60.74969200237201, 55.279812737532886, 58.0403504784414, 59.05453953877172, 57.96990110200238, 61.51346664810913, 63.23653491233384, 64.93492861747139, 67.80577477363141, 62.71644814443305, 66.10399420897937, 69.96588565688263, 2.031867422368732], "angular_position_sensor_readings": [-0.8579753467924589, 0.5603291788168132, 0.4179273624948492, -0.1396957462837526, 0.27573068670518586, 0.14076077639986811, 0.03838832232338432, 0.14678790776139605, -0.4208170608831664, -0.49526465075164516, -0.49444606723666046, -0.11794391861771447, -1.0682892289203383, -0.6014714371793188, -0.5512311908536007, -0.7608565799969984, -0.9107819260496532, -1.2209961999204666, -1.3138529728026003, -1.380481548202545, -1.5766887024743603, -1.271408606144553, -2.333454776316909, -1.175861682075348, -2.065853021958755, -2.355810284339486, -2.367613584990934, -2.4256166680744995, -2.742382074458244, -3.1060447635459125, -3.414815062572324, -3.1115816273668737, -2.7435102145311046, -4.278851885392012, -4.061623365466279, -4.334175653616202, -4.07497882610721, -4.81233562660944, -4.642643863075543, -6.078619443245088, -6.27750216965076, -5.336747389161113, -6.180065324252934, -7.189426700664964, -7.2964872859801, -8.37971216463489, -8.910058881796076, -9.01178139603659, -9.175385714714075, -9.464553661947082, -10.198689876509503, -10.361585256087645, -10.663744906620119, -10.485012749165579, -10.802460350465964, -11.901067130462, -12.470043315936916, -12.72543929146651, -13.456714613059866, -13.575249859720435, -13.628458199624344, -14.41515225833318, -14.261929119669235],