{"position_x_true": [0.011270796354174654, 0.05636644845415263, 0.15800180986834694, 0.339177150045422, 0.6211854420249769, 1.0235491509091794, 1.5660487475934763, 2.2687812617604655, 3.1519089188382576, 4.235675752797888, 5.531922743346234, 7.04327943840051, 8.770971624516184, 10.71370126055356, 12.867077106971974, 15.22291676423758, 17.76829759567166, 20.484890839174124, 23.34746525580593, 26.323716290188308, 29.37421078942281, 32.45313961215942, 35.50664706072256, 38.47192195046623, 41.28120556599039, 43.8600227312087, 46.12888377991025, 48.01236756609652, 49.44338407782095, 50.36708347477991, 50.74999311478421, 50.589555579210526, 49.92316078986896, 48.83676629837843, 47.46883523625233, 46.0149411629787, 44.72207237392328, 43.865749032411074, 43.71519378209216, 44.48763749270693, 46.28583933671538, 48.84108447876143, 51.63390666997689, 54.426728861192345, 57.2195510524078, 60.01237324362326, 62.805195434838716, 65.59801762605417, 68.39083981726964, 71.1836620084851, 73.97648419970056, 76.76930639091603, 79.56212858213149, 82.35495077334696, 85.14777296456242, 87.94059515577788, 90.73341734699335, 93.52623953820881, 96.31906172942428, 99.11188392063974, 101.9047061118552, 104.69752830307067, 107.49035049428613], "position_y_true": [299.9470353422838, 299.7842585306957, 299.5041437852891, 299.09877074492215, 298.5632810084289, 297.89579401384884, 297.0926604721858, 296.14841453412856, 295.0542932804067, 293.79732932863567, 292.3616043554739, 290.72981444000817, 288.8834730534098, 286.8008822613705, 284.4579070187111, 281.8282525987014, 278.88354609229395, 275.59450773712416, 271.93116233198754, 267.8645290407044, 263.368164693588, 258.4201665344871, 253.00495484927217, 247.1150957052194, 240.7538967799946, 233.93961884514803, 226.70954730778664, 219.11939042122413, 211.24484418155274, 203.18703765190943, 195.0703399065638, 187.03516993829433, 179.23325633698357, 171.8169948516228, 164.92155238151346, 158.64575916195844, 153.0264863129347, 148.01044509929693, 143.4348311322541, 139.01326029093383, 134.3408312428434, 129.1751930808125, 123.70724870034199, 118.14120431987148, 112.47705993940096, 106.71481555893044, 100.85447117845992, 94.8960267979894, 88.8394824175189, 82.68483803704838, 76.43209365657786, 70.08124927610734, 63.63230489563682, 57.085260515166304, 50.440116134695785, 43.69687175422527, 36.855527373754754, 29.91608299328424, 22.878538612813724, 15.74289423234321, 8.509149851872696, 1.1773054714021827, 0], "angular_position_true": [-0.0008114796462595619, -0.004084806101906746, -0.011554333681379498, -0.024940205933997754, -0.04516440482279323, -0.07245897577126408, -0.10707246014335497, -0.14935275781327967, -0.19959294868384309, -0.25788830204995533, -0.32410321150002486, -0.39817230909500545, -0.48030067862639214, -0.5705273320076595, -0.6689477141803175, -0.7756574626555963, -0.8907083700514921, -1.0142399470349124, -1.1462694632816253, -1.2868247431797792, -1.4359571015142614, -1.5940723420160843, -1.7616849194186164, -1.9390495876790999, -2.1268067451633916, -2.3253584903605247, -2.534638993627779, -2.7551377815862845, -2.987784054292426, -3.2331331596376307, -3.4915876613568964, -3.7639854602775253, -4.051223262615514, -4.354230629725134, -4.674397757821155, -5.012920359484821, -5.370680661527332, -5.748870832302938, -6.14927344933845, -6.573750255006234, -7.023613069191118, -7.487517482630397, -7.952484444832036, -8.417451407033674, -8.882418369235312, -9.34738533143695, -9.812352293638588, -10.277319255840226, -10.742286218041864, -11.207253180243502, -11.67222014244514, -12.137187104646777, -12.602154066848415, -13.067121029050053, -13.532087991251691, -13.997054953453329, -14.462021915654967, -14.926988877856605, -15.391955840058243, -15.85692280225988, -16.32188976446152, -16.78685672666316, -17.2518236888648], "angular_velocity_true": [], "altitude_sensor_readings": [303.7409824824992, 302.0410525852875, 305.0669513814685, 294.73225084747395, 295.85302460317547, 298.82967344203405, 298.99277228181484, 300.95348754432575, 284.10873726238094, 295.06844678749945, 288.4894753871237, 293.4204300414776, 294.3511511935894, 284.9574299332817, 281.75633091659614, 283.0448967442308, 283.01978732549566, 272.0533269967087, 274.0858392835763, 270.5051194718437, 258.16048803926674, 253.90930863205105, 258.4984361751957, 245.17902896045297, 232.64244535954944, 240.33476459916614, 230.58345144663696, 219.57191978448395, 207.62222943898834, 212.22428174916718, 195.88384108971871, 190.42765454314718, 179.58493162194875, 170.70374540750834, 162.96861999674698, 158.05753769213334, 147.40215229897854, 153.58096531520334, 141.5830984177194, 139.7614607663156, 133.49629759267606, 125.07863953733259, 118.36968734114127, 113.62519938183678, 112.12563335443423, 115.05521322914727, 101.71223968384973, 95.4650070215271, 87.79475717522415, 83.70249573548601, 75.2671700977104, 67.94073265424727, 65.5849760206454, 59.70573877985761, 48.40581404812505, 41.64423985035455, 33.1131546520502, 29.3780798481312, 19.072424345748967, 17.024648431578896, 11.020731281842068, 3.6009184232267497, -3.4217218215134886], "speed_sensor_readings": [-3.523262647909516, -0.27764661612513963, 5.847899775991519, 2.286662965696746, 5.370091926476789, 13.11505435117877, 9.726607603058733, 9.44837395596204, 12.643391220681139, 19.67223486131176, 18.579478877495326, 18.6362761075404, 26.567459765071565, 25.81906965574599, 33.26402385050591, 34.99273798717363, 41.17549862417401, 42.28537531362217, 46.33920142926667, 55.33978555561414, 60.50593939357272, 57.411262678813664, 63.54229235995246, 72.2740858498798, 74.46458092314884, 79.87880904065408, 74.1318907625486, 75.5109427668209, 78.37791764700647, 82.35354859066459, 77.30719299376284, 78.89539746884336, 71.45223566450716, 71.1494973418165, 64.14709805266423, 63.065591091341304, 54.3322049901608, 51.88946517202733, 48.033775874297724, 45.790223108738665, 53.05311900989414, 59.152143051397275, 62.69768482770894, 61.356535357659325, 59.712200777295934, 63.008171184632886, 62.17923361688233, 64.39312070925101, 63.793820342866844, 61.072198047615416, 66.51631686855876, 71.52885193492207, 68.27981271952375, 66.03462376196292, 71.09757139591579, 74.994614553919, 80.40112315500755, 70.52583521442979, 72.4553829889239, 80.76517181877372, 82.73675990585386, 77.36330491443343, 5.4817376116241014], "angular_position_sensor_readings": [-0.673096593140102, 0.02576982545080486, 0.0974026239154123, 0.03693732721672694, -0.49118021510423854, 0.3322201970884117, -0.17201289547321486, -0.4903574770552332, 0.4994253991924114, 0.16860253472813558, -0.37066533628847187, -0.8269344369898877, 0.12648110141724556, -0.9052202831797759, -0.3440653490345191, -0.854990476191747, -0.8143732079846452, -0.7147621305301317, -1.0106386540729086, -1.8856255632832735, -1.5803308977811614, -1.2932187955079713, -0.9726106676998166, -0.8058628916829562, -2.5315504203395416, -2.1877569980440565, -2.667737474935068, -2.673968218639553, -3.137683423240383, -3.540844541616032, -3.3842393729880254, -3.6234857617862435, -3.8523641071826376, -4.428304274059155, -4.799026965721076, -4.512429177635179, -5.521044580138478, -5.624565242540892, -5.269820903478313, -6.645040138863577, -7.060473154544987, -7.136723444931809, -8.307286897329664, -8.107743976317758, -9.080868743965341, -9.412418043417196, -9.78123718602121, -9.525062614932068, -10.979743406921273, -11.032434243448028, -11.167367689620995, -12.50990204803701, -12.285917198320432, -13.320986591788179, -13.884548928496157, -13.16532359516604, -14.540337264688471, -15.062435115653448, -16.17522648854765, -16.40232188883747, -15.99011422173706, -16.82479918523664, -17.84567578757225],