{"position_x_true": [0.0020913711481402525, 0.014556672992304925, 0.041585076823992234, 0.08737333119254824, 0.15612619626736263, 0.2520599852497557, 0.3794039819098711, 0.5423691872463396, 0.7452123109825199, 0.9921807624580908, 1.2956264530581927, 1.6558478298677717, 2.073053629445609, 2.5593431038562193, 3.1151918539420533, 3.740966938314845, 4.448314970748501, 5.237842888643806, 6.110038309290559, 7.075767293039922, 8.135843582154783, 9.2909628141419, 10.550969655494825, 11.916646206622287, 13.388438979361949, 14.97449206635846, 16.67519686565537, 18.490269334493174, 20.42515474610907, 22.48373325038311, 24.663624030517227, 26.961296453828368, 29.37647253246254, 31.90700990853327, 34.54933366834474, 37.29814820819601, 40.145689489640205, 43.08151008395575, 46.10012529638021, 49.19389827620937, 52.34471858798528, 55.530001469227834, 58.721742325104415, 61.91138186221877, 65.08942617196907, 68.21977038874213, 71.26122229379392, 74.19675639650042, 77.00679782624599, 79.64247596873109, 82.05406385739143, 84.19201843600555, 86.04634939973425, 87.61136357951256, 88.86275335415922, 89.78358534384056, 90.35380598683312, 90.57684654138677, 90.46738521520071, 90.04226511351727, 89.33576728501454, 88.39791284046947], "position_y_true": [299.9509549858864, 299.79972814053417, 299.5463055783127, 299.1907306695424, 298.7329667555941, 298.1729836642684, 297.5108227072696, 296.74613935387725, 295.87847559725736, 294.9074449674585, 293.8243772127038, 292.6330687860464, 291.33679201976884, 289.92568575005225, 288.40310217318313, 286.7719216467661, 285.0208381471441, 283.1523762235626, 281.16903751208184, 279.05818952771057, 276.82174749475786, 274.46157886789763, 271.96302721858416, 269.32676714910076, 266.5532837650468, 263.6257052129526, 260.54318435816054, 257.30423221358234, 253.88910637301328, 250.27708513826838, 246.47154113368737, 242.4748751024288, 238.26387548010086, 233.8151103926062, 229.13028747039613, 224.21043829972604, 219.0309319262676, 213.56732340446192, 207.82058363197103, 201.79178421151522, 195.4573237844659, 188.7947808173555, 181.78359328662864, 174.43122491293158, 166.7469614993228, 158.71748198360723, 150.33467416707933, 141.60663843519222, 132.54646029556886, 123.1632098694191, 113.4751476574142, 103.51156456257605, 93.30098874922894, 82.87717617212324, 72.28280083490596, 61.56890618441247, 50.80211020685092, 40.032754768209564, 29.313946879968583, 18.722944975708174, 8.307968277395275, 0], "angular_position_true": [-1.1516484917778335e-06, -0.0008451844195835015, -0.0025301172854075215, -0.005072534790469, -0.008475027368301592, -0.012751821958999168, -0.017943466067758353, -0.02403022348438716, -0.03096833797753787, -0.038762176615804965, -0.04916199382896645, -0.061366745447623744, -0.07453160593423619, -0.0903638316064713, -0.10804918446699421, -0.12675407140785494, -0.14816302629858855, -0.17141104357867273, -0.19574417991687337, -0.22296669726848548, -0.2522356673758829, -0.28281768918442446, -0.3164885479505984, -0.35235177597897227, -0.3896420250314209, -0.43017728521322895, -0.4729993433645981, -0.5171796673442637, -0.5644326474586652, -0.6165299637931361, -0.6716778181734526, -0.7279906083699831, -0.7872169460427376, -0.8512962311617795, -0.9183755847451291, -0.9865150809304721, -1.0577119707171263, -1.1341023147018399, -1.2139416785797863, -1.295480928667471, -1.3809222805578591, -1.4724048038518682, -1.5719764309947335, -1.6766554029001575, -1.7837629540453621, -1.8956820659569718, -2.014621991680478, -2.13871344340432, -2.265919348873451, -2.3981855781296844, -2.5375027438947813, -2.6858664767441387, -2.839845039977071, -2.9963202997010567, -3.155351145167271, -3.3168623028552613, -3.4832239950329766, -3.6535076582491643, -3.826924693263713, -4.006099983950416, -4.190219463160582, -4.378507562367727], "angular_velocity_true": [], "altitude_sensor_readings": [293.82119635996884, 301.3527644728145, 297.751275064244, 297.7928034680602, 301.4030536348363, 297.24393897441684, 294.7898967807741, 294.1201630373218, 297.51657091181505, 291.01795824597485, 295.3615131653518, 291.822128263683, 295.9714932863993, 286.01075219914725, 287.5504860725896, 283.66279081376683, 282.57043450887454, 278.02895562776445, 279.1068265235821, 279.7397000877886, 271.73090646037673, 275.3227322924644, 276.4569018935111, 275.5200829746182, 261.0946062197863, 267.6210022941956, 255.52137200260213, 255.84994104655524, 259.8677573801001, 259.30913158341804, 245.1447444744031, 243.5366519952721, 233.3631963805009, 232.75622889458717, 233.24276631128464, 221.1206885551232, 216.2699571372911, 217.50717607198226, 209.67431254968022, 202.98939582138956, 196.92558297597316, 183.0993438516279, 174.9333798928213, 175.92778953976492, 166.9636214386365, 166.41856413249906, 159.97167970823992, 144.34727110253573, 135.33152992255597, 115.01960890939557, 112.7861199315154, 99.26556833821597, 100.98837120497907, 79.92771796036286, 77.55013539775621, 65.67287430515735, 53.32923856881317, 40.25293322074434, 28.10812542662141, 10.765941349099503, 13.929978492549726, -6.73378416941821], "speed_sensor_readings": [0.8435181247487766, 1.7555187619956905, 2.28729416101465, 8.306613202583748, 7.493571591471938, 13.766990138878231, 5.534423215667474, 13.388163384267848, 8.307608128606088, 11.364392119269727, 10.13219631224036, 12.589179569163392, 14.931693859887151, 13.47802751640545, 18.2725780022358, 14.060504322141906, 24.87805162067488, 23.981363198543395, 17.220670516422565, 28.43014743872513, 26.409904498079324, 26.35252363048392, 32.69158330991284, 31.81040809848847, 35.000582625960504, 33.16690714134143, 37.210591404791856, 40.56258151151724, 42.06752391025868, 46.17011997712319, 44.96561308124933, 46.55692661799237, 50.864246500365525, 50.4941721587789, 53.72705673140161, 57.62828187807926, 60.04231337062529, 64.02539688665959, 63.090017701531465, 65.38359796579097, 70.60864820589539, 79.66118191324215, 77.47693279653237, 75.0713645065534, 82.7075492650708, 82.51886600422083, 91.58319054724758, 92.83881744476022, 101.07311341446024, 100.12932280582933, 101.4071091778297, 102.15654167193412, 103.39943803554765, 108.18420187058578, 103.69573286533895, 105.12730693114831, 111.73070691896376, 111.07517689530107, 108.60987088414026, 105.20450364393031, 104.80246340471281, -0.8422542245960598], "angular_position_sensor_readings": [-0.2815439059012253, -0.11223627834067867, 0.1778781312106494, -0.016653659415561232, -0.29396963120890085, 1.192054833693677, -0.0005948088786846238, -0.6013541020852149, 0.23409864830214513, -0.4307892018441319, -0.8661048317079549, -0.15498128764677735, 0.050539172414574646, -0.05708647403816117, -0.4994901165979899, -0.33001270977457137, -0.5176321318211496, -0.16448497123620484, -0.1699855917527692, -0.2041785791090141, -0.28854348639077376, -0.10449276209623756, -0.3098381447385361, -0.7200761734163625, -0.9258886926467473, -0.1446450175790343, -0.5217070512607322, -0.7584403532975769, -0.36344268440385186, -1.1413218730391863, -0.7384457047567723, -0.8586509006436973, -0.9921866205864073, -1.0379958440367836, -1.5863907820665268, 0.15522376839097207, -1.2229465712620393, -0.8023353498332961, -1.117373153064085, -1.509413071735977, -1.126048815914316, -1.1005604171469843, -1.3587266686758317, -1.3672967233819142, -2.2155553756068818, -1.5151464029849062, -2.044924268982158, -2.1426180044929777, -2.5749653178823544, -1.5411629349593028, -3.100399604849435, -2.7360445839444614, -2.3664506640351517, -2.8177469218055413, -2.604095900372921, -3.3467489297565587, -3.2453216792196193, -3.4851153867442526, -4.705989373093051, -4.172369409655708, -4.654906671122713, -4.6817677236072575],