{"position_x_true": [0.011300265008506252, 0.056544037379510234, 0.15852095971469482, 0.3401588958309709, 0.6205224870054284, 1.0148981205151468, 1.5386671414499418, 2.207256918801735, 3.0359808406877384, 4.0403528178241, 5.228003953611826, 6.598006153347915, 8.147541724617074, 9.872278721708614, 11.76697915456295, 13.826239731763065, 16.043720349958893, 18.40908051040604, 20.90837768553867, 23.524287098357732, 26.23484363866117, 29.01196568973763, 31.82095997699672, 34.621042071459016, 37.36329347882976, 39.993922720567284, 42.454470603948245, 44.681232928198064, 46.61131360431925, 48.18445307548338, 49.34668561382418, 50.057013501191776, 50.29419967151717, 50.06334769977858, 49.402055929450135, 48.38744393715368, 47.138663297809344, 45.81410274007578, 44.60863677911464, 43.63993633172342, 42.962974248675955, 42.64992004411784, 42.73531685928338, 43.201582767706874, 43.96915384413073, 44.89585075861226, 45.79125170852443, 46.445314710927384, 46.67148070183688, 46.35969973804174, 45.52436355395529, 44.33090299188717, 43.07507147736473, 42.09055199965045, 41.32159664774733, 40.552641295844204, 39.78368594394108, 39.01473059203796, 38.24577524013483, 37.47681988823171, 36.707864536328586], "position_y_true": [299.9471429630663, 299.78469791171926, 299.5045084538918, 299.0978781459232, 298.5585760845854, 297.8833101094109, 297.06777742898214, 296.1053454988084, 294.9865472956954, 293.70104719344255, 292.23880215398566, 290.58927911364134, 288.739374659721, 286.67449647088154, 284.3808332282767, 281.8418669493232, 279.0377749195869, 275.94661448008134, 272.5458301491756, 268.81340747969534, 264.72769149033087, 260.26775349368864, 255.41466519810749, 250.15354416647676, 244.47525324518352, 238.37819695794124, 231.87123883860878, 224.97607013221062, 217.72880755481043, 210.18209186510302, 202.4074205536348, 194.49561572582823, 186.5535918317562, 178.70063396608205, 171.063048347553, 163.76614308092178, 156.92096199427922, 150.6079129521895, 144.8614942726132, 139.4825044129784, 134.22451646059574, 128.98220395676697, 123.62039832791599, 117.98913114042564, 111.94448260812474, 105.3753707960285, 98.23377638088064, 90.5608274202537, 82.49791155349105, 74.2761585425093, 66.17275619906496, 58.44239474461413, 51.2316468755845, 44.500043582893305, 37.92175129845386, 31.245359014014422, 24.470866729574983, 17.598274445135544, 10.627582160696104, 3.5587898762566654, 0], "angular_position_true": [-0.000821702104996107, -0.004102588603673561, -0.011412912656100008, -0.02433723478573354, -0.043553979793144806, -0.06896371407897275, -0.10057797161584729, -0.13829630162656353, -0.1818615127788678, -0.23134941119281766, -0.2870729705822176, -0.3493052723219675, -0.41811600553239997, -0.4935237635108214, -0.5759388073339693, -0.6657030512402413, -0.7629701737465632, -0.8677010716466999, -0.9799432936190248, -1.100036775271926, -1.2284101599340616, -1.3653709964960505, -1.5111016524556766, -1.6659204081733803, -1.82984011928908, -2.0031136258798905, -2.186102573728663, -2.3787745610158844, -2.581529917611402, -2.7947628057049436, -3.0185650446123646, -3.252987536271707, -3.498265742096683, -3.7548276052644085, -4.023146688037183, -4.303502774770597, -4.596231725334313, -4.902208712189665, -5.222375183587614, -5.558333898463688, -5.911352807545842, -6.281514059760731, -6.668859629161267, -7.073497914948958, -7.495884514471689, -7.936524531003252, -8.395939674572581, -8.874809568459831, -9.373707176449864, -9.893010600334424, -10.433309749816045, -10.995073218218302, -11.578759009676732, -12.182043403338273, -12.79373542237857, -13.405427441418865, -14.017119460459162, -14.628811479499458, -15.240503498539754, -15.85219551758005, -16.463887536620348], "angular_velocity_true": [], "altitude_sensor_readings": [299.04845060480034, 299.1025789631174, 299.97041971887205, 297.7760473669999, 293.6255115069107, 303.7730779000558, 297.04332820772464, 293.994452429593, 297.85575298459537, 293.2644150292488, 293.97426610019807, 289.160671905117, 289.2863422244519, 287.45569756780674, 285.6259724377595, 280.7551431596021, 272.1547391730835, 276.39994417165104, 279.09108851748096, 264.1063011232809, 260.94314857551416, 259.7227102583072, 250.51497003661058, 254.63507128730265, 249.12963353640492, 242.25762314507037, 232.69518593109873, 229.3505097265046, 211.1860384344299, 215.21628510552839, 204.23793244417024, 189.47573207095294, 182.36469865443703, 178.93249444430393, 169.2904318808012, 172.11324231150388, 151.40409235132182, 149.27668982440738, 145.43470091177215, 142.87633517887446, 130.55473741749987, 125.57084489038941, 123.66801845564034, 121.46175461681112, 106.44382779313926, 109.56629010711289, 102.35491054214783, 88.33825195923637, 94.0253744149992, 72.52219924294951, 59.843655831850526, 62.20542651037455, 51.11957502154985, 40.01093555304564, 35.98498411249327, 36.63290079635691, 30.48104359363475, 19.95889044789875, 7.405132904999865, 5.89004582184234, -0.8403548463172295], "speed_sensor_readings": [0.7644373813224197, -1.7306359191757097, 2.1932734993081953, 5.492195849218661, 6.062441389078114, 10.758128077103535, 13.471278756815623, 11.668328734630258, 21.652769890531058, 18.853735182589112, 24.683411311388856, 25.927665164581164, 25.12037541852375, 29.50741187661103, 26.730308939740947, 30.514780914972018, 38.20920309684899, 34.828669928021895, 42.38960417395626, 49.03944240767334, 51.52629249125877, 54.33346406941645, 58.92371649334856, 59.60057370530502, 67.42593853724041, 69.87588793845586, 71.83687986615044, 76.40515552455099, 77.10243381283222, 74.67539148934887, 85.41133802440547, 79.15432527125039, 79.58604296473071, 76.46589635588212, 73.8619964621603, 73.99595877245582, 70.197605391168, 59.76687873348162, 51.49460752784775, 52.520731246583864, 55.40069502329255, 54.40206412912326, 54.55286496292546, 64.87937964441342, 62.824749321037345, 71.13987202075684, 76.41879192627866, 83.78746503291946, 84.60358933858933, 82.50205032483485, 81.95799286436501, 77.91705069479343, 74.31831213943784, 66.20984396266394, 61.46409341790282, 72.17459446597361, 64.10939088756236, 71.28980587529615, 65.06246479219934, 71.49707497977258, -3.4325542727883804], "angular_position_sensor_readings": [0.3284740744796812, -0.4908108374246415, 0.3086280095017438, 1.1447016423368037, 0.18436424085730085, -0.11989085289441424, 0.13852533338075534, -0.40960301193228127, -0.0378446364493705, -1.0361095484227982, 0.12825147527237907, 0.2493643888208259, -0.5200076918420355, -1.1882972173353248, -0.6503023028848174, -1.0020700731548664, -1.0611739850903057, -0.4590518938358246, -1.230065403838, -1.3541597992866845, -0.8284219027706776, -1.2709430939452258, -1.7829230207077096, -1.8123869873559382, -1.6661914719704838, -2.0327688988559007, -2.1636090612434384, -2.2819504183660837, -2.1192506180628756, -2.4380155579892384, -3.1757510080770173, -3.2259169823172926, -4.2403303588022, -4.700772925693405, -3.87543818641414, -4.790431854642393, -4.538970896847703, -4.309573688939088, -5.7994780025674, -6.361930515798993, -6.7942747170957585, -6.223009242086336, -6.632965220799291, -7.261379741059178, -7.0953180510933125, -8.435165094503853, -8.82181043130102, -8.46605391139781, -10.023606032690694, -9.921633479703207, -10.714754644492796, -10.701666027836104, -11.18272653353774, -12.445243187135691, -13.357892481429566, -13.631053576876809, -13.79076635222684, -14.888885712554789, -15.171193605073482, -16.467342230971255, -16.07511188722852],