{"position_x_true": [0.017159573031024333, 0.08600027887169245, 0.22958509480787373, 0.4673642862948922, 0.8228945613070013, 1.3160123461661017, 1.9670585993568959, 2.796755819439656, 3.8261869844908025, 5.076882284350585, 6.562376746569009, 8.28737475057155, 10.254545733819247, 12.463776590716344, 14.91285896861114, 17.59617383690335, 20.5032951310955, 23.618717614457267, 26.920237669974597, 30.378274665008547, 33.95548165343328, 37.57717415227294, 41.17662386689698, 44.724122617128714, 48.18487764234287, 51.52379970739209, 54.70704273415831, 57.702583947298805, 60.48257147356019, 63.0258462376327, 65.3201353077129, 67.37452437530195, 69.20488280741844, 70.81464240709491, 72.24251957209894, 73.5504798996845, 74.79756190625343, 76.0655239620324, 77.45848285664331, 79.06492986891935, 80.911646217008, 83.03689722062369, 85.51698626600891, 88.38047532939942, 91.60767547511053, 95.14469677582085, 98.91693531028791, 102.83282549216584, 106.74132553697099, 110.46328114228392, 113.84732576068602, 116.77332314332907, 119.15617743538688, 120.99765132149254, 122.33795969004692, 123.23315267791041, 123.85887630306654, 124.47333561052652, 125.28079695625703, 126.4777951046077], "position_y_true": [299.950985274077, 299.8041155671909, 299.54802128056656, 299.1668886361762, 298.6561962706235, 298.01428531327554, 297.23792882304724, 296.32221607777973, 295.2596532415032, 294.039484962187, 292.6480875611127, 291.0688829052353, 289.2811401243391, 287.2606315344202, 284.9819157631101, 282.4173060442134, 279.53618074831263, 276.3068323264152, 272.6961515917454, 268.6706854950329, 264.1984107248213, 259.3549852208339, 254.2188886180675, 248.78879718497882, 243.08017990491297, 237.1046744011298, 230.88117623700018, 224.43710552631066, 217.8083446345199, 211.0389315590691, 204.1805919921549, 197.26350532181178, 190.3188430132934, 183.40992521185677, 176.60637429800397, 169.98027327152118, 163.59442733195607, 157.4916625396927, 151.69371411115958, 146.13300702218893, 140.70353792327134, 135.3418567019326, 129.97355339363062, 124.47418365084702, 118.69863284525293, 112.57451630716224, 106.03960032508235, 98.99233186703133, 91.38567830085772, 83.23313373382342, 74.59368955749811, 65.58047252437784, 56.35379714876798, 47.06638342076002, 37.87934067305122, 28.995605038867936, 20.58481785505478, 12.743275411534658, 5.446218774482743, 0], "angular_position_true": [-1.3834864691923175e-06, -4.949705976337492e-05, -0.0026535850036614483, -0.011067885437745862, -0.026244450231768458, -0.04840382428755863, -0.0777438919138739, -0.1145876831485319, -0.15932351420679852, -0.21232390956054054, -0.27383819367490597, -0.343869274515028, -0.42220048439712354, -0.5085697608401823, -0.6030148220726342, -0.7056491605362633, -0.8165280828078626, -0.9359909696948041, -1.064366529600943, -1.2019349170724496, -1.349060917508833, -1.505314954218258, -1.670217747389238, -1.8438743167487608, -2.0260742779035543, -2.216627962210898, -2.4155429663580303, -2.6228430144249257, -2.8386526722568313, -3.0631480113429435, -3.29641303646767, -3.533489435499204, -3.7693339158226205, -4.00389625120788, -4.241039309153417, -4.486328330089799, -4.741513381325964, -5.0068938902372215, -5.282851637189544, -5.569151015613041, -5.859832787656945, -6.149272387528062, -6.437577114891551, -6.729229156991967, -7.030227867856275, -7.336289184732019, -7.641307708634004, -7.944829156989657, -8.251581325586896, -8.567962394392366, -8.895843400426585, -9.23602793201379, -9.588791935750246, -9.946771889452425, -10.302843253624824, -10.656962682682817, -11.014591627997817, -11.38302601679219, -11.756027074493414, -12.125742276671602], "angular_velocity_true": [], "altitude_sensor_readings": [299.5258196464148, 300.31615990114653, 297.4626402226904, 301.36228669807537, 300.52143320029415, 292.82431794619396, 299.96826365325137, 289.99118958441153, 292.4694750000767, 282.8097789939358, 293.78251344910876, 293.4907076226689, 293.0798859369769, 286.8395015462787, 281.61390017260715, 285.4304431602715, 281.01938516714114, 273.384902365414, 273.98004425970174, 270.66896805496486, 263.3471637614862, 260.0703502484638, 254.44556850321666, 248.51699001034703, 239.97692935061534, 248.04787108769992, 236.38583020860156, 224.29394103410624, 222.18744147381454, 209.63478911540545, 208.48407491682713, 208.0136973971387, 186.6797667777194, 188.83244577277367, 172.78970921838595, 167.29743119123756, 157.74217004881785, 161.4596054336817, 150.97187888648634, 142.1656712392391, 144.4004517018678, 134.35262927588846, 135.03704475951946, 123.34161446165817, 112.64493597491308, 116.89519428394048, 98.04713077964803, 104.17512158729066, 91.34341420081809, 84.4293623208729, 75.98084654236116, 67.64989542429493, 61.86055678265477, 49.697978566038046, 37.08451852665385, 34.174267721131116, 24.11351039958857, 16.987117269508598, 2.5799158482877473, 2.58749190950793], "speed_sensor_readings": [3.4159864062247185, -5.257761117083542, 4.486371329808489, 2.8479995329917545, 10.68589618354787, 8.745230529519127, 14.164632934236918, 12.542468256561907, 18.752812603188836, 18.34521738095954, 20.28510340082528, 25.880836808987816, 27.468234004608874, 31.621781288947496, 31.200739955426997, 41.40851373201528, 37.25113169347626, 49.293918480428346, 51.815175531104614, 59.77142892147559, 59.414817877268966, 59.62991135528955, 63.09067378268679, 66.72137490102298, 64.58724737103098, 70.43298807680837, 72.56637447851794, 70.59321412388404, 75.89712206149052, 70.83003558569193, 72.4419574934791, 71.10707268908632, 72.11966550438417, 69.43802645862142, 70.16998889361332, 69.82881777988037, 62.92319100874165, 59.05086764108735, 55.05630426408352, 58.56127911407344, 55.1446580025363, 60.03930812801747, 61.776840489612596, 61.05379998030489, 67.81746769302345, 73.55244655358659, 79.14766597622419, 85.09466024154753, 87.43434642785046, 93.31457672760237, 89.32945277479035, 91.29339727227305, 93.88454191363931, 92.68838311009983, 94.7552637220956, 86.75420595170438, 84.60418617617076, 75.8942337730415, 74.15659912748029, -3.491808233983531], "angular_position_sensor_readings": [-0.4825631829757212, -0.16078920371264527, -0.2024226173445841, 0.20685458265884799, -0.332883933304678, -0.24040897920524162, -0.7045002069071945, 0.035448081391619535, 0.29869006819187954, -0.8388270896077303, 0.2132427199394203, -0.5255224773548495, -0.6079498354200917, -0.7035695336125971, -0.8592897893222187, -0.46369826565865413, -0.8200620866848937, -1.4681951129596937, -0.8328128058882623, -1.221411509774907, -0.8730577540990481, -1.5264721746779162, -1.8742077617546138, -1.62379780869259, -1.7979208205972186, -1.0518330230555264, -3.088996371989583, -2.4364856867727442, -3.3532980043072, -2.7548572785367855, -3.5060458791882114, -2.6830975720561114, -4.136187450112892, -3.7583693654401027, -4.526454484060174, -4.255871921759954, -4.2651681612712276, -4.8185349076493145, -5.743731014627312, -5.981648116599841, -5.71748820452319, -5.849947354689767, -5.7273502072731395, -6.724131213225682, -6.833761780057529, -6.677503084857132, -7.315893440120809, -8.170479134406119, -8.274234851714256, -8.697728254649586, -9.012364287539338, -8.869018535421413, -10.145576356292949, -10.451755589160388, -9.979641330772397, -10.850657512651523, -10.967796895594473, -11.26239183437892, -11.451005076617518, -12.714817843111847],