{"position_x_true": [0.004094283611391104, 0.02041513305402409, 0.057061663275520896, 0.12201493798900137, 0.21920416415750582, 0.34833463524337377, 0.5130110984573897, 0.7212847328849943, 0.9837775119223031, 1.3137329437516332, 1.719822897058938, 2.2056961682296645, 2.7747135772169, 3.4301953762338973, 4.175484288221251, 5.013630123795653, 5.94753157576662, 6.979837339380328, 8.112777052987783, 9.348486154972635, 10.688827552231448, 12.135098891955161, 13.687756755880015, 15.346982838546834, 17.112856034226404, 18.984990761043406, 20.962825836599812, 23.04519076370711, 25.230321984031463, 27.516403869826412, 29.900932432002207, 32.38125551548317, 34.954478137342775, 37.61594352067958, 40.36030690851946, 43.18221612492708, 46.075844717353206, 49.03471338108171, 52.05222606400056, 55.1215547441794, 58.235259966225996, 61.38538523615185, 64.56292259964876, 67.75830494212015, 70.96103643647382, 74.16032948963758, 77.34689565703682, 80.51210792586514, 83.64714117565043, 86.74223358832005, 89.78810707654934, 92.7769074347302, 95.70057322057613, 98.54926528982762, 101.31468247497786, 103.99223954084466, 106.57880242752798], "position_y_true": [299.94685385778536, 299.7832550373036, 299.5008847913621, 299.09125583808304, 298.54998143933886, 297.8766515381745, 297.0742283897072, 296.1490922720107, 295.1066408294839, 293.95095725222166, 292.6816299207561, 291.2943551902488, 289.7847460948079, 288.14811524145574, 286.3792412390255, 284.4723771314441, 282.42155076104814, 280.220528010568, 277.862637300308, 275.34102578147, 272.6485951617892, 269.77761548324395, 266.7201403088832, 263.4684160367831, 260.0141940836951, 256.34897295769787, 252.464079230233, 248.35051345367557, 243.99931749496585, 239.40127348074202, 234.54681610666424, 229.4264645826607, 224.030588260549, 218.3488822842933, 212.3711338224729, 206.08747080113156, 199.48782533279743, 192.5618963262869, 185.29964984724413, 177.69134079767744, 169.72688382175488, 161.3961500111849, 152.68904956120022, 143.59519150608702, 134.1043935197627, 124.20665339715502, 113.89186287714384, 103.14951303737956, 91.9687899758855, 80.33906143370056, 68.2492166681758, 55.68735155341427, 42.64132654665196, 29.09918606571734, 15.048091960598434, 0.47379326227646956, 0], "angular_position_true": [-0.0008410930733049486, -0.004217142453928343, -0.011825220657305867, -0.025368898878711774, -0.0456727203865844, -0.07270650646235363, -0.1056445112900502, -0.142799971423017, -0.1824733205448269, -0.22297973661887052, -0.26351430982261725, -0.304136587547082, -0.34487580900191894, -0.3857260962551259, -0.4266372353155012, -0.4675840355986321, -0.5085773484858725, -0.5496254274460535, -0.5906927812795729, -0.6317495161312088, -0.6728052013097237, -0.7137542492616518, -0.754480531352299, -0.7949626697346206, -0.8351466767050878, -0.8750415732800151, -0.9147201903421068, -0.9541835591252558, -0.993380860255543, -1.0322972368044914, -1.0709096748475313, -1.1092976753689592, -1.1475663521448467, -1.1855576177188072, -1.2231063300916232, -1.2601551996278748, -1.2966670560060187, -1.3326032144159887, -1.3679797115129566, -1.4027560217900776, -1.436810268354342, -1.4700846318833127, -1.502439326863079, -1.533626637138115, -1.5631732615623346, -1.590731637688707, -1.616285883453045, -1.639865668489298, -1.6615590866727175, -1.681196859943666, -1.6985947904318484, -1.7139796265329943, -1.727356852788552, -1.7381563166837928, -1.74613863231737, -1.7517119492801099, -1.755393831427277], "angular_velocity_true": [], "altitude_sensor_readings": [301.17461480258675, 302.18134979855705, 294.03319220864125, 301.97378767832583, 305.675796881178, 300.8243680070153, 298.12241863110967, 293.46782568287983, 289.9553592452782, 292.70697533510554, 297.61703993603476, 294.65063429664735, 292.46771497609194, 281.0577862627994, 285.4718941640112, 284.989306145072, 277.2868062634184, 281.5338171984913, 277.2821947000525, 271.7730363559306, 273.54255507137447, 264.7159532697486, 271.18009189278627, 269.6787285768877, 264.7460452367619, 257.69975698114587, 256.18040019826657, 246.64164275865127, 250.26861390708072, 234.58401101957963, 231.16682712976845, 228.34960394859172, 225.69698152417226, 211.7693999544874, 217.34249752948568, 206.71663015303497, 202.7498225614336, 197.31269090162016, 187.33062168076864, 174.01705230410943, 172.11792894311745, 160.46944092493598, 156.49249329752547, 138.22384905728862, 129.59999985916448, 128.8071877696413, 118.5134752711058, 103.48145828442799, 100.16375488809443, 80.64225914212741, 68.47660792622185, 66.75022393614111, 42.1312353046784, 25.535968822439372, 12.833922198570269, 4.585391769863162, 1.4071412701535393], "speed_sensor_readings": [-2.784614257120593, -0.30634022495873525, 3.6121609005470336, 4.617823133066165, 10.384933003813241, 9.565815825956546, 4.656398928671949, 9.500177111635024, 8.33272473392859, 16.292020052200797, 12.107841098553884, 14.481907571192862, 16.371785219750354, 20.370207126421963, 26.1615838823423, 20.37080952555064, 25.6422494500732, 26.833062602234826, 32.4768975955798, 32.138051599011845, 31.94369265638179, 31.354263931721043, 38.035569419390605, 39.00497342375971, 40.47040777692976, 42.49543797407556, 41.824191245143936, 44.54734777118553, 52.06890885324569, 51.683832051219305, 55.49197094321227, 57.89794111242655, 60.876167564823106, 67.68921436320063, 64.98185527134406, 64.04413337833992, 74.05082411984712, 74.59859481601194, 85.41364139644645, 85.70736580039373, 89.00280080505479, 86.2496368548423, 101.3066989974827, 97.38899722705531, 109.80693997381458, 107.3314638354164, 107.47819633219349, 112.26051384476808, 117.13338744526843, 124.46540045399405, 124.56952216891284, 126.78233781442957, 137.0298976513778, 140.691826728923, 145.8484997195594, 147.51934401947244, 0.12189706612158015], "angular_position_sensor_readings": [0.526712297085386, 0.08883446819244724, 0.3764206156471793, -0.42621946794120663, -0.41240939135625154, 0.3857309578505165, 0.2994167447717175, 0.40498186018979443, -0.07967040454375042, -0.2500798229488852, -0.9529842928503203, 0.03565537300921595, -0.46459749736149064, -0.2430459185029932, 0.31402895208716614, 0.12482228136839818, -1.0643923299836557, -0.33283698737196243, -0.7125286372560202, -0.5575246603821358, -0.8859288156757058, -0.6081077339664404, -0.27196828883439295, -0.7932167896240248, -1.0751078105765497, -0.9317209587286664, -0.909575528807016, -0.7496268386202927, -0.9102535117980948, -1.236927147853668, -1.632225527146273, -0.6601147490720937, -0.5078306532725143, -2.0424195340022844, -0.8684503101112535, -1.912872508051037, -1.420597164278319, -1.3002141104981138, -1.8770016658234634, -1.2973238911472154, -1.3653450583612832, -1.3771553998688708, -1.3786296292469258, -2.248418140659476, -2.1228632821127977, -1.2106260648202807, -1.5776445064313402, -2.0722283287704766, -1.2232661446363244, -2.2037558278970844, -1.594157701235278, -2.4342140057731947, -2.742369513828428, -1.3315441771249603, -1.4582533078378577, -2.2789556311895205, -1.2854939356928523],