{"position_x_true": [0.013265870668348952, 0.07030086440797495, 0.2058541321480915, 0.4553120809693714, 0.8508773366064416, 1.4176203328744907, 2.161063220142404, 3.091325336167626, 4.239791599489644, 5.63938332212896, 7.31663599318294, 9.286992331210014, 11.562212769983548, 14.154490550037018, 17.076752619804154, 20.342755845000532, 23.966791768915595, 27.963626756943707, 32.348861366186654, 37.139153713789995, 42.35196800852081, 47.97845012235928, 54.01618701396132, 60.496593431083674, 67.428042071201, 74.80895570574009, 82.65030940305932, 90.95955397687996, 99.64207981983218, 108.59200880294142, 117.78798064720428, 127.20182951769907, 136.79430779593415, 146.5107360694462, 156.2814778714517, 166.02448196969075, 175.64453876265256, 185.03195848394378, 194.0724789575218, 202.65626195009082, 210.69185287874643, 218.12741820352414, 225.1482067249719, 232.06110233605364, 238.97399794713536, 245.88689355821708, 252.7997891692988, 259.7126847803805, 266.6255803914622, 273.5384760025439, 280.4513716136256, 287.3642672247073, 294.277162835789, 301.1900584468707, 308.1029540579524, 315.0158496690341, 321.9287452801158], "position_y_true": [299.95487440126755, 299.81949737982484, 299.5939097434888, 299.27857633798783, 298.87045099872205, 298.36690166571515, 297.7533368376686, 297.0188112424464, 296.1716224354856, 295.21995576729387, 294.17050606906054, 293.0237733252993, 291.77667965983636, 290.4253861100737, 288.9648629826459, 287.3897167174409, 285.6932840065457, 283.86660164797973, 281.90076834001053, 279.78796436791674, 277.5183729570994, 275.0620493427402, 272.3921401859909, 269.5013404122244, 266.3626660257926, 262.9368318800285, 259.1867643251937, 255.06813551430795, 250.59091925789443, 245.77076729317253, 240.56922894440663, 234.9479609471822, 228.86796130371192, 222.29068064033777, 215.18383035426484, 207.52670993347587, 199.31604306431635, 190.5729494024374, 181.34989999581774, 171.7390253391741, 161.87580966937483, 151.93843787748654, 142.00721257413963, 132.0200213786149, 121.93473018309018, 111.75133898756546, 101.46984779204074, 91.09025659651601, 80.61256540099129, 70.03677420546657, 59.362883009941854, 48.590891814417134, 37.72080061889241, 26.752609423367694, 15.686318227842976, 4.521927032318258, 0], "angular_position_true": [0.0008093607757348096, 0.003250879005138064, 0.007343203407924492, 0.013086298505464364, 0.01963864897529966, 0.026097687796233, 0.028928826677795526, 0.025458322877449077, 0.017334968560469073, 0.006134419025540671, -0.006546969009099398, -0.01979525238318271, -0.03375759551944654, -0.048606437141779125, -0.06433456860924683, -0.08092095391063821, -0.09826335977690594, -0.11603555063869882, -0.134164625744571, -0.15297766723555922, -0.17250802213853786, -0.19764829093414235, -0.23227957953438433, -0.27427675703328047, -0.3254863641230267, -0.38877724598716945, -0.4643845673633516, -0.5527587498780242, -0.6550386491232724, -0.7722186259735375, -0.9045439064478956, -1.0527913642977678, -1.217738723784819, -1.3998365914735467, -1.5995229914034605, -1.8176684739628561, -2.0554631188577708, -2.31374257654393, -2.593560937917999, -2.8959506590116284, -3.2219076876047286, -3.5725229335980373, -3.9364451789246004, -4.301120079843158, -4.665794980761715, -5.030469881680273, -5.39514478259883, -5.759819683517388, -6.124494584435945, -6.489169485354503, -6.85384438627306, -7.218519287191618, -7.583194188110175, -7.947869089028733, -8.31254398994729, -8.677218890865847, -9.041893791784403], "angular_velocity_true": [], "altitude_sensor_readings": [299.3004540163641, 304.82886115059927, 295.2200462849478, 297.3897346384903, 298.01381029288234, 301.7347391184531, 298.7818914410153, 294.506246883901, 290.88355090322074, 289.73112990606205, 298.1947516688839, 291.35023019033383, 291.0063737802872, 294.55195665972326, 283.8773937754376, 286.25507836333804, 290.9047332049989, 285.5861202074031, 283.43405768210687, 281.7802618710916, 273.16458097681186, 274.2243535269381, 275.4191799271986, 270.8484599806418, 264.34371696830686, 268.1082032597058, 259.20997445453656, 259.7467098764001, 253.13850899368956, 245.5888081570585, 242.25707353364533, 235.2821981076008, 234.15385617436166, 230.1086864366888, 219.14659773875653, 213.3891065684295, 198.11900203465405, 184.88686272452847, 179.78833834188436, 170.14464817606884, 163.45062457163374, 153.7396746616204, 138.3788422193192, 130.64966930704801, 117.47109526014047, 116.67996848298299, 101.73306355946258, 88.59681150211586, 79.7688859030396, 67.48503831382081, 64.3681684993792, 52.51814451064786, 40.96232980785588, 26.756647664420484, 16.81735427936262, 4.781844882385414, -2.1100267468022538], "speed_sensor_readings": [-1.4091001096444908, 0.36720025601049633, -1.4225204374060585, 6.447504893313294, 11.55478384203058, 7.000637298706706, 11.588496246184151, 13.204309652800669, 16.66174387750224, 20.365089601535868, 24.71781335924543, 25.678547102138626, 30.36060620507898, 27.646047696298368, 35.58468723775865, 32.78942619554916, 41.613155273207234, 49.25110373755007, 46.21368774038451, 54.60153272044086, 58.852823719181465, 63.8386640666376, 69.42779781085692, 75.29729499907623, 79.11873513172768, 88.84864431632424, 87.32494710190242, 97.9730334256497, 98.84875638570672, 103.52371659962553, 106.95695858669518, 109.81031074273761, 120.57329751200409, 118.97711075407798, 124.77316123557506, 123.36251442744512, 127.41566799450857, 127.2232361310204, 129.2276108189178, 133.47401638863073, 120.41510423605229, 119.21721877093788, 118.90729376277403, 122.01530474705916, 124.4579612390171, 121.6734723272185, 120.71215065125088, 120.4364972857368, 129.6786039413323, 128.1163287737411, 124.15616290360651, 131.02298574028768, 127.59705267773539, 131.6391376279618, 133.15153567000306, 132.320694615581, -3.6401641653220675], "angular_position_sensor_readings": [-0.07094620020957802, 0.0973079946769034, -0.16372247240731064, -0.1856672455525741, 0.24135180322329405, -0.23407150149435174, -0.42762597509417344, -0.8647080919543778, -0.3967565838349018, 0.1277145692291371, 0.049830526858350196, 0.3564504479753502, -0.041823414326037284, -0.329413868974044, 0.08910998172154302, -0.4218435453832831, 0.2350523190408303, 0.4762946427410832, 0.3393858153047533, -0.25475133075038103, -0.5089301070054503, -0.22732042518575415, -0.1246526960513046, -0.20902539608775633, -0.12984007678445392, -1.2196670388721556, -0.3325745275729952, -1.137706607622232, -0.11604265470795538, -0.45900948219168664, -0.5795535533263622, -1.316119311353856, -1.5236732883231028, -1.8831321095577915, -1.9277362898280241, -1.5337389350263855, -2.156495559287733, -2.6640713005571315, -2.3334497918480257, -2.2607859134104196, -3.7473885414222416, -2.5866748624782008, -4.260675348203452, -4.1726310118205046, -4.743191124889024, -4.969047209846382, -5.098599571846185, -6.103187493945755, -6.126490083718355, -6.278684375134858, -6.54533906534001, -7.176351348430497, -7.422313620119143, -8.213239916887549, -8.690973652614808, -9.407607525040888, -8.74213328336224],