{"position_x_true": [0.005947299488509341, 0.03372506522184308, 0.10319621127203032, 0.23421726745891508, 0.4427305210905996, 0.7212433655131909, 1.0422121874168822, 1.3975590551069597, 1.7992700390645688, 2.2634641708740952, 2.810497615322888, 3.4569761486221866, 4.215728135321966, 5.080288401253269, 6.022556988381843, 7.033310635841154, 8.124468961478701, 9.307872045092473, 10.599647843150551, 12.016831369388802, 13.57315163946684, 15.282698948856176, 17.134942608685993, 19.118869516693383, 21.24778518276475, 23.53519839839101, 25.995121086885916, 28.603457631518765, 31.332606966167837, 34.18937913059613, 37.17887693458796, 40.30438570471127, 43.57204929745487, 46.99071298283191, 50.56853957083669, 54.2859668272294, 58.12095638170081, 62.07509750909967, 66.12690331878353, 70.25163034998074, 74.42891385256739, 78.6346958096749, 82.85244981121755, 87.0451498267203, 91.17198002534627, 95.19666729792156, 99.07574642846807, 102.7702394647941, 106.23975072358547, 109.44256654398338, 112.33908823320053, 114.89016135119167, 117.05920682448897, 118.84072404232111, 120.24409478524443, 121.27103725036774, 121.963352334836, 122.3812177841072, 122.57727498776659, 122.6476696436206, 122.70737501083339, 122.85900391005653], "position_y_true": [299.947073180622, 299.78839288231507, 299.5241155235979, 299.1541011054451, 298.6817381457037, 298.1264248108562, 297.48841244918157, 296.74806820522343, 295.89735904300034, 294.9318817329085, 293.85058577504356, 292.65603582795853, 291.35439664920796, 289.9650184786376, 288.4883631575577, 286.9035462837648, 285.20072282765483, 283.3701518531825, 281.4048665239618, 279.3049329190914, 277.0741823039708, 274.7153566633359, 272.21341391763247, 269.5525952055474, 266.7327980863608, 263.75265228892255, 260.6099010544554, 257.3114930156045, 253.8565788233861, 250.22650817897187, 246.40087485382296, 242.35779389106568, 238.08164670288102, 233.56149708672123, 228.78403137341488, 223.7344086377879, 218.3971998265602, 212.75564283060666, 206.79589420457776, 200.50391435475206, 193.8669461217008, 186.87251888738416, 179.50234157499412, 171.75410174010625, 163.62873978676933, 155.12876079302947, 146.268693485127, 137.0564222220462, 127.51458667191365, 117.68247432289863, 107.59420483141656, 97.28772467916815, 86.8138666558251, 76.25718768189128, 65.70866875621579, 55.24046194429532, 44.9321748774581, 34.86123823593181, 25.094965509910654, 15.68023593902245, 6.643778272107218, 0], "angular_position_true": [-0.0007991358146495155, -0.0031825380937526475, -0.007125505623547001, -0.01262061544130846, -0.01886352478082374, -0.02180041194461424, -0.021509558925258545, -0.022140629016540563, -0.025361047795188503, -0.031997023725092125, -0.041964064166183736, -0.054353887421247, -0.06747632428210681, -0.07716951546827633, -0.08346754214611957, -0.09051443536850778, -0.09994652378930283, -0.11354653470532368, -0.13225352272006174, -0.1551900189417994, -0.18062310948641203, -0.20677426242593402, -0.2362864170203716, -0.27174719767072414, -0.31122405321157803, -0.35282011264274954, -0.39475663927296034, -0.4363982211326012, -0.4789211750768548, -0.5242941553157009, -0.5743561019965691, -0.6309430048090899, -0.6941309872588827, -0.7620288050981207, -0.8328240813131439, -0.9085442918907395, -0.9911417104431505, -1.0787043348333991, -1.172166690512347, -1.2723646033147558, -1.3793552700715757, -1.4932788420904592, -1.6121223540550984, -1.7369456842437356, -1.8687875049164866, -2.0078521944949634, -2.155366389457098, -2.310425390250452, -2.4733883348994605, -2.6455131538493233, -2.825694521010152, -3.0115682600321207, -3.2005254520192503, -3.394743268074084, -3.5962552053049133, -3.8024338797266366, -4.014842384618503, -4.2348565429118095, -4.460179830434078, -4.692481397824409, -4.932927515985923, -5.178756123430104], "angular_velocity_true": [], "altitude_sensor_readings": [307.35888824626755, 301.4473157035551, 295.54413238668644, 299.54300266724294, 296.4066771749084, 299.18620031640353, 304.6840876239332, 291.4631568592959, 300.4579325285024, 295.376370201767, 297.2049532382539, 291.839936199038, 288.03538940154505, 288.89388540071855, 290.72798320221074, 293.84577828187844, 283.19623209625206, 285.4964808411566, 279.64895596333463, 277.4853420928646, 282.3076606511253, 274.94820625935296, 264.74835972731483, 269.1479411969396, 270.79402244822904, 265.0084009574486, 257.02766578679007, 260.768559318302, 255.6313423257921, 250.10982825695908, 243.07445893394421, 243.57747544268585, 239.69929286992692, 235.30757505402343, 235.78152460965515, 224.09104078896175, 221.60464391103525, 214.10143843394448, 203.75295562649148, 204.05393755298695, 195.14046534918316, 186.4477135668682, 183.80176572137856, 174.5225971436642, 166.46946731486685, 148.01379850384876, 140.4066974955033, 136.7754119415973, 120.71253020808881, 108.95667242416964, 109.13351684407839, 93.84165624294371, 79.43589488824587, 78.45876414283164, 63.592262458057824, 57.33298623140413, 47.02700083936741, 31.363410876949267, 17.325884705200476, 11.043016009310328, 0.9332442201280875, 1.580740946602326], "speed_sensor_readings": [0.8047413701952437, 5.021127137861864, 6.37837184661419, 5.928153450146047, 9.736337710437073, 4.594072388038538, 8.608516831315821, 7.997437263178689, 12.787263778328503, 11.830215602932924, 17.48181211569996, 17.08054036553846, 12.892048934582359, 14.16949298852856, 18.10047613142258, 19.785715170753612, 17.84929492166588, 19.95381640277645, 29.186197370798176, 26.565424995316047, 30.756568955060963, 26.08319613377261, 31.232721213444044, 37.40182453197018, 38.08274941072774, 39.55499435633402, 39.894224920607826, 37.386575303274924, 46.16580742493271, 45.289719879046466, 50.0642647842759, 51.92098088894425, 61.4118446956478, 53.78717314128333, 58.35948112126178, 64.8212885654056, 64.71653354403237, 74.51151616040354, 69.02670053012099, 83.14866758377916, 78.61523056145572, 87.43074514671636, 86.51082385997721, 84.94106026676852, 95.01079810610344, 99.68862449888928, 98.27557552364576, 104.67565833028623, 102.60122412213408, 105.00774910056953, 105.83042034870309, 108.0497601425487, 105.10787793550995, 108.45467423450421, 108.3281741821329, 111.29322221339328, 98.15939040503584, 100.17911953009526, 94.88373893995647, 94.84621325343309, 86.82908711572463, 0.7761997028884984], "angular_position_sensor_readings": [0.2558112075789522, 0.3774624421717337, 0.00488692442722896, -0.5727896649976487, 1.0461411221504664, 0.13560274570591183, -0.08930558529245408, 0.014952682541883054, 0.18977432928141352, -0.8598813795613711, -0.18520684804214815, -0.4913796958375297, 0.08685803305684542, 0.3889378617045649, -0.12188252204753983, -0.265068792795552, -0.6638336263274132, -0.2736880203099942, -0.6253877027291627, 0.11015846981964611, 0.3861009075444246, -0.34059833310480886, -0.24496055043497, -0.6309622027730577, -1.0925159206473083, -1.160784634382905, -0.7377669439229531, -1.1288654041384416, -0.5031515827908504, -0.838409558715854, -0.8332869830276348, -0.7411688591776354, -0.5841672065157839, -0.8215199895241146, -0.7270936277738305, -1.0206043841323373, -0.9118078586460512, -1.287289979399224, -1.045185595210539, -0.9511303393440704, -1.2426680325201538, -1.3212582889092255, -1.1217376727437225, -0.9116662614890629, -1.914907644043533, -1.7679089532644583, -2.4643220193104933, -2.518493108026828, -2.6400270984271597, -2.9276683617725197, -3.1650660720765917, -3.7037401313214855, -3.4534138002151034, -2.9297231185256383, -4.02711866322234, -4.016442572840308, -4.503380009040985, -4.299722140619076, -5.011440667280806, -4.201411020855982, -4.946432295205356, -5.655162576203096],