{"position_x_true": [0.0, 0.0, 0.0, 0.0, 0.0, 0.0, 0.0, 0.0, 0.0, 0.0, 0.0, 0.0, 0.0, 0.0, 0.0, 0.0, 0.0, 0.0, 0.0, 0.0, 0.0, 0.0, 0.0, 0.0, 0.0, 0.0, 0.0, 0.0, 0.0, 0.0, 0.0, 0.0, 0.0, 0.0, 0.0, 0.0, 0.0, 0.0, 0.0, 0.0, 0.0, 0.0, 0.0, 0.0, 0.0, 0.0, 0.0, 0.0, 0.0, 0.0, 0.0, 0.0, 0.0, 0.0, 0.0, 0.0, 0.0, 0.007366182495328211, 0.036847951571819956, 0.10327250582148405, 0.19189044115848516, 0.28794047632665976, 0.3914226113260078, 0.5023465790297998, 0.6356171735391061, 0.8062073710188289, 1.029238818327745, 1.282296706596508, 1.5429065432572355, 1.82619594636901, 2.147377417221276, 2.5218164415517523, 2.965103426264309, 3.4931136210388156, 4.12209632795883, 4.8056831935476785, 5.497156413566852, 6.212316540367613, 6.967056223903922], "position_y_true": [299.95095, 299.80379999999997, 299.55854999999997, 299.2152, 298.77375, 298.2342, 297.59655, 296.8608, 296.02695, 295.095, 294.06495, 292.9368, 291.71055, 290.38620000000003, 288.96375, 287.4432, 285.82455, 284.1078, 282.29295, 280.38, 278.36895, 276.2598, 274.05255, 271.7472, 269.34375, 266.8422, 264.24255, 261.5448, 258.74895, 255.855, 252.86294999999998, 249.7728, 246.58454999999998, 243.29819999999998, 239.91374999999996, 236.43119999999996, 232.85054999999997, 229.17179999999996, 225.39494999999997, 221.51999999999995, 217.54694999999995, 213.47579999999994, 209.30654999999993, 205.03919999999994, 200.67374999999993, 196.21019999999993, 191.64854999999991, 186.9887999999999, 182.2309499999999, 177.3749999999999, 172.4209499999999, 167.36879999999988, 162.21854999999988, 156.97019999999986, 151.62374999999986, 146.17919999999987, 140.63654999999986, 134.99573351739943, 129.256355151707, 123.41805077084636, 117.48121577530914, 111.44624597104054, 105.31314135804058, 99.08179174185402, 92.75185656320778, 86.3226579942997, 79.79359163019878, 73.16548030189375, 66.43903015881327, 59.61379095119278, 52.68948103465425, 45.66592958131526, 38.54314561833839, 31.320479034595284, 23.996988227917996, 16.573944387081845, 9.052576146100415, 1.4325519774331692, 0], "angular_position_true": [0.0, 0.0, 0.0, 0.0, 0.0, 0.0, 0.0, 0.0, 0.0, 0.0, 0.0, 0.0, 0.0, 0.0, 0.0, 0.0, 0.0, 0.0, 0.0, 0.0, 0.0, 0.0, 0.0, 0.0, 0.0, 0.0, 0.0, 0.0, 0.0, 0.0, 0.0, 0.0, 0.0, 0.0, 0.0, 0.0, 0.0, 0.0, 0.0, 0.0, 0.0, 0.0, 0.0, 0.0, 0.0, 0.0, 0.0, 0.0, 0.0, 0.0, 0.0, 0.0, 0.0, 0.0, 0.0, 0.0, 0.0, 1.4101560363110747e-05, 0.00012618076732478795, 0.0004139485809092745, 0.0007935289148811146, 0.0011817210512243097, 0.0015785249899388596, 0.002008476427164224, 0.0025498885077929554, 0.0033554566597228446, 0.0045674179188128355, 0.005999929358654323, 0.007492257830692113, 0.009163001668915972, 0.011105620878626207, 0.013403014260013916, 0.016116816104294815, 0.019467545039960312, 0.023764827513825422, 0.028586647763217867, 0.03350192420750578, 0.03868940880337026, 0.04431370364934241], "angular_velocity_true": [], "altitude_sensor_readings": [303.3812453153111, 296.9038938480778, 291.6526475543184, 295.8681903983412, 300.77605923011896, 296.9208986719137, 305.91152225476446, 304.315864149552, 298.824228631818, 287.8169155043721, 291.50926465254315, 296.3882307631958, 282.24369359060904, 292.8258957025375, 293.31151434811187, 289.86507765105165, 280.48338416401197, 285.1878396880678, 282.1458329898711, 277.33030063757576, 287.1203341361308, 273.35345313640886, 268.9079599859752, 272.23997767660427, 271.84966840803133, 267.4324833469716, 256.3978707849499, 261.17394423798794, 261.47966750186083, 257.9497846464283, 256.8840169606203, 257.7586538216323, 248.12230079583398, 239.54775761771518, 243.0066852645376, 232.10982820277638, 226.17190977788616, 236.22854514919473, 224.05345523500085, 215.3522684836939, 218.35352734783848, 210.70195742594393, 207.89668534451445, 203.09689327825245, 202.53764658616174, 197.80396973998734, 195.94859852171257, 187.6574769338874, 172.79894670333644, 182.59158112184133, 169.09281185794907, 173.90481011726857, 158.99527893599569, 160.63144103921329, 157.31307124168143, 147.5212395626364, 138.87813032699498, 142.39780502836132, 129.8025917380461, 128.342621103905, 115.66853894475223, 107.11749833837678, 113.07943601175076, 91.5023529555667, 90.9622832309333, 87.48378692606546, 80.60379196878499, 72.40570969178374, 65.77150259797212, 65.55029052669661, 57.32846937787201, 52.425102721709926, 38.9033375638217, 22.117332028234546, 23.06352249492185, 20.17508494336997, 10.802347542413594, -6.479781671743543, 1.5906779716717057], "speed_sensor_readings": [-2.3539446666555337, 0.19754624366028972, 7.401609899449556, 5.288445112318629, 6.994355263262674, 6.545667930280338, 9.81314087464666, 9.438975687249325, 7.925460217049254, 6.955242552005209, 14.343493104673641, 14.618101095358712, 12.783014134597193, 15.049527313103201, 14.004407591734575, 10.377001436203855, 21.910549078335954, 16.16894640952767, 18.750302600600413, 18.626329089806788, 19.441107430724827, 21.003621114540227, 24.488611620067132, 24.593951696910995, 18.725703840450965, 18.42538769750432, 26.32481416808825, 26.653380574339298, 28.93373984161604, 28.30527723547624, 26.40484840502424, 22.703316708465756, 31.310120836566508, 29.17203530773734, 29.654977362851056, 39.281864668958065, 34.593083672003935, 39.38824657248769, 33.097097572932064, 38.13180812832949, 38.607721171613825, 38.54118833622389, 42.77192674869398, 44.33684045743841, 44.54417543080374, 44.513844471052295, 43.225734946722724, 48.26314110583373, 47.05573813385915, 50.45073965982141, 49.85357004379622, 48.8545343519318, 56.493786855045585, 52.31376748038648, 52.6075698580661, 51.77386273850403, 55.33283353974291, 56.54626333823303, 52.97550562486386, 61.71818406828955, 63.36686186684011, 58.454720114832504, 60.36499225125833, 63.914092647148344, 64.36231946475475, 63.48168223282052, 63.558678154534896, 66.61734910359408, 65.37285447390799, 71.24268163860503, 71.3547828751779, 68.25487781932095, 71.8027672946941, 65.9873640949265, 75.56473297962202, 73.01349117102038, 77.57854800624465, 74.20658445996422, 2.834024226909365], "angular_position_sensor_readings": [-0.14165271980373548, -0.7826785473044948, 0.23913074478177765, 0.2377060183020675, 0.28040240754888973, 0.4377732750723821, 0.27493294494693993, -0.044465074879426844, -0.23115366522350578, 0.7460844109829059, 0.08609551337924042, -0.4380084500931, -0.11031600294274656, 0.5267438312558534, 0.11784269984740621, -0.222436959220989, -0.6215722201836498, -0.44664330520871104, -0.6069490497177097, 0.06558009617661477, -0.16995212950025998, 0.15173671787167564, -0.8502538392692932, -0.022519218461579532, 0.13666816228512202, -0.28796017965146964, 0.20122129419977203, 0.27901922385162664, -0.10013427820762988, -0.2712678378088977, 0.030776144133759117, -0.26727000801333073, 0.04493433183491234, 0.7514063435988404, 0.0849336196553524, -0.44961300959340467, 0.07926135927927164, 0.42633496782074626, -0.2773947076053737, -0.5136372928468736, 0.02710327484076533, -0.12923213295627342, -0.23545382425949263, 0.286170289096989, -0.0912021379280358, 0.08592661347413962, 0.4784463051106409, -0.21914148056873275, 0.09509953879790624, 0.19554419145955168, -0.06961644682420608, -0.29368903356255655, -0.29598820439340656, -1.0612789188403453, -0.44425533804861134, -0.10648128227004604, 0.46689718613031944, -0.21515801961947095, -0.37464390444404966, -0.5373363855200401, 0.27913296952718913, -0.18794595702595818, -0.9296068119162456, 0.3046370138552424, 0.4499639711097245, 0.1657438804861896, -0.12892986958452762, 0.028245316001169647, -0.006153320729683326, -0.48703671509060814, -0.17492706240881664, 0.24774302775176768, 0.6111371745769909, -0.3494680873900312, 0.33786615278743, 0.2472887343656821, 0.14296356444613434, 0.7273964730641774, 0.7855324746097547],