{"position_x_true": [0.005870342842166095, 0.03328158369822536, 0.10176091845991092, 0.2154796069967966, 0.3822603380033585, 0.6251026243347817, 0.9633269358231298, 1.4164760836314503, 2.0041996031701794, 2.746295455603616, 3.662739946989301, 4.77372399631218, 6.099384710384589, 7.6592643689637185, 9.463704716154336, 11.513580513921005, 13.807460705642706, 16.340094163478508, 19.102275335040257, 22.080700277166333, 25.257813479328256, 28.61154678608988, 32.11513907617466, 35.73585261338538, 39.43513813122307, 43.16904760936198, 46.88734478559446, 50.534161934833065, 54.045784807553666, 57.349719283663624, 60.36932894998014, 63.02398983240248, 65.22738698035174, 66.89321702472809, 67.93903641309272, 68.28986089894885, 67.88415492256054, 66.67956861473849, 64.65965967012828, 61.841243161594086, 58.28831530105547, 54.12448275396952, 49.531010659628244, 44.77461950580828, 40.01822835198832, 35.26183719816836, 30.505446044348396, 25.749054890528434, 20.992663736708472, 16.23627258288851, 11.479881429068548, 6.7234902752485874, 1.9670991214286264], "position_y_true": [299.9548877513037, 299.8195929350287, 299.5943321077575, 299.26342451682655, 298.8070564412835, 298.2211793788352, 297.5054370685647, 296.65799211451423, 295.6748536892236, 294.5507283194402, 293.27855017899367, 291.848492964928, 290.246991574318, 288.4557576592383, 286.4533817737922, 284.2178246259322, 281.7249030778268, 278.94693205777116, 275.85430845942193, 272.41624750949643, 268.60142565929823, 264.37845295286417, 259.71666377435844, 254.5865562377387, 248.96054524652743, 242.81419600775897, 236.12686550471346, 228.8828439318008, 221.07300340511938, 212.6975466049643, 203.76729186793048, 194.30599792265664, 184.35530450577, 173.97449241210182, 163.2433962466891, 152.26366459341074, 141.16071027837262, 130.0849718387494, 119.2050925488161, 108.70764322435718, 98.79995889123614, 89.70069319978641, 81.46778758747386, 73.59322893488893, 65.62057028230399, 57.549811629719045, 49.38095297713411, 41.11399432454917, 32.74893567196423, 24.285777019379296, 15.72451836679436, 7.065159714209424, 0], "angular_position_true": [0.0008186829457579764, 0.0032869649319771624, 0.007434011961547813, 0.009972000592001918, 0.006769351236430259, -0.0029943541731325667, -0.019359937441865017, -0.04226522470802293, -0.07155436673916535, -0.10724892856727536, -0.14952556467618328, -0.1985615375375829, -0.2544438702845744, -0.317132243534714, -0.38631330617528065, -0.4617419924119954, -0.5431961733398456, -0.6302156710766856, -0.7223843533356552, -0.8193289180992624, -0.9207695654861967, -1.026478118121324, -1.1364095636114513, -1.2505630956782787, -1.368990555691648, -1.491949002316566, -1.6197577785932167, -1.7529214446339447, -1.8917168502754165, -2.0360553924676603, -2.1863174423839062, -2.3430432056871178, -2.506172486656675, -2.6757500363636404, -2.8518972362145374, -3.0348856939583198, -3.225001096986719, -3.4223589839288, -3.6278306011472585, -3.8427978406995353, -4.067979186528578, -4.303636668029437, -4.540992438640525, -4.774691327742055, -5.008390216843584, -5.242089105945114, -5.475787995046644, -5.709486884148173, -5.943185773249703, -6.176884662351233, -6.4105835514527625, -6.644282440554292, -6.877981329655822], "angular_velocity_true": [], "altitude_sensor_readings": [298.93034672423727, 301.92441388595654, 294.92975798258357, 297.674486203823, 298.5772668928898, 298.24887894958016, 294.05843043716203, 297.24395091715195, 296.26001277341004, 294.3864934480334, 295.5504327766323, 289.54871863853765, 295.1228012384031, 294.7689087506874, 285.8444506936421, 285.7824808841004, 285.01605541938113, 278.17048425497876, 277.86166084535625, 278.0002103491804, 272.8740065587267, 268.3950230164554, 256.50373121992476, 259.8022921912701, 252.99661650556286, 242.42510191354052, 238.28587177450092, 231.687335872742, 223.51353501373418, 206.5600406524589, 202.31814699671332, 195.31903462631345, 176.58129525104152, 176.2052178588767, 162.7315029348284, 146.81334374943347, 138.9599431312881, 133.12354256698356, 113.83675870868144, 105.06406144591888, 91.71844794023754, 93.09105634294933, 85.4471522710455, 67.99148610886449, 65.37234980989092, 47.109470279646544, 43.12362367013429, 44.50814158894577, 34.095645250051696, 22.430324445245756, 10.391354523075274, 8.924335907183776, 0.8231576844923789], "speed_sensor_readings": [-1.057265926178337, 4.845935334555595, 0.7908189593422859, 6.791325676069518, 7.482537837927382, 6.1893398806093955, 14.380859482119607, 9.690270255222597, 12.420696435323249, 14.326447141278617, 17.421131680763285, 12.158975379286723, 24.896887821808495, 30.086725376000924, 30.599455428999452, 29.636395796812515, 34.60806433753074, 41.651489277374935, 40.93705974914645, 46.404570133914724, 46.93546648495141, 60.20700338711726, 64.75797790305862, 60.61577937445192, 66.64987267822532, 65.7014275258941, 78.96684403537304, 83.30021520041099, 85.88736595588772, 97.0434941265047, 97.62345252268025, 97.66173548407025, 104.50437131096822, 106.87529537705299, 109.76778502073023, 119.47451010667095, 118.46888444755952, 109.5050629304714, 108.70650542482625, 111.25593565751336, 96.95629561172721, 98.92776034157828, 92.33611341816874, 88.88758168574938, 82.07015428596537, 91.12814022236016, 97.33776459141667, 96.73104236079148, 98.46863705676871, 95.57788246433091, 97.04447526145856, 102.27856653220465, -5.633167752780408], "angular_position_sensor_readings": [0.2623994209018752, -0.9263048188950473, -0.6425057719903625, 0.0002228344219916776, 0.1598923163607753, 0.5254038420272954, 0.432715596780359, -0.15452161145020535, 0.8778648672794395, 0.06111368908204298, -0.04487161063334534, 0.4427726192156718, -0.1271656759912159, -0.29631523594975917, 0.27196193788262185, 0.10487359479538733, -0.27426231345163976, -0.5549520801890138, -0.5661340105174217, -0.3910033585699936, -0.9096629610742861, -0.5813298393958488, -1.17412446878283, -1.481015845166305, -1.153140794356644, -1.3333181503729858, -1.2063326329344275, -1.810544793608168, -1.8496361563077413, -2.126587095169668, -1.8323339103897973, -1.8102313756934065, -2.822136974607933, -2.555466026891989, -3.3116567230784053, -3.795421752084421, -3.423713633302139, -3.346053021574241, -3.497619521249247, -3.9259791476046355, -3.851643929589625, -4.530410397058458, -4.4554191953478774, -4.332373947167517, -4.5771484321792935, -5.250245171935071, -4.200502111321442, -5.181946122913445, -6.5069280404633805, -6.149554170375119, -5.847523532397349, -7.252000740326691, -7.295651895277793], "angular_velocity_sensor_readings": [0.2252460435426367, 0.12878130252866798, 0.7890058812647747, -0.06659464016964531, 0.049240958254820055, 0.09379191552656974, -0.651109817888165, -0.042800616744091274, -1.0612845730592513, -0.04612895406076156, -0.3017399572613083, -0.5826408655904827, -0.39589264238307276, -0.6231260831615655, -0.41313021330355254, -1.0472956752989246, -0.43678877684105427, -0.2969743587674052, -0.5595952630666143, -0.9335326635498185, -0.46064637796592534, -0.685834047457132, -0.9006795116705493, -1.0281571405643741, -0.7043890142129042, -2.0079761048687876, -2.8346920937950353, -1.658821156339939, -0.9252420433394122, -1.7401092567859489, -1.8108992350649555, -1.034136211343705, -1.9322673281157434, -1.8740801900816684, -2.3272795746834225, -1.6722389248238037, -2.3762283906133783, -1.0669929830327751, -2.716214072493965, -2.1845810588318995, -2.7261051259430236, -2.060243837308719, -2.0897569900638637, -2.081446428215449, -3.060434795081348, -2.640174681877908, -2.4423265003651946, -2.532165407494771, -3.239048752592579, -1.796661621774097, -2.116784345598014, -2.930463164272474, -2.5607251557781647],