{"position_x_true": [0.00977948179703841, 0.04883181286575458, 0.13673754827203533, 0.2776758778260616, 0.47180458905876477, 0.7310157477793766, 1.067576052530401, 1.4774065949347335, 1.956276171590778, 2.5163287718524736, 3.1698933751175775, 3.911359421457326, 4.734758627701891, 5.652110973920052, 6.6757755706969935, 7.797718992471051, 9.009369126294606, 10.32209871524066, 11.747150595249764, 13.295688074915773, 14.94927610222449, 16.68806399814907, 18.519765205676737, 20.451374246605088, 22.48916568168784, 24.60722949191086, 26.77778283732304, 29.001317008001983, 31.276537346054752, 33.60087702369005, 35.96407141048124, 38.34839726528621, 40.73607557645699, 43.108173448315036, 45.44511283731329, 47.72778244466907, 49.936578815066305, 52.05272750890067, 54.05802590015345, 55.93337260843636, 57.66075923677449, 59.224461538391836, 60.60825958259829, 61.79465448524222, 62.76725866865094, 63.511009291351385, 64.0106240494026, 64.25065535668503, 64.2154370444416, 63.88962563368131, 63.25937466592117, 62.311943478944094, 61.035885818445564, 59.42036530071563, 57.45539157520459], "position_y_true": [299.95094506002795, 299.80375494150167, 299.558348826671, 299.19880239223033, 298.71300182015017, 298.1084257489119, 297.39200681868465, 296.55445649138255, 295.58622906438063, 294.4927397009315, 293.27807306436387, 291.93137476323585, 290.4413118057134, 288.80970194609216, 287.03697974532537, 285.1117401210991, 283.0221395437036, 280.7658585969429, 278.33845039808114, 275.7337415397483, 272.93808435256574, 269.9373643596741, 266.72294302507225, 263.28461586451624, 259.6106711899791, 255.6920222360552, 251.51991192129054, 247.0813551905214, 242.36188942119878, 237.34576302551724, 232.01980511268786, 226.37468449147715, 220.40196276312284, 214.09460693329387, 207.4470109525077, 200.45466785413976, 193.11424782226402, 185.4230830570233, 177.3788910102601, 168.9807802589053, 160.2281395056223, 151.11946154156763, 141.65345021013272, 131.82965644263913, 121.64723704117436, 111.10405683435673, 100.19810141188545, 88.92774403415676, 77.29120811450724, 65.2857331763948, 52.90625089682116, 40.145476902033096, 26.99377338986465, 13.439778504989889, 0], "angular_position_true": [-5.767822243669148e-07, -1.7647732190606668e-06, 1.9224768017877876e-05, -0.0032004971422490798, -0.01213860181247696, -0.025152041864223318, -0.040569381578110124, -0.060012429460330606, -0.0851056328216174, -0.11419465288966996, -0.14555196701169387, -0.1807592559034387, -0.221420357665557, -0.2658404355442136, -0.31232371953412097, -0.36262263444461657, -0.4185235661838319, -0.4782588919381924, -0.5399366699345938, -0.6017229973616445, -0.6663032725380792, -0.7361984723490618, -0.8093912278350558, -0.8839974326086533, -0.958184647474668, -1.0347773421354924, -1.1164834193154474, -1.2010670204764917, -1.2863350351621972, -1.370197324406824, -1.4515372060382847, -1.5301896549357858, -1.6060004328771633, -1.678664988691334, -1.7479178921341862, -1.8136332623317128, -1.8755794613366128, -1.933689010482763, -1.9879871572443844, -2.03828331926611, -2.0845651826620166, -2.1272001203272373, -2.166369790530995, -2.2018727016940707, -2.2335733354342593, -2.2615293469594384, -2.2856619426570464, -2.3057029350346134, -2.3212176549197228, -2.3317939966263346, -2.3371788846525265, -2.3373197668060257, -2.332302227772705, -2.322020370396683, -2.306282617930135], "angular_velocity_true": [], "altitude_sensor_readings": [301.1934934543105, 304.5433503143038, 298.8253349378028, 292.9973084812148, 292.21758162619074, 290.0761143271344, 291.8238249350882, 297.4808478650438, 298.95539150416744, 293.89071580140785, 298.28473455076346, 291.63288001883086, 286.5143200124803, 286.8958405881338, 293.0672184733001, 289.951267752363, 276.2942044500966, 275.35831669940177, 280.5224724343436, 272.8998657023799, 267.8478906291686, 272.8565811236847, 268.2308825452563, 261.02122048457005, 259.01363681128413, 261.0476596600864, 246.96390138921274, 245.13427563278282, 239.41751449435583, 234.45251153098386, 232.10424433854607, 226.82980399528665, 221.27621444846454, 213.71072515842945, 205.13206426405765, 198.00211345839625, 193.68714836841448, 185.17460006673352, 171.43571636754626, 168.31169347095178, 159.01237111829033, 152.09022301457335, 142.45973952642962, 127.41093524704156, 127.61907593096942, 114.47586365700148, 99.5387061229891, 90.13464225658619, 75.38571764299789, 62.09111757295752, 55.741678549572164, 40.31962179441886, 26.29322740286976, 17.516232654962337, 0.22890002208128934], "speed_sensor_readings": [-0.02966507490117909, 2.1189925930029605, 6.370563856004062, 4.145710796397911, 5.6431773997663495, 7.430388812929831, 6.3310770468912665, 6.870121582519569, 14.376821740933199, 13.573906189526827, 11.876492543319822, 15.632344739998977, 16.427164877797008, 19.520281850720682, 27.594638567927362, 22.286920912226673, 25.665984448319623, 27.585028595595244, 25.00936745924185, 33.34967764885526, 36.96482715787862, 35.87921331486239, 37.144141301365075, 41.561162117850174, 43.503128750250085, 50.719813825965865, 50.15554358476611, 47.28818275142564, 53.15357534905289, 58.266006215612855, 60.920550846752896, 61.66048349720541, 66.37648725132803, 71.32840604909964, 71.75193761445126, 68.89434765343567, 77.4785113168248, 81.32186732008992, 85.20692561041986, 87.0961948868255, 87.93679309525866, 92.66049213230433, 94.70657031193107, 99.51564904704001, 103.36803315117376, 110.95832399115254, 113.1999261914575, 115.44208634407865, 112.03672307221427, 122.68351987176733, 123.38913902287874, 132.4765247886812, 134.2263025914822, 140.11878019842965, -1.969451493002094], "angular_position_sensor_readings": [-0.85556112515811, -0.4350542744294876, -0.24411132199306504, -0.3769380854032387, -0.1164204257010989, 0.6379705588458784, -0.46521577158717636, 0.00019710572725170628, 0.28606464474799975, -0.09091561083666294, -0.8539622929362221, -0.20952516986036698, 0.12334371267875249, -0.7085646495293375, -0.1696761577598501, -0.38128445021865753, -0.0788760720382472, 0.10539893058580574, -0.2080348926802511, 0.059834360261008634, -0.1566077910071635, -0.375225523062211, -0.9983848014208753, -1.601919653088806, -0.8140252231518615, -1.1965238397912026, -1.2874973657618034, -1.0871127526352846, -0.4458093714477357, -2.0785546872395537, -1.197436983620243, -1.515266683204003, -1.0663408784027735, -1.5222254966108597, -2.210182403435418, -1.9954188987733639, -2.1540490018725564, -2.7067714465507446, -1.6170898402571472, -1.8575534050324025, -1.9564016132089, -2.4776001511240047, -2.699684513116006, -2.0329133015692307, -1.642220322264674, -1.8792013191308041, -2.16148396027916, -2.4503394704368477, -2.9908644816528334, -2.1730987310475447, -2.4043932423067678, -1.7445340922286157, -2.3193766070228725, -2.4084278197685505, -2.289196985257576], "angular_velocity_sensor_readings": [0.07797282821893639, 0.3074096089243294, -0.22169549964603086, -0.3132964309692873, -0.815516489737846, 0.37322671710405275, -0.17437792035952032, 0.03151186965802466, 0.10080752347047084, -0.8597179341915276, -0.24276897599294586, -0.6854425496136585, -0.48415349021598036, -0.9997230774414988, 0.01634713353528211, -0.8300839534260642, 0.15226037966238337, -1.716301415971316, 0.06662615930277749, -1.2946843704244597, -0.980584915589916, -0.7049010025106397, -0.49245581293152296, -1.136456436012966, 0.010241274902284103, -1.02336651854405, -1.0731042566134201, -1.0764882290239506, -0.49939187000796614, -0.4571430676671892, -0.5256408768414397, -0.9471371663523811, -0.44642437165073456, -0.23383391627339212, -0.21199221640727295, -0.47660928324889856, -0.6735228153858932, -0.8559758971874787, -0.5399531844288362, -0.5570846140706216, 0.16005712476593492, -1.3323185441927932, -0.8336845966036558, -0.351592162220869, 0.4226323172953205, -0.34695059954312246, -0.014811064467312313, -0.41675359047416816, 0.25510894645273896, -0.9227857770243134, -0.19988274142910184, -0.1185969198709097, -0.45061041198408375, -0.2791934228006116, -0.2810380345313601],