{"position_x_true": [0.0, 0.0, 0.0, 0.0, 0.0, 0.0, 0.0, 0.0, 0.0, 0.0, 0.0, 0.0, 0.0, 0.0, 0.0, 0.0, 0.0, 0.0, 0.0, 0.0, 0.0, 0.0, 0.0, 0.0, 0.0, 0.0, 0.0, 0.0, 0.0, 0.0, 0.0, 0.0, 0.0, 0.0, 0.0, 0.0, 0.0, 0.0, 0.0, 0.0, 0.0, 0.0, 0.0, 0.0, 0.0, 0.0, 0.0, 0.0, 0.0, 0.0, 0.0, 0.0, 0.0, 0.00407019465253479, 0.020359948010693706, 0.0569819910685279, 0.12196348351230753, 0.21928276492622967, 0.3487477557264099, 0.5096427608466749, 0.7008613673637695, 0.9210631443606034, 1.1687342061920352, 1.4420723035069427, 1.7388506504445593, 2.0566165948319526, 2.3924643310068476, 2.742976295933665, 3.104246972543601, 3.4719016575347603, 3.8412639401581363, 4.2073664685796635, 4.56485413688248, 4.9080600907068375, 5.231248570561851, 5.528854426033267, 5.795395608431752], "position_y_true": [299.95095, 299.80379999999997, 299.55854999999997, 299.2152, 298.77375, 298.2342, 297.59655, 296.8608, 296.02695, 295.095, 294.06495, 292.9368, 291.71055, 290.38620000000003, 288.96375, 287.4432, 285.82455, 284.1078, 282.29295, 280.38, 278.36895, 276.2598, 274.05255, 271.7472, 269.34375, 266.8422, 264.24255, 261.5448, 258.74895, 255.855, 252.86294999999998, 249.7728, 246.58454999999998, 243.29819999999998, 239.91374999999996, 236.43119999999996, 232.85054999999997, 229.17179999999996, 225.39494999999997, 221.51999999999995, 217.54694999999995, 213.47579999999994, 209.30654999999993, 205.03919999999994, 200.67374999999993, 196.21019999999993, 191.64854999999991, 186.9887999999999, 182.2309499999999, 177.3749999999999, 172.4209499999999, 167.36879999999988, 162.21854999999988, 156.96607992053177, 151.60315008519296, 146.12145540664773, 140.51255277269033, 134.7721029055237, 128.89978911373638, 122.89482064691082, 116.75609520056011, 110.48239645781258, 104.07246043877691, 97.52494410202254, 90.8383744652563, 84.01133425584271, 77.04240787936371, 69.93023573602827, 62.67363971655858, 55.271721080336924, 47.72398503702416, 40.03041807658525, 32.19160249213037, 24.208837234785637, 16.084216279389423, 7.820622056700074, 0], "angular_position_true": [0.0, 0.0, 0.0, 0.0, 0.0, 0.0, 0.0, 0.0, 0.0, 0.0, 0.0, 0.0, 0.0, 0.0, 0.0, 0.0, 0.0, 0.0, 0.0, 0.0, 0.0, 0.0, 0.0, 0.0, 0.0, 0.0, 0.0, 0.0, 0.0, 0.0, 0.0, 0.0, 0.0, 0.0, 0.0, 0.0, 0.0, 0.0, 0.0, 0.0, 0.0, 0.0, 0.0, 0.0, 0.0, 0.0, 0.0, 0.0, 0.0, 0.0, 0.0, 0.0, 0.0, -0.0008460082976873799, -0.004228415249464092, -0.011841468801983814, -0.025379479268063533, -0.04565703444413651, -0.0726235494278147, -0.1062852982310975, -0.14667517409626685, -0.19381604017234816, -0.2477077050168828, -0.30834336168403165, -0.3757307793864569, -0.4498540100255778, -0.5307081371906853, -0.6183059881012202, -0.7126714333449733, -0.8138369059442463, -0.9218208385228537, -1.036631509907476, -1.1582895558430595, -1.2868288305064617, -1.4222761627332732, -1.5646316935821658, -1.7139124828119552], "angular_velocity_true": [], "altitude_sensor_readings": [303.64027361140523, 299.84070433585526, 299.61430797164195, 299.7871342654454, 297.51131843953414, 307.2943419437711, 296.4326260396812, 297.66364050933674, 295.1337114818057, 298.7271350351526, 292.5863578057194, 290.9701948046542, 301.72914293978755, 291.79793854463895, 287.21091339144846, 290.248473473211, 284.40360679595045, 289.1235089993121, 280.0767539385835, 278.66392933486185, 279.12212279576386, 274.6650688911489, 274.32162882244506, 272.3126510156698, 264.6830497194001, 263.97730867138654, 258.6564625311467, 263.2001246802735, 255.77289616174554, 266.34939215675274, 254.62402605394308, 247.34962827724536, 245.3066357600816, 245.71045184578892, 238.6278012689334, 236.94747884605206, 231.34388756490105, 231.51208409322277, 222.96667570642552, 225.4799277328544, 210.7409103555601, 216.91313182169958, 204.19458506107617, 204.50514191732802, 202.51857152467267, 194.48659200463345, 189.18874950710142, 191.55517778189594, 186.06523354836563, 177.72641395419703, 168.07972271137214, 157.97744028723173, 162.53549188614272, 156.33682091492108, 153.4052889369577, 153.3072257536053, 144.29397399993178, 135.90379019654193, 124.72602370510864, 120.70439020479917, 119.28655785070073, 118.02580346138161, 103.06669989788888, 106.6107334899205, 93.79708917070066, 83.40463239445897, 67.95341636631609, 66.67757135486274, 59.62458933338275, 57.786860306817545, 44.48093003993219, 40.65131760224821, 30.976516013097303, 23.116663395848523, 10.487596683479003, 8.068734172757319, -0.33537845914425585], "speed_sensor_readings": [-6.6542323167131325, -1.2187409323565541, 0.9048382210221928, 6.326292128212499, 7.2537489060564875, 3.4953347492950435, 7.269181047199671, 6.559923963591526, 7.997733212804974, 3.298096754420758, 8.958232138859024, 10.030435039954586, 12.072806171649207, 13.746612078648734, 13.166771107229552, 15.60027772368631, 20.441770071978695, 17.12674933597854, 18.56450003178007, 16.34745867481741, 16.785940684644167, 20.38045285792735, 24.353997951870156, 21.782782938409316, 18.544204187678115, 29.381864825217463, 27.233867681847574, 28.286399580697157, 28.99745629006924, 27.607735920930942, 27.628624898456977, 33.61345810563369, 36.66434298178074, 31.72030421510395, 36.30501178889879, 34.517081531065585, 42.02971366706404, 33.88760718158158, 43.15451447341442, 38.62753248904316, 41.914519669344244, 41.87283682284569, 40.54452757190578, 43.798079808145765, 50.216234821149705, 42.19766618216987, 46.6635776030392, 49.79888850066829, 51.72245735765742, 47.767368024655504, 46.97553588910455, 47.94701633796814, 52.23093561134209, 58.01709793917982, 52.48724418943693, 54.01257101193676, 56.121758873449146, 59.58227476991781, 62.02581318125124, 60.5111357769458, 62.160168392605065, 62.524431460241324, 66.27031852582051, 68.06771130356344, 68.48880260797576, 64.56976062910309, 70.7771994434799, 69.58897891314348, 72.22849336279869, 74.91762385207214, 76.0726967257639, 75.67675344342459, 75.41002189874106, 78.08151390288906, 84.82527569645193, 82.05571064014146, 3.693646221106273], "angular_position_sensor_readings": [0.19487297681861204, 0.3420610637823299, 0.3690460047619555, -0.1311418247193677, -0.01918383571892336, -0.015291061158118707, 0.20338243963669633, 0.3249593347688837, -0.1074925935096889, -0.7422028811265409, 0.4250484753376504, -0.4583916663307543, -0.14859141561010605, 0.1573777735600782, -0.21905663028014077, -0.3283500157845116, -0.034767385845647335, 0.4693425337228046, 0.007078581046311043, 0.5315437566123452, -0.04006833807115807, -0.14594414782433016, -0.042428586338834506, -0.6755482434630311, -0.5212941455365131, -0.3608397675670134, 0.29216895500312473, -0.09821164382018766, -0.22827029931256626, -0.3117382981173931, -0.17444697790976776, 0.16351220546512807, 0.1392057491710372, -0.4060102809948866, 0.5703253470461942, 0.7081718058519458, 0.17685948268389648, -0.12601027754774083, -0.34284328370256456, -0.1943014980771984, 0.023697139957082794, -0.033394814827749225, 0.4865302327406535, -0.19446243670628474, -0.16875611950077643, 0.38142857487166754, -0.7507337278483034, 0.4048289963705871, 0.4371528755280637, -0.46116111366259704, -0.38309782321980557, 0.11502147197947431, -0.04393037625046523, -0.09853292228109735, -0.3272090772402462, 0.06364617401820713, -0.10263266957798792, 0.22066440901385223, -0.8175299147011433, 0.018531205235279485, 0.22912984170222545, -0.4067567327708876, -0.3773076429410994, 0.13772072360244542, -0.18107364000245516, 0.5728728948003415, -0.21602211907134905, -0.9030856811483565, -0.6893310829332933, -0.8643295786552128, -1.3288119490151478, -1.0997838295346885, -0.5303651092369455, -1.3263306074466485, -1.333317838795324, -1.3307361255664567, -1.7192943742526148],