{"position_x_true": [0.0041073468554284264, 0.02050719596466133, 0.059327415817488016, 0.13691096535235373, 0.2698102902892249, 0.47066848773890235, 0.7524996812788334, 1.124179115919506, 1.5902378112609523, 2.1551773890244035, 2.82367405869272, 3.6002816279664893, 4.48937576037616, 5.495580728203052, 6.623368717546327, 7.8771388120480825, 9.261486103600486, 10.780952136354404, 12.439768523735726, 14.241953453049245, 16.191692777349864, 18.29322036083504, 20.55092233785357, 22.969220303170474, 25.552368006569132, 28.304915810988078, 31.231588124355362, 34.337200415737854, 37.62643597746272, 41.103421083015675, 44.77229659901634, 48.637846498295744, 52.7051183498452, 56.979160041900286, 61.464625503534606, 66.16579129244923, 71.0870313798658, 76.23328889202453, 81.60980077517551, 87.22148586415076, 93.07414727097719, 99.17414662608464, 105.52821628168775, 112.14438200492857, 119.03098588265148, 126.19635776973789, 133.64962509016155, 141.40119111142286, 149.4626654070605, 157.8461524872259, 166.56392553642132, 175.6288550899378, 185.05573191169077, 194.86237000331704, 205.06755495524675, 215.68988572222716, 226.74920171458476, 238.26766308776334, 250.26860965545853, 262.77555360546023], "position_y_true": [299.9468669568773, 299.7833467477174, 299.50104524422295, 299.0954908494622, 298.5701360490737, 297.93203299077567, 297.18763549561345, 296.3388731716145, 295.3836156369505, 294.3197776151099, 293.144888433276, 291.8560888107046, 290.45040330687846, 288.9246032569806, 287.2752674576692, 285.4986778592952, 283.59076087761235, 281.54717664593994, 279.36322377179266, 277.03387536579686, 274.55366026732787, 271.9169606283305, 269.11823525727846, 266.1516572579622, 263.01138213432483, 259.6917275814456, 256.1871143734936, 252.49193214782915, 248.60010367813908, 244.50453525286642, 240.19799364143324, 235.67408642729697, 230.92636970578562, 225.94762647422718, 220.73001946654657, 215.26538644983643, 209.54501923524205, 203.56007994705166, 197.3017211714913, 190.76039686520772, 183.92725600769253, 176.79410319339397, 169.35216958427768, 161.59303644710883, 153.50866326582064, 145.0910666853803, 136.3315539705925, 127.22131029687414, 117.75251774354587, 107.91721112371539, 97.70680515997088, 87.11200599980593, 76.12444697865502, 64.7381454968916, 52.94647853262643, 40.741564052218294, 28.11516263483057, 15.060152158888291, 1.5701122330293114, 0], "angular_position_true": [-0.0008384033338195784, -0.004198306936680752, -0.01178972630010866, -0.024483745482912135, -0.04145247262590491, -0.06104066392081789, -0.08157527850936827, -0.10221090857989643, -0.12290480784791938, -0.14364962794505212, -0.1645258398681702, -0.18555346830891167, -0.2066687922019937, -0.2278167161755991, -0.24900599445337254, -0.27028554251884995, -0.29165685406796416, -0.31303441390548237, -0.3343257956449489, -0.3554768029979557, -0.3763928495286137, -0.3969301494441748, -0.4170008699187433, -0.4364543338223411, -0.4551729600488947, -0.47323077219151577, -0.4907531938060275, -0.5079095545430999, -0.5248081806149649, -0.541312976962379, -0.5572411006701476, -0.5726449185451203, -0.5877017334855272, -0.6025819877532019, -0.6171953848440591, -0.6311698617620513, -0.6442209226306364, -0.6562963836062958, -0.6673541016688788, -0.6770777795759826, -0.6853078929119419, -0.6921340802952323, -0.6975204694124807, -0.7014738284468195, -0.7041079539213266, -0.7054469971180218, -0.7053574240385759, -0.7037739107524201, -0.7008920845119637, -0.6968283015023491, -0.6913881655077995, -0.6841912725937497, -0.6750984768398112, -0.6645577983940579, -0.6527172279809345, -0.6393099846391124, -0.6240422931419498, -0.6068586586214515, -0.5875782332062895, -0.5652465623566957], "angular_velocity_true": [], "altitude_sensor_readings": [299.1246817771635, 301.7984587776753, 298.6609842987114, 301.79673517327797, 302.99556894592814, 302.5419215483169, 304.3067441607794, 287.8319637284422, 289.910720973533, 291.26882412647905, 292.90939006073324, 291.7312163620689, 294.2068395211824, 288.44514174128284, 283.20747919780206, 282.5734231896078, 279.8307406114146, 284.7490764757499, 279.137920864719, 270.8366536283276, 276.94652604801183, 268.36603149436706, 266.95663496117123, 262.2621909732475, 265.6188449807333, 254.00754695547144, 251.89571003036096, 256.9398720087416, 243.42624406210422, 242.71286667551541, 239.12043893113795, 238.06044675173612, 233.80879339978856, 227.11017976959147, 219.90182872097375, 206.0800916387412, 207.99629634481354, 207.72050519926103, 194.9744274025742, 191.12137988476863, 189.22809201892147, 177.69642242038276, 167.48305938864922, 158.07190448466233, 154.12352219857686, 153.14231534571397, 136.49982991837385, 123.95676652489743, 111.31895903787586, 113.04973958620013, 94.85645296745601, 93.19294463199282, 65.47926353682767, 69.67554337086786, 49.8821185368051, 37.088790177919165, 23.45690407202879, 11.619253647848343, 1.5872917349324398, -2.399916155363399], "speed_sensor_readings": [3.620741519742731, -0.5114654063055286, 2.6979542007578874, 5.406612644266665, 5.445311266256249, 9.729293556471177, 8.823878594562078, 2.291499755819487, 10.436920557923447, 14.266658400351876, 8.447791912504142, 17.32041654440822, 20.235614759090538, 24.687623375183705, 17.348707960017748, 20.29129654317706, 25.119623315359938, 29.449672352297462, 27.560046262356057, 24.94568261112778, 36.4038912756969, 34.61013497677802, 35.387500607175696, 38.05316050332568, 40.27585377706964, 46.09552210134953, 47.37096309328135, 51.05025768548568, 51.050570703920854, 58.003660899344354, 53.528861104517674, 58.808714591552985, 68.7650170816257, 66.01109980809954, 68.70976597940053, 68.81857125731932, 77.51271806201426, 80.12386557950971, 82.96923706431792, 86.88908072993404, 90.31747500866673, 92.92507582426825, 101.81982566360654, 103.8478500511902, 107.39562614552966, 109.6920019075661, 121.96632890517454, 123.94225178166597, 125.23843689116401, 131.0904217431864, 137.3234252286041, 146.02053816085018, 148.28191033049677, 153.29581722104015, 161.82204852254804, 163.02257530638045, 171.18165213013503, 174.55194065067087, 181.87152423733025, -1.2125255033131799], "angular_position_sensor_readings": [-0.3890864831219001, 0.3774588405613483, 0.3814430410473556, -0.10458832157373513, -0.4374401327655468, 0.4692020840663217, -0.009398455895649346, 0.10325327751488925, 0.1837766171824823, -0.27273923827449087, 0.24605800200230316, -1.0014303610366253, 0.18617164596312746, -0.5525061524897072, -0.11051444551184963, -0.23800676930996773, -0.9690673724598016, -0.22921911851683496, -0.23452697192382738, 0.05565738758166683, -0.561455926872431, -0.058230473897976476, -0.5912631120964995, -0.21260800294867588, -0.284097036389202, -0.1612406723369777, -0.23370908445913335, -0.9259344780341874, -0.8915684285996144, -0.6442530505838261, -1.0449478084008317, -1.0348456062499356, -0.15712545011503387, -0.6383843375975463, -0.675736412279953, -0.405373030703884, -0.8920294096251036, -1.1892429274271303, -0.8065114402698159, -0.7918839971512943, -0.42125185698894957, -1.3542078756437586, -1.2136872430201904, -0.3176021628065369, -0.8072651184670919, -0.7947234487687732, -0.7465783398215438, -0.012937254723858427, -1.4473618597167137, -0.5925259871434838, -0.542624596439289, -0.46735727037133845, -0.6943701717482079, -0.27939978158092127, -1.2880962616451637, -0.4247481308333959, -0.9705999443250943, -0.9748132007671176, -0.3324049084009095, -0.6916784145498744],