{"position_x_true": [0.01128132460263236, 0.05647039595203107, 0.15827709939088397, 0.3395352389651237, 0.6193484023706866, 1.0130607730526857, 1.536242597487183, 2.204611543035301, 3.0340485570864595, 4.040281848060991, 5.230873016829273, 6.604666688973549, 8.158940868795902, 9.889957800208446, 11.79160122910962, 13.856932073600305, 16.077359454974154, 18.438650407182077, 20.922750049878477, 23.50765025776184, 26.166723039947556, 28.86790946774419, 31.570302347284205, 34.226129753062054, 36.78150615483492, 39.177386050088266, 41.35219286217858, 43.24369992525703, 44.79260591524116, 45.94704711700351, 46.67039108609892, 46.94861601732788, 46.79733827597199, 46.269059066669804, 45.45738219564636, 44.497558808160676, 43.56499134260647, 42.86302124360709, 42.60432825727935, 42.98104336248126, 44.12275463545159, 46.05348490776368, 48.654122610940426, 51.639887948440375, 54.7155036543111, 57.781313481367796, 60.84712330842449, 63.91293313548119, 66.9787429625379, 70.04455278959459, 73.11036261665129, 76.17617244370798, 79.24198227076468, 82.30779209782138, 85.37360192487807, 88.43941175193477, 91.50522157899147, 94.57103140604816, 97.63684123310486, 100.70265106016156], "position_y_true": [299.94707650215605, 299.7846351645359, 299.5049312032425, 299.0993285281563, 298.5625246773911, 297.8917699985022, 297.0830125442348, 296.130687544398, 295.0270353601557, 293.7612716713837, 292.32170615880835, 290.6967721054099, 288.87293789684435, 286.8368323806122, 284.5731199647661, 282.06298920034453, 279.28463388627415, 276.2133320102047, 272.8250901656494, 269.0970931919269, 265.00785496426744, 260.53860486818536, 255.67375857774167, 250.40332920919573, 244.72569984789186, 238.64949201913038, 232.19620929827772, 225.40227771294687, 218.32188963827574, 211.0295318988504, 203.61761074498898, 196.1946757485757, 188.88217700748842, 181.80537379125974, 175.08050740854196, 168.7998882820494, 163.01582461171324, 157.72233073304147, 152.83636052405384, 148.18774809037308, 143.51874668842694, 138.50474312391324, 132.80227745649142, 126.11377100071098, 118.76962047203395, 111.27783883200216, 103.68795719197037, 95.99997555193858, 88.2138939119068, 80.32971227187501, 72.34743063184322, 64.26704899181144, 56.08856735177965, 47.811985711747866, 39.437304071716085, 30.9645224316843, 22.39364079165252, 13.724659151620736, 4.957577511588955, 0], "angular_position_true": [-0.0008157645923449836, -0.0041201340240262915, -0.011604262742363706, -0.024907179245749124, -0.044906732816900954, -0.07161679456859978, -0.10507381900246854, -0.14538758938501523, -0.19265620365407604, -0.2469056315409041, -0.3082179399080242, -0.3768148577170181, -0.4528472565971468, -0.5368161345565183, -0.6290916553810717, -0.7298588482549352, -0.8392087201475599, -0.9567801065102947, -1.0825595931836411, -1.216764025658475, -1.3597630014943114, -1.5122215543308188, -1.6744167457378833, -1.8465868673332775, -2.0290190830489836, -2.222006480441023, -2.4260156983508954, -2.6415452049067496, -2.8690265395359162, -3.1086125767159705, -3.36065072401364, -3.6257208253261015, -3.9042334827515086, -4.196514427182532, -4.503123059247683, -4.824971441266293, -5.162887569216114, -5.51778130700151, -5.8904261506009, -6.281394081170604, -6.691328480930262, -7.120863194601464, -7.570990030199544, -8.042843120085566, -8.525800085886228, -9.008720782977864, -9.4916414800695, -9.974562177161136, -10.457482874252772, -10.940403571344408, -11.423324268436044, -11.90624496552768, -12.389165662619316, -12.872086359710952, -13.355007056802588, -13.837927753894224, -14.32084845098586, -14.803769148077496, -15.286689845169132, -15.769610542260768], "angular_velocity_true": [], "altitude_sensor_readings": [302.83154725440323, 298.05610295267644, 306.25341907005276, 298.42075364929553, 296.6903291342572, 295.8927676995141, 300.8227175887564, 298.760099132458, 292.61229916985735, 295.2294889625262, 290.08163733804275, 281.9121301654631, 294.61233517219983, 287.46638465439923, 282.5269866363199, 282.16986704794874, 276.41110547093797, 281.3283855275386, 271.56201722103754, 268.14054952383214, 264.53852517571204, 260.26483372952134, 255.3023817345685, 248.67280668452003, 247.47152297383334, 237.27075862743587, 235.91794856540534, 228.04091527220243, 221.95239023721658, 214.27759695351, 206.7457155524682, 194.7306745643328, 184.29433820398873, 183.0389909196638, 171.287786594988, 162.95428531172314, 162.5266642806409, 161.38126396541733, 152.89839109061873, 141.88050168169076, 144.10134382680042, 141.16816049646548, 138.25420691150322, 128.9717534552678, 122.39771211397698, 117.10569564133752, 100.59688102797621, 93.23021858583478, 87.3918870124426, 83.23792053938179, 71.06742878199181, 71.29007719113011, 57.64759604077815, 60.499612609242405, 41.66811524706694, 33.11287759175787, 22.968525252486796, 9.934366169450449, 4.115074675456734, 6.726099820066912], "speed_sensor_readings": [4.51295250670116, 4.515714502270827, 5.737454882753183, 8.261925533265043, 4.826752123165266, 7.739057190330323, 8.79996319574622, 12.53026372053777, 15.311542309928484, 18.556875430609676, 21.2882932718947, 20.44593003273254, 24.960028262305606, 29.99224483775225, 32.30212181903457, 33.06696988438618, 33.587823139892734, 32.88962013408088, 47.50609690227735, 52.10023643601838, 42.863188326463266, 53.16549907571036, 56.89549478038208, 57.918451650805466, 59.477699558248716, 67.0216997228788, 70.61473240089974, 74.08540687754126, 72.91986195307288, 73.73745401549034, 75.50889307582725, 76.08068547579363, 74.6316092415804, 69.8865367195412, 66.27696140544279, 57.543139195909376, 61.20504257912344, 51.90551014202804, 52.94477799541888, 51.94547104920056, 51.49446566599782, 58.27960110665151, 68.02999153175298, 76.60278693899319, 79.7943689571938, 80.99545854401266, 85.90676334438666, 81.94052118455673, 83.73083333799079, 86.47738847891321, 79.94833929812596, 86.48287217911165, 87.89933800854679, 86.53291946571028, 90.08704768375861, 90.1857980659457, 93.06726437260512, 98.72352936177282, 93.9469043909327, -4.995346487226988], "angular_position_sensor_readings": [-0.449774313645403, -0.1370821100706398, -0.2842183132182137, -0.27420737817079816, 0.23766258501382964, 0.4314093317849819, -0.8473926022295388, 0.24596649933225467, -0.07499713402394204, -0.051505735356069615, 0.5263648004185084, -0.6250824862728522, -0.9435513856613333, -1.2547876256655532, -0.9021354240376389, -0.37592839451135107, -0.980440624858363, -0.6066865608325032, -2.1012090242488375, -1.93901123276673, -1.5116705002730826, -0.9627395668485743, -1.7223825476822032, -1.2748190986538854, -2.366587152037245, -1.6006938797129866, -2.7161646278782783, -2.6791940282608184, -2.7365890762704694, -2.907087902371908, -2.847605892178515, -3.918560291579798, -3.499363200595516, -4.518862888418491, -4.707635386804302, -5.721134513398967, -5.706188280405004, -5.5038870981282, -5.713642860441598, -6.3966752223884304, -6.405939907294309, -6.928344755411376, -7.877980965520657, -7.9403025313272, -7.7092248146973965, -8.922656070996592, -9.937998071437208, -9.633917136871835, -10.868668209754674, -10.945298861335917, -11.54664234641979, -11.592346012752332, -12.186703537514346, -12.097560779197366, -13.405094548553304, -13.325506237796764, -13.77384062716751, -14.94283672818264, -14.371474212364129, -16.3865771326199],