{"position_x_true": [0.0151648869768844, 0.0758006127737129, 0.21251213942580355, 0.4565821913795838, 0.8319658846167681, 1.3552606844595814, 2.0275732796564236, 2.8542811117345694, 3.8615113706802964, 5.0766853217209285, 6.520279663225857, 8.182644128562348, 10.053975526436973, 12.147192087324873, 14.47573556359636, 17.054206864579395, 19.871148818126258, 22.914730844955937, 26.200409469025384, 29.74432948966604, 33.56322086933989, 37.64056194846732, 41.95947786943729, 46.536719817492376, 51.39006669416973, 56.431751774885065, 61.574609882410115, 66.83830346369943, 72.24181412779896, 77.80342156856551, 83.5409271397971, 89.4725663155631, 95.57913721876923, 101.8502262586446, 108.32064318084993, 114.9287748798175, 121.6135123649041, 128.39694055897078, 135.28774212061623, 142.29067416592176, 149.4078442743366, 156.63980623781208, 163.98439527521893, 171.4024337113999, 178.85630918680658, 186.3434810137504, 193.85626861467478, 201.3827102789955, 208.90711606961335, 216.41866339687297, 223.9080840833668, 231.3577510620309, 238.74508165179483, 246.04255138041987, 253.2549227066826, 260.3883946442345, 267.4126882783748, 274.29139322133994], "position_y_true": [299.95099400344054, 299.8038267192532, 299.5582061918205, 299.21336023004005, 298.7687486592916, 298.2242137785685, 297.56331202517225, 296.7733928189039, 295.8610151597674, 294.8313437335303, 293.6875242600717, 292.41207466310925, 290.9884655955254, 289.4198270408457, 287.7075623906499, 285.854369758809, 283.84274107021093, 281.6540363642622, 279.29155888215115, 276.75708742081997, 274.049278920057, 271.1440642913932, 268.01822941282603, 264.6694404936407, 261.09365650480606, 257.3351919420796, 253.43316556249283, 249.37206277572497, 245.13376220819723, 240.69769018666972, 236.04093822592716, 231.1390543990794, 225.96178251882384, 220.47910433456104, 214.66206529054716, 208.5776067415482, 202.2955542523967, 195.78678033109642, 189.01991506651856, 181.9605271463447, 174.57151089914066, 166.81356991155803, 158.6445839064661, 150.14454328719125, 141.39764473349925, 132.36753237453155, 123.01642785069082, 113.30528322637764, 103.19295409740354, 92.74490715784593, 82.02977622796271, 71.01158299422517, 59.653876258623285, 47.919492606335936, 35.86255292962673, 23.53994268251533, 10.919314889115824, 0], "angular_position_true": [-1.179055220623755e-05, -3.1156417099701296e-06, 0.00015080563389125438, 0.0006345814199302559, 0.0016019102010011578, 0.003233799638796555, 0.0021488534818989795, -0.004294306510721465, -0.014273099078729225, -0.025815708993665136, -0.03664863980954168, -0.04933440991194588, -0.06670680521073163, -0.0866611613844796, -0.1068762642867844, -0.12529772799303865, -0.14523262398236592, -0.1698096616692399, -0.19723708089377334, -0.2256493958150382, -0.2527690465082922, -0.28176607362700673, -0.3160451924145458, -0.3536200740380836, -0.39255231559628795, -0.4317625168734625, -0.4709298975932396, -0.5099065431422534, -0.5485323043483501, -0.586563513620157, -0.6237365811020504, -0.6598017072203036, -0.7002064426283001, -0.7493640959415141, -0.8046299005780739, -0.8637987594892883, -0.9246752725951939, -0.9856818947759328, -1.0466983505304541, -1.1076257115555181, -1.1683479229576552, -1.2286523549452062, -1.288497621128732, -1.3483559372736698, -1.4084922531147896, -1.4687980287966327, -1.5292389134818611, -1.589826186713083, -1.6506414912735552, -1.7118367531057357, -1.7734862758879473, -1.8354877636720817, -1.897773382940391, -1.9604142385081675, -2.02354057998013, -2.087168701531478, -2.1512072363773282, -2.2155351406249544], "angular_velocity_true": [], "altitude_sensor_readings": [297.40298882177535, 305.88193783665207, 298.532066358818, 295.8645263784725, 298.3411666380155, 292.1745797389903, 298.12283063224316, 302.20996168358835, 295.9862515022698, 300.90338811890246, 289.3564609605492, 291.7327530872523, 286.83943528604124, 289.21114731831597, 286.5101188174991, 275.1142695254901, 282.83303509244524, 279.52609404150877, 279.22757870974897, 275.05874462478766, 270.7395782163903, 268.20236000426263, 272.450314218165, 265.86492796565847, 266.3372912108937, 254.23213912820785, 247.71432750373495, 252.08293585445747, 241.56837129311594, 241.66163770471277, 236.9877407190671, 232.09600566236742, 229.03360771057012, 220.897032934453, 214.96981371032504, 206.2872064819392, 198.65421632368236, 197.88075547935875, 182.39678528197265, 185.78559335404367, 173.82372681260614, 171.81738471049877, 157.53857028405565, 147.9964469541366, 147.15214411873555, 131.07976743708966, 119.64901552427884, 116.73069302459115, 99.38223223625715, 92.90093005305748, 78.6207838819197, 69.86205082689045, 63.28874848519927, 52.87468459682769, 40.59286653296177, 25.09801927482972, 4.962565311084436, -5.658785024779838], "speed_sensor_readings": [2.320479524848869, 0.09207382061097347, 3.933921343273019, 4.552938037529687, 6.841352917091432, 8.346913744546338, 7.1890217083479495, 13.97054067256848, 19.08933396817229, 15.593115548903702, 13.976635590931043, 19.516571768931815, 28.56072304153888, 28.142708077221574, 28.4237822317194, 38.350620847873635, 30.10832264045127, 37.67797654155553, 46.17213779371525, 50.00775410001238, 50.5937122292271, 45.62978308172333, 54.994220920149004, 58.836250409603, 63.44107789732317, 63.20750254483529, 68.13734464367434, 68.40183298412252, 69.74769427558809, 70.21846600983599, 70.4371595727644, 79.94335416918415, 78.80643255205806, 84.12680146460748, 87.95459202294228, 87.81949723099508, 85.55139131742328, 98.03181901474994, 97.79730015255822, 104.24162437508188, 106.19499438805032, 107.7615891935693, 111.84961626010124, 118.75820405406066, 114.98194715690266, 110.43675910646581, 121.51635924436457, 115.89193192445524, 124.14489617453103, 128.8082399478473, 132.38619522687821, 137.04318904753902, 138.27726309612663, 143.20584801767706, 134.77305718305223, 140.6369388268917, 149.50078048018003, -3.0368179217735105], "angular_position_sensor_readings": [0.08316468362310492, -0.2857229039821893, -0.1609265157278323, -0.31288354846086347, -0.35135303242190336, 0.1455015709246179, -0.45871841619561426, -0.3163429630579673, 0.4623819522905984, -0.0013672353870193069, 0.019426925754219997, 0.22190051216535678, 0.15628513348300777, -0.831334406810259, -0.19233407930343052, 0.07596382472067773, 0.3484039742435284, -0.11132584391271799, -0.2614384074261401, -0.4554551671832413, -1.8078347792198628, -0.07595611211103054, -0.5379202567656856, -0.41446436775330353, 0.03210815724387395, -0.21435281979840576, -0.8188167743166208, -1.5923656485494468, -0.7333455280610146, 0.07454820478648816, -0.19869554561248964, -0.6340079650559165, -1.3701547375628236, -1.0610699857112635, -1.0555093521755046, -0.7928853452119378, -0.798346778666942, -1.0083109776621884, -0.6357355897980592, -2.034138398598796, -0.7463241980518518, -1.3464722395767876, -1.1530651160327658, -1.265054010748374, -1.5952154134204537, -1.9281450364162793, -1.3358896090041177, -1.4743186434266418, -1.902445393832676, -1.7589864499496146, -1.9332985982157807, -1.5712847247805086, -1.2965882946523104, -2.4386837636778513, -1.4487363473141879, -2.3227648806684162, -2.926455063177116, -1.9810652921557734],