{"position_x_true": [0.004089632406124123, 0.022475776006544455, 0.07152565935362529, 0.17189338991236713, 0.34028947635450923, 0.5894413318627321, 0.9279001036694534, 1.3601968094796502, 1.8910509523555366, 2.5252330787664867, 3.2675211944225957, 4.122687289900069, 5.0956707544063455, 6.191511553892816, 7.415148448887235, 8.771494612181032, 10.265686750081784, 11.903041035010897, 13.688792704411888, 15.628012949746807, 17.725860001779772, 19.98760579532155, 22.418549455557944, 25.0240426463814, 27.809374895118538, 30.77970515273315, 33.94004701944946, 37.29541798174667, 40.851204468553725, 44.61297758480687, 48.58593617414038, 52.77501756734066, 57.18548696914151, 61.822930234095516, 66.69217301116183, 71.79684500947019, 77.13992110265947, 82.72413857275404, 88.55214931413086, 94.6261849319025, 100.94729669134452, 107.51473418403464, 114.32682779361977, 121.38051183914145, 128.67000737618645, 136.18699610464526, 143.92074581553433, 151.86010948781666, 159.99230659874524, 168.30063092528823, 176.76546124396256, 185.3621084348839, 194.05975121767983, 202.82393651808846, 211.61444934974622, 220.38740798734074, 229.09841084835338, 237.69730632978374, 246.1277314234914], "position_y_true": [299.9468492139637, 299.7832455385594, 299.504934425051, 299.11153927874057, 298.606401238204, 297.9965727677695, 297.28489065350976, 296.47010141430627, 295.5507192033007, 294.5252293615347, 293.3919689958886, 292.14886100931085, 290.7936750970381, 289.3238265148011, 287.7365122882732, 286.0288606263909, 284.19764922300305, 282.2399339425983, 280.15282675360805, 277.93266087969954, 275.57571061807283, 273.07788379870357, 270.43421097272915, 267.64037731092606, 264.6920524110249, 261.5837762618881, 258.3095049037821, 254.86273401192597, 251.2372384057886, 247.42676705857548, 243.42429520813877, 239.22215932486628, 234.81289458804747, 230.18898624511007, 225.34117636128838, 220.25817957215867, 214.92773238099065, 209.33674818714275, 203.471864262785, 197.31962637877953, 190.8652014073093, 184.0917478277899, 176.98104612125636, 169.51350079631212, 161.66764318551222, 153.42054691728276, 144.74836019861738, 135.62769594156774, 126.03495598171592, 115.94541146795831, 105.333964544735, 94.17505928719885, 82.44247311953482, 70.11069671408475, 57.15619397482137, 43.557747761899826, 29.296710723175938, 14.35707057809832, 0], "angular_position_true": [-0.0008420466257113012, -0.004229043460543443, -0.011040486544488574, -0.021298680370473833, -0.03414611598679053, -0.04790787711810504, -0.061754874313751915, -0.07567825175198573, -0.08968334255191872, -0.1037597197794011, -0.11791929523948598, -0.13218840522395775, -0.1465574959780873, -0.1609811084892313, -0.1754210673076677, -0.18987945320101607, -0.20441598005449266, -0.21911840108753727, -0.23405552676406102, -0.24923987312464593, -0.2647753115999559, -0.2807687747959469, -0.29716930036340095, -0.3141297776330734, -0.33181162528715386, -0.35018011098344887, -0.36924912110671043, -0.3890763275407948, -0.40975882716143536, -0.43141206099401186, -0.45410841195131096, -0.4779883694242252, -0.5033572634168941, -0.5305238823856395, -0.5595795189215871, -0.5903998110012328, -0.6229822284926543, -0.6574970271507423, -0.6941648877904282, -0.7331938599217835, -0.7748547101543545, -0.819250583257107, -0.8662770183736681, -0.91596216009213, -0.9682015327449855, -1.0227802622060185, -1.079553924194987, -1.1387097575604808, -1.2006367330912435, -1.2655515789196323, -1.3336752597942148, -1.4048838539979465, -1.4786586215983615, -1.5546831411948987, -1.6325039960729413, -1.7118077523872461, -1.7929031491323542, -1.8757805978817237, -1.9600418754658717], "angular_velocity_true": [], "altitude_sensor_readings": [301.4031871928954, 305.29786409665843, 299.0800394649723, 294.9129304890573, 297.9085005897522, 297.5637975427882, 296.9385876416371, 300.44405127722655, 296.9609854314485, 289.8445467406754, 292.4776723731445, 288.11625845967353, 295.83175252579724, 287.7352240823574, 288.43854813368597, 285.4720532872936, 290.0493490411631, 285.8938005454667, 279.19626050504337, 277.8441577632179, 269.935018131799, 274.8303480321984, 269.5183471975994, 265.174874719609, 265.0948527899619, 265.09052026396967, 253.17786862986551, 255.37451554567278, 244.0754425585727, 249.50256732425464, 241.45246235277108, 238.6261875588507, 234.34589121348094, 230.74950525662587, 221.90903789756476, 222.85785521443964, 216.76952719704744, 212.109213446547, 198.74798125290735, 187.11535246772746, 190.09713950269264, 180.4290152184758, 186.53135989465343, 170.49553034395444, 169.19684903476832, 147.60943552683426, 144.54944869763722, 135.1839498506975, 122.97884904987096, 117.4989687496766, 98.87636895652778, 98.56346323090459, 81.02505582228983, 67.44346121175865, 54.93920400758007, 48.61042520346713, 34.92298751207995, 11.116653506822368, 0.8768428209076712], "speed_sensor_readings": [-2.521451467681012, 0.011520207104246616, 2.820425179350492, 2.705978750949376, 0.6611987745459063, 6.7536498896235715, 6.471145080214794, 13.958847985904788, 16.522273333960975, 9.853110249992026, 16.91746399674993, 7.384764401653735, 19.309672671694493, 19.613936574673957, 15.031296269906466, 22.70607740810724, 24.637928534913673, 26.489929765699827, 25.689797017145388, 25.997855283722895, 31.65971017727957, 31.76138191987077, 31.420100138159768, 34.029458463106465, 41.50100806652962, 48.510457187581736, 47.8583830517114, 49.71579278775694, 53.89010167453486, 53.224637977631545, 55.03110252275882, 62.40103354654098, 65.50440304883482, 66.51454855091592, 74.53118315758013, 76.82423802082549, 75.5189833725811, 82.28095432683365, 90.30059550623919, 83.78522888800101, 85.76248088383113, 95.82640537202818, 97.51915778953612, 100.35130327027079, 112.5134096384999, 112.52953831688232, 116.86587540958628, 122.71900113971483, 121.31025342178754, 131.62240628938068, 140.57357589824488, 138.4483635897849, 147.0931697688007, 163.8925360142294, 161.89939418960157, 168.7984887182498, 170.13081116560915, 174.18347000019537, 3.979893066758401], "angular_position_sensor_readings": [0.09816616032415376, 0.5827874726709152, 0.05374579686708993, 0.6143295695228219, -0.06852362230835092, -0.4500258726855607, -0.3030175175096242, 0.16318596818156705, -0.33666917279424663, -0.6980064080560008, 0.34337232177692967, -0.2365872070513772, -0.2826303897893425, 0.2277199059680886, 0.3300629272568377, -0.5648710384244342, -0.10807373504002385, 0.5299537823353446, -0.40998357943505415, -0.07852464759487512, -0.136383518309081, -0.26660313479000736, -0.0892549189402484, -0.7705725811409747, 0.056245278279244804, -0.5241315449012003, -0.044672296856157756, -0.10440140455656666, -0.4722571699951068, 0.6353044581439796, 0.06996772489403963, -0.7270929581290286, 0.08710245883155876, -1.013284541286822, -0.7424799384064679, -1.3540002034082952, -1.1646792672022395, -0.9660684313479382, -0.2800125287763782, -0.293756509032337, -0.13529414538044826, -0.26817363504704816, -0.8522661122221046, -0.7388421152484486, -1.6546628106593206, -0.9502481223200452, -0.9862818433477896, -1.8077579767422094, -0.7376807159131478, -1.0901395439882657, -1.8711904372069204, -1.1760677851599397, -1.5010303872696653, -1.736050637099339, -1.850156663548878, -1.5342938394765502, -1.307447816310297, -2.035944550425373, -2.477842903339095],