{"position_x_true": [0.0, 0.0, 0.0, 0.0, 0.0, 0.0, 0.0, 0.0, 0.0, 0.0, 0.0, 0.0, 0.0, 0.0, 0.0, 0.0, 0.0, 0.0, 0.0, 0.0, 0.0, 0.0, 0.0, 0.0, 0.0, 0.0, 0.0, 0.0, 0.0, 0.0, 0.0, 0.0, 0.0, 0.0, 0.0, 0.0, 0.0, 0.0, 0.0, 0.0, 0.0, 0.0, 0.0, 0.0, 0.0, 0.0, 0.0, 0.0, 0.0, 0.0, 0.0, 0.0, 0.0, 0.0, 0.0, 0.0, 0.0, 0.0, 0.0, 0.0, 0.0, 0.0, 0.0, 0.0, 0.0, 0.0, 0.0, 0.0, 0.0, 0.0, 0.0, 0.0, 0.0, 0.0, 0.0, 0.0, 0.0, 0.0, 0.0], "position_y_true": [299.95095, 299.80379999999997, 299.55854999999997, 299.2152, 298.77375, 298.2342, 297.59655, 296.8608, 296.02695, 295.095, 294.06495, 292.9368, 291.71055, 290.38620000000003, 288.96375, 287.4432, 285.82455, 284.1078, 282.29295, 280.38, 278.36895, 276.2598, 274.05255, 271.7472, 269.34375, 266.8422, 264.24255, 261.5448, 258.74895, 255.855, 252.86294999999998, 249.7728, 246.58454999999998, 243.29819999999998, 239.91374999999996, 236.43119999999996, 232.85054999999997, 229.17179999999996, 225.39494999999997, 221.51999999999995, 217.54694999999995, 213.47579999999994, 209.30654999999993, 205.03919999999994, 200.67374999999993, 196.21019999999993, 191.64854999999991, 186.9887999999999, 182.2309499999999, 177.3749999999999, 172.4209499999999, 167.36879999999988, 162.21854999999988, 156.97019999999986, 151.62374999999986, 146.17919999999987, 140.63654999999986, 134.99579999999986, 129.25694999999985, 123.41999999999985, 117.48494999999984, 111.45179999999984, 105.32054999999983, 99.09119999999982, 92.7637499999998, 86.3381999999998, 79.8145499999998, 73.19279999999979, 66.47294999999978, 59.654999999999774, 52.73894999999977, 45.72479999999976, 38.61254999999976, 31.402199999999752, 24.093749999999748, 16.687199999999745, 9.182549999999742, 1.5797999999997385, 0], "angular_position_true": [0.0, 0.0, 0.0, 0.0, 0.0, 0.0, 0.0, 0.0, 0.0, 0.0, 0.0, 0.0, 0.0, 0.0, 0.0, 0.0, 0.0, 0.0, 0.0, 0.0, 0.0, 0.0, 0.0, 0.0, 0.0, 0.0, 0.0, 0.0, 0.0, 0.0, 0.0, 0.0, 0.0, 0.0, 0.0, 0.0, 0.0, 0.0, 0.0, 0.0, 0.0, 0.0, 0.0, 0.0, 0.0, 0.0, 0.0, 0.0, 0.0, 0.0, 0.0, 0.0, 0.0, 0.0, 0.0, 0.0, 0.0, 0.0, 0.0, 0.0, 0.0, 0.0, 0.0, 0.0, 0.0, 0.0, 0.0, 0.0, 0.0, 0.0, 0.0, 0.0, 0.0, 0.0, 0.0, 0.0, 0.0, 0.0, 0.0], "angular_velocity_true": [], "altitude_sensor_readings": [302.16569096376287, 301.9733452006037, 298.3625921642366, 302.4293570473154, 300.5856011075557, 302.0941347167999, 291.89673127919235, 295.61840953909535, 289.578331369467, 298.5288031360065, 292.73902251323017, 298.4198722704849, 287.2401591933238, 289.22276723669364, 289.2183815971011, 283.60743807728284, 282.10781685807876, 280.5368776809588, 280.51259086212355, 288.5975282391347, 279.9348560440418, 282.97371978477605, 286.02264849929463, 271.05159839936124, 271.97041783900704, 269.2144436236339, 253.69812262450256, 263.81545163460447, 256.8380644652657, 263.94519939427454, 246.25432782684274, 248.31985037402805, 248.55825675173398, 241.4251544836708, 238.47902111893222, 235.18784296515685, 234.40438779028023, 223.3068987065514, 225.14556155964223, 223.3805386105493, 217.20531251939136, 218.82373083770153, 210.42491345424875, 203.6482086982593, 193.28759766186053, 198.35781793252798, 189.13504522905956, 182.1977993476287, 176.50535490434254, 177.14385627358442, 167.9247028857395, 171.1425749355371, 157.1245107076771, 154.15288419297, 148.0249371063906, 149.71702768483482, 146.3208567842511, 137.1719413476373, 131.35697079371204, 122.89469645192555, 122.3168869289545, 114.74869999080013, 107.48014809398562, 107.2896180231405, 91.60906354251871, 85.1647304015887, 86.1391571525959, 70.70194042072885, 58.39170416034784, 65.33427129416923, 47.436540822504, 50.76211121181046, 40.547046738929694, 31.066576562043167, 22.345847826882522, 20.253747694717816, 11.372751966910753, 2.872256617242038, -2.562920532150761], "speed_sensor_readings": [2.411573752481794, 3.7569613458147755, 5.4192356783837745, 5.9714547103949105, 5.280787358237719, 9.008811187455063, 0.6380393805611719, 7.779968688585494, 10.669127017078734, 12.460381634983916, 9.215937669706468, 5.208087940096712, 11.34024965233764, 15.136582894322885, 12.359708122783285, 17.00348788642058, 12.189170312341467, 19.405593820866265, 18.39517494192192, 17.176883597130583, 21.908485592822487, 26.33244729220155, 22.52369100583864, 27.159706758123402, 27.48439450601115, 28.369892802816278, 24.174699948421967, 31.620653738555156, 24.10442776566443, 24.516211510721487, 26.390869594506597, 34.85663024949335, 34.00285187654454, 35.42654295533667, 32.4493033485195, 32.9591212456088, 35.17668065267591, 36.72919208931663, 39.59912382958395, 41.03952903748216, 40.91420202257131, 46.21489521888994, 46.318119055442274, 46.629399692599776, 48.11390398173565, 45.075513923278926, 45.918798269939245, 45.91926003277632, 44.217759063005495, 52.222418673144205, 47.972289039945146, 50.05640238676483, 52.77551095037713, 48.13406736702249, 54.358761286083066, 50.1161566316417, 60.22117384095332, 58.256007023280766, 57.32099257747569, 55.550966681815304, 59.01348602889702, 60.59075015307616, 66.94855449180504, 65.06285579835007, 61.600923012435715, 58.71524707740461, 66.78185593416708, 66.43771981366528, 64.48387337629025, 64.74697006789702, 67.95548383432498, 71.75620459191026, 75.60945284753039, 68.73285358825156, 70.35285838421997, 69.64244090176282, 75.78415309804065, 77.8714899076745, -1.0996691622274022], "angular_position_sensor_readings": [-0.20326487144057928, 0.889320871925011, 0.6154488551218742, -0.024955419786340693, 0.3832941177414475, -0.18227124883230778, 0.3350341544194226, 0.34674420530336136, -0.04764352960579066, 0.38037526922507897, -0.07309440154167579, 0.06622759121751108, 0.29103554880599014, -0.15773679322556866, -0.7654462985140726, -0.43678806987245217, -0.10869639453871603, -0.3985012757895823, 0.2935611927996483, -0.160828361990082, -0.29095093600613514, -0.1946093127979308, -0.337794864414185, -0.4628761115104615, -0.18125692711353325, -0.439319674330068, 0.7760562561899103, 0.14176426828635327, -0.025495637093700885, 0.11343512134980278, 0.3464834063770947, 0.13993775061121064, 0.18580039622874647, 0.13569411915286453, 0.22086685733953426, -0.13292213683089146, 0.4401464637518611, 0.10759877846659952, -0.8814124923901963, 0.11272302536888373, -0.33522902582016667, 0.6106870924071307, -0.684040397069105, -0.40314428987646267, -0.1018906624486661, -0.37762118261914784, -0.5578489561194331, 0.46384763775456905, 0.09632876502420079, -0.27384610155410666, -0.28754741917755844, -0.03174892640556381, 0.20653532264415528, -0.37958150097142723, 0.7115660719944797, -0.7072472608825298, 0.031148468972474364, 0.29744485723968506, 0.23923053745879194, 0.000702391255092835, -0.32402489557673975, -0.37727877435088153, 0.10256165506031392, 0.4673327512209568, 0.1615245545994657, 0.22333586601437094, 0.21186565212044398, 0.3251446184341985, 0.2098310093909324, -0.9179485632998324, -0.6144703448968886, 0.07246040956413263, -0.1729813597498782, 0.21228256160834982, 0.40012688975453214, -0.4405427697491514, -0.14998595210277602, -0.3132405570535179, 0.07263486840894795],