{"position_x_true": [0.013247701381284572, 0.06624363935987375, 0.18562422245113824, 0.3980643798674718, 0.7164456669041331, 1.1480277761240854, 1.7081933640583369, 2.4125898231812615, 3.2768989225834915, 4.316394352568583, 5.53876005495209, 6.943146776242591, 8.526272565753459, 10.282487884079147, 12.20398947908196, 14.281326996568122, 16.503165582609604, 18.85529402529547, 21.31851177854939, 23.869143279451237, 26.480387432133544, 29.121116416218186, 31.756025112246164, 34.34739631111974, 36.85639373696033, 39.24252832082381, 41.46379694972124, 43.47912875188902, 45.24899445217035, 46.73842332980953, 48.04741878134584, 49.28397784456552, 50.43215459898246, 51.47969145893955, 52.435437399370294, 53.32681611662591, 54.216157074489814, 55.161138736647864, 56.1882272826841, 57.33393071915267, 58.6393535838704, 60.14119266670235, 61.86025628400142, 63.78845111229953, 65.80554953365484, 67.79049277649966, 69.70596111924928, 71.49931959636365, 73.11475776948879, 74.59340798724583, 76.00375497234403, 77.36874540451606, 78.74658378105711, 80.21982495253293, 81.88272415363778, 83.70568196202919, 85.6041072717877, 87.54440334454999], "position_y_true": [299.9470587445541, 299.7840435962991, 299.5023378661404, 299.09268550926316, 298.54982199483715, 297.87138833471533, 297.0532100475893, 296.09021167266576, 294.9741769660753, 293.69308549143284, 292.23614189122617, 290.5926944572115, 288.74804266866784, 286.6853160510899, 284.3869355350713, 281.83595139828276, 279.0161622930667, 275.9111289406023, 272.5033470264023, 268.7757941503744, 264.7140574296635, 260.30657837365754, 255.54578405621288, 250.42926176133955, 244.9603451566019, 239.1488670247773, 233.01246904212948, 226.57734713758492, 219.88119756454006, 212.9731716007841, 205.94495975452986, 198.86840473396336, 191.76282465531781, 184.65942024819577, 177.59339059020036, 170.6018333719876, 163.64358617470123, 156.6663068978779, 149.67676521897812, 142.6651264886986, 135.6064094126629, 128.45302843251844, 121.13536508936156, 113.565923661721, 105.75216066153807, 97.74092792619423, 89.52248750622299, 81.10712287301752, 72.5359526122688, 63.8873620561505, 55.231138939343325, 46.60720239130458, 38.0486394477439, 29.56333656780952, 21.10987174426301, 12.57243757913329, 3.8463623210815054, 0], "angular_position_true": [-0.0008240067217515198, -0.004085915709985843, -0.011346547814028296, -0.0242449591877335, -0.04376929920430887, -0.07000769587799521, -0.10302244043948591, -0.14304996239569118, -0.19010740013794009, -0.24401642622084946, -0.3050166980317111, -0.37343692112866156, -0.4491516596629546, -0.5318796115298804, -0.6213906676759702, -0.7177750509226153, -0.8214552152022914, -0.9328652518141014, -1.0520387153845048, -1.1788289297335217, -1.3132982628542114, -1.4555025238220884, -1.605494030145272, -1.763568551368359, -1.9303446621429374, -2.1065028451222365, -2.2926307277749793, -2.489470648486169, -2.6976179159391616, -2.9175283934254272, -3.149064074391765, -3.3918189272017725, -3.6459849129626725, -3.911873308323975, -4.1898378268452054, -4.4802187578794035, -4.782821969849259, -5.097318987499504, -5.423824644674384, -5.762517100861181, -6.113624383757347, -6.477339940714699, -6.853972960504933, -7.243834048811459, -7.646929905555732, -8.063214089140972, -8.492776986441356, -8.935788560928737, -9.392453477185017, -9.863006741532303, -10.347671351084035, -10.846676398426375, -11.360106161351286, -11.888047132244573, -12.430683241580347, -12.988139812224668, -13.560543987274976, -14.148030833806887], "angular_velocity_true": [], "altitude_sensor_readings": [298.3098404156552, 304.44395896831645, 294.6031096084297, 296.4636493355096, 299.33848854367614, 297.03328506536855, 294.0515905401805, 293.2475723998413, 299.73857512784554, 291.2748621252641, 285.69744123146575, 291.938432819646, 280.92484200710726, 291.45514362225344, 282.90554962126305, 280.20023691200305, 284.6783263096638, 271.5805473404037, 276.3341749691608, 272.83456789213994, 263.037025331079, 262.31165905583754, 254.79819615264162, 248.36672223145092, 246.37789441412977, 234.74645812208928, 231.1687981705523, 220.86809006352226, 219.07302879686924, 217.54798778982368, 204.57922321975897, 198.4981747981763, 192.77111481711867, 184.90041597852235, 177.72561789858193, 178.87643589002258, 169.18309408325365, 161.63651680741438, 150.97315375976666, 138.85813531103406, 138.22252780785323, 128.28936353816823, 116.18851561093565, 106.22221587484498, 105.96500426316766, 92.52165946233308, 84.96360860502328, 80.20123206065907, 69.38803207777303, 59.1450209014901, 55.4699846500917, 47.409499206517005, 33.00378686719562, 27.375567470030862, 15.382743304713363, 9.280676464556215, 1.5562013705078575, -3.623329682560365], "speed_sensor_readings": [-2.616589833195186, 3.4804398289349496, 4.79956001004064, 2.718782663118611, 1.5656272818209702, 11.482062502710303, 13.319037267777077, 12.386308740569316, 16.775869926329236, 18.119493209969356, 16.894648181873357, 23.722426458636626, 24.210010748457123, 28.33576921396618, 30.106134277019454, 38.38424311300086, 42.53789779295383, 40.33149630525294, 41.8007087170014, 44.26732247600457, 55.215064770913656, 54.78552255048158, 57.2590197590911, 55.65655924809707, 63.25171447812379, 61.69715052280344, 68.50500362921399, 68.34756855148511, 70.32059139670929, 70.3054790990506, 69.88736045677231, 70.07582492999904, 74.12743207440471, 68.09732719504672, 73.15282597477285, 66.8972963320601, 69.25287268537681, 69.7433051915165, 72.56929848882653, 70.08179532060309, 66.97805134731632, 72.60494023582007, 80.52084503977892, 74.31373130451495, 92.78871080518257, 86.34693192988841, 84.66435215086035, 90.68975535894955, 88.67946118381796, 90.86194047664522, 83.07555806490315, 85.11524280415126, 85.07442523693153, 80.03867940478416, 84.09743783725085, 83.27758530430494, 90.78493657039897, -1.679979839993158], "angular_position_sensor_readings": [-0.03603131496396738, -0.08290716423189394, -0.4692751025615159, -0.5798395043404181, 0.45106213035432047, 0.40194964648358317, 0.1496251259072878, 0.46126233304400927, -0.45557311590772653, 0.043937599253904, 0.07325211309524471, -0.5396379694762488, -0.7566103538213784, -0.2987436110925771, -1.0686625395334377, -1.3296604075894876, -0.44026697186276886, -1.286737896983776, -0.740118385077985, -1.051365867572052, -1.6845264261112025, -1.986519286516339, -1.5386273545447313, -1.6981686666282414, -2.290855167095823, -1.9386150172770007, -2.2548804364936808, -2.4101478393153997, -2.7572122168339037, -3.0932424517345334, -2.918280376893631, -3.8410457458449785, -3.134412675131202, -3.669646220536745, -4.113734158506194, -4.264828815427873, -4.855013186164951, -5.074263546268644, -5.9659568486393715, -6.2447145642978885, -6.321305443204758, -6.408268436600899, -6.9050132936501525, -7.315634582106712, -7.7866192471048326, -7.536614360389397, -8.044189229141024, -8.706448378152205, -9.833214260912348, -10.310536784130308, -10.374086975850881, -10.493542964196823, -11.2916806690265, -11.680712433418796, -11.913397542672367, -13.380142856552665, -13.82468311778698, -14.611089104852384],