{"position_x_true": [0.013270083039082567, 0.06639471689450356, 0.18610838571380572, 0.3992701304747979, 0.729154475458947, 1.1956304039739383, 1.818942879368366, 2.6196556698901867, 3.618470907327138, 4.835786424448926, 6.283424919264797, 7.964002776005469, 9.878591679184415, 12.026356941064023, 14.402536544740105, 16.997084778481756, 19.795294993984456, 22.775942597511786, 25.9080871230727, 29.153272217737474, 32.43926387332396, 35.70039424053496, 38.903702917830834, 42.00646934206294, 44.95648537029012, 47.69244683196126, 50.14730536127502, 52.254131696213186, 53.95365134279157, 55.20238121277061, 56.10280585870115, 56.78505093419561, 57.286336994542815, 57.67699831704796, 58.06300888647117, 58.58232573166019, 59.393842486359894, 60.65892832653523, 62.390492287376965, 64.53085182708884, 67.06040064558331, 69.88123890969707, 72.80892928571467, 75.5876293565303, 77.926169317419, 79.55943800854197, 80.49409919271714, 80.9140181235865, 81.02993221889909, 81.20798820500467, 81.89416493341793, 83.47509471856954, 85.95180639700148, 88.91861359288747, 92.00585308911754, 95.0930925853476, 98.18033208157767, 101.26757157780774, 104.35481107403781, 107.44205057026788, 110.52929006649795], "position_y_true": [299.9471757729408, 299.78505855940404, 299.50649215867077, 299.10362867237154, 298.5714807420456, 297.90832311027094, 297.1097554914511, 296.1688596852201, 295.07614204865394, 293.81719359520577, 292.3744686348352, 290.72832066376515, 288.85790402661286, 286.7416202123895, 284.3537762392402, 281.6645569078423, 278.6430589297823, 275.25699944454277, 271.47229322634774, 267.2570808069486, 262.6857259103722, 257.83524728555625, 252.68412538960405, 247.21728985658166, 241.42987601557704, 235.3316565585674, 228.9516216596881, 222.34145777057356, 215.57751278393906, 208.76353798953053, 201.98163622293228, 195.29407283943166, 188.7803259367404, 182.5159684367368, 176.5590507964028, 170.93327834947738, 165.6113552484124, 160.5001246576441, 155.4119551295252, 150.14263017235663, 144.52223031378836, 138.3798514100738, 131.5800224063754, 124.06923957439844, 115.91917608155475, 107.35256631981845, 98.70501798640971, 90.313836743447, 82.44831928115275, 75.25270613895988, 68.64890187422442, 62.27844276428059, 55.61683658503042, 48.40148568230408, 40.864653579252504, 33.22972147620093, 25.496689373149355, 17.665557270097782, 9.736325167046209, 1.7089930639946367, 0], "angular_position_true": [-0.0008390672159792835, -0.0042354465995183485, -0.012015326390952888, -0.02604813327379831, -0.047374274114701666, -0.07631262322315055, -0.11302718648785698, -0.15770284949805247, -0.21067909391187367, -0.2721303871716237, -0.342056141662537, -0.42028811272039773, -0.5070128783764657, -0.6029353491136342, -0.708536412650536, -0.8240115620765698, -0.9498401467707837, -1.0865028769641392, -1.234026765624852, -1.3927581989883038, -1.5620691505956987, -1.7409732026742974, -1.9296173710733824, -2.128319948274588, -2.337595670666219, -2.5578505653003565, -2.7893341633141704, -3.0323336667235137, -3.2874185839096466, -3.554959056847906, -3.834360305413354, -4.125337030662244, -4.428540445371097, -4.74450965353976, -5.073600214130855, -5.416224540856917, -5.772863628022557, -6.143927558374055, -6.529122533934381, -6.928127493730441, -7.34160069555831, -7.770330013082479, -8.214737535171903, -8.675585055319308, -9.153791978743959, -9.650192843120491, -10.165347137151402, -10.699607523203722, -11.2537616917906, -11.828857741186978, -12.426276109230992, -13.047144921673002, -13.69256892017368, -14.352058986075253, -15.012948665187759, -15.673838344300265, -16.33472802341277, -16.995617702525273, -17.656507381637777, -18.31739706075028, -18.978286739862785], "angular_velocity_true": [], "altitude_sensor_readings": [301.21153586121375, 293.2078142998428, 299.72088993114903, 302.61388784158254, 297.51693680470794, 292.7184109201941, 297.18788514332573, 292.88511604077473, 290.15894990671035, 292.52004506618925, 287.1787186823666, 291.71586477543667, 278.62814145817157, 287.1085912464958, 280.7094754482981, 280.82963787540535, 278.44062247009714, 269.42026300830537, 274.9337668859769, 264.6015557533689, 261.8071422793167, 254.77626753546792, 244.44205050114127, 248.3648836471184, 242.6593809417397, 239.4619303968129, 227.00608120196674, 220.23829630360365, 222.80431120879732, 194.1367661000905, 195.3815079110552, 193.53569059102878, 193.94836511991386, 189.55730108094136, 181.8180018407856, 174.40831060121587, 162.73567303735615, 158.26985498682296, 155.08224734560642, 146.9732232661198, 141.3766761443969, 133.86920136054866, 132.27903113479923, 126.37249227534801, 117.40303687362879, 106.76532972868426, 94.54484733912213, 85.69219733487276, 79.83008689182158, 73.9520134245316, 71.93806046447357, 61.01015285970553, 54.82540057382555, 51.388173714015515, 47.22402163160135, 35.37714523502318, 27.186906735240782, 12.378982519780301, 11.54163246726978, -2.884354100785246, 3.483497998930368], "speed_sensor_readings": [2.6501638876458102, 0.5957636137179265, 1.7734456908658236, 8.379057332648259, 9.14216010906996, 5.26327707223919, 14.45855066624387, 14.856688292621458, 14.345903485295722, 20.391127951958932, 26.999450843133125, 24.181808996363962, 31.636746559127154, 33.60563765352079, 34.81599244441669, 39.6614084586573, 48.150220675750774, 49.40376235596978, 49.17283693935125, 57.23786627578634, 51.187953072221745, 57.886945130817615, 61.65821643649645, 65.59486952120348, 68.49671914428515, 67.10630847211384, 67.12982461729791, 66.50116092543169, 69.68572633386783, 69.13073543501353, 75.644221810512, 69.17613136806452, 67.0052663167287, 62.815011202504635, 57.754767706579806, 55.561766424526205, 54.1757152794976, 53.49132540234342, 56.29531101480943, 57.67176842130681, 65.3422485041353, 62.49137197985447, 78.7914516132299, 82.59704519668858, 88.50601604522524, 86.4535776013497, 88.13744525159595, 83.99745770426603, 71.09304870038392, 70.44010778455724, 60.842062558078936, 62.24768615603843, 72.84537224870822, 81.94889695394924, 80.41237735270539, 81.75300518168804, 81.57067926846463, 83.24617224004275, 86.24138628794233, 82.17792641291422, 6.897533510191812], "angular_position_sensor_readings": [0.4283866520650308, -0.24963474678920775, 0.6094161625040133, -0.11449528982263704, 0.25806112483823396, -0.019944653296208828, 0.7059661155796033, -0.06373145923189061, -0.48530576838361816, 0.010375317312857235, 0.02986803970830859, 0.017333929933903425, -1.008372732237149, -0.6480069938359634, -0.9198611815718616, -1.1998485802457242, -0.6017753325458501, -1.0366432935336896, -0.9210186643933759, -1.3250406599895468, -2.174011182089333, -1.062546478434591, -1.999760606327113, -2.6286719357840838, -1.9563788825746447, -2.6186204679828498, -2.5545712535641574, -3.1251313762088384, -3.282039560502955, -3.3396462339836126, -3.29556914418373, -4.5494524139813315, -5.154401373430076, -5.283376961215494, -4.637518585197632, -5.28060968675747, -5.584503513714616, -6.121928164204923, -6.698406121580594, -6.290587798922099, -7.25518531062157, -6.997882513807195, -8.312549522065213, -8.694072459753801, -8.934521489390075, -10.218898508362582, -10.129817249081025, -10.559692537437604, -11.004492911423796, -12.098488884993428, -12.68798777366441, -13.522655018015104, -13.863077618726821, -14.49860142731452, -14.35268114349141, -15.656951260541087, -16.098367691896808, -17.21661985481592, -17.39137084380128, -18.030886167208987, -19.082103512010672],