{"position_x_true": [0.006195967207164416, 0.03095833561334664, 0.09077260978228688, 0.20627687676182002, 0.394252476341056, 0.6676676704090285, 1.0351785892272913, 1.501225471674283, 2.0704652481172703, 2.7475330973834144, 3.5370533708350735, 4.443828843355619, 5.472783673284347, 6.628777776164667, 7.916781278458408, 9.341810676426658, 10.908811331060965, 12.623026461392714, 14.489803769729315, 16.514414903189493, 18.702255376287187, 21.058330004913657, 23.587546630053637, 26.29508840228928, 29.186040859646877, 32.26534986801521, 35.53771876509466, 39.00786906111906, 42.6804103924794, 46.559906809784096, 50.651037451908536, 54.95729002940474, 59.48146183288366, 64.22665554090305, 69.1951856486579, 74.38828684759072, 79.80645052258679, 85.45003328160179, 91.31894972320798, 97.41214872962165, 103.72659391743127, 110.25790741485746, 117.00087577653088, 123.94913732655296, 131.09451066286064, 138.42611491630444, 145.9285853105378, 153.58297057087924, 161.36841922785547, 169.26096975460607, 177.23179426999116, 185.24655272395938, 193.2669306399299, 201.25167727463202, 209.15847845844883, 216.94190051345024, 224.55236678055644, 231.9369387210989, 239.03687424767824], "position_y_true": [299.9468858089474, 299.7834609739407, 299.50565964708966, 299.1132156357932, 298.6097012348739, 298.0023753747851, 297.2940556822111, 296.48343701362296, 295.5689997058114, 294.5491020871414, 293.4219702915523, 292.18547437217984, 290.83739607094265, 289.3757354547064, 287.7986777302397, 286.10386400391786, 284.2880903678263, 282.347675669915, 280.27916590694787, 278.0792707758622, 275.74382565082755, 273.2677129637642, 270.6455347497299, 267.87197073359386, 264.9414123717904, 261.8477473585434, 258.5836883296637, 255.14082209426653, 251.51049481305404, 247.68420239217704, 243.65356892010487, 239.40858936507902, 234.9378443036015, 230.22984502164175, 225.27198346453744, 220.05080500187432, 214.55256343563983, 208.76299317724929, 202.66687328522266, 196.24808159512727, 189.48910301935138, 182.37141571891325, 174.87602531882928, 166.9835410350107, 158.67407429000892, 149.926774033299, 140.71903521279512, 131.02746992229982, 120.82940733761599, 110.10211577173108, 98.82271249687365, 86.96905348307378, 74.52098134773269, 61.46016900794154, 47.770210679352594, 33.43776772737369, 18.453144608160834, 2.8099789457170363, 0], "angular_position_true": [-0.0008439184812695286, -0.0042301064842471155, -0.011023773242662783, -0.02123699893292797, -0.03401662708969752, -0.04763319862575308, -0.06123655490739285, -0.07489718584811547, -0.08863288526002702, -0.1024766969370106, -0.11651209621674352, -0.1307518337280687, -0.14518167958593886, -0.15988656885831393, -0.1750848409533233, -0.19092250507852102, -0.20746021953220067, -0.2246943444763591, -0.24268452272966867, -0.2615887185941791, -0.28147690481689286, -0.3023088318275279, -0.3240772629275239, -0.3467848038050984, -0.3704875197658317, -0.39534547175122325, -0.42137055349867397, -0.448474199567904, -0.4766313480414852, -0.5060225423303298, -0.536988527587064, -0.5695411106800017, -0.6035357960200508, -0.6391015496680525, -0.6762483211678809, -0.7148296879355402, -0.7548608283876339, -0.7964698923025177, -0.8397398649623925, -0.8847884026159849, -0.93169423551166, -0.9805794487489332, -1.031566075299197, -1.0849228211942064, -1.1410822209979823, -1.200394016383931, -1.2627500067839237, -1.3278761921366364, -1.3958634087145305, -1.466842356732934, -1.5406486184692445, -1.6167943743587283, -1.6948027433004664, -1.7742649331072884, -1.8552843434560016, -1.9382547040554723, -2.023535150435808, -2.111644138479596, -2.2028132980995205], "angular_velocity_true": [], "altitude_sensor_readings": [304.1844909255639, 297.8722245972186, 305.9178104772622, 295.8994147542915, 298.9414110582782, 297.12758109994627, 297.7725348346939, 295.3885203798567, 290.62783955358117, 291.9126403642425, 295.72172620105187, 290.9200284322998, 291.01801984137137, 289.85215874509913, 289.9424765124153, 283.0281620427361, 288.2182672007655, 287.4807937711146, 280.6781664455561, 276.2339833645268, 278.16652670030714, 269.6621834424951, 276.75358093963604, 269.07079447792745, 260.9018664130886, 260.12876038399975, 254.05002954526597, 256.72222580643285, 243.07009684244179, 243.62389181106744, 245.2420857144407, 237.34423074580067, 227.8035767973044, 232.9871098922879, 225.0050106433249, 225.1969957307327, 218.28782451891567, 203.20063937543063, 201.38590624722602, 203.06054420447356, 185.9020564556434, 188.5731091831084, 176.9999621617004, 166.94864779527032, 160.3352172451767, 147.85977573195868, 138.5032007268101, 120.66671283770442, 122.93068608970295, 112.11782671228958, 101.59659340218508, 87.87699636673227, 77.3870555106884, 59.24064554532642, 53.67367648904304, 29.40834477541537, 16.64887306485924, 4.651038967496361, 7.80308103984368], "speed_sensor_readings": [0.6197781819932178, 1.9526233808887978, -3.135128756363725, 3.7771241982273605, 11.25609557610103, 5.897899664558642, 9.905407855749932, 11.290240841609274, 10.361442353909819, 13.81392113581978, 8.042166752755639, 19.09909288806708, 14.726072193828726, 18.769608365850512, 19.21354982524751, 26.206764143736777, 18.820637253666145, 28.543452717171093, 26.91570182960733, 29.46802926366011, 31.990081421946847, 35.10312731482848, 31.25117699428817, 38.70287905229524, 41.27466805366238, 43.89758064699242, 44.98216876080923, 49.70372981982993, 56.00304256700082, 52.01320079400151, 58.54233242225712, 65.20746935563797, 61.701878641072454, 68.02492058812479, 72.4647915847292, 71.5089448728218, 78.4102925374375, 83.03761211060166, 85.24996746444411, 92.31923930130067, 91.2861548460936, 92.18117386718271, 103.70724090978692, 112.02630253555746, 108.31492264855436, 119.45327794769351, 120.44894093821303, 122.90019473109186, 129.49622839216565, 133.13103966856931, 137.86952976139227, 144.1843911985311, 160.52239904366317, 159.01518620120257, 160.79352046577924, 163.37610011643417, 170.1092768993991, 175.6215771431098, -4.733094667170132], "angular_position_sensor_readings": [0.19234672885900128, 0.21475011280690162, -0.044276591975667065, 0.4796044223647473, 0.0730976459143827, -0.2632321914043817, 0.6427842401911398, 0.560588273530425, 0.20517376534293094, 0.4029884329314333, -0.16039764399834786, 0.24783468946536358, -0.5795090552838096, -0.08274043322071048, 0.2499272701827406, -0.12198232714761258, 0.7405053310802328, -0.7532617899151199, 0.3402974364896678, -1.3628405001829589, -0.08624932207318436, 0.3323556309211303, -0.28788240501700124, -0.7691176733256063, -0.4140340090860359, -0.45517338883427716, -1.065234209298441, -1.1306770936082304, -0.7329613075849002, -0.720510401052793, -1.907257856409617, -0.9692945923181913, -1.0205916272176698, -0.042908725804259085, -1.3886649509301536, -0.9035477076397561, -0.6541198380394091, -1.0666170293041444, -1.3446386336751033, -1.1960777378586478, -0.8415075479291565, -0.6240726975187593, -1.1004344989966883, -1.442025360687956, -1.3559236938639285, -1.6330228397718536, -1.2354970379762735, -0.9023125187231319, -1.1524935322012055, -1.138834240830236, -1.5688987702767894, -0.881230249575705, -1.8209635129652186, -1.9826306061351593, -1.3797099595305886, -2.3852632906323747, -1.8156017305176073, -2.382636416722652, -2.617881799671068],