{"position_x_true": [0.009813163355511011, 0.056473758720775646, 0.17463325041470706, 0.3994647537555317, 0.7587725126908726, 1.2730575029315716, 1.9634411729450933, 2.8518310506870748, 3.9611968205018924, 5.315727988617373, 6.941039395820836, 8.855928359293292, 11.071865957751214, 13.600913154897011, 16.45577255645754, 19.649715020046795, 23.196781584906823, 27.11177030786362, 31.41003364595377, 36.1071165124054, 41.218731404982805, 46.76109073496633, 52.750562925281955, 59.203417225169595, 66.1357666683722, 73.5635443848326, 81.50280963292542, 89.96882151741093, 98.97390253792929, 108.52758385664268, 118.63596424378835, 129.30224508753713, 140.5255679783012, 152.2985495727668, 164.60760609273467, 177.4280170755161, 190.72059651505805, 204.38739855899644, 218.20383489254297, 232.0202712260895, 245.83670755963604, 259.6531438931826, 273.46958022672914, 287.2860165602757, 301.10245289382226, 314.9188892273688, 328.7353255609154, 342.55176189446195, 356.3681982280085, 370.1846345615551, 384.00107089510163, 397.8175072286482], "position_y_true": [299.9509916282889, 299.8040942192731, 299.55972833576953, 299.21840580230645, 298.78135431571803, 298.2503842080082, 297.6272011759804, 296.9131200161198, 296.10921278738016, 295.21598484145784, 294.2327373367496, 293.15812978522706, 291.98941433319567, 290.7225003128885, 289.35222409433374, 287.87108162919236, 286.27075633549975, 284.5424718817794, 282.6743589857023, 280.6511516447373, 278.4560369421476, 276.0695409929191, 273.4685957355379, 270.62741988929344, 267.51644870893375, 264.101908990511, 260.34741588054936, 256.2121067591297, 251.64658129422006, 246.59524904363454, 240.99591722827958, 234.77976818277767, 227.8708759305079, 220.18301671638417, 211.6209454437031, 202.0772153433735, 191.4299102776414, 179.66433552913946, 167.31533054291597, 154.86822555669247, 142.32302057046897, 129.67971558424546, 116.93831059802196, 104.09880561179845, 91.16120062557496, 78.12549563935147, 64.99169065312797, 51.75978566690448, 38.429780680680985, 25.00167569445749, 11.475470708233996, 0], "angular_position_true": [7.669770817656295e-06, 5.3851236073599495e-05, 0.00012601351666230865, 0.00013218365701765135, -0.00018119819417408922, -0.0011588364947913952, -0.0031823392290657258, -0.00655456781689433, -0.011571215141706302, -0.018552317693101603, -0.0277661901891113, -0.039457215047279795, -0.053710768875951796, -0.07067265701845778, -0.09051140920561733, -0.113074894555485, -0.1383654477485178, -0.16677562422499145, -0.19845018397402212, -0.23310951027389554, -0.27067066823224, -0.3112201449103124, -0.3546963883958604, -0.4012194246096008, -0.45084385814107697, -0.5034443505769658, -0.5592400340281451, -0.6186595002277814, -0.6815549835482304, -0.7476330615117145, -0.816660408840773, -0.8887148160638324, -0.9641498466375391, -1.0429809241505843, -1.1255359697131009, -1.2120505329067535, -1.3023818075053022, -1.3964021316783832, -1.492219630540735, -1.5880371294030866, -1.6838546282654383, -1.77967212712779, -1.8754896259901417, -1.9713071248524934, -2.0671246237148453, -2.162942122577197, -2.2587596214395487, -2.3545771203019004, -2.450394619164252, -2.5462121180266037, -2.6420296168889554, -2.737847115751307], "angular_velocity_true": [], "altitude_sensor_readings": [301.32799365334466, 297.6205324793682, 291.9628090217212, 303.85524139628694, 296.6362053603083, 301.5438535888083, 303.0963053507726, 286.23426561175967, 294.29115934085837, 296.9350162630696, 286.62549341790213, 289.85509844779386, 281.9444705365006, 290.702492480276, 286.65134395964657, 280.070255225808, 284.4989943239727, 279.5280985153026, 281.706010012238, 276.0439228136519, 280.43177622789796, 276.90034353491876, 270.2278856706842, 273.6132523335115, 269.90574522839944, 265.19615151544366, 257.14997411960815, 256.9392999744467, 253.30350672060325, 247.13590547382432, 240.21127919094795, 230.08056349768503, 230.4510053377668, 223.10940085939941, 215.71117305975392, 194.8232466317563, 188.53782394545226, 177.13158865426482, 167.85303254332553, 149.9209226384186, 141.3804059275252, 127.2769234913823, 121.29660998592604, 100.43743277973299, 90.82669046488085, 76.70555202610448, 70.33018646026315, 51.04524416689113, 42.04355349613997, 23.16135397820193, 13.394157917765112, 6.999321451761846], "speed_sensor_readings": [0.7224720571423966, 2.2828928133896236, -4.932260920615261, 9.50950011513694, 6.875899040265659, 9.873586710121401, 8.907567661981169, 14.976772585799932, 15.423723287812287, 17.821269454556607, 18.57744979543745, 19.154071470214117, 25.689720456897252, 30.78567822113506, 35.19898733238189, 43.21144994970611, 42.92753075133632, 48.01991772264915, 52.07576181120898, 52.7582632219096, 61.43611494448915, 62.62282222188986, 62.80291829973748, 66.75153464082476, 78.71604606730114, 84.78093812810909, 84.5507791670953, 99.18054152965516, 105.19344707403675, 110.09963630206586, 123.1044054196693, 123.99373216734622, 134.93767242812683, 144.60331278013916, 155.36167048787354, 167.8414036824378, 177.5814565080965, 184.9501653669308, 179.0326471184867, 182.16056790966178, 190.48280136242076, 189.5311264657311, 188.44042243783906, 193.39121742110152, 188.9917195628114, 188.3300124637646, 186.01040685867642, 189.1035941957787, 192.03945587376919, 192.12161748987472, 195.8368727947886, -0.749278401227636], "angular_position_sensor_readings": [0.06006614806627676, -0.24740527843387608, -0.7347464054159296, -0.47298335814140086, -0.09024583054356088, -0.6245691728032438, -0.3313151019704371, -0.7094201035602352, -0.017853357428923987, -0.9129421924770527, 0.29648255704822035, -0.2276252705968529, 0.1209164159323742, 0.3713369155322583, -0.15140959917857777, -0.43098098822436826, -0.22860192454000455, -0.45096955545426065, -0.6480740093032796, -0.3206064371391563, -0.2474210857016006, 0.5266344152194902, -0.9989015547695301, -0.275796167686101, -1.055962455862185, -0.06373644728136185, 0.184883665779068, -0.2821703048015235, -0.74264212035041, 0.10518774114713181, -0.49291367666557573, -1.2481013882530918, -0.8119466143915892, -1.023141725318313, -1.001926762987446, -1.669628274281315, -1.3938826112522076, -1.4332429336954642, -1.4002971597062366, -2.3557885340969396, -1.1067764439662038, -1.3696177490569768, -1.786314015065941, -1.9452558832286024, -2.3856285581763395, -2.4514362120757305, -2.2378552668875713, -2.4198203652454926, -2.9068385142200386, -2.9318953740501152, -2.34446105083912, -2.3885564484851227], "angular_velocity_sensor_readings": [-0.4808128154083684, -0.12159596672679261, 0.0365041132440368, -0.1567321091587109, 0.5913177514952573, -0.37179753328938664, 0.4372792081569144, -0.2796595910029613, -0.7340253359503881, -1.1085111873554974, -0.058155226008892, -0.26483422154241004, 0.5331474459959952, -0.07588015315543896, -0.3775056984226407, 0.39486146306143766, -0.2726426555903082, 0.20078044255507183, -0.4507093084073891, -0.06360387373831966, -0.515212825021682, -0.2962359989999674, 0.05677740970851275, -0.694023828991573, -1.1000532528847247, -0.6758180864592718, -0.7498334286058848, -0.9845188458101777, -0.24089531342763254, -0.29751812126919785, -0.9217597000680751, -1.5938323091712252, -1.2744191839157328, -0.8244667118548841, -0.8350212980397367, -0.8366332741641027, -1.2475833861409966, -0.9011577405781932, -0.7533286338751874, -1.0733519853782165, -1.4129585994646945, -1.903301215420341, -1.2729566175651472, -0.6910329992597277, -0.877354172480785, -0.45777074609688073, -0.8532476971358887, -0.8876227947627626, -0.28483753227592434, -1.3081555196892984, -1.123579909599025, -1.0319788396609297],