{"position_x_true": [0.013269327808360001, 0.06636436920843351, 0.18986650865047033, 0.41059494221715787, 0.7499482879128975, 1.2342799685761485, 1.8890097273083564, 2.7362993847127264, 3.790380244704642, 5.048747908229137, 6.513876173874098, 8.202043428690265, 10.13020963531428, 12.290113701278784, 14.673789554460056, 17.29959880553082, 20.18695225003367, 23.325690724402005, 26.705162825824356, 30.34475993999501, 34.26454308837851, 38.44762420547771, 42.87581376972299, 47.56686581878798, 52.52965037568982, 57.735754189343524, 63.16348173581123, 68.82263756888284, 74.7112466515044, 80.78320877593431, 86.99540711966264, 93.34168321405515, 99.80761045054855, 106.33404871911588, 112.86108500757224, 119.36259231830509, 125.77429893954293, 132.02470649965215, 138.060889651896, 143.80948613106227, 149.19200379850108, 154.13722629104765, 158.5783716111318, 162.44630279227488, 165.69466435850376, 168.38096271564746, 170.81928255663365, 173.25760239761985, 175.69592223860604, 178.13424207959224, 180.57256192057844, 183.01088176156463, 185.44920160255083, 187.88752144353703, 190.32584128452322, 192.76416112550942], "position_y_true": [299.95482704099567, 299.82340083393973, 299.6101960109026, 299.31602223848034, 298.93826514146366, 298.4713234171874, 297.9148399090204, 297.2730743880237, 296.551129597814, 295.73622791686324, 294.81792874031186, 293.8067715023072, 292.71258861347627, 291.52300294657607, 290.2222014281007, 288.81271029899256, 287.2964336050949, 285.6542211486655, 283.8644924176682, 281.92219401215675, 279.8187100264635, 277.5266738741599, 275.01782150009194, 272.27733976448735, 269.28979311725305, 266.02736016426036, 262.4586046342677, 258.55715158047474, 254.29713793878028, 249.65458277207222, 244.59916543405163, 239.0961860002336, 233.11828640906867, 226.66005534892707, 219.70815314134265, 212.2270702742682, 204.2220681645111, 195.7043817809713, 186.65078765097087, 177.09797866812386, 167.09484924391828, 156.66113183022748, 145.88425283568242, 134.85846069351294, 123.68390006685883, 112.4430846071092, 101.123758968537, 89.70633332996482, 78.19080769139264, 66.57718205282045, 54.86545641424826, 43.05563077567607, 31.147705137103884, 19.141679498531698, 7.037553859959512, 0], "angular_position_true": [0.0008179732260155975, 0.004068918116033013, 0.010522879022053826, 0.020160758742441918, 0.03215413533037963, 0.044783199540143426, 0.057078167657558174, 0.06892769054794043, 0.08005737080122971, 0.08641345740270631, 0.08505524573670027, 0.07767903465632749, 0.06599489411862193, 0.04785224288639784, 0.021491508425172716, -0.010720186430535635, -0.046665991981672386, -0.08856837321969718, -0.13844160210946105, -0.19388591725819554, -0.25238878789096053, -0.31590662494381794, -0.3865075517444152, -0.46169868335315334, -0.5388828884440224, -0.6205841416886133, -0.709587711790268, -0.803141424476488, -0.8979856078442053, -0.9966708722276623, -1.101756935389304, -1.2101370645274778, -1.318854761326627, -1.4317285687596906, -1.5525024762671165, -1.6781208647106955, -1.8104353780112943, -1.9513297346444096, -2.09735657659808, -2.250798412987651, -2.413731051898714, -2.581410889008043, -2.7560219178730705, -2.9404543245210335, -3.1357026745570002, -3.335425993721893, -3.532762146992457, -3.7300983002630206, -3.9274344535335843, -4.124770606804148, -4.322106760074712, -4.5194429133452765, -4.716779066615841, -4.914115219886405, -5.111451373156969, -5.308787526427533], "angular_velocity_true": [], "altitude_sensor_readings": [311.8940674544358, 303.3970494001816, 302.88808282737136, 297.541091101336, 300.13677393518304, 295.0022443876927, 295.0948193347843, 292.6407579248728, 295.13235363305813, 300.1344798100035, 294.8398791625391, 290.68673157447336, 295.7585704050998, 288.2327719856443, 288.37056967129035, 290.5583479168632, 289.0204375516959, 275.9530009174193, 280.8192776446537, 280.13072008159173, 272.52995327665167, 273.34224106746234, 279.22647764856885, 272.0843866978322, 266.77765743647365, 270.1570404114411, 265.14970591347367, 259.13166951583736, 257.42290619479894, 243.64618516463983, 245.40366718419605, 247.3436191037697, 227.139993680287, 229.43434852949935, 221.99329449530077, 206.13703805055553, 206.59073909461927, 201.78259922862063, 190.1816116501374, 182.84421339378457, 170.07141287984157, 152.66895535634657, 144.04856221750646, 135.09829106780415, 126.49035525385109, 110.4700359063096, 108.83575378032842, 90.83600859760253, 73.94450613043759, 61.59866511753898, 56.930701690276905, 44.44486741551522, 30.743457434674003, 21.43799682111361, 5.892255227768199, 2.570291774327867], "speed_sensor_readings": [4.537867352031611, 4.200162183084233, 2.5155283374657254, -1.878627353357186, 5.296592965663582, 1.666059741445344, 9.598437630407442, 18.837394412723548, 15.531652072188571, 15.42001565411469, 15.927349854386938, 18.814855828504133, 28.102833159245193, 28.503630856112913, 30.486953402029926, 34.837104881810895, 33.153752072299525, 32.15995548997779, 37.188831945119745, 45.72361265067153, 50.15954086969031, 52.07941748212295, 49.12503390717636, 55.508270186255146, 59.5522702564994, 63.27774604213225, 68.78320485526515, 66.92702895630947, 70.93919494351094, 72.72047386496006, 83.32147909121008, 90.11698545563202, 89.47325083904684, 96.32145919228759, 93.70113348336409, 102.31580618909913, 102.08051604085219, 107.39608424294542, 108.58667584575855, 114.27621373663038, 111.34857079681416, 117.97330263669689, 121.36126748550994, 118.97186691988429, 113.53829562780953, 115.38815492879367, 117.48390972914902, 122.65318531735791, 117.54776815210302, 121.75427674076309, 117.61433810373583, 123.25438124290396, 123.04728559266432, 120.99857134691455, 125.52643967662867, -2.0109584119411994], "angular_position_sensor_readings": [-0.33796208450886644, -0.5153268507582895, 0.21366067220474336, 0.22192935296620975, -0.5874906966818569, -0.11224668180689629, 0.18718695748108444, -0.10957963998163187, 0.46263196574822113, -0.43775425504647647, -0.027650247233049388, 0.3663067159749654, 0.04590592468317503, -0.2811018778684056, -0.7218071983279277, 0.27192794060469055, -0.026346025663708496, -0.19347098167785515, -0.7406543319372862, 0.031544122816274556, -0.7196637447292242, -0.5948083296248752, -0.6299564123091766, -0.4470219127754012, -0.13013321089791957, -1.0337026593163727, -0.3289064336243216, -1.252414855077776, -0.8447754658524991, -0.5894137311779117, -1.2366455146650854, -1.6352662330342533, -1.5712818088468865, -1.5944516448666848, -1.3285944035347579, -2.0305503454587766, -1.572344803999356, -1.5145038824326773, -1.8222868200545086, -2.4759617298542196, -2.2568297993859296, -1.9963523476957632, -3.3883153919741624, -2.937826438471957, -2.7866268970193926, -3.363820161583024, -3.4267343074028322, -3.0691386945915817, -3.7332621180942165, -4.161305965475, -4.317587826296505, -5.102727303474216, -4.862979489223043, -5.369122477055533, -5.054160815363674, -4.796309868900934],