{"position_x_true": [0.017180566651915224, 0.08596713196964315, 0.2410435766987265, 0.5175474679727214, 0.9434256064598555, 1.5396337137917753, 2.3281677317641742, 3.332114267640356, 4.575702136135405, 6.0842992631874075, 7.876535424742194, 9.963962331091535, 12.35842754101612, 15.072562889279101, 18.119661312043316, 21.51348261710563, 25.26901540510842, 29.402294181052575, 33.93012695500879, 38.870348428530164, 44.24208323317555, 50.06605679092306, 56.36417537400176, 63.15964356683674, 70.47737467807244, 78.34373110610706, 86.78661354301238, 95.83649095076609, 105.52654611921719, 115.89157658295983, 126.96848311498835, 138.7958389206788, 151.41477483144234, 164.86807792870357, 179.19766055819235, 194.44303033679006, 210.64074677333224, 227.4914361729937, 244.50996449627144, 261.5284928195492, 278.5470211428269, 295.56554946610464, 312.5840777893824, 329.6026061126601, 346.62113443593785, 363.6396627592156, 380.6581910824933, 397.67671940577105, 414.6952477290488, 431.7137760523265, 448.73230437560426, 465.750832698882, 482.7693610221597, 499.78788934543746, 516.8064176687152, 533.8249459919929, 550.8434743152706, 567.8620026385482, 584.8805309618259, 601.8990592851036, 618.9175876083813, 635.936115931659], "position_y_true": [299.9509779702044, 299.8041104464039, 299.5600427581228, 299.2195495846585, 298.78298211737274, 298.25035645929535, 297.62050832466747, 296.89201265669686, 296.06461211612077, 295.137231274095, 294.109303197815, 292.9829041910241, 291.760542923227, 290.44299866453866, 289.02940076588914, 287.52019164699004, 285.91585503255294, 284.21330993226115, 282.40805732775436, 280.4958674096472, 278.4724634956961, 276.33037845985655, 274.0593672662582, 271.6507626174056, 269.0942451110371, 266.3719109232123, 263.46177628588276, 260.34330081019283, 256.99520162971464, 253.38792160934153, 249.483133697728, 245.23431382292475, 240.58781616116812, 235.47883971177222, 229.8247726063672, 223.52244280506835, 216.4471568845584, 208.74378495053162, 200.78305426458607, 192.72422357864053, 184.56729289269498, 176.31226220674944, 167.95913152080388, 159.50790083485833, 150.9585701489128, 142.31113946296725, 133.5656087770217, 124.72197809107617, 115.78024740513062, 106.74041671918508, 97.60248603323953, 88.36645534729399, 79.03232466134845, 69.60009397540291, 60.06976328945737, 50.44133260351183, 40.71480191756629, 30.890171231620755, 20.967440545675217, 10.94660985972968, 0.8276791737841442, 0], "angular_position_true": [-3.4150546679960113e-06, -5.812936510578664e-05, -0.00026542616410959075, -0.0007232721377161896, -0.0015261840127817595, -0.002672072089082932, -0.003944452396651149, -0.005115142381727541, -0.006159104379744542, -0.006937038711448183, -0.007475467081206243, -0.008306096557133193, -0.009959774639910473, -0.012698942384808069, -0.016583756349688287, -0.022010168811478936, -0.029435261659429272, -0.03879398412818648, -0.04996209829534018, -0.06300921686097795, -0.07823188108200059, -0.09562220186735092, -0.11506778413395459, -0.1370889706177557, -0.1621936174128149, -0.19000267655239486, -0.2201774628506493, -0.25323690178437824, -0.2902753922875167, -0.33203437068418923, -0.3786810825209122, -0.4304411594628798, -0.48797243156293957, -0.5518692479799889, -0.6224430585237277, -0.6998337694130428, -0.7843066968626983, -0.8731796153490746, -0.9626949041228332, -1.052210192896592, -1.1417254816703506, -1.2312407704441093, -1.320756059217868, -1.4102713479916267, -1.4997866367653854, -1.589301925539144, -1.6788172143129028, -1.7683325030866615, -1.8578477918604202, -1.9473630806341788, -2.0368783694079373, -2.126393658181696, -2.2159089469554547, -2.3054242357292134, -2.394939524502972, -2.484454813276731, -2.5739701020504895, -2.663485390824248, -2.753000679598007, -2.8425159683717656, -2.9320312571455243, -3.021546545919283], "angular_velocity_true": [], "altitude_sensor_readings": [293.2540338190904, 296.65979804213714, 305.16139051317043, 300.52394370753063, 305.9853630349164, 301.9578472184422, 303.61114763574955, 297.7201726661808, 305.22683042158883, 305.66936050617943, 290.87527989681774, 290.4671523554089, 292.59525364536006, 294.06327526644776, 284.87290332666447, 293.1345326000852, 282.3331053351605, 279.5569838055647, 282.79726078063885, 279.4252478851265, 274.6781723845191, 276.4489649700308, 270.15210447165435, 268.34464349149516, 270.8375132554582, 265.28604275725496, 263.833585355938, 266.97957876798523, 253.28851644060225, 251.7710174997378, 260.6416944709381, 248.07091302932068, 236.18054961527545, 237.18091732831817, 234.33182989657607, 223.67923059803317, 211.57118993187535, 204.63864999599122, 201.48821634457397, 190.03749863090647, 185.0921155499114, 180.22234033166814, 169.77231662891202, 153.90519086469791, 148.3861218530906, 144.63834282380338, 135.07272130714998, 123.26985437722435, 116.14145687900337, 106.8282193047471, 105.56311492250256, 92.86899802337315, 73.43683716285213, 71.39359444117802, 61.43646607670526, 53.25915951693733, 42.81254946428209, 35.48689770904751, 25.81133333083238, 8.999038941546267, -0.7290982681385012, -3.7851226352671605], "speed_sensor_readings": [3.789832450623245, -3.6382252642113535, 5.194689337246821, 11.07315510448477, 9.641368558894936, 7.6389823805916865, 6.656577936861064, 16.376385296019947, 19.973178694257697, 21.427702312264007, 18.02829975587765, 28.431514142107737, 29.246303549558412, 35.39916772241758, 35.65066025976667, 42.37613570185566, 48.964205831918164, 40.91292452008749, 44.47053103257243, 57.51455175228163, 60.26524371437707, 64.24315635456824, 67.41913353504339, 78.30102880458048, 77.5215846416592, 87.2723019198124, 88.8688348400766, 101.38471043653158, 104.54384251078041, 116.20523887409963, 122.40840411257476, 130.75215323599855, 141.65360133000033, 147.73862572358547, 159.88537983363798, 166.91325355940688, 185.55110305483916, 191.1068652251272, 188.31628885736333, 189.61907526143915, 186.8046894269294, 189.16561384106674, 188.537487176958, 189.99856382371786, 187.0535292537602, 193.04638344294574, 190.49439262142488, 194.35351540755886, 196.40613162705435, 184.12073795665097, 191.18003684468772, 188.21150706394138, 190.66367443022062, 199.02857477430663, 197.36637288534357, 196.6872969710401, 196.87894992655745, 197.30470897385592, 193.59797772790148, 202.86851743678776, 199.10952095281698, -2.8746803318974816], "angular_position_sensor_readings": [0.6519559355328473, -0.10222308496741915, -0.580461352541127, 0.09753395325679318, -0.33258305885266876, -0.12965350415853447, -0.3673611897622978, 0.48141918212566603, 0.11552672268545294, 0.3473544403723992, 0.1481369413189603, -0.22153697951066875, 0.08110260172653652, 0.055979450099127, -0.2167576639208692, -0.6162048276063408, 0.16707134510610966, -0.40886735528018847, 0.13966204698116927, -0.21788037817064604, 0.1507827453723694, -0.29789119150290083, -0.42205032088568506, -0.047806425715222534, -0.30346984259029414, -0.5733775993190436, -0.11537084546785151, -0.8393115171885748, -0.5568626954989874, -0.3950265606418069, -0.38612092760339534, 0.03802413499216711, -0.39248973777978946, -0.8031297048322081, -1.2795640500615086, -0.9360695876799388, -0.8132785471008532, -0.09502035724102076, -0.6144047056379571, -0.6285264129124202, -1.5627969641226884, -0.8980257917243226, -1.755090989694319, -1.797935954474593, -1.0439650962021318, -1.9405784936245185, -1.1286120762304481, -1.4047362663336769, -1.7089629961574693, -1.3335142478230655, -2.576843416971563, -2.1194595033533594, -2.5972678405973957, -2.6416219129857836, -1.3098922054069726, -2.6062771289827986, -2.9010251459788954, -2.5630910517822114, -2.7933448663453393, -2.5700999978808046, -2.7249261637262974, -2.5719271140032065],