{"position_x_true": [0.013264832377500358, 0.0663737294265429, 0.18601025854566505, 0.39904211485562513, 0.7287944787896492, 1.195057323249283, 1.8178891950463183, 2.617609428678178, 3.6147506559613483, 4.830140831965781, 6.27627470307881, 7.956911143419532, 9.874921244045403, 12.030227245493208, 14.419697294991131, 17.03793447985489, 19.8757219465747, 22.918805872958067, 26.146748421702572, 29.532618688308343, 33.00118750338781, 36.48389507507101, 39.95996492014794, 43.3993868578965, 46.76256401056256, 49.99927365560161, 53.081955368567264, 55.987245340719056, 58.66564202812237, 61.09714980111305, 63.278940184297085, 65.1996731453247, 66.85987051528745, 68.27449579870553, 69.474699545987, 70.50853830425328, 71.44149591423479, 72.35336535112613, 73.3346205121042, 74.48116126533509, 75.88321998461684, 77.61480402677896, 79.72471609607702, 82.22649211793586, 85.08940655267858, 88.23490368513836, 91.53985711472762, 94.8466181245143, 97.97978764876255, 100.93268035509831, 103.77288572735212, 106.50693854149745, 109.17207808156135, 111.80704231439601, 114.46379408396156, 117.19922409573246, 120.06252262369445, 123.0809329363973], "position_y_true": [299.94705079855845, 299.78417490003926, 299.5030708821292, 299.09482004686305, 298.55359859760165, 297.87647095308074, 297.0588262328298, 296.09334648536594, 294.96918008476456, 293.6735760701797, 292.1918970828732, 290.5078988927695, 288.6049132176454, 286.46131136984826, 284.05176120098844, 281.3505098401446, 278.3296116104899, 274.9589595151106, 271.2067772691573, 267.0408065326262, 262.5263909169706, 257.7303067881331, 252.62411147059254, 247.18145819513717, 241.3799363725993, 235.20416389865895, 228.70930947840552, 221.95976110076847, 214.96970582867667, 207.78433886044883, 200.46388416237127, 193.0620536569172, 185.63670738211505, 178.2488472873679, 170.95900655817528, 163.82151826513623, 156.88019849691136, 150.16204754442978, 143.67148214680387, 137.3853947196486, 131.25100384172822, 125.18714224274036, 119.08642134160817, 112.82271056353521, 106.26353253365578, 99.28650061836376, 91.79849187162222, 83.75341728014757, 75.166740960477, 66.27283739847881, 57.29343727842924, 48.26528443187187, 39.22990564780159, 30.21428820683634, 21.228283236231896, 12.257306434431387, 3.259612561950293, 0], "angular_position_true": [-0.0008151941283107578, -0.0040598379458152, -0.011343711693261004, -0.024303873935013445, -0.04375942736770571, -0.06975130072134668, -0.10237091401418795, -0.14162248623884324, -0.18731019193395315, -0.2395301952143541, -0.2984213426873073, -0.3640523042494761, -0.4369478220289627, -0.5171397561239252, -0.6044179890940982, -0.6989992482730892, -0.8011047924272714, -0.9109140159062467, -1.0284916358668892, -1.153858937922425, -1.2873775242969785, -1.429240697031957, -1.579310826124368, -1.7375695034820358, -1.9040941105187101, -2.078980486927708, -2.262326690613815, -2.45418678516507, -2.654601290394075, -2.863775221496862, -3.0818143470044945, -3.3087147307608595, -3.5446422975476906, -3.7897054496487064, -4.043971169559856, -4.307657232521765, -4.580875274326393, -4.863815484093935, -5.156620121798168, -5.459162181796475, -5.771421016303105, -6.093622889098834, -6.425963460769356, -6.7685168459649745, -7.121316786354746, -7.484394556967136, -7.857864364758229, -8.241979766452044, -8.636812410223754, -9.043720339195803, -9.464148920079476, -9.898085973142068, -10.345496817279548, -10.806379389423528, -11.280777139064217, -11.768706234316033, -12.270161305696028, -12.785137651796116], "angular_velocity_true": [], "altitude_sensor_readings": [300.6272441038831, 300.9289576643394, 302.36032395408495, 298.6741533163271, 299.4372735351065, 299.50471791807945, 296.9061948570894, 296.1672547795612, 295.58203994271855, 302.6801427812537, 294.8672366379134, 289.3603563686563, 286.0194375729074, 282.09451143982255, 282.04537490755433, 276.8338633451863, 279.0846147114727, 285.3390027834851, 269.6959715966301, 272.5412696374243, 264.430763017935, 256.9193738406436, 258.5505338642613, 248.50012590821555, 243.56455946690258, 237.69623409302645, 226.85642440732013, 224.47726005462903, 212.6779315846011, 209.48961616837397, 197.6075157372375, 190.26472573746867, 186.95419399235246, 175.19458775878917, 169.29525440330306, 159.70302181403648, 156.5600469623162, 147.73851445176246, 143.56762611252066, 140.7582813926478, 128.44550188312553, 123.93286860989801, 115.20203828214446, 112.4207594296373, 102.19316557794495, 102.79959163520341, 90.51932230726165, 82.43440917648672, 74.18409673329843, 71.07356001480251, 57.68764391560662, 44.76147835486723, 41.175440878365755, 32.11283545375947, 21.17029798667512, 9.356875487085976, -1.9597749171480343, -1.0851704174306496], "speed_sensor_readings": [1.8341369300554773, 6.452240075594233, -2.6158698689517466, 6.285743700452784, 8.739441374373168, 6.510990522123685, 12.208722785582209, 10.19456528208756, 19.365316577499915, 17.639813391047557, 22.21834425710941, 29.110926904385483, 25.201281877169222, 30.709980315039218, 33.87095584033392, 42.791631104284264, 43.824532500159464, 45.36142079646668, 53.08767807329094, 55.47878142702236, 61.02812897706257, 61.70782874833526, 59.485632026475265, 64.06838182896067, 72.18843874177101, 70.9195743418285, 72.73386012037274, 73.84235190897219, 83.6806518150631, 73.01337138185416, 74.77675929524878, 77.30243061781131, 83.71951672577372, 71.89633127761974, 74.82608378193217, 69.97011625956581, 66.70535510966589, 70.18830010910847, 63.210726262752495, 68.54252049745769, 59.459086250327374, 67.48225504148017, 63.26243172478457, 63.23846372883411, 75.2908682505562, 78.37171669986974, 82.66051677601405, 91.23471474078183, 96.55719331470395, 94.33787433158838, 94.79470741055037, 94.63636304526024, 90.14748559062295, 94.46414447846486, 94.38650221456227, 96.64194594395941, 94.82402779589778, 1.8633952211648475], "angular_position_sensor_readings": [-0.10678414053210948, 0.24895782640468347, 0.16735113116319972, -0.11289968939639868, 0.3591860156755505, -0.2478742241486599, 0.5256552377696981, -0.21368022640254292, -0.3113832565661607, -0.49392996928918476, -0.49110831661398147, -0.12784315308718086, -1.1242271259242909, -0.8854364673377353, -0.38287845621250316, -1.063290084448726, -0.6610911000637179, -1.0061857324141188, -1.300765360671533, -0.7493067559680595, -1.2293268196022031, -0.9479675677010454, -1.5809336008517028, -2.0564654017510486, -1.8529097288034715, -2.410795411423919, -1.7032754000577506, -2.252887861826199, -3.099449295911737, -2.9021190538590074, -2.787834828956218, -2.898578736782849, -3.4038234232604303, -3.83266559993497, -3.672151604844159, -3.970492925598133, -4.867694651656472, -5.409673776432027, -5.979398420958849, -5.257532267768401, -6.094075007607426, -5.778888866013563, -6.748472747402214, -6.8102148923655195, -8.071104861655686, -7.692694915757119, -7.786599409575772, -8.904662701729794, -8.282704196224987, -9.141759966303159, -9.086966071922875, -10.327702734640242, -10.838769905648519, -10.80631823014426, -12.162393851926844, -11.853485478593774, -11.972124512070586, -13.105653719651702],