{"position_x_true": [0.007366449486382415, 0.03885200664557763, 0.11329943365923911, 0.24974057946737904, 0.46749242997647644, 0.7862554052607184, 1.2262281422232717, 1.808224990225845, 2.553799875753108, 3.4853887505189296, 4.6227167652836325, 5.982653308876955, 7.582798499350734, 9.44172728069816, 11.57420294398441, 13.990570167818827, 16.701104289672394, 19.71563104845821, 23.043124631928404, 26.69183204336208, 30.66863697341635, 34.977806993982696, 39.522580522784445, 44.20365376122465, 49.02717509821025, 54.00606774142126, 59.14823467813652, 64.45364509554626, 69.91162673687019, 75.46559720488482, 81.05760462810164, 86.66338682391353, 92.24723781536782, 97.76050685229228, 103.14138966277604, 108.3141172776534, 113.24368676856176, 117.90266112231077, 122.22141885041121, 126.12889528199022, 129.6196389897434, 132.71014771548218, 135.3881999103631, 137.67606410824993, 139.67856742091178, 141.53827131077344, 143.3973639123769, 145.44057817922084, 147.87968823870847, 150.8429753980306, 154.400396110718, 158.61256432236104, 163.38940744187158, 168.52594979653998, 173.7515678866268, 178.72403937795292, 183.12809944486108, 186.74802793638656, 189.52912867082847, 191.63529133733363, 193.43416864070252], "position_y_true": [299.9509279442703, 299.8036837553122, 299.5581338516125, 299.2141783240985, 298.7716846251589, 298.23004706821484, 297.5889171697972, 296.84830952023646, 296.00835327097246, 295.07039470071726, 294.0324454673238, 292.887001423335, 291.6245281348509, 290.23549734475125, 288.7138055898864, 287.053494175747, 285.24458220878705, 283.27328795216795, 281.1209562219887, 278.76666036637926, 276.187548648047, 273.3554007872461, 270.28161437320733, 267.0116251535096, 263.5485905001293, 259.8604572743318, 255.90251888472403, 251.61702815473438, 246.94204882253663, 241.88844161632176, 236.48098866151383, 230.68386186498572, 224.46254879829698, 217.78598391382187, 210.62994789051996, 202.98101360787305, 194.92006987018382, 186.54249995396367, 177.8808305832538, 168.99331969820733, 159.9745323541646, 150.93165106516582, 141.9755270664671, 133.23530595171897, 124.79422045186527, 116.71327502585889, 109.06617630802084, 101.88014150361322, 95.11238920681231, 88.59003046714487, 82.07547539981357, 75.32716111161747, 68.10293691253351, 60.18738724043102, 51.45416512859855, 41.90413629879082, 31.69689532177555, 21.16308333451125, 10.713155110091659, 0.7647817535936721, 0], "angular_position_true": [4.678219597030274e-06, 2.4668602154370042e-05, 8.839775297685345e-05, 0.00021762738343495617, 0.0004421883658649582, 0.0008940114764046376, 0.0016561990573495194, 0.0027459470803561296, 0.00417292960822675, 0.005715557133410373, 0.006104372458500064, 0.0033501169101217655, -0.004376354691282191, -0.01917701639089767, -0.04243603842137898, -0.07435947660820427, -0.11498365078895728, -0.16430489694341496, -0.22209198497166877, -0.28838447445368903, -0.36372413212727095, -0.44852408446427167, -0.5426521711286576, -0.6414596806842153, -0.7405328881494018, -0.8399574887044611, -0.9409459076831681, -1.0457744828823132, -1.1567303183596849, -1.276236878544423, -1.4055597942734575, -1.5448551787612126, -1.6944012334956475, -1.8544639181000404, -2.0255117109257146, -2.2081510387517085, -2.402611893773316, -2.609195793952014, -2.8286391621882223, -3.0613384134382424, -3.3072604033677737, -3.5666822140252927, -3.84007297796307, -4.127805213974552, -4.430029174715601, -4.746793495333071, -5.07821906187116, -5.424362863904202, -5.785299030885764, -6.16158818973968, -6.553656613742558, -6.9614095188303455, -7.385210400223133, -7.825407761732568, -8.282157058435368, -8.755838270279595, -9.246871428502066, -9.755656273709375, -10.283063141876443, -10.830341637147715, -11.387779744813882], "angular_velocity_true": [], "altitude_sensor_readings": [301.1142495903519, 291.068405899281, 300.84364845899796, 297.2432881225717, 305.100012445345, 303.44835878484554, 297.6875913688353, 302.8280225760461, 296.9213121971553, 299.5935885518503, 298.1271422423758, 294.93328125866446, 301.5920699634701, 290.68180028828914, 285.6391004850586, 286.5445670519421, 283.81816364440033, 280.6100886221802, 283.9212350267536, 285.93238561632273, 272.4377577285298, 271.7665390442832, 269.8836096311354, 265.472368693634, 257.6056955292056, 253.47256563370587, 259.3095109643418, 257.875325058615, 244.7132471885517, 232.35122146651602, 232.12452683964105, 221.97164943555336, 222.8796338541126, 213.6341770530717, 212.2967366717477, 212.0796261213436, 188.0275724068492, 190.9747580610203, 180.55025093460296, 175.4965161822803, 156.61303486756574, 151.44323741639235, 142.40384019040664, 135.50422500578543, 122.61212261106634, 115.24950384019778, 112.3173647713217, 100.29889295498916, 97.49581586132376, 89.14708648082508, 80.32175156714752, 70.24855325363062, 68.38781099377533, 57.993690948812045, 46.47788603706277, 34.64091793868418, 33.00500795185472, 22.188749073494957, 7.8278092621482624, 2.6102105631498524, -0.5287498751551997], "speed_sensor_readings": [1.3551716120534627, 1.4405130809626066, 2.7256416820798153, 5.331427073270366, 11.019004173820012, 10.553053600885612, 7.3505247502348485, 12.265380792648717, 16.304795184177642, 12.129097317912748, 14.431117960569797, 20.3695248181608, 20.043795626189773, 29.713956211207122, 22.703777977678786, 31.545642593580997, 28.10195123661926, 34.28464674835038, 45.017750019734, 42.606960562570926, 52.01750864526702, 45.888496070010554, 58.275190748299735, 62.40004572398889, 60.95267807273538, 64.66693485865017, 60.03052740204262, 66.8577786560729, 76.61903264560281, 74.81146593878971, 78.05364992159483, 81.25678224522527, 87.05366766513973, 83.97817783525629, 84.40188016990685, 96.72064289102849, 93.10845155172737, 96.89320031748414, 96.13020694032477, 97.05900331280256, 97.7329151060321, 99.23824981649027, 96.69430285952623, 96.07280760345708, 84.6873200215421, 83.14118547436466, 77.86406802808472, 74.83864041824685, 67.4511778834731, 67.05538451667101, 81.16320165217512, 87.1523049156717, 86.38211573590203, 97.42255172452562, 108.78974968263485, 111.2566164846562, 113.53636933508132, 111.44228499834124, 108.76533537506378, 100.3225067627834, 4.408285847433964], "angular_position_sensor_readings": [0.21508674571960926, -0.4977149930294637, 0.20729620774134477, 0.17661178438939923, -0.2141828460372449, 0.3367856695789193, 0.5549352070702663, 0.2585004245619495, -0.4130140379210376, -0.2720792858073189, 0.43531051179208163, 0.424711847263814, -0.2555769955423911, -0.05097065080988035, -0.6978942955499539, 0.40331013237396574, -0.37784197288164256, -0.11546860553420382, -0.824227773246393, -0.5424199408798922, -0.6152446150853722, -0.7429042716701059, -0.7678337161588019, -0.7191650395325402, -0.4672421728463701, -0.2331272395500107, -0.5826680891187227, -1.5875645487073748, -1.013378134067769, -2.1047760202591563, -1.35393507544989, -2.526122894607945, -0.9795863832961984, -2.100285547742968, -2.087031152917154, -3.1260951155336354, -2.2404914639684623, -2.7712936717061143, -2.9171136809481424, -3.4126065336111457, -2.981218680560137, -3.4064767765141024, -4.312393638485891, -4.458059558013866, -4.325731395208448, -5.001255378609943, -5.048995693902062, -5.012792579547239, -5.676991770716225, -6.313310772676115, -5.6875287196481, -6.8504746360461946, -7.1475930341113925, -7.781240977976935, -8.61193268637971, -9.303670186475404, -8.74736533662608, -9.497790834613882, -11.000283112821144, -11.3204534680241, -11.95335216294782],