{"position_x_true": [0.013252983563279528, 0.06628663008408336, 0.18964959038296703, 0.41819719992025794, 0.783584308836258, 1.3145862799508552, 2.0370256805347116, 2.973565438768751, 4.147962609714793, 5.585220605483574, 7.303178970896593, 9.31237169289241, 11.624016963068339, 14.250021280431366, 17.20313609555198, 20.496492149012973, 24.14329043313153, 28.1575171542579, 32.55403904668925, 37.348574200409445, 42.557845616166546, 48.19923636970398, 54.290515085151455, 60.850368643124, 67.8992700912141, 75.46002889146921, 83.4294534421474, 91.59814562694157, 99.88464729526922, 108.31777805141591, 116.92269740056109, 125.72506862493093, 134.7580610923993, 144.05622385723046, 153.65594821787968, 163.5949173031496, 173.91439015712345, 184.65803539388344, 195.85852920499153, 207.53914165411175, 219.7261948813017, 232.45028169967554, 245.5216188021303, 258.75019405568406, 272.16929827600717, 285.81347973375574, 299.71848236997147, 313.92202443807105, 328.37306667257207, 342.912526579017, 357.451986485462, 371.99144639190695, 386.5309062983519, 401.07036620479687, 415.60982611124183, 430.1492860176868], "position_y_true": [299.9469870662841, 299.7840819266307, 299.5071364366271, 299.1149999625238, 298.6099088441005, 297.9970187925714, 297.27675475612443, 296.44612250011556, 295.50228672697875, 294.4408426086516, 293.25647427059056, 291.9442292540164, 290.4984244557321, 288.9137976872902, 287.1863419383792, 285.3099563521874, 283.2754509755421, 281.0735680437187, 278.69331578611104, 276.12205009303125, 273.34763868654346, 270.3572013658456, 267.13501052042176, 263.6628246559358, 259.9222738918436, 255.89563789316088, 251.61554146918712, 247.15648430298384, 242.54440825653546, 237.7619748890546, 232.7915592190816, 227.61340038454586, 222.2017673172636, 216.5279601177047, 210.5598947232572, 204.26076426124663, 197.58951293258912, 190.49779593285407, 182.94162250889843, 174.88563317117132, 166.2904947196148, 157.11397240786386, 147.52052680811266, 137.67784180494832, 127.54807948456624, 117.08990187453864, 106.25623523901282, 94.99483281161504, 83.354692833594, 71.51404425754859, 59.57529568150318, 47.53844710545777, 35.40349852941236, 23.17044995336695, 10.839301377321544, 0], "angular_position_true": [-0.0008065833335282999, -0.00407643862387651, -0.010677583575465888, -0.020587769382661474, -0.032942386849649015, -0.045966765525979704, -0.05871325894698975, -0.07127751202674262, -0.08394143140160644, -0.09685294753175758, -0.11000775301124895, -0.12349615914837694, -0.13728381622269484, -0.15145935955950734, -0.16645799746702344, -0.18253917865839167, -0.1995937994670103, -0.2176109034911175, -0.23635175286228, -0.25551874391227436, -0.2752449397566229, -0.29561052538459714, -0.31628119818406725, -0.3369008929389826, -0.35751967359777503, -0.3785196007516955, -0.4005087519866145, -0.42342343607961797, -0.4468271189927522, -0.47065408735888015, -0.49478779860871663, -0.5190159456904481, -0.5431980710279565, -0.5672817014076897, -0.5911195213934569, -0.6144452755868749, -0.6371565376696788, -0.6588986410172478, -0.6792530095261052, -0.6982400034473952, -0.7159175997104551, -0.7325264008900512, -0.7491694187291718, -0.7666815592339293, -0.7849788996416511, -0.8038978473662745, -0.8231960429993088, -0.8428013350484652, -0.8623533812924744, -0.8816678034734023, -0.9009822256543303, -0.9202966478352582, -0.9396110700161862, -0.9589254921971141, -0.978239914378042, -0.99755433655897], "angular_velocity_true": [], "altitude_sensor_readings": [302.7129183463467, 292.7773895326232, 300.27773575890103, 292.2382295195856, 301.00127288091136, 295.9143978679103, 293.6481563908768, 297.0849842981799, 302.5129477691848, 291.80754551127455, 290.50695455930855, 286.64504413706027, 293.1646721969352, 289.46602226907015, 288.4467934866393, 288.7915553966204, 274.5471536732315, 281.6879730330948, 275.1398391910775, 272.62365642616334, 268.26742284682587, 269.00286498338784, 272.9425462252442, 268.8471645024527, 255.95860027883893, 255.03436561110152, 246.2905115896118, 243.85984058658536, 240.96880376120131, 227.99203963435457, 233.94469811162554, 223.82138731172827, 223.32724527314141, 220.2122691819602, 211.51123005406686, 198.1814207627956, 199.92584729298878, 202.2459963558413, 185.25601690540807, 175.91435305778074, 170.85037594534109, 163.53005864999068, 147.68517870354134, 131.36084134974593, 129.28262321850153, 117.24185627917146, 104.36144585908764, 86.41336076332371, 79.25677689456828, 79.54961052995003, 66.5909555670861, 54.521133363586316, 39.93658883614887, 20.89994506883802, 10.831151310887229, -6.6067389298072055], "speed_sensor_readings": [-1.7661007807800297, 1.649023596094538, -0.7240950180329784, 3.0933903789852657, 8.37630799512035, 11.390163509066484, 8.051260669111024, 15.457460828521969, 19.073490641022655, 18.707812341925976, 30.303089143637447, 27.555723122261778, 27.79271760602066, 30.645431989967626, 37.369191502245215, 48.95971011890366, 44.849485433963046, 47.96893026993129, 53.59885564466493, 56.176306845552716, 60.17481692128118, 68.22688569077889, 73.11124296581515, 78.11381280794782, 83.51113803818832, 88.87935310509384, 88.13163656181669, 97.38459486916216, 96.35391966876334, 101.56533663646486, 95.3512402171271, 105.88537104952557, 105.0249309538289, 112.55541172923728, 114.08284803061733, 120.297044464419, 132.7039063176629, 129.6420027677209, 140.94470695774442, 142.98466293623986, 148.58386131952201, 164.65034480698637, 165.3774580283066, 169.03135177993025, 171.0513482180437, 169.47236855405583, 174.17831859149996, 186.11502775623453, 186.82734101438544, 185.3543851507649, 186.63336835547815, 191.8238791728888, 190.27840359640777, 193.92015139991364, 191.4938632417599, -5.760075726619389], "angular_position_sensor_readings": [0.6426255568406465, -0.23339201888197172, 0.025011776148368144, 0.21115166568275537, -0.555593547702791, 0.03006705698600947, 0.015929623760437557, 0.16262359562358636, 0.6472895082401646, 0.04540099577648116, 0.19248156796244714, 0.13229647187354746, -0.2776621032900146, 0.1093897543853356, -0.3100476525996423, -0.6345168976121611, -0.9623835614473477, -0.5625142147663023, 0.05614944431191382, 0.17902100560100476, 0.1753481116446698, -0.17925217551028028, -0.379562394800008, -0.6379913944824724, -0.09116178110170314, -0.8772955774333534, 0.4096562332491117, -0.24846792294250075, -0.02099627739067267, -0.33242386592763795, -0.5508431055175147, -0.04538328781040002, -0.6910402192699155, -0.8506612349324663, -0.5520558003995729, -0.5679516923980257, -0.3890836383949071, -1.0101392940224865, -1.2808080002133253, -0.6537801513477458, -1.127423120034496, -1.443887803480933, -0.055190794991075265, 0.12028127820939383, -1.3755995354193296, -1.0715209990528343, -0.7642761462544277, -1.1558094148873024, -1.091792150291767, -1.045338058592041, -0.770777541513734, -1.1619338158657504, -1.7975618432723213, -0.9385758157311134, -1.0687738897276882, -0.8291903409195619],