{"position_x_true": [0.017174342985240138, 0.08596399477748591, 0.24107741670197363, 0.5178987093381813, 0.9346130914709674, 1.500054924840553, 2.231745783083371, 3.1479182987169994, 4.267717414294544, 5.611041229481257, 7.1723960792930495, 8.944982665967434, 10.946618735949112, 13.188894949868954, 15.681971731702212, 18.41565206364929, 21.382004015092733, 24.601040350262327, 28.086108815269505, 31.849279918008115, 35.876340812666484, 40.15534458916973, 44.7090977508014, 49.552820755563324, 54.69927790418209, 60.1251216651519, 65.80666242248275, 71.76170928214253, 77.99927240294915, 84.5239482838695, 91.29058530965018, 98.25162218630845, 105.40839919452901, 112.74930022853844, 120.2549135768568, 127.852596381926, 135.44199777356428, 142.98813359541475, 150.48898826757429, 157.93362400897243, 165.31000257951354, 172.60338900622497, 179.79383557226433, 186.86343559960642, 193.79672153673837, 200.58139681219862, 207.2084137848406, 213.6720052213654, 219.96999586529168, 226.08474841338705, 231.98458730505737, 237.64583175854716, 243.1177433930334, 248.51249148822595, 253.87880144785646, 259.2167465923935, 264.532333770605, 269.8929423814357, 275.36425776928], "position_y_true": [299.95095013860356, 299.80367121871274, 299.5578877366577, 299.21336380585615, 298.7698642459289, 298.2269562914706, 297.5838488908284, 296.8396650425662, 295.99434612525476, 295.048149401865, 293.98336590007904, 292.78656801449506, 291.4648115464776, 290.0242427628495, 288.47039373285264, 286.7860275463887, 284.9539906183556, 282.9772868235982, 280.8582187389074, 278.59809049675476, 276.17389388638634, 273.5620220893348, 270.7585935444072, 267.75936253041914, 264.5574027315375, 261.1238692754776, 257.42467571424766, 253.43677613816166, 249.13974487472424, 244.5098378858265, 239.51477994434245, 234.1198684372014, 228.28625458131586, 221.97935489891722, 215.16411358004953, 207.82942124979868, 200.13724636545354, 192.22785898470218, 184.0776197379497, 175.6616561533338, 166.98944695846396, 158.08872826552093, 148.97229643780886, 139.65598100908426, 130.15872131370404, 120.5018216604836, 110.70833539774492, 100.80247815358628, 90.80920247155234, 80.75973582145109, 70.69668890691057, 60.67373871644398, 50.75503006131509, 40.92749176216661, 31.15544269654219, 21.449946749486646, 11.844571866670504, 2.3443684186457094, 0], "angular_position_true": [-3.0229388780751992e-05, -0.00011094720588240122, -0.00022964620387561346, -0.0003430269740120651, -0.000379076990389853, -0.00027954747065146897, 7.971601527594421e-05, 0.0008891934480537261, 0.0021515000426735238, 0.003767767130688775, 0.002357969434456374, -0.004714408956851477, -0.01573263353797185, -0.02885426535878629, -0.042184683718436256, -0.05876223826187271, -0.08179726356331962, -0.10949848189140945, -0.14009800007107664, -0.1717115879592373, -0.20766478884121675, -0.2514901424596658, -0.3013916706546117, -0.3556970664343997, -0.41253518395476385, -0.475710628850719, -0.5486462985490453, -0.6286146020420106, -0.7133118364110024, -0.8002562540313984, -0.8934707215869939, -0.9969573013621762, -1.108019808875737, -1.2237207686692093, -1.3410512422691117, -1.4657286951131419, -1.6029973659781938, -1.7492387254669426, -1.9009423813712831, -2.054522359967968, -2.2082177240322642, -2.3620868909968675, -2.5160820446433467, -2.6701432948537636, -2.8242667058680824, -2.9784378736200092, -3.1326205084026224, -3.286758203766683, -3.44076082856203, -3.594579506089022, -3.7482782734607527, -3.902098392391624, -4.064690296081578, -4.242258278450559, -4.430378337207679, -4.624922678902546, -4.82179999099582, -5.027934025675728, -5.2500473773122005], "angular_velocity_true": [], "altitude_sensor_readings": [300.27974787280937, 300.42026769687095, 309.83964707596533, 295.7658296696881, 296.57086023827054, 298.8495734905459, 297.43593188253504, 297.88190785407363, 301.54747681984225, 292.9125601550395, 300.98299003047384, 301.30932353685716, 288.7364640347336, 292.2656845985235, 289.0479866895663, 281.91357517717876, 283.25204102825546, 286.27716032789357, 277.3694122338414, 279.1528003671479, 272.2399401669896, 279.5326597125994, 267.6607257893537, 262.98467302176886, 261.41501693348107, 254.22031046628254, 263.8801404731146, 248.3296704057104, 247.88137701018192, 238.68768542932412, 244.97552585543409, 232.0799648289553, 234.61217548256937, 224.6367625690899, 217.0914050009569, 205.62853972396908, 201.65870021265172, 194.18430887788836, 185.82236528412625, 173.29641516479904, 166.7518705623767, 162.7545806151083, 149.47445960359522, 139.1881431135046, 130.2944822743257, 116.30302572959987, 113.31369255245097, 96.32281359000349, 88.80284340349307, 81.93550743184956, 71.03929647129077, 63.62290308471086, 51.3164295131216, 42.32839286455795, 39.023433673288146, 26.9366760930592, 8.025340105734804, 2.024616093517243, -2.049522781569139], "speed_sensor_readings": [3.140129081496765, 4.548971958537104, 4.056861451812167, 2.300656413021276, 7.679227732084977, 6.640968041620541, 9.7627395441438, 7.641010476209618, 17.737782727404493, 17.418919468245704, 22.031833985285626, 25.12648059246282, 21.63962953436033, 28.95267487260081, 29.031018136011923, 29.965813885489712, 39.56438365293322, 33.367923094493364, 42.25775398195359, 42.44902540932442, 50.03971215573462, 44.60096392352379, 55.068602275309665, 56.100159207361926, 61.26636048012424, 71.842333160285, 69.12646889339688, 74.70670004243317, 74.37674357260633, 81.90579033762491, 87.26225806564288, 89.16087318640257, 95.93807582643684, 99.2593751469738, 103.63449538264918, 112.06686622178024, 113.53300484485356, 111.96791879691189, 111.72857898999688, 115.73990508122435, 113.86364635118298, 116.33801990791564, 120.49152611185795, 125.00771860150066, 117.85505498953582, 115.82999534881452, 115.06345088124974, 119.0083550002591, 117.3326377902761, 114.46533503018031, 117.16802320406322, 115.36493990298958, 112.72155399886317, 112.62357063150192, 110.12802137232083, 113.06393539316086, 108.04286522967527, 110.04768807039804, 4.995735005871786], "angular_position_sensor_readings": [0.49100091298928705, 0.6211501104040051, 0.013564146982125148, 0.7517799727310409, 0.2561045861110252, 0.5093912412554588, 0.009308851913474667, 0.3194636987084756, 0.6194486447669445, -0.046123457884847355, -0.39264070445007704, -0.5219913235287693, -0.2804178574060296, -0.820866883439542, -1.252880985705669, 0.691721224706144, 0.09179662203961933, -0.22607895830106764, 0.1825932145574915, -0.24562848368565593, 0.21589343562714075, -0.28371556138629983, -0.3854537306397052, -0.14040723862458931, 0.13702542100219162, -0.6444824251238401, -0.4205699608867237, -0.5910554206141146, -0.7161974834792781, -0.19123167559038456, -0.9437845116324257, -0.4796642001615956, -1.567850175247138, -0.7636109522015111, -1.2214823277096252, -1.5074970156484473, -1.8569546549705795, -1.9035882933731945, -2.0538655693691803, -2.3634342445515872, -2.956633185782198, -2.3871086119686, -2.3319222749931603, -2.4382749636160423, -3.626780179198239, -2.473599922283466, -3.4105158080587827, -3.2910345357881416, -2.7565554077753585, -4.225022765909604, -3.9054945725886405, -3.634622198786067, -3.656255072553892, -4.0483415665458296, -4.357538666710193, -4.142516643399445, -4.404719195526279, -5.167104152870187, -5.087586118939001],