{"position_x_true": [0.00782548724335835, 0.04114394788983633, 0.11976635609728024, 0.26371745531000046, 0.48526128592834483, 0.7888545886831053, 1.1789765617158738, 1.6601563802655337, 2.2369872721196447, 2.9139758310138895, 3.695669336895979, 4.586717400359946, 5.59170576638896, 6.715402513985694, 7.945760840266718, 9.274763250401676, 10.715481149968308, 12.281178872810122, 13.985532303492235, 15.819865026855402, 17.775339061055185, 19.865565580710836, 22.104445801193375, 24.506450230252554, 27.06021379873862, 29.753805345047194, 32.60075680453361, 35.61461759740657, 38.78566226728802, 42.10355017476784, 45.580197628913076, 49.226790034742066, 53.02797502620668, 56.96730820279318, 61.05265336801454, 65.2686480642406, 69.59740476669343, 74.03890007581643, 78.57027561598507, 83.16529923983626, 87.81404175925955, 92.48479491859322, 97.14145460996473, 101.75164794771591, 106.28048047389402, 110.69281896311631, 114.94794039767869, 119.0051011694997, 122.82242893337214, 126.36203524905682, 129.58830528301783, 132.4704321256732, 134.9858288137531, 137.12313090569984, 138.88541727198606, 140.29394300606205, 141.39036818885256, 142.2405249706957, 142.9331094354036, 143.57657711921976, 144.29663399964448, 145.22373764266231], "position_y_true": [299.9509362897372, 299.8037536904422, 299.5584316129548, 299.21477809146796, 298.77270011596147, 298.23206614795964, 297.5926158778439, 296.85422514241475, 296.01686693958993, 295.0804977816546, 294.0447857340697, 292.90915252504226, 291.6732170994994, 290.3370092910163, 288.88365481936347, 287.2999201392756, 285.59318174975346, 283.7699003557615, 281.83565550151667, 279.7754664824965, 277.57403272220915, 275.23561789099784, 272.7633308223618, 270.15890910537524, 267.4052110922426, 264.4850022153403, 261.3973255842795, 258.1389014669411, 254.69480209083744, 251.04949648471325, 247.1959831689156, 243.12452561700505, 238.8189569871551, 234.26309298721742, 229.4444156526118, 224.34761188591827, 218.95647136870153, 213.25315578013507, 207.22405765417506, 200.85590614316965, 194.1294320349669, 187.03718144516102, 179.5733851261243, 171.73346074845216, 163.51550768785108, 154.92340053313862, 145.9660730857229, 136.66050244818985, 127.03769886832913, 117.12941252381883, 106.97705548447962, 96.63249357297218, 86.15667405791662, 75.61955533938622, 65.09939510002448, 54.67879746541262, 44.43948757743893, 34.458013151886455, 24.797882311396442, 15.500609326278221, 6.579013688434916, 0], "angular_position_true": [-2.8503334275081315e-06, -1.4822805942437914e-05, -3.7589683585794546e-05, -0.0001264189231744074, -0.0003230564525582382, -0.0006450270447525668, -0.0011281133642373163, -0.001760362268619201, -0.0025171773124406716, -0.0033606169753167413, -0.004225560055680307, -0.005032592133190197, -0.005724873663728381, -0.006305284945594659, -0.010216418396981031, -0.020012266533388334, -0.03403402173237715, -0.050615054707601, -0.0679433123925283, -0.08850554702353981, -0.11481191759979761, -0.14507280984005813, -0.17752196029303852, -0.21031345052597267, -0.24613879904377742, -0.28782276382794025, -0.3335332970597123, -0.38131674650394926, -0.4330648195806325, -0.49067388089455183, -0.5521095638759266, -0.6152511036761944, -0.6821227179961018, -0.7549439365132519, -0.831897848531717, -0.9139706701955275, -1.0021427397451208, -1.0942543693863265, -1.1913405359575364, -1.294459333393115, -1.4014936073243298, -1.513681927686007, -1.632048232527818, -1.756476558778758, -1.8872243852530086, -2.0247658807112296, -2.169173612051501, -2.3204856757959362, -2.4802149273505667, -2.648812048861454, -2.8266012441629593, -3.0137842250196716, -3.210733010444288, -3.417818911068895, -3.6351812137802546, -3.862887778941247, -4.101087346194092, -4.3496569992788805, -4.608440292428864, -4.877459071905469, -5.156539855883253, -5.445841746623535], "angular_velocity_true": [], "altitude_sensor_readings": [299.8964318190506, 295.8662149437857, 297.9297766828177, 300.61460761438667, 300.15532682485014, 303.93822696823645, 290.9911527484592, 291.92265113367847, 300.1666486171765, 299.64859261118187, 287.82052947027057, 300.6054980454536, 288.4363594483999, 291.5043517789475, 287.05681922170635, 286.61229983028727, 289.53513796878343, 282.95314688266325, 284.2587699804193, 278.11856030216086, 285.85580762949263, 281.51065560336366, 271.29625493564356, 272.37771556041014, 266.22152300282596, 264.97171046213896, 257.2481632596928, 260.635042104824, 254.54479085499693, 256.33555406252685, 255.7151049006986, 241.59425748895427, 239.5836744612648, 224.25003507746476, 230.93352295693563, 225.6621965056229, 219.7251649119293, 215.03648255888146, 210.40626497124376, 195.8267941452065, 197.57579156858517, 185.8497411193159, 184.0817438023981, 169.5023525837696, 163.49839913194074, 155.1579181015693, 146.4501015880523, 136.85112194053173, 130.8599072470136, 121.47268160325306, 110.75674343896533, 102.56996376007906, 92.05032178425608, 81.53653226664133, 65.49316604479652, 57.220652828989714, 43.7864178356492, 34.97119947443317, 29.23348833092168, 14.408895951401185, 5.842869555599567, 2.016833956331603], "speed_sensor_readings": [1.899650453749198, 5.7667650289191155, -1.839682578519945, 5.210977920790398, 8.208273074954633, 4.5934365099629115, 3.1630565680362324, 7.36316060990239, 15.33964861299682, 10.414484060506549, 14.349907972940326, 8.150282489654742, 16.969142609376394, 16.016222715481298, 18.77904764323242, 20.18283037400657, 25.273771255404554, 25.103898978345395, 28.035749413391805, 27.570786528224154, 29.26588061186748, 30.97803076115082, 29.878557983315503, 35.4491778167457, 37.88499660341154, 41.49213128071537, 45.62944587292229, 47.630004453598715, 47.13469673309198, 52.94474285096394, 52.55366176355539, 56.05735858404087, 59.60069684381437, 60.23914117304736, 59.86260380981189, 68.01874321818977, 75.92188803843926, 71.64378540555784, 81.71270639609081, 79.01932684858886, 85.41464296433426, 84.72380846560846, 90.73042738702142, 91.59056223371273, 98.99770548277377, 97.78344744133466, 97.57426337626514, 104.68889249019469, 101.17515072758933, 105.30890340097943, 106.00963991115637, 108.44602250098525, 111.35561279082471, 107.1719022433734, 106.64811419556837, 103.1807418606376, 98.56485446615277, 102.26897068744401, 88.96466558311805, 84.37725628065014, 86.7006444395024, 0.15245989813813682], "angular_position_sensor_readings": [-0.4476417693972165, -0.5991643407428796, -0.13722304048497333, 0.17282870696313182, 0.21955817865558108, 0.5074980330259483, -0.5578945441644912, 0.5085121179822861, -0.563381734137075, 0.23647926922651993, -0.5088990062668142, 0.2095074643241729, -0.21830169379639297, -0.004987082028202197, -0.8617216550947984, 0.8603936267269416, 0.003638202489859306, 0.1473995396590267, 0.43793848402595437, 0.03739634040743013, -0.3724636517304717, -0.06245945336089584, -1.2062949999963168, -0.3057541492827319, -0.3891308356966549, -0.7859210579173119, -0.33368238935195565, -0.9830855689929285, -0.414324350160727, -0.28809586335771525, -0.40663140672475595, -1.0597850300421916, -1.3376552061245603, -0.8560762218505709, -0.2134833422149025, -1.0702534942910786, -0.07829933802744282, -0.5220700288311909, -1.6325523635331634, -1.2877155041268857, -1.5305238314888612, -1.116525337206164, -2.249119980221977, -1.9569417582299449, -1.8202636605872036, -1.3966956191026134, -1.8352980632319793, -1.3222581629601442, -1.8388750147398643, -3.018032806346783, -2.6018100943496334, -3.5994110461489535, -2.9146745383491863, -4.285393259001275, -3.65999926907338, -3.8601189197348025, -3.5214086421338586, -3.999441366957641, -3.940274667285941, -4.586320251531125, -4.408060607922154, -5.457543142540011],