{"position_x_true": [0.01325711861390877, 0.06629966182130459, 0.18586082815467478, 0.398900559187374, 0.7287370013350565, 1.1951221840673458, 1.818135067585704, 2.6182461780327597, 3.616302978572757, 4.833001804854307, 6.281011344133171, 7.964309137002537, 9.884691063445356, 12.042055819726666, 14.433797585567811, 17.053321641115144, 19.889704070170147, 22.927371133096525, 26.143786786711278, 29.508934449780284, 32.98344475409139, 36.517655627796074, 40.052531525488945, 43.51778567048488, 46.83511105930533, 49.92292312107292, 52.695486782018634, 55.066701608569325, 56.957731240071546, 58.43983682635691, 59.604632627955496, 60.42853332057866, 60.91141441072718, 61.084654685540215, 61.01962399729654, 60.833473539979536, 60.6902621019037, 60.795344173809276, 61.38750156084923, 62.534900644755915, 64.22136522661185, 66.49630830205582, 69.32189445348075, 72.54464141348775, 75.88409874476584, 78.95187654566989, 81.39987403585816, 83.47235922763402, 85.54484441940987, 87.61732961118572, 89.68981480296158, 91.76229999473743, 93.83478518651329, 95.90727037828914], "position_y_true": [299.94701189169865, 299.7839382707554, 299.5024682360667, 299.09405661160855, 298.55371030940563, 297.8788292736337, 297.06417663109926, 296.10231675159275, 294.98416550001616, 293.69679948858976, 292.2258901218813, 290.55621540673474, 288.6676825858131, 286.5383169336288, 284.1445776783197, 281.45949395725194, 278.45361693569697, 275.09619317119416, 271.3548699978928, 267.1968270164388, 262.59042251540785, 257.50710355860195, 251.92475123302378, 245.83040420604067, 239.22353387154664, 232.11841253917555, 224.54842073323616, 216.5682874067607, 208.2538899011097, 199.74258790819567, 191.1644021337821, 182.60312543785022, 174.16002255896734, 165.946228234847, 158.075178362475, 150.64892892224196, 143.7402838014248, 137.37220143318294, 131.49132535469215, 125.85749253695747, 120.18944809659457, 114.27835433946979, 107.87647039630119, 100.73483066991523, 92.65955654049013, 83.58089747111053, 73.62581932240587, 63.24454333187147, 52.76516734133706, 42.18769135080266, 31.512115360268254, 20.73843936973385, 9.866663379199448, 0], "angular_position_true": [-0.0008101598202499058, -0.004040502834342558, -0.011277937436994092, -0.024201648368483486, -0.04381652603054388, -0.07025888223861027, -0.10348239996821178, -0.14343022236471548, -0.19028580454405045, -0.2442004525816099, -0.30547002985055166, -0.37449829684601343, -0.4512218912921284, -0.5357838735581827, -0.6286216943676186, -0.730018102227258, -0.8402088171736268, -0.959573483186821, -1.0884009112253656, -1.2269061735181985, -1.375158328093746, -1.5330630520458857, -1.7006277455567604, -1.8775442998566192, -2.0635859631313522, -2.2591931416641335, -2.464786454060557, -2.6806660002580456, -2.907585562129247, -3.145814942408995, -3.395195183557903, -3.655599206505633, -3.926987071558589, -4.2096975851581, -4.504210338874919, -4.811119545978169, -5.131147357374031, -5.465347762931347, -5.814137346593159, -6.17774202647193, -6.556847878137397, -6.95186910586276, -7.363168226570378, -7.790918411999126, -8.235317338320103, -8.697116111586318, -9.16734622798572, -9.637031224821895, -10.10671622165807, -10.576401218494246, -11.046086215330421, -11.515771212166596, -11.985456209002772, -12.455141205838947], "angular_velocity_true": [], "altitude_sensor_readings": [300.6958368634401, 301.53553276219236, 299.67340940222766, 293.06569300396234, 296.6975989002152, 295.73598986446405, 294.74583528922244, 291.7409590323838, 298.7638116203814, 288.72936881914967, 288.94613838843617, 298.08085269878075, 287.8508784120123, 284.98464899542745, 288.3376059544395, 280.1276189262636, 279.80701464999646, 276.30583422344563, 274.47640230847804, 266.852141202949, 262.3158309814448, 255.20393510306164, 245.43759166165938, 241.35542208831131, 232.55861768789055, 226.09841459888537, 219.65291504502156, 217.06788425821614, 211.73237644509152, 200.8070918711025, 195.53255202558654, 179.10147654675205, 165.49564832246753, 171.320981015339, 159.65809074224973, 154.3523244223534, 140.17663311759645, 137.76703184850174, 122.82579357962452, 122.40997456948202, 130.81240777812067, 109.4043193636757, 110.74525776233145, 102.49670071419263, 91.80751448368932, 81.4732457850831, 74.92495895714715, 65.29237371993167, 63.392091790692504, 37.732651486637266, 35.27862243877404, 18.517055595885946, 5.10339127846438, 4.817660299031524], "speed_sensor_readings": [-1.2597619007156031, 3.2822273864543536, 5.367419809227246, 5.879308248231047, 8.363835097793714, 11.771499441081575, 14.151263805546423, 12.797689941380662, 21.048161789117366, 19.924688693592806, 24.34378578431784, 26.566373699796834, 27.496290232494992, 29.720273884507037, 33.62731863845055, 39.79327415078926, 47.354127372679784, 44.87750544321781, 53.25366063380627, 55.65806638768192, 61.41524913434192, 61.86009851490188, 66.09293544151159, 75.37364006079191, 74.75567588795982, 74.52270823611774, 82.94756237757406, 83.31892894351145, 86.14478038904372, 85.66173402040063, 88.876486299302, 83.15575502827143, 82.90753953753149, 83.70253321991447, 76.22490614254558, 74.00023459570681, 70.44595281466445, 62.03866779798111, 56.31969986241896, 50.6909774082929, 59.55834567527521, 60.01673310195032, 74.12303854690465, 85.90485055742633, 89.84264469985582, 99.13544597268664, 105.21339125059974, 104.91390139454019, 100.55824760968426, 107.57868460724985, 106.79708148135569, 107.77353891366876, 105.46876541380502, 0.4727098842801417], "angular_position_sensor_readings": [0.09736355218546294, 0.056497257077126495, -0.2969915356336674, 0.11799832535157295, 0.21514370981415504, 0.06390695117203846, 0.06401716538036879, 0.43170071936835763, -0.5303928486548535, 0.05168218692451168, -0.5571315964598569, -0.46353888057562437, -0.7073403526637008, 0.11815735560400975, -0.7304140729170359, -0.5976526808751167, -0.5409460513135391, -0.9218355091633267, -0.5580214088418157, -0.9592077523021367, -0.9575051981372242, -1.9191022966442968, -1.1683650778491654, -1.775088634437557, -1.5938724252101326, -1.337269649549039, -2.861457809880104, -2.522005737511211, -2.3634713665631386, -3.069630308404111, -3.5367636704235688, -3.20507671626122, -4.22343574800175, -4.2963767182587675, -3.8232718392240566, -4.288370735100816, -5.197384409901113, -4.532809062025044, -6.2578184807278205, -6.883370158733407, -6.798510060757, -7.367432427848784, -7.570678694210374, -7.386731517467964, -7.39288728423519, -8.512396161403643, -9.30173998876556, -9.297781386558338, -10.35968009832147, -10.865910434529267, -11.349817237901544, -11.209624938738779, -12.274611603232378, -12.636270305040794], "angular_velocity_sensor_readings": [0.7994998583034586, 0.3295128389801747, -0.21673645662156985, -0.6017856624242557, -0.31197768810091114, 0.8000101136240101, -0.9984011840103137, 0.08794086153790653, -1.3698704419125622, -0.8660409699791758, -0.3750686673470577, -1.4384493312307978, -0.02354921382591868, -0.9185916737295647, -1.8778480011291285, -0.3537455136218971, -0.8563928470287008, -2.327441197690151, -1.2011213259144264, -1.3001482521946417, -1.5280676957597024, -1.7044835748863896, -0.6579920225156004, -2.189789423667312, -1.6326802065342898, -2.442791822719337, -2.2703353956268364, -1.7773541297759392, -1.9541829044338908, -2.825601455162884, -2.617472293336099, -2.745410443989449, -3.183321809542102, -2.765433789976469, -3.6719238001023617, -2.808523626233885, -3.0643608842275265, -3.063336316887322, -3.229591286786843, -3.0340948493119617, -3.717424625626502, -3.4854476712919755, -3.7465136570197, -4.387045287216964, -4.713270408391666, -3.5480817270333724, -4.287609563480681, -4.869476054578188, -4.212651441723997, -5.851343853946356, -4.765143447672319, -4.793720546458347, -5.382919065268215, -4.997052392227523],