{"position_x_true": [0.00982010249463916, 0.04909526264104172, 0.1375635207975205, 0.2949482170316616, 0.5174952091929068, 0.7975909024236475, 1.1472006190863517, 1.5785644223681994, 2.104111523468197, 2.7154581224679593, 3.4042386272612943, 4.182841891080002, 5.063953444680558, 6.060604637591945, 7.181372404525016, 8.430313093973409, 9.811396323304598, 11.328493229624256, 12.9852721017083, 14.7853981809957, 16.732177224435198, 18.828593017169048, 21.077584331246467, 23.481908267685263, 26.044221030541905, 28.76687528433586, 31.651759084571133, 34.70050326256961, 37.91444178465246, 41.29430503011597, 44.84069887662659, 48.55496736789425, 52.43826690256782, 56.49105306334943, 60.71442074158565, 65.11015851744472, 69.6792862234006, 74.42231202535154, 79.33889900307047, 84.42827901695966, 89.69035851449347, 95.1252212560989, 100.73360614930886, 106.51581803003566, 112.47063586437466, 118.59675612856292, 124.89387967505918, 131.3621870890513, 138.00244060811022, 144.81579322705988, 151.80244964889678, 158.96231118669053, 166.2950302094812, 173.80042704454908, 181.47976851247643, 189.33534150260985, 197.37409750722907], "position_y_true": [299.9509681859033, 299.80395772951044, 299.5590185863255, 299.21610361306756, 298.7592980746657, 298.17640829003955, 297.4747100001243, 296.6609981759955, 295.7417925205467, 294.7041489834808, 293.53483583392693, 292.23930196583336, 290.821827007295, 289.2852369749461, 287.6277873919037, 285.843648212451, 283.92669201561546, 281.87093332788515, 279.6700262185238, 277.3172559208241, 274.8055541348316, 272.12758133326673, 269.27569894621104, 266.2421910958104, 263.01955352901336, 259.5998961213187, 255.97476615602278, 252.13522901963367, 248.07188540945907, 243.77468396954544, 239.23340311545627, 234.43852411889583, 229.38040621526608, 224.04857842579224, 218.4327697141641, 212.5232130661754, 206.30973575018558, 199.78146692730135, 192.9265100240968, 185.73283365315106, 178.1884262823862, 170.28118331274672, 161.9991730585526, 153.3297645646568, 144.25923413819942, 134.77350441250914, 124.85896507481276, 114.50164651397672, 103.68705360451962, 92.40041008821265, 80.62609474701571, 68.3481146569542, 55.54961232395998, 42.212827888462094, 28.319531903055413, 13.850649446661732, 0], "angular_position_true": [1.0069030079206088e-06, 2.381486915251023e-05, 7.662023667389173e-05, 0.00013990788824225583, -0.0031095595066186928, -0.012176064593434737, -0.0254091525236911, -0.04112890900618217, -0.057688258254880685, -0.07765868405917441, -0.10358334392249988, -0.1338001528512809, -0.16666438933250383, -0.20052758093844916, -0.23450660497855988, -0.2684912121323678, -0.30240271753422643, -0.33623447552198993, -0.36996032018716263, -0.4035890655026626, -0.4371436948100936, -0.4705786878613691, -0.5037977611181603, -0.536702683452013, -0.5692372255798868, -0.6013779885445686, -0.633098994576432, -0.6642908841105248, -0.6948132820554096, -0.724491197347356, -0.7531305182928079, -0.7808226713512277, -0.8076898482271424, -0.8336233969547887, -0.8586561757302854, -0.8830177946777287, -0.9067993880811505, -0.9300827594377512, -0.9528266583305018, -0.9748592864933447, -0.9960926691061487, -1.0164549299163366, -1.0361632653307766, -1.0553614976020949, -1.0738007219072285, -1.091178690929541, -1.1074707744689785, -1.1227115226118227, -1.136872103482862, -1.1500545570810985, -1.162117146108769, -1.1727684900107778, -1.1815890604434993, -1.1880995224559254, -1.19194965744563, -1.1926547455533365, -1.1902661047477048], "angular_velocity_true": [], "altitude_sensor_readings": [297.20806321546905, 295.21522713050564, 298.8599736313606, 303.2967367440319, 298.4761575298259, 297.4454961481989, 306.3549694270703, 299.32750573162997, 290.1036067831161, 298.64132551220973, 298.937319653612, 295.9383363686534, 293.63289556383904, 282.4573903346329, 293.0939286650598, 285.5304476649761, 287.89190340655256, 280.35428027315345, 276.1703300076357, 282.4110240063418, 279.69984334259385, 272.8134592197396, 265.53492284201195, 267.6670698140659, 257.40965784318, 255.95367132078857, 256.2842853202922, 250.66671264154803, 248.34461939385335, 244.6827274225256, 237.95725111408498, 232.7870787816609, 229.29358684341318, 223.39040865639453, 210.97601720514, 215.2462272521521, 209.19732030927022, 199.02513676043563, 192.38369325109164, 185.30325742894, 180.36855165340197, 174.86609957465754, 160.33217708328604, 152.34908672707405, 143.07097465151247, 127.96391036416796, 123.06743475223195, 108.45803975653627, 111.54694961783068, 98.27523953833692, 77.83796237046859, 73.2587086221402, 56.78220815829138, 43.06082050389736, 29.38611288384904, 18.80638440075532, -0.5871787329214092], "speed_sensor_readings": [8.271373503841122, 1.2611518048042547, 2.7809635483349053, 13.93683918836119, 2.1846028582401535, 8.50138638937113, 8.345443095011497, 11.77646887815351, 16.60713787829183, 18.23110976108084, 8.799923905580297, 13.895557196744086, 18.17558200461766, 19.117552248734757, 20.327420019088695, 18.924313921130267, 18.84125516924366, 26.291735718388086, 25.38212324835549, 34.888668621251334, 33.514460469997054, 35.67533007010159, 37.76220335571408, 40.1930432645318, 37.24869197714546, 46.569198923902974, 50.046400693844205, 52.97981033624353, 53.115366468842616, 59.717443437490694, 55.180974648203765, 58.39416558884734, 66.61763207028253, 66.93947503569154, 72.391513563532, 76.36840242601978, 78.73646039007262, 80.61200701904836, 83.65893675828914, 91.43156503731028, 100.21851426246128, 96.26126950857068, 106.73514946447123, 99.24869524929201, 111.86602930342004, 113.13221311088117, 115.46256461389788, 123.36881728092288, 128.60817202399284, 135.34969019542842, 142.06199629775614, 148.99936587458316, 151.04682898492774, 155.7003732917734, 159.87114820477856, 169.55703663824573, 1.8419287900130006], "angular_position_sensor_readings": [-0.015973394318748498, -1.2178589476611505, 0.5161801039141731, 0.2554154256340007, -0.2586915872263254, -0.3443862663892735, 0.3024736140427125, -0.2588271036838251, 0.5371622565401628, -0.16191677317682174, 0.6953017412552973, 0.1062008585879598, -0.09269692418509241, -0.19807681998621535, -0.2600970041958476, -1.0597487442036302, -0.5959536192476502, -0.9801199282635494, -0.5440736762123017, -0.18249564959916528, -0.31099003240931433, -0.6739225012697373, -0.02747561200252807, -0.695178448141868, -0.45389196628426776, -0.454925498624365, 0.013451792126835449, -0.4411561384991991, -1.247986694379977, -0.540859252291832, -0.6854791282803778, -0.5520372628067174, -0.5506212574742417, -0.5470797239760663, -0.3940386164514503, -0.9933205068006498, -1.1303624430686168, -0.29629941834866547, -1.6491082248139102, -0.42418835282666456, -0.6648784439829643, -0.7705368348816004, -0.2310107535969922, -1.8897893750321546, -0.6852009974045018, -1.5080948430087457, -1.2851837829219244, -0.29946499873373056, -0.8950690787487647, -1.0688023198006928, -1.1041397717797952, -1.3632067560532066, -0.6998525171502743, -0.6511181543330135, -1.092563927542892, -1.46954084473661, -1.2472148213335255],