{"position_x_true": [0.013276810066514747, 0.06639376558835891, 0.1899485453652241, 0.4189421659892911, 0.7697151340940644, 1.2386916241871564, 1.8421640866604643, 2.60996458837413, 3.555914852474372, 4.6986314614875395, 6.063004648627904, 7.66698195041811, 9.510376765646662, 11.59331322267809, 13.935066485649612, 16.555535385192016, 19.45604099375182, 22.638028058056243, 26.122024493113198, 29.928548926195656, 34.07762257555679, 38.566911477037834, 43.39316609322142, 48.57343137095669, 54.122887334813306, 60.052527463082626, 66.36584295614954, 73.05762988248522, 80.11490764166639, 87.51626867442026, 95.22671633115955, 103.19156141943495, 111.3334526043722, 119.55315454236695, 127.72587262356208, 135.70127857883813, 143.3066654248816, 150.4807185071504, 157.27241140480714, 163.64379683682876, 169.5113440924498, 174.83362503059368, 179.63487187845172, 183.98048290410387, 187.9570753807144, 191.68840922851092, 195.34131152933588, 199.13788324697143, 203.26633391218246, 207.77118346490258, 212.45233324340447, 217.13348302190636, 221.81463280040825, 226.49578257891014, 231.17693235741203, 235.85808213591392], "position_y_true": [299.9548747205434, 299.8235085625438, 299.61038961682834, 299.3168001429398, 298.924494680962, 298.42682559826386, 297.83726862973134, 297.14974304826586, 296.3654357774964, 295.4902371369977, 294.5175095774223, 293.4387895993634, 292.2625307286759, 290.995631982567, 289.6266504523055, 288.1433968834186, 286.5490415635682, 284.8432571846671, 283.00421051393556, 281.00729468336834, 278.8238558271332, 276.4532749875686, 273.89286671720123, 271.10532928793106, 268.0495450153723, 264.67639592394414, 260.93817846317603, 256.78974434699484, 252.17942634629736, 247.0517757074539, 241.34548536866689, 234.99381271420916, 227.9300530818597, 220.09456921603788, 211.44171684327895, 201.94783753496353, 191.6223404625562, 180.67676329564298, 169.34623564655732, 157.70729670633526, 145.8819069408412, 134.03651886450848, 122.28390653322334, 110.73963126621587, 99.57023664210297, 88.87157600623698, 78.70040434417653, 69.1051888607259, 60.04442509512492, 51.31470718582501, 42.623911365982885, 33.83501554614077, 24.948019726298647, 15.962923906456526, 6.879728086614405, 0], "angular_position_true": [0.0008046449364914761, 0.004033532390076786, 0.010476788160511783, 0.020123687666460027, 0.028744841006693486, 0.03454204160893075, 0.039985032215464344, 0.04335394464998589, 0.04462457744648695, 0.04446488977938197, 0.04095805897545126, 0.032245780646469296, 0.019838940790827514, 0.005321040248744486, -0.013369509103662917, -0.03858608930756722, -0.06838289214104884, -0.100549732863877, -0.13693345377311328, -0.17952161255712723, -0.23041113103483812, -0.2862396459851236, -0.34385291775295207, -0.4058388777934625, -0.47505640762022955, -0.5540795130650865, -0.6443520510680575, -0.746347539473974, -0.8605568230547921, -0.988012999601709, -1.1295793471157471, -1.285515155949909, -1.4557838048135625, -1.6406357520988353, -1.840388645947996, -2.0554683014205146, -2.2866710010767113, -2.5341813953030954, -2.789512686816177, -3.0443099172893575, -3.3031005889358953, -3.5729033398997436, -3.8495397026883094, -4.1289268339124785, -4.41603538521909, -4.708346747954386, -5.003330081873531, -5.305871937313577, -5.613151737890524, -5.919917117246787, -6.226452113362217, -6.532987109477646, -6.839522105593075, -7.146057101708505, -7.452592097823934, -7.759127093939363], "angular_velocity_true": [], "altitude_sensor_readings": [304.17765370283536, 299.06219605972984, 304.4861412837591, 301.3981358354709, 297.54526618779545, 299.75326691494234, 292.51342905342256, 294.50947811327495, 291.659720811017, 290.73778142553516, 300.9425259691327, 307.564745081383, 285.71645834297755, 294.60883140856754, 289.1752202096834, 286.6219647778259, 291.8291160828591, 292.82119196743696, 282.3837444378228, 285.7675310450114, 280.292898381316, 275.0039024292108, 274.91004960047326, 271.13171643824376, 273.2519264915241, 260.69744452174314, 271.98743348810075, 251.6656375691128, 253.17195076818928, 246.54956473558596, 238.15195404225014, 236.85386891628423, 220.26509276001994, 220.67759397287102, 204.38752515151023, 207.2998425157379, 194.3836221682447, 190.22327946894166, 172.56720144952334, 164.96714296193701, 148.4337996788926, 130.84819893850118, 126.81725827618038, 107.99690933230083, 105.7879703474447, 84.88336749687997, 80.7165281646142, 67.01003589599932, 55.21848030675122, 48.52683010805921, 37.007215709163304, 30.95137939834739, 26.88586847565194, 16.60491200536246, 2.3565362441087823, 1.1920886537417008], "speed_sensor_readings": [-0.07814297536301984, -2.216401482667072, 5.766495509792053, 4.711731642459516, 9.017553398466799, 4.886952649530949, 8.56403068101955, 12.548041676296473, 9.537285121462206, 12.676250187439848, 19.008900508080423, 21.625570007888147, 25.291638851890834, 23.665255966731653, 30.91233142215765, 33.74728809701939, 36.68716802674633, 41.00173466480737, 41.191649452944695, 43.865880522862795, 46.02895715043838, 49.241755970327965, 56.73027802072439, 64.55783548952736, 63.52982391319405, 72.69934100198698, 78.89966401173373, 75.56972208316205, 89.02552709585635, 91.46534225091487, 96.48753089151946, 102.16936910306136, 111.23834824308122, 122.13029239168267, 126.22498721564459, 127.06327972451656, 132.07717635925934, 133.9825109798517, 127.45680502634448, 129.98423898964353, 135.26067093380573, 128.69043844055142, 125.22791076405034, 119.7418843416646, 117.52618658727002, 108.06728256486477, 102.15727720025477, 99.16396772086745, 97.5724013476038, 95.61402514155508, 99.417958278319, 99.4396611332684, 99.75576377423951, 106.02900203899719, 106.80119296195274, -2.8085359575225928], "angular_position_sensor_readings": [-0.18571583204073494, -0.19739100568955328, -0.778195446544684, 0.2445701485390409, 0.8445547058838456, -0.06766039866994716, 0.5715063563750205, -0.8466882029928137, -0.7283883422850642, 0.0843050831464669, 0.6095155590643946, 0.1821389263434536, -0.36662899606945376, 0.07026556986452083, -0.149454161630929, 0.0257216301936612, -0.19136659702231834, -0.44983460494602345, -0.056568001888959954, -0.41774976166685385, -0.09420454940900103, 0.21614437329446018, -0.2158731848310215, -0.345008584846442, -0.5366591707600477, -0.21250259593899956, -0.23806519319228725, -0.7677055102264698, -1.3359851692649203, -1.1049397572300554, -1.5538542524236063, -1.3009151824091996, -0.8373296761254984, -2.1455714336678473, -1.6863585598421518, -1.9659361112011626, -2.297481797624912, -2.3017301942260215, -2.636266133306177, -3.1560214375562112, -3.2975769609937347, -3.733998205998444, -3.7672009278809244, -4.62772941968928, -4.449946194900147, -4.516544366951627, -5.280405337621025, -5.019103686305315, -5.3854694901772895, -6.268486423723389, -5.867552842035289, -5.573889839409289, -6.374743117954314, -7.335174050119145, -7.456469655823897, -7.880235565565955],