{"position_x_true": [0.006185710935457796, 0.03090947455775182, 0.08649105560174195, 0.18927721806878312, 0.3556911784017553, 0.598373804859514, 0.9303123069529969, 1.3604668561732114, 1.8936795001898812, 2.534628705937852, 3.2877868085411994, 4.157992558469373, 5.150126062022145, 6.2688071307458175, 7.518623243312323, 8.904026113948191, 10.429350777852576, 12.099130580569089, 13.917861489720883, 15.890098849380543, 18.020387733569734, 20.313069672198363, 22.77293487942591, 25.40478375408228, 28.213075091467992, 31.202461432510802, 34.37745161327271, 37.7425132769183, 41.30247208355671, 45.06214022130419, 49.02606614715529, 53.199236129484625, 57.58728421046827, 62.1958335053031, 67.02995054046403, 72.0944146725131, 77.3939996830932, 82.933614999183, 88.71898137211849, 94.75624070717284, 101.0512838805306, 107.61018050597445, 114.43849414822016, 121.5407819229259, 128.92301791285203, 136.59150366193435, 144.5509778173923, 152.8078255003983, 161.36931846464324, 170.24120350154317, 179.4296353077138, 188.94085934421983, 198.78101082883055, 208.95564211145572, 219.47050806725207, 230.33334237170502, 241.55415817825366, 253.14254005030676, 265.10839090131634], "position_y_true": [299.9468516106115, 299.7832165916551, 299.50063676937833, 299.0945091708475, 298.5679574055036, 297.92774453295016, 297.18009754284014, 296.3267759576391, 295.36537331877435, 294.29309403174204, 293.10663022341936, 291.80278605890686, 290.3785176046674, 288.83018732450614, 287.15409085272285, 285.3467024072283, 283.40345478749845, 281.31970322159475, 279.0911376705466, 276.71340059124765, 274.18142173077274, 271.4890493373318, 268.6304396982953, 265.59982210917326, 262.39100935744585, 258.9976485426951, 255.41310808931956, 251.63055295888842, 247.64360725457854, 243.4456284963721, 239.02888951195845, 234.38622011080304, 229.51110837752512, 224.39667934813593, 219.03502440665278, 213.41706826137536, 207.53353497614575, 201.37492024070235, 194.93188730656456, 188.19509203330372, 181.1545138808506, 173.80007731013987, 166.1207633203775, 158.1037063103929, 149.73666952642853, 141.0071920795465, 131.90069953151774, 122.40347689262916, 112.50129446981195, 102.17736777010141, 91.41444147973873, 80.19457838684463, 68.49917416401249, 56.308176420498924, 43.600762257501984, 30.355993201214286, 16.552514881954785, 2.167343895468676, 0], "angular_position_true": [-0.0008405515585067967, -0.004195100994324399, -0.011728341666742154, -0.024281351219115316, -0.04103310407037221, -0.06035115914853704, -0.08054833105724815, -0.1007728980150533, -0.12102447106181449, -0.14129369103951844, -0.16159153533797768, -0.18189011526678037, -0.2021660711468444, -0.22242558792423217, -0.24273725597552684, -0.2631557619959152, -0.28358935174563527, -0.3039595545154169, -0.32422964568484014, -0.34441573953648663, -0.3645748994348884, -0.3845294412235706, -0.4041092461780009, -0.42333703317848487, -0.442242600013506, -0.4608542426450808, -0.4791733984544153, -0.49708316027609817, -0.5145495126143069, -0.5316472422998947, -0.5482699993703996, -0.5643734756856645, -0.580124338905613, -0.5957572298232504, -0.6113458117496077, -0.6267673922772935, -0.6419164105292223, -0.6567679251711329, -0.6713908293528867, -0.6859047527018234, -0.700451208937449, -0.7151976077345948, -0.7301260054560458, -0.7449556475693793, -0.759709917244679, -0.7744841426906826, -0.7889511982709801, -0.8032106122699171, -0.8176272680091081, -0.8320033884353113, -0.8460518607540674, -0.8596290952992963, -0.8726506443051494, -0.884674043826141, -0.8951442317117192, -0.9038331027071692, -0.910723313458469, -0.9154828119299501, -0.9175283482709468], "angular_velocity_true": [], "altitude_sensor_readings": [297.81289377670146, 293.8817919517751, 296.45278498274587, 303.0376072410266, 295.34334854211505, 298.78677226568703, 300.98134006597223, 296.1259180998592, 294.8975486147448, 296.4438994072602, 287.29533237574867, 287.64399841855885, 294.6577668197211, 285.498855702015, 289.0221238623741, 279.48808328420813, 275.9870146360648, 280.79835651339283, 277.93533044075355, 276.35562955953503, 268.21523096889575, 265.5025745350288, 273.70019742153926, 263.71888669195897, 259.26163258269906, 263.55951636838745, 255.6712220339327, 253.10215511845928, 247.8971881333261, 244.50622168685115, 233.2456961978671, 236.69090082789606, 235.12191588438907, 223.49129169430205, 219.54382103652503, 212.63204810075166, 207.57517731169477, 196.74670262545152, 194.709415835877, 189.42154745072685, 180.8107303989015, 171.35394373389, 165.52371431220456, 159.6362995559222, 147.90575814653056, 140.45330923245976, 130.22853987343925, 122.04065475411493, 110.36232436922279, 101.78172796263817, 93.12836010786152, 79.40756883442626, 71.36025763777165, 55.63148946720515, 40.41587728588897, 27.987770950709663, 18.441340617201714, 11.226585601039393, 5.259337909997344], "speed_sensor_readings": [2.6596781524889614, 0.9620585005792301, 4.681264880653837, 6.489916385703425, 3.534677913153132, 7.597857080843468, 7.61531127768394, 13.617642976595814, 12.412823764992718, 13.808216070911792, 14.999001296242144, 15.713323193024472, 21.855548515463013, 14.75047570441351, 21.766596976653144, 16.298239755328787, 24.655988718856793, 31.291734788672027, 34.10544300828499, 32.76513153542503, 36.29773740673132, 39.86795419497299, 39.36012221947265, 36.82096289470047, 49.90747487521975, 50.470971737608814, 49.17848948088993, 48.14248027188078, 49.630036136725046, 55.590287981921605, 65.58325194392604, 62.43206787759507, 63.121197804230775, 70.79833571185037, 72.1517436178795, 76.90905792559944, 84.88339831422334, 82.1237743503562, 86.0966038475285, 91.55257142772427, 98.85631911136386, 102.32142213221779, 106.2640705231964, 105.66376912798165, 113.08767906436165, 117.62301052685402, 123.83381160102662, 127.43523644725602, 133.79454601312122, 136.82399112629136, 141.76117237761505, 151.17285293340808, 154.4039722054993, 162.83475834211214, 170.85005087780928, 176.03888482388493, 186.14864938042055, 187.9557788563309, 1.7591582673632193], "angular_position_sensor_readings": [0.08177375479643255, 0.39898447253677805, 0.09503834161590989, -0.27674131832073, -1.0355486725398604, -1.0434257080956906, -0.02442096558420806, -0.6655830119840165, -0.13989223284371172, -0.3067276911312954, -0.07048992781245264, -0.549520496474965, 0.5434556817299887, -0.8111438656414388, -0.629600958238044, -0.08175343352777237, -0.3625969808987166, -0.5904806367441875, -0.29684028094679993, 0.10671194899256997, -0.6743816264383786, -0.3222384547926859, -0.3630726353043577, -0.9319223283602291, -1.1345146356595577, -0.5544140194186922, -0.7500448840655631, -0.29745665242083835, -0.022420948673489982, -0.3041821018721991, -0.28312775633697773, -0.015243383646372455, -0.8637437038468407, -0.217694745264, -0.8056669530877119, -0.805988638519064, -0.1320964715014331, -0.7270986688446697, -0.26159550414602095, -0.24598672749816497, -1.4080036220230365, -0.3083328496329299, -0.48270632668098973, -0.7054301484735026, -0.9217286579621958, -1.10609708331768, 0.10785410690877728, -0.14278914067686943, -1.1961213080946973, -1.177267042079474, -0.7832405000112445, -1.3168894158665039, -0.7503946710193722, -0.9060550773781664, -1.0460111787404252, -0.6117126651933269, -1.281980061373033, -0.33186491416177544, -1.1260683472304667],