{"position_x_true": [0.017142450715148527, 0.08585243188605647, 0.24087342010022583, 0.517487698658563, 0.9437503603189472, 1.5406018373118266, 2.3300731378301074, 3.3351561189512595, 4.579862466884438, 6.089666728030023, 7.799222696287815, 9.641291035373651, 11.638694295652646, 13.814686795628262, 16.19335608349682, 18.799885294883097, 21.66053712307226, 24.8032289665871, 28.25743794064159, 31.967867401183646, 35.87705239645843, 40.011684726265486, 44.39976048152674, 49.07036827256344, 54.0541260558681, 59.383539485728335, 65.01770081903794, 70.91396221402572, 77.1035332871121, 83.61902256426646, 90.49455776823118, 97.76697458896452, 105.40316639651105, 113.36775914684067, 121.69545416950885, 130.422631834463, 139.58720512034887, 149.16345265142996, 159.1231656894612, 169.5010041051743, 180.29391401539564, 191.4982319285586, 203.1488015659615, 215.23945049966983, 227.7622819045278, 240.7225424064066, 254.12516127062656, 267.9215243547953, 282.056982499842, 296.54520832017437, 311.38740853908723, 326.5224401520833, 341.87129932663345, 357.3781944429662, 372.9367700875163, 388.4063499352815, 403.631202511187, 418.4449464124627, 432.66028745924876, 446.09212715870257, 458.8941170297554], "position_y_true": [299.95102161334665, 299.8043706661663, 299.56059646062266, 299.21996493998194, 298.7828953068729, 298.25044688645283, 297.6241563266839, 296.905344473357, 296.09449051855864, 295.19117685842065, 294.1919379822361, 293.0939535826836, 291.89685169648413, 290.59924801714936, 289.1997304729264, 287.6966555463644, 286.08761590537154, 284.37149139086216, 282.54774107695505, 280.61497812947465, 278.57115351704806, 276.4135989812131, 274.13963811784544, 271.7458649487968, 269.227798352865, 266.5800406356103, 263.7991129431618, 260.8819530210769, 257.8238346713641, 254.61822902323104, 251.256491696521, 247.7279795292055, 244.02755299864185, 240.15005296791207, 236.0820580286324, 231.80674837233363, 227.3015145943852, 222.5558277482611, 217.55760772422303, 212.27720057797342, 206.69859454840088, 200.8040535496108, 194.55660923308855, 187.93353916549526, 180.9092472477815, 173.4536019594252, 165.5334751533781, 157.1124649286634, 148.15191070298118, 138.58878880225308, 128.34647699197947, 117.3973531090935, 105.71288830838625, 93.2040226991457, 79.84040592499724, 65.60584324220375, 50.44706268986978, 34.4077077526615, 17.581952353534646, 0.10220284022081927, 0], "angular_position_true": [8.495703311177368e-07, -3.964046641911318e-05, -0.00018533141480416083, -0.0004177061327648026, -0.0007635274254842641, -0.0014005704474978537, -0.002612093644536398, -0.004746473673796667, -0.008053750446607728, -0.01258099090483677, -0.017615442108920257, -0.02257583392353619, -0.02758279989188357, -0.03269429537196023, -0.03808256973716809, -0.04392147678973746, -0.05024625411493739, -0.05739617347944581, -0.06596843617202304, -0.07538242751499234, -0.08486925401289762, -0.09468468316062512, -0.10523419506347059, -0.11688686900548138, -0.12998374731842566, -0.14482947450554695, -0.1603865843004456, -0.1758509637668197, -0.19206417386614372, -0.20968507022480082, -0.22935461502366847, -0.25178400245901655, -0.2759214145495274, -0.3007990470632605, -0.3271912623624154, -0.35587172784689663, -0.38749607867962965, -0.4211006376218072, -0.4555166909785967, -0.4911887279242982, -0.5281322089777295, -0.5663682385296466, -0.6064097874434237, -0.6475926186884385, -0.6894255205882307, -0.7320557569368745, -0.7756433126331957, -0.8274580876432187, -0.8948870298126269, -0.9788867403593922, -1.0805290759159207, -1.1996466350940682, -1.3362437603680632, -1.4919123538758217, -1.6668861880726864, -1.8609788801811216, -2.0755202824301637, -2.311608578321972, -2.5703955085856207, -2.8529965297732978, -3.1482382127349693], "angular_velocity_true": [], "altitude_sensor_readings": [301.6170354733508, 307.0436206724354, 300.32904385243177, 300.6951759530422, 297.8875414661035, 294.69816925397504, 299.18521614585444, 298.66306941919675, 293.47633035938776, 296.3283963789921, 296.1979202266552, 290.72354495912447, 288.81230203273117, 293.1808277229504, 288.7351250081619, 278.6556314359168, 281.8249962269851, 287.22390745341835, 278.38460101568984, 295.7500364453441, 279.2867526660108, 279.35495990568734, 274.5854678232271, 270.35756198580685, 272.10816766412285, 268.10610124025277, 266.74596055220184, 264.48648115437334, 258.8881084652232, 255.73085692933603, 246.7760196917944, 248.23702492300066, 238.45600671960776, 241.3541201992139, 242.39724100658677, 231.26790616909227, 229.33360973455382, 223.57286018992525, 216.69093160561806, 211.6956358722701, 207.43049780994446, 204.8927717205482, 192.85853344139613, 190.22050766522068, 175.90459708373533, 164.9455311641376, 171.2847605462354, 164.4707949858945, 143.94941046583253, 135.15330043668808, 127.15172461620915, 119.16121727416065, 105.63168085005454, 93.33305635221215, 78.13324578798634, 69.73354653851037, 51.616244171261165, 38.78084137148108, 13.142650988785165, -1.1943558067016653, 1.3303181147233463], "speed_sensor_readings": [-3.008824438872558, 1.1455927121401073, 3.268537379098627, 2.103197318988652, 3.535598801877433, 13.023098479263249, 8.910214877957639, 14.732415577193835, 17.388808322873132, 23.01782677161219, 20.079421900637172, 24.23969200851446, 18.165558963931755, 25.96959603014137, 27.60116233592428, 38.14324363274437, 34.095792767764884, 38.0382965008624, 41.80614142997158, 44.20849370643241, 45.48088774058496, 48.373364767444706, 52.37262394978853, 52.87561481619402, 59.34268170389666, 60.76072002725653, 59.879019299447755, 66.79091946429047, 73.75441112819489, 74.51166701104518, 79.72365920185462, 84.08409981811563, 91.71941824894914, 89.71970501792799, 93.59271062255021, 99.35493087731268, 104.05907090344787, 104.78583875465003, 109.8682638626224, 117.30925896552822, 124.53533918554207, 129.0081059915659, 135.88408027045273, 139.2183347319931, 140.8586918216096, 151.1309105854843, 157.9718479099495, 161.06282278308234, 166.08040068486153, 179.16566025632878, 185.91149682371432, 188.66189417173206, 190.89435467580742, 200.62871380276354, 209.03846397932827, 210.63447299820766, 216.31393019679476, 213.67059462604132, 219.89771678781491, 224.22949393980164, 2.981318109761447], "angular_position_sensor_readings": [-0.342409667805925, -0.0021969512203049804, -0.382922122827462, 0.018095110882944413, 0.2120033657852875, 0.5523099090050814, 0.2500968636960366, 0.5428515140140433, -0.03612347482353026, 0.01958645712748948, 0.8291280380704414, 0.33799021009183694, -0.3186151049784312, -0.1260649402642781, -0.09985328226373011, 0.05667753433651333, 0.2773190161885235, 0.3041550113813954, -0.07360060371883309, 0.3089786229423577, 0.23289200105911273, 0.11866995962697538, -0.2004191623288204, -0.32375396766987735, -1.163185403537359, -0.05639597963916794, 0.29055491959059343, 0.22481577268979125, 0.2646490291339605, -0.6334232014074201, -0.9063050613336731, -0.7988747701894063, -0.29154849980200453, -1.436440471299846, 0.15785081740396378, -0.0120806289376022, -0.6504148271004145, -0.7253425070530393, 0.18900503765368415, -1.2808282835828917, -0.5244629827424694, -0.27909382872711747, -1.0900760179811282, -0.35012584085812043, -0.2969390192318468, 0.06044337057975724, -0.8548965039285465, -1.153112626403164, -1.7086174295011807, -0.7571241586465272, -0.4086792850237504, -1.0377195969840822, -1.3194767905950908, -1.152932171532719, -2.2356359880588386, -2.525958339387855, -2.1666981342905145, -1.9659777544037729, -2.3044698143302953, -2.52861286033602, -2.8385156851332525],