{"position_x_true": [0.0, 0.0, 0.0, 0.0, 0.0, 0.0, 0.0, 0.0, 0.0, 0.0, 0.0, 0.0, 0.0, 0.0, 0.0, 0.0, 0.0, 0.0, 0.0, 0.0, 0.0, 0.0, 0.0, 0.0, 0.0, 0.0, 0.0, 0.0, 0.0, 0.0, 0.0, 0.0, 0.0, 0.0, 0.0, 0.0, 0.0, 0.0, 0.0, 0.0, 0.0, 0.0, 0.0, 0.0, 0.0, 0.0, 0.0, 0.0, 0.0, 0.0, 0.0, 0.0, 0.0, 0.0, 0.0, 0.0, 0.0, 0.0, 0.0, 0.0, 0.0, 0.0, 0.0, 0.0, 0.0, 0.0, 0.0, 0.0, 0.0, 0.0, 0.0, 0.0, 0.0, 0.0, 0.0, 0.0, 0.0, 0.0, 0.0], "position_y_true": [299.95095, 299.80379999999997, 299.55854999999997, 299.2152, 298.77375, 298.2342, 297.59655, 296.8608, 296.02695, 295.095, 294.06495, 292.9368, 291.71055, 290.38620000000003, 288.96375, 287.4432, 285.82455, 284.1078, 282.29295, 280.38, 278.36895, 276.2598, 274.05255, 271.7472, 269.34375, 266.8422, 264.24255, 261.5448, 258.74895, 255.855, 252.86294999999998, 249.7728, 246.58454999999998, 243.29819999999998, 239.91374999999996, 236.43119999999996, 232.85054999999997, 229.17179999999996, 225.39494999999997, 221.51999999999995, 217.54694999999995, 213.47579999999994, 209.30654999999993, 205.03919999999994, 200.67374999999993, 196.21019999999993, 191.64854999999991, 186.9887999999999, 182.2309499999999, 177.3749999999999, 172.4209499999999, 167.36879999999988, 162.21854999999988, 156.97019999999986, 151.62374999999986, 146.17919999999987, 140.63654999999986, 134.99579999999986, 129.25694999999985, 123.41999999999985, 117.48494999999984, 111.45179999999984, 105.32054999999983, 99.09119999999982, 92.7637499999998, 86.3381999999998, 79.8145499999998, 73.19279999999979, 66.47294999999978, 59.654999999999774, 52.73894999999977, 45.72479999999976, 38.61254999999976, 31.402199999999752, 24.093749999999748, 16.687199999999745, 9.182549999999742, 1.5797999999997385, 0], "angular_position_true": [0.0, 0.0, 0.0, 0.0, 0.0, 0.0, 0.0, 0.0, 0.0, 0.0, 0.0, 0.0, 0.0, 0.0, 0.0, 0.0, 0.0, 0.0, 0.0, 0.0, 0.0, 0.0, 0.0, 0.0, 0.0, 0.0, 0.0, 0.0, 0.0, 0.0, 0.0, 0.0, 0.0, 0.0, 0.0, 0.0, 0.0, 0.0, 0.0, 0.0, 0.0, 0.0, 0.0, 0.0, 0.0, 0.0, 0.0, 0.0, 0.0, 0.0, 0.0, 0.0, 0.0, 0.0, 0.0, 0.0, 0.0, 0.0, 0.0, 0.0, 0.0, 0.0, 0.0, 0.0, 0.0, 0.0, 0.0, 0.0, 0.0, 0.0, 0.0, 0.0, 0.0, 0.0, 0.0, 0.0, 0.0, 0.0, 0.0], "angular_velocity_true": [], "altitude_sensor_readings": [294.61702443494653, 296.8457110906954, 305.5097712222088, 303.0004949945672, 290.928784602941, 297.6607585045898, 295.966764442791, 289.541070141348, 289.6780947879835, 296.4307148249996, 302.20326982732433, 290.5323700535783, 294.5895237309858, 292.0040744046338, 289.23651259623506, 287.1831775249246, 289.3328871523116, 283.17850638249826, 282.4842077831618, 279.42857048676956, 284.7517057519263, 285.7685818730737, 280.0984838133076, 268.6302518139603, 271.09576032490435, 270.9275237779686, 266.8554082834167, 259.2852267724167, 255.77998859564173, 255.14067049143063, 260.19099408414047, 259.26164122680865, 247.11149528254828, 241.65006929993007, 236.2772037600143, 240.60286763869345, 230.09949665644527, 223.87963992853446, 225.7004595345232, 217.95841346720886, 226.184352816957, 215.083804330912, 208.2403374386828, 204.73836972431525, 202.20561395652194, 199.9835103193749, 190.12206179214124, 185.37480631800247, 186.0059640187945, 171.2193788879754, 175.464536084882, 169.57577966376076, 155.3216306835178, 157.1572341837021, 149.1227587114204, 142.18804781737578, 145.75431114624536, 129.8029948440837, 125.19728746188873, 120.30495401645729, 116.80815809201309, 111.85043616791893, 105.32551973551206, 102.96764619444197, 94.77542512647776, 86.51393473450553, 82.10733378858285, 70.98489717136901, 67.20451870971965, 63.92424521823994, 54.026664301470994, 40.44265432678425, 43.73301144626962, 27.22962426605034, 21.515575805779886, 16.41371370015349, 12.715662459294396, -2.2174023257591404, -0.9715004604430802], "speed_sensor_readings": [-2.6037759106767338, -0.15877024426246544, 3.429758485214729, 3.781942132100644, 4.766011950832985, 1.5654656605754358, 8.389883944424167, 8.883377897833583, 10.064435946414838, 6.974735441041045, 7.771244597148584, 16.19235489909547, 15.137125746374295, 11.612534444447274, 18.545172037764594, 10.836949168203875, 24.51380751355694, 20.392950840087252, 18.414188043430208, 20.925935385889712, 22.32582743871035, 22.409623017173065, 26.244568025412466, 22.148253927645815, 29.22460145844512, 22.47858577510671, 21.643873927224522, 29.57380079437142, 31.373466253094524, 36.62881095953237, 35.568313643545565, 33.73697139893294, 29.092329123879665, 29.689627450980932, 34.71514334539999, 33.470699625982355, 36.965464288299934, 36.95679063591182, 37.219706175660406, 38.10678670696323, 41.518415274679256, 37.58582819167071, 43.52279290156578, 42.40960804307031, 38.55911295266412, 48.558020871654136, 48.62136156542188, 51.3926445589547, 40.790502206231594, 46.60332553694145, 48.939555160886336, 52.61847571318918, 51.10250258166145, 54.36477504646091, 60.818419934303925, 56.70155543629458, 52.962795338553114, 56.0022608716281, 58.626609738767776, 60.33591492920798, 62.921991235794366, 62.051025271192714, 60.51383571026889, 60.66789769636851, 63.98832682035132, 63.41799775490994, 69.06253792410241, 67.12730090144935, 64.5276996288453, 66.50220785834811, 69.37322258346778, 76.00089778043014, 70.60459321143131, 69.29705328834619, 71.61883706251702, 77.70701272558898, 73.64893056163119, 83.13836749601259, 2.350407902151647], "angular_position_sensor_readings": [-0.39327095555330255, -0.05189051714422447, -0.32594494402639373, -0.034593835461838855, 0.8305952240981235, 0.14342944805830068, -0.16927510820198458, 0.03189949958609817, -0.0077934632555388145, -0.24860141213643053, -0.5828369281410805, -0.7733728910500566, -0.45653975109940154, -0.3009192999523965, 0.2791121974296813, 0.06186599670883, -0.041878859462487567, 0.057042531527746854, -0.12414466484972522, -0.17979670203972797, 0.9256922828548207, 0.09884358797096107, -0.17903214034118672, -0.38859785272663605, 0.3132434710022761, 0.05742453659018026, -0.1849256555437926, -0.4947051388774535, -0.5296998873038787, -0.024748658730659304, 0.9292317943072128, 0.49027069022583086, -0.2587825274002742, 0.03985386516861325, 0.1862982217993877, 0.4636045091551928, -0.7422816293017684, 0.09567514584851187, -0.3261780737811412, -0.3179790754536688, 0.03834952144293983, -0.20198264186278522, 0.6012242778057696, 0.45089979697894295, 0.4647517398200502, 0.10952440243899807, 0.034242111072766764, -0.29489688568717914, 0.5512096688304292, -0.17770483674736134, 0.5320050715408915, -0.48653142136719785, -0.20937105873000383, 0.35755493043742, -0.19034114066673138, 0.2837926344744812, 1.3667769960379357, 0.0969557770795948, 0.21095623259242618, -0.3964070125533339, 0.08890262701852447, -0.26132180363304935, 0.13199912699450492, -0.1495836156469672, -0.23147670208185228, -0.3322849058449211, 0.5389206987834964, 0.29068532472815833, 0.29629602471042427, 0.11413657594636901, 0.5773515536275966, 0.21439311959821789, -0.009965207127066911, -0.2837041274907315, -0.07104594397459267, 0.3392422074725688, 0.2325141505981664, 0.026677990380590856, 0.2884827618061418],