{"position_x_true": [0.013239267161983814, 0.06623951120102756, 0.18966283176714238, 0.4185961217666213, 0.7849488206501729, 1.31761283644528, 2.0424599139565793, 2.9821619299081545, 4.160256180060422, 5.601494642582016, 7.324113614155776, 9.33909287761451, 11.657646686203325, 14.29140038801636, 17.252916664105488, 20.556182239418483, 24.21593398293968, 28.229008886568757, 32.495324948876785, 36.93365870538926, 41.56091911037349, 46.40527014912581, 51.501286522051316, 56.88018190009603, 62.575210621169944, 68.62121438321884, 75.05506326347259, 81.91653452690146, 89.22030290609831, 96.8761389315976, 104.81134357545365, 113.04973767620913, 121.61633459431312, 130.54149312967172, 139.86083395353722, 149.61185924963505, 159.8340980528289, 170.5266413914543, 181.61439126962892, 193.0544356533151, 204.86709209211512, 217.07029122908608, 229.66738191766373, 242.6470170416276, 255.9958218519811, 269.6954410039631, 283.6791551077184, 297.8783826645237, 312.27096638855477, 326.8320740414522, 341.47128735290926, 356.0872511747045, 370.6116549237571, 384.9520737781368, 398.97126229311584, 412.5201358899751, 425.45868098285473, 437.69038742357753, 449.55929132725146, 461.4281952309254, 473.2970991345993], "position_y_true": [299.9548707235134, 299.8234036294274, 299.60994210580265, 299.3152888603693, 298.9375055111822, 298.4719458511212, 297.9188036514506, 297.28304203071445, 296.5704650535437, 295.78650963337986, 294.9336548324618, 294.0141133145135, 293.03186592635177, 291.9915236326616, 290.8966828522532, 289.75035556832904, 288.55565777693994, 287.2899972088037, 285.9184640658528, 284.4350754523659, 282.84956599948424, 281.17202889932537, 279.40549839967974, 277.5450837045384, 275.5854438868533, 273.5206638840008, 271.3435709629582, 269.0465333596377, 266.5961430104162, 263.97043438701894, 261.1778820944054, 258.2185847914263, 255.0899813149902, 251.77851075212945, 248.2592069804287, 244.50282754727357, 240.47540869958314, 236.1217805207384, 231.42471809611277, 226.392608648308, 220.99751765754667, 215.2042020229386, 208.9715829575954, 202.25535077964014, 195.01137577225742, 187.19367093601673, 178.7534430711184, 169.65643727407954, 159.86611060543996, 149.32470644712896, 138.00651022829973, 125.89113500969644, 112.92897979747275, 99.07396336706367, 84.3546880057252, 68.82183565175615, 52.5302049371128, 35.560740564531145, 18.216644443876678, 0.774448323222213, 0], "angular_position_true": [0.0008212250238362172, 0.004120212950628093, 0.010680701556589036, 0.0205102850271288, 0.03271358778684153, 0.045456342313879836, 0.05768596756753862, 0.06914211193779525, 0.07948002242645825, 0.08851855330570266, 0.0965368433004201, 0.10371546322312647, 0.1099591280875739, 0.11503732192186883, 0.11878318628264618, 0.12112289846813779, 0.12198425103460414, 0.11736723211713597, 0.10509647984321364, 0.08804663520514394, 0.06831413009479698, 0.04798418506339754, 0.028225580025731747, 0.009110566155589226, -0.009455076063855948, -0.02751737897772948, -0.04513516031536077, -0.0625407172372971, -0.0848377109746822, -0.11578336394525046, -0.1529483924733519, -0.19387698591022803, -0.2360535251679987, -0.2782053953812368, -0.3204499183582167, -0.3629369414522522, -0.4056827064229256, -0.45475618037511883, -0.5148402974689177, -0.5830910892426684, -0.6562670324450548, -0.7308697285213155, -0.8050744728126852, -0.8789425531036117, -0.952723313777846, -1.0262397705988748, -1.1067654506265412, -1.199900813692875, -1.3019803194022759, -1.4094048962546215, -1.526201132942906, -1.6565720972248261, -1.796495052307268, -1.9415745256506474, -2.0968500441300324, -2.267197707267332, -2.452867673367687, -2.646998312996669, -2.8407235834659894, -3.03444885393531, -3.2281741244046303], "angular_velocity_true": [], "altitude_sensor_readings": [296.9567959937742, 302.43348294483775, 302.8409920512839, 298.46908045504426, 301.23893560000454, 299.952220416037, 300.4228705514909, 297.91972619558203, 295.41114822504534, 298.73619877351734, 290.83189254310474, 293.4385108453003, 293.19942933371055, 290.3113260399613, 292.4475255113478, 294.7429539988713, 289.60660454003477, 282.676174692664, 283.1506071688018, 290.45941017816267, 290.7059780094978, 275.4729798002309, 285.556721605848, 270.65087261676024, 278.5039989040055, 265.8350643676648, 261.9635865183435, 261.95676289645485, 261.8821460853224, 267.82201970921085, 250.19264704149816, 256.7372181855003, 246.0109780487725, 249.35163050774864, 248.82548680779283, 250.23503168952695, 241.51886975684513, 242.15523467905126, 227.00495575883627, 223.32290983287362, 221.24599243005756, 215.09524565084206, 209.95840932925444, 193.65295178922514, 191.63245701310132, 192.27584482361033, 183.68137402062672, 168.18161244148317, 161.38810282041905, 152.52716007055102, 138.38717954798733, 126.44769707325455, 113.7551766418993, 99.53628631172234, 87.44488577321398, 68.7223814477766, 43.67394252349952, 36.0733552754959, 22.188786215363216, 6.929809959548293, -4.315039800999498], "speed_sensor_readings": [-2.3495205502708174, 4.9107273993480725, 4.563080278771627, 1.6672328998280017, 6.261496584082533, 8.194709509221209, 14.539193788076108, 18.791560080161215, 17.2562921047143, 16.29608794505847, 22.46214178571767, 25.22694357437519, 29.890413779081978, 30.61239529539853, 31.6502990177789, 37.76267176835276, 39.65840875666778, 44.41988681497222, 40.94526616426679, 46.08647606776271, 51.31508234984504, 52.11181994148775, 52.37562267743391, 58.297377815443255, 52.78455890980065, 64.76298167004795, 76.14665384334307, 71.05015657004397, 79.5514037509565, 80.01336390003512, 85.86117556121776, 89.69470265035069, 90.22841814573472, 96.87770086204824, 97.0426969053221, 107.28073691225538, 107.22327557744065, 114.5700753335435, 122.86722221023182, 126.91816446870331, 128.53514314940267, 140.11263735793293, 136.6429809895526, 152.81058188564828, 156.04457076664033, 162.28346303567486, 166.54029727044284, 168.4171436207103, 180.02981155903112, 187.16522673261576, 185.6699422973513, 193.15203294779724, 197.10907306157904, 201.14443449139264, 205.5764258472773, 208.16443645991984, 208.14925395982453, 213.49716666304636, 216.0356707723783, 214.2250766522901, 2.571495144332548], "angular_position_sensor_readings": [0.12815710108544173, -0.4206656590791705, -0.2930479731412478, -0.19898112112766067, -0.1584382638979668, -0.12706688988223225, 0.058025407056060005, 0.4012183762871343, -0.25736596250649013, -0.14725977562952555, -0.14764299597194658, 0.46798051285716835, -0.3463261811742032, 0.14979757556906514, -0.4090783914659255, 0.2570894376698833, -0.1789877356897444, 0.2520440572733456, 0.15006990603672982, -0.6316885661168947, 0.25609566143713236, -0.16938856886766243, -0.09084824458117984, 0.5141103382351323, -0.36287796151740725, 0.3468152404422408, -0.10603811946640737, -0.07850041104867621, -0.19567032461206776, -0.6236042970821978, -0.4975559451661458, -0.7949001575494657, -0.6293965480493728, -0.6351547131482189, -0.2286349486917207, -0.04963107459413474, -0.27783692896156875, 0.005888098209601844, -1.1155791322928872, -0.7368220978247608, -1.3551994893789452, -0.3590855863045224, -0.457413965315681, -1.1115489630547544, -0.8997488522904439, -1.5233444816713566, -1.5465523299228947, -1.1076765934928139, -1.024058166801652, -1.3051144828269967, -1.5859494431763996, -1.5792929218283085, -2.0326233125858897, -1.5507215366059435, -1.6952096000242904, -1.4851077441423661, -2.4692753776127616, -2.034203750654705, -2.761700776151338, -3.080231763924943, -2.9513731791341673],