{"position_x_true": [0.011273712831401288, 0.048583100411627105, 0.12880608826885176, 0.27097367879539225, 0.49045380335188515, 0.8069046564859161, 1.2404617174065677, 1.8118639175948905, 2.5425711923365224, 3.454911813276117, 4.568524619966613, 5.900254647966231, 7.467591184775971, 9.28871318086534, 11.377965985093947, 13.745438919930159, 16.4011609678747, 19.35479570406523, 22.615343165863695, 26.10037273106577, 29.72630709099456, 33.51494093645752, 37.47483821864582, 41.61311228648918, 45.96445950183782, 50.540119560901594, 55.349915335794705, 60.40968974555758, 65.72485765015439, 71.31367887913665, 77.09824624677904, 83.00494801954706, 89.06159428107485, 95.27161761695606, 101.63213606806585, 108.14402677432327, 114.8004210661866, 121.59680893685587, 128.53213536906344, 135.60818094061105, 142.8285571302825, 150.20070404671557, 157.73826468325433, 165.45848436690216, 173.38498893400396, 181.54938580858047, 189.98758660636847, 198.7395658604356, 207.84906506126688, 217.3621862835552, 227.32603259577238, 237.78566856504025, 248.777942661763, 260.3257483756159, 272.43156419456744, 285.06997566697027, 298.1814339273234], "position_y_true": [299.9548840721989, 299.81560869990193, 299.5819819136634, 299.2541721758733, 298.82893626697575, 298.30729850916646, 297.6903959091536, 296.9789919138538, 296.1739697057118, 295.27612445490126, 294.2821553543517, 293.18454619514205, 291.97652079563835, 290.6497692234488, 289.1967587396202, 287.61136289551297, 285.8824214998606, 283.9953973944507, 281.9336092313022, 279.6999127825346, 277.3278025472616, 274.8325705279448, 272.18841821291016, 269.3661394957597, 266.34503409609243, 263.09552316699734, 259.58391000188897, 255.7762299292373, 251.62468349141955, 247.06817913028488, 242.14259107344355, 236.92340340298978, 231.39691126163945, 225.55109711852853, 219.3834008487005, 212.8736821024919, 206.00578253798253, 198.76485145293512, 191.13769752751884, 183.1121468987827, 174.67653067568403, 165.82056084120416, 156.53639205489358, 146.8180414809386, 136.663081038251, 126.07431892358449, 115.05984141792084, 103.63460778400069, 91.82250942415082, 79.65798891003317, 67.18961977810551, 54.48304475131214, 41.620183923833835, 28.70067705482251, 15.840323296783337, 3.1656778913061565, 0], "angular_position_true": [0.0008061157944552842, 0.0024194956234866614, 0.004893787052034021, 0.008225818178837442, 0.011526085042505862, 0.014673808012551167, 0.01755138338922574, 0.02014343213673981, 0.022429701429554093, 0.024425470718708337, 0.025214223681647465, 0.02287453747936985, 0.01508585874282731, -0.0005627198907668454, -0.025279901166214074, -0.05929767626347639, -0.10249404238018545, -0.15478711349506738, -0.21643572168617803, -0.28628155254384247, -0.3576221450584398, -0.4240654333881234, -0.48776458449377336, -0.5507304637648276, -0.6108539710678792, -0.6693715411900895, -0.7273416389812323, -0.7848503752233179, -0.8441812595245186, -0.9064126632032187, -0.9737631512692112, -1.043188569049525, -1.1081952049914663, -1.1661464292259003, -1.2143066851587643, -1.2512034481673673, -1.2766225834632403, -1.2904192029714547, -1.2925275919266876, -1.2828380681558935, -1.2609904827176475, -1.2265502638151387, -1.1792834212569516, -1.1186689642476826, -1.0443509096286034, -0.956392682614942, -0.8546481306731852, -0.7387606894287247, -0.6082754016603606, -0.46264776980737243, -0.30147669781245073, -0.12462990663047216, 0.0682333830394487, 0.2775229305538579, 0.5036389995589208, 0.747186551737734, 1.008990178694292], "angular_velocity_true": [], "altitude_sensor_readings": [298.47914111364815, 302.4596130695503, 293.9209465458351, 299.05975980154983, 304.74307786471127, 301.54445477745907, 303.5611705191461, 298.6338241210396, 298.07252449574895, 295.0198258387516, 297.7250562355725, 293.961731060714, 294.5114164495898, 291.40956515062464, 289.7590238183483, 285.43098422675547, 282.22238298719674, 287.06068296312213, 275.20623984971013, 282.8899594436379, 271.26960247732467, 274.59124901940015, 270.15594171577817, 272.478272860281, 267.04672019839535, 263.4205384086029, 266.0736340491624, 255.6234283325592, 250.4920190779274, 239.71682018812893, 242.3720726661785, 241.71173242123552, 227.43530688953777, 233.30878502018038, 215.8618507952514, 207.70781194708985, 205.27268695481496, 195.71436069779202, 188.63756589795105, 174.7062856575505, 176.43372333015253, 167.31835994042268, 154.32990551537372, 144.92218357795636, 139.00905573762586, 129.16379728381236, 117.6144949875841, 109.14727205342948, 89.57905442891771, 78.22667800771421, 63.951336943120715, 52.0138733764476, 35.14474633811105, 22.24448695608082, 11.746926439514896, 2.9498022615372226, -4.737102584842325], "speed_sensor_readings": [1.2286830760520482, 10.013762344197223, -4.116403371780227, -1.9211714567601916, -0.058001478259213535, 8.337587191152616, 7.770026143220012, 6.989523178894856, 12.383220437416162, 10.366914278472095, 18.662325046585686, 17.56384778632561, 16.8561729125953, 26.514398515218858, 21.79181299274184, 32.16999568191655, 30.965993282443286, 35.742408619108204, 40.50070054024196, 41.98746002956759, 47.91109953472048, 49.52641331693984, 54.07361300232736, 45.350197803925674, 51.368149595849815, 57.275817950567784, 58.71074521411189, 61.546554242423724, 67.30850557979927, 79.54835111039404, 77.24343978845268, 83.21139165305766, 85.91278257882188, 88.05920473252486, 88.45371876714725, 95.61780617145747, 94.88695377275128, 101.19834432528822, 104.5607740404725, 109.4758852320796, 111.16362357487937, 118.83630355111242, 119.77383188971136, 119.94210518901485, 132.84508445668405, 139.4214289578692, 139.33041309058078, 139.28178627128085, 151.1016831546478, 159.1843337172433, 161.01210395770437, 170.5214128627084, 165.3702341577405, 173.52475209508376, 181.10641209996177, 177.41845940769267, -4.6972044535520165], "angular_position_sensor_readings": [0.128306364784085, 0.28110598120175617, -0.31086930436811877, -0.09625651063749396, -0.2826410637236586, 0.2269083883479507, 0.18140860964016328, -0.03783396114721875, -0.013558758627466954, -0.11733760591165084, 0.8357015309026921, 0.15141577601658054, -0.38347878044131467, 0.1993884908403284, -0.0880329512687447, 0.032196843210946985, 0.06468980731343446, 0.18233488579828758, 0.1554610272660964, 0.5059519010252266, -0.023392912445044323, -0.9513158807755079, -0.7155044144378289, 0.20064925731425198, -0.4024131146964772, -0.4789206005702123, -0.6602786618560113, -1.116023767570896, -1.7453005515454856, -1.3821093995377338, -1.2895829362046842, -0.4114602139518221, -1.0557347947885287, -1.884293639688348, -1.0505209787597611, -0.50173544687533, -0.6001175632758715, -1.4143245979931762, -0.7235174002618839, -1.0502960992793715, -1.0358925189398112, -1.6880268808754884, -1.0892411441277954, -0.661469244289798, -1.985547157807856, -1.1681536639372898, -0.20040195340573386, -0.5037438858509806, -1.0672815304353136, 0.236761542011365, -0.4344197644365473, -0.11205954626460443, 0.3727039587471067, 0.1754910696595251, 0.6334287299371778, 1.168341988955115, 0.9476919369421981],