{"position_x_true": [0.00614204434330201, 0.03479409397294475, 0.10647818104563903, 0.24180028194321881, 0.4412241069699562, 0.6845451071588629, 0.9718308566884446, 1.3240095937205136, 1.76225107591103, 2.303771480497375, 2.941477932629768, 3.6681470082336123, 4.496594814912532, 5.427428025303755, 6.461221582821597, 7.610935828439119, 8.87668136085166, 10.258581425280452, 11.769955496529514, 13.42454485991196, 15.215808908536978, 17.136723246776004, 19.200552598732955, 21.420568000807183, 23.810059074625535, 26.375758000138642, 29.09181140592991, 31.937076593820407, 34.920559307849466, 38.05078064062049, 41.33463169257881, 44.76989247334845, 48.34621209771705, 52.05137218812739, 55.87138176599395, 59.78965023518476, 63.78623060067633, 67.83889538977814, 71.9238334111701, 76.01561884735989, 80.0974917098939, 84.1449388852797, 88.16639894674903, 92.19141052750084, 96.21039349859983, 100.2019192833011, 104.13998946829746, 107.99793921661677, 111.79068766769063, 115.53890347063802, 119.22023655692203, 122.80205433759582, 126.25393421284033, 129.54997143644175, 132.6943629048824, 135.69601618856692, 138.5388293910637, 141.20583739516434, 143.71068025542033, 146.06968128667322, 148.27224946208403, 150.31040674364948], "position_y_true": [299.9550865556317, 299.82041032601654, 299.5961813105702, 299.2825253674879, 298.8586615477744, 298.3246891914712, 297.70167896113895, 296.99010981347266, 296.1907792668732, 295.3005678383763, 294.2987475031115, 293.17305164861335, 291.9326665661669, 290.572713985304, 289.0875944584021, 287.4843508788855, 285.7562882790483, 283.89539603330127, 281.9051988469941, 279.7875590627116, 277.5280493721727, 275.1118407897715, 272.5378156187628, 269.80167535462704, 266.8967624247973, 263.8121725344209, 260.52662808845207, 257.02148454651297, 253.2856735803679, 249.30603328766443, 245.06666491833428, 240.54919353054552, 235.73556646156982, 230.60861937898744, 225.15165934547312, 219.3484874885492, 213.18312388876586, 206.6404782520126, 199.70734099495783, 192.37239674293085, 184.7415883308864, 176.950678839456, 169.03040311643593, 160.9766505195507, 152.76714853084465, 144.37933334456648, 135.80207274450322, 127.06798485105386, 118.19992478677679, 109.17999490413143, 99.99668814541, 90.64487368611947, 81.13194386136144, 71.47677310997874, 61.72198476433854, 51.899664648001455, 42.011462620485446, 32.06379727396402, 22.084780395506996, 12.103937424038614, 2.1364006333301973, 0], "angular_position_true": [0.0008505791651629071, 0.0034089407868299264, 0.007711879649926052, 0.013748003023937676, 0.017207802809339163, 0.018105855053789262, 0.020705619629209124, 0.024981471385571098, 0.030902311682818324, 0.03756482720021432, 0.04067122756178724, 0.03761047669883905, 0.03004008513924774, 0.01703892085417154, -0.002299573501749849, -0.0262677536751681, -0.055823685109746224, -0.09182155563693348, -0.13244895153165248, -0.17587267964878792, -0.22387235804774658, -0.2783602069334206, -0.33764486066027605, -0.3998287587907438, -0.46305684111866774, -0.5265233516329528, -0.5939926788995531, -0.6683028455600535, -0.7475692582915673, -0.8301320020118705, -0.9142121927774981, -0.9987315783534294, -1.0838486948107233, -1.169798115117914, -1.2569483345124375, -1.3456318114749066, -1.4358799331880006, -1.5276465482707675, -1.6211193463266964, -1.7167352703976497, -1.8135985685518732, -1.9149980659571748, -2.0198244424911134, -2.121491618470648, -2.2189948077009616, -2.3124470838546385, -2.4031140854607256, -2.4977812845587377, -2.5964159060413716, -2.69231299560224, -2.784418034571786, -2.8727568126109606, -2.958477837804263, -3.043928488234014, -3.1349341694583046, -3.235093514585078, -3.342273187688975, -3.4542613557595874, -3.573499140874575, -3.7025008262495867, -3.839105955401298, -3.98099900525295], "angular_velocity_true": [], "altitude_sensor_readings": [297.4401399410555, 298.8013535238379, 302.47670110894603, 297.7804163653239, 304.49908062550463, 302.360644255913, 306.57888881412117, 302.03202118337276, 291.3189134805289, 292.47655279513833, 294.04794828090286, 300.1470336627226, 292.4038306136635, 288.58562694347546, 287.8774484723924, 283.4042873749234, 287.7642168729822, 285.499127351408, 290.5711436679693, 276.3358914302795, 279.44628411838136, 279.04774322080317, 275.4381113970845, 269.0606746290431, 270.2064864036292, 259.8864609458272, 257.80780288934835, 257.1832524941062, 269.1997505016387, 248.17427361309183, 245.30267892117615, 236.96650911654788, 240.4044801086696, 228.83825493635152, 225.38523126122772, 225.43034501723008, 213.95529656204448, 209.29817032612394, 201.81760818446824, 193.30918590373903, 185.67633481620013, 175.87850989932147, 175.0155467201117, 157.5894001739859, 147.4968305911996, 146.921292182118, 131.08172998856756, 126.64886204374498, 112.36867003396463, 101.95530861326975, 99.30922500090732, 92.09260368402977, 80.66324118774591, 63.67436016602899, 63.66385798527463, 54.715967906850175, 50.7285912603293, 31.1740604804594, 22.285259594221944, 14.648315397466181, 2.140327976449491, 0.4831049714731614], "speed_sensor_readings": [0.9032021692251916, -1.4792672774953348, 0.8547294255352127, 8.209495122449141, 2.0668209757545712, 0.1509649442684582, 6.396116171416916, 10.45062552344767, 17.230673580930418, 17.36673401524846, 12.744073897634452, 12.105078690611567, 13.586744440946212, 24.068411082402342, 20.82065470391522, 25.057191370756655, 20.83421727140837, 23.176392988369585, 25.353365514119883, 23.494343303210567, 31.24960216766238, 29.99192204958118, 33.73293096139195, 34.593054148833104, 36.32899435120597, 40.46052455537705, 45.412885171367265, 49.61570343154809, 43.14104199724629, 50.64837339673671, 52.0013447717137, 58.86239833549762, 61.08183442082716, 61.84077626634721, 69.992386453641, 70.6914828999417, 73.26173002829499, 73.88323867129053, 83.27927568892409, 86.09309438549442, 89.58229015329144, 88.07988269328553, 91.83752419545091, 89.75241304835967, 88.27275770893317, 98.14286775131485, 96.1345209571511, 100.56870183182988, 105.27320759435973, 100.18376463720219, 95.45705511990327, 100.68950835055028, 100.40840912922853, 97.36272220540532, 104.14274509306232, 100.95237205696546, 102.04215826177881, 103.93852568016675, 100.47218513931884, 102.17304436066082, 98.39531904026546, 2.847592741539028], "angular_position_sensor_readings": [-0.29613321922936187, 0.4193666732931773, 0.2832696665641864, 0.0006840002892371314, 0.21060411481559277, 0.10686709282032883, -0.6443058664407497, 0.2990248032689587, 0.31847690053243066, -0.044258518845092513, -0.4449952749408806, -0.17846711145899782, 0.04371374390603783, -0.36140675169930825, 0.1660516126228211, 0.04827940258395553, -0.2666295869399869, -0.23315318746563815, 0.2031371325494553, 0.20664567273877524, -0.3725127220426131, 0.26204277287679584, -0.040142353227713146, 0.14887134771126304, 0.503929237113171, -0.6465605820327126, -0.6638777404703906, 0.034191547208237916, -0.20698878602777993, -0.7493370313178144, -0.3564189279857066, -0.576535002921454, -1.9870075910347902, -0.6683534072072199, -1.2572849651612514, -1.3956051269968408, -0.875341772836107, -1.936104515482203, -2.5545255918468137, -1.7194159214081133, -2.2145357701475565, -1.9678474520119418, -2.693156289013916, -2.6304847645328864, -2.7352734705242145, -1.9415483111261957, -2.0775573906796714, -2.3604637645131925, -2.288585785884458, -2.7361909254930077, -3.3036997497800833, -2.6792427334480258, -2.663496076771323, -3.1514018756163775, -4.223903235405865, -3.064521303496953, -3.395039793068144, -3.771076599377909, -3.322591150101915, -4.31983776880778, -3.4199067608354836, -3.7486331645275803],