{"position_x_true": [0.00736627598871251, 0.036853510981119345, 0.1032907733181219, 0.22164166410218994, 0.4070829533400411, 0.6790872231413339, 1.0636458250049785, 1.5895198465803055, 2.286377459002275, 3.1808234868777507, 4.288248771000109, 5.616180580601281, 7.171923716159073, 8.962669728451356, 10.995162259634192, 13.275298821508809, 15.807530103650347, 18.594674777481202, 21.638124353263766, 24.936001322946108, 28.397490773479383, 31.93777669811025, 35.56114576072186, 39.2648649477547, 43.03751878993473, 46.85788279265566, 50.69436991434973, 54.50242585894696, 58.22213125662728, 61.81936418586638, 65.26935329441496, 68.51983103058738, 71.51418357660151, 74.19711803129917, 76.58522489306564, 78.71372430144318, 80.57834103540172, 82.20221069960249, 83.64305756090933, 85.01049197334629, 86.42866169772952, 88.01305220188634, 89.89226484528258, 92.18822542493874, 94.98971375622475, 98.23505284364013, 101.78877144690539, 105.52796702043607, 109.25482344108707, 112.71968750652742, 115.66824437998125, 118.02491372972702, 119.85574362513776, 121.30706053093479, 122.6665323818155, 124.29229233213916, 126.5421046409018, 129.62811225744898, 133.4740117154849, 137.62501042772797, 141.45728095074756, 144.92859963815897], "position_y_true": [299.95089484069655, 299.80365884416653, 299.5580336682343, 299.21320714446284, 298.76858335953614, 298.2197734684002, 297.55773846917646, 296.7732251880621, 295.8581712177819, 294.80786049919897, 293.62011282352364, 292.2910148217922, 290.81334717213554, 289.17725623703024, 287.37048947738054, 285.37882283050016, 283.1846149479826, 280.7673466461368, 278.1052827544726, 275.17245734118035, 271.9944303309653, 268.5985930354509, 264.95722923881425, 261.0387123169869, 256.80848774562526, 252.23075664608058, 247.27026723709884, 241.89487640780862, 236.0794984956972, 229.90747518802584, 223.47348426612842, 216.78739931210325, 209.87713081151938, 202.79197029780602, 195.6060764186687, 188.398606825819, 181.24704067010686, 174.24050281929834, 167.47041735384846, 160.9491373169433, 154.65640373844505, 148.59620497857114, 142.72589256607867, 136.94643460133622, 131.09899872247397, 125.01350517056272, 118.53562066155577, 111.5233923493549, 103.88757375264943, 95.63360725030361, 86.8950082904316, 77.94433223368726, 69.09597365854816, 60.593692099512936, 52.597769186232355, 45.127522125134675, 37.981110390447405, 30.73636416397209, 22.853518007181698, 14.034453888898707, 4.320456342831914, 0], "angular_position_true": [1.1699786742573396e-05, 2.9979244095039207e-05, 0.00010969015723507271, 0.00042331860055111145, 0.0010997125539357717, 0.0014070638498932023, -9.933571623723151e-05, -0.0049327668168615375, -0.015081894612951657, -0.03179730917810081, -0.055474572867998374, -0.08661071788332278, -0.12547281723551762, -0.17218728858071752, -0.22688449185933093, -0.2899158802805674, -0.3615796843029614, -0.4422517799747723, -0.5327207606029167, -0.6336149097382424, -0.7445118261879171, -0.8648598245147685, -0.9947691812111391, -1.1343506121012503, -1.2837132174652515, -1.4430991286832802, -1.6129122046392097, -1.7936300273220516, -1.9856723829283878, -2.1889739649096893, -2.4034098695056794, -2.629138828528386, -2.8662161586119868, -3.1147411272758365, -3.374961510233908, -3.6472218952051207, -3.9319826247705096, -4.229634349548075, -4.540514570600167, -4.8646965461315075, -5.202271407822152, -5.5536787965231635, -5.91928226348356, -6.2994409594453336, -6.694446010596967, -7.104709675103905, -7.530725071489712, -7.972866032368268, -8.431569254366883, -8.907211139881555, -9.400123867404375, -9.91093355595948, -10.440547488176597, -10.989677618368633, -11.55868859149128, -12.147797548251035, -12.757531153149202, -13.388448239081008, -14.041178095756916, -14.716554791493406, -15.41523049763847, -16.12571610031373], "angular_velocity_true": [], "altitude_sensor_readings": [299.2356245857197, 297.1155122311468, 302.6309790524115, 295.2121144380042, 298.7797999989289, 304.598953759438, 297.4073924444294, 296.9380868321456, 300.5764587982642, 287.28168098110984, 291.42559456786586, 287.6962481876556, 285.2282661037513, 284.9972458939066, 282.24936008694044, 290.2175821947664, 284.21200123971715, 280.3648490042265, 280.2951012311934, 272.14277914383814, 269.2348784412207, 271.94064204907136, 267.07934762598455, 262.66281435521216, 251.88496586527506, 262.30838752608764, 249.73181005109902, 242.18916077597257, 240.401339420138, 221.21001063240425, 229.2269019246629, 213.07650980573098, 204.47495963782214, 204.31067133794568, 195.50560839725978, 188.61025847421604, 190.15654475639286, 173.96747978446024, 164.25143624512808, 155.37743767045328, 154.77588166687772, 144.77259162695512, 143.5237708527847, 138.27856434464974, 131.1429891379023, 124.25877731728764, 123.34722711558422, 115.3689670402129, 94.45921089016636, 95.74989165272618, 83.30504155046603, 73.94019024691246, 68.18232794634663, 64.75872388237053, 54.405412306346115, 46.17180644610418, 35.28009772444631, 32.51271446074495, 27.77644194091808, 12.227552750807332, 11.182357013664967, 4.72110171078548], "speed_sensor_readings": [1.2198020109270067, 1.0849373962470956, 7.772106489110974, 5.114811877614152, 6.907000668053483, 3.363604686814166, 6.303743724407686, 14.240458531440787, 7.867740507463296, 12.056385176160486, 15.607390559494874, 19.414748668071788, 19.5554234053252, 27.791831838997698, 31.673681907738505, 34.53745941535875, 34.34154453942893, 40.936252286640325, 42.97695784828561, 49.89873206503228, 47.34854863677629, 51.36282714602609, 51.12201794045126, 58.4955558493, 58.95598598846088, 61.03228961069129, 62.70815582383901, 65.00127435587822, 71.89014394053552, 70.9222779654171, 72.82201707956203, 71.66963368220675, 75.79818176842043, 76.25319281681264, 72.44439253730651, 77.20791690658952, 76.27505809601656, 67.43890046895736, 67.86912758741221, 68.18325605483717, 66.86868637240698, 65.63785440159462, 64.70563486843047, 66.83311471529909, 69.85722462121956, 72.33010691368557, 76.20621426187161, 81.05010143895855, 89.50363745893277, 90.08053645353297, 87.91442291557026, 90.86517575511465, 89.88096299612643, 79.53170728405657, 70.04488781290654, 81.71042732230484, 79.12369531850264, 81.8254194871746, 90.14892693096743, 98.90474638199247, 100.32048479114542, 3.626433088630805], "angular_position_sensor_readings": [-0.1413941862091304, 0.4093177674905133, -0.45235299934671735, -0.45204976868812563, 0.23006345138769985, 0.6716653162759194, -0.34948703387850905, 0.270714316074226, -0.09154541496398386, -0.4465602504410009, -0.33112902504684405, 0.5398290286373877, -0.25035876084255987, -0.3443408720484473, -0.4429919490435158, -0.7999210324752495, 0.06804448036002009, -0.3098142397731945, 0.2650037843954418, -0.13127733907509376, -0.5662912179261756, -1.0134953014059431, -0.8125982764008218, -0.9548577609650316, -1.3736701726757103, -1.0601190496984632, -1.5689173844415671, -1.7265539930593656, -1.755333921120324, -2.5642043670436845, -2.3653565725131345, -2.5324772726161524, -3.626834749912391, -3.3058806848335607, -2.9617892253541083, -4.119100164082404, -4.076960621841908, -4.532101538643579, -4.447131491341019, -4.662146065261086, -5.2413836237379785, -5.685983430250888, -5.403362862703763, -6.1986256800193065, -6.768441331919648, -7.463735384752375, -7.498912178787751, -7.73172012212969, -8.389955862481209, -8.651394886386724, -9.664745007311291, -9.835117228781641, -9.549286665595915, -10.901046534754144, -11.008363989547385, -11.882573852174819, -12.740214569971576, -13.22292313342747, -13.74812612813929, -14.455088809184758, -15.29209342365437, -16.843223332389528],