{"position_x_true": [0.013256111620611924, 0.07030291501557581, 0.2058593550647782, 0.45499721252573666, 0.8497226722311098, 1.4150932079967646, 2.1727913716894864, 3.145491702397014, 4.357160151909653, 5.833135366878901, 7.5917688730141055, 9.644340328162858, 12.002897542223414, 14.679839839544735, 17.68840790505566, 21.042578563623163, 24.75700027844304, 28.847426825205524, 33.33057989300866, 38.22421993563891, 43.54734049066694, 49.3200123206761, 55.56344043699688, 62.30059445494449, 69.55617378307153, 77.35639438878711, 85.72894986435718, 94.70297480200747, 104.30884349338915, 114.57823676109963, 125.5431749541898, 137.23676915403476, 149.69283815335146, 162.94333019963645, 177.0176894379485, 191.94669864349288, 207.765485752511, 224.244147573107, 240.92866712302148, 257.61318667293597, 274.2977062228505, 290.982225772765, 307.6667453226795, 324.351264872594, 341.0357844225085, 357.72030397242304, 374.40482352233755, 391.08934307225206, 407.7738626221666, 424.4583821720811, 441.1429017219956, 457.8274212719101, 474.5119408218246, 491.19646037173914, 507.88097992165365, 524.5654994715682, 541.2500190214827, 557.9345385713972, 574.6190581213117, 591.3035776712262, 607.9880972211407], "position_y_true": [299.9549159402113, 299.8200265548142, 299.5961411822583, 299.28420412307815, 298.8813067772265, 298.38502763291734, 297.7971597363009, 297.11877969403355, 296.3515765333862, 295.4978210691592, 294.5595813923111, 293.537781013504, 292.43222480049315, 291.24264275612614, 289.9669757593202, 288.6025182435169, 287.1476936382417, 285.6011509216791, 283.9608527840107, 282.2219059019642, 280.3778315794915, 278.4227635871393, 276.35027777960454, 274.15211505832673, 271.8148470918122, 269.31883447672334, 266.64006469586064, 263.7505674971283, 260.6180940735753, 257.20394504957017, 253.45993754231276, 249.33035139426607, 244.75091982780916, 239.64364145784867, 233.91602754581916, 227.46501662208271, 220.176319385878, 212.17622636445142, 203.8650090451735, 195.4556917258956, 186.9482744066177, 178.3427570873398, 169.6391397680619, 160.837422448784, 151.9376051295061, 142.9396878102282, 133.8436704909503, 124.64955317167241, 115.35733585239451, 105.96701853311662, 96.47860121383872, 86.89208389456081, 77.20746657528292, 67.42474925600503, 57.543931936727134, 47.565014617449236, 37.487997298171344, 27.31287997889345, 17.039662659615555, 6.6683453403376625, 0], "angular_position_true": [0.0008046166013015996, 0.003135000297526543, 0.00681494882436568, 0.011770341371520027, 0.017122891406288338, 0.021898851543015144, 0.02598061699045857, 0.02931079764357217, 0.03170522796675561, 0.03296556728318508, 0.03280172775340819, 0.030963848954506087, 0.027471343744126776, 0.022317321592571347, 0.015700397071049327, 0.007905907729216344, -0.0011965868133211339, -0.011972021649673894, -0.024739882969376417, -0.039518247379204355, -0.056354242666190636, -0.07566965952891373, -0.09811897801491125, -0.12447236669083606, -0.15501521259888146, -0.18943055410760137, -0.22747200984607807, -0.2691396319009169, -0.314484122046346, -0.3636654585193062, -0.4164506253510218, -0.472611884815129, -0.5320916331194939, -0.5943077309304765, -0.6582959153090855, -0.7236289023823985, -0.7908379967807417, -0.8588042605470415, -0.9263863269677242, -0.9939683933884068, -1.0615504598090895, -1.1291325262297722, -1.196714592650455, -1.2642966590711378, -1.3318787254918205, -1.3994607919125033, -1.467042858333186, -1.5346249247538688, -1.6022069911745516, -1.6697890575952343, -1.737371124015917, -1.8049531904365999, -1.8725352568572826, -1.9401173232779654, -2.007699389698648, -2.0752814561193307, -2.142863522540013, -2.2104455889606958, -2.2780276553813783, -2.345609721802061, -2.4131917882227434], "angular_velocity_true": [], "altitude_sensor_readings": [296.5760924873279, 298.59895997714466, 295.5638284165267, 299.98035605318444, 292.0302633177139, 298.0226647483391, 300.72779145505444, 304.91884650389005, 300.1564824257674, 294.06122151953844, 299.6266366430291, 295.69854371425436, 288.1546824957799, 294.6591503274707, 288.11032588470357, 294.6459271429735, 284.7224262344835, 284.500515623191, 284.8208127314966, 282.0340139656971, 285.46386999059126, 278.80171414854146, 281.04861956783304, 274.232550365648, 273.34655266986306, 263.66771508334597, 270.2713105187648, 266.58141120339184, 257.6006777468011, 256.9036933427236, 257.07765021094156, 240.93118397103825, 243.1584301955273, 239.095747720374, 232.29944952549792, 227.5701714089387, 212.2691716523496, 203.48901185996863, 206.09222669860148, 197.0325333861317, 191.86721083227656, 179.41465139014977, 170.4450823750063, 162.4564466372404, 148.40477090237502, 148.40510400418975, 144.05164785074226, 124.87945753787312, 111.08274330782326, 112.25740323459796, 93.55606177707467, 84.47154677109202, 79.08637968014138, 68.93964945402519, 61.994866260877885, 48.10101007724434, 42.072515334248656, 31.5159796340146, 13.331543929314867, 7.278981381351505, -0.748171549232766], "speed_sensor_readings": [-2.5029598796261787, 5.073044719183109, 5.69655979481624, 2.812945301213183, 5.033145330186413, 5.381907090458488, 4.141815306025943, 12.097522130994754, 13.532925875697154, 17.100890134577227, 21.16476163510875, 23.845201875391705, 27.75585357520748, 30.40781559192927, 35.928519120165795, 36.2806714692029, 45.26295312171446, 44.983365268498005, 53.028214618695955, 50.00463679206378, 58.89120479682018, 64.05610126513324, 70.345944531666, 68.26561458889668, 78.61403006128961, 83.39342385120871, 86.37312610038992, 94.35762319349132, 112.24093559068486, 116.43978960735235, 121.95215832854598, 129.9414124114978, 138.76689188512765, 144.94316111306748, 158.60997107779505, 167.2490018909093, 176.94612781520823, 186.25927026904137, 180.4046058199498, 188.94755368983118, 186.27218304875421, 188.91131500737146, 184.180623679738, 190.48320286435276, 185.32904312264534, 192.59745133790378, 188.96134051373397, 185.91688720071446, 189.0810376230357, 192.33619278447233, 198.1128498897803, 195.2728939643194, 189.06472102001788, 191.6091120880287, 193.35853866300968, 187.78796261853688, 188.14609986414573, 198.61907838110008, 193.76115559534995, 193.82110294391177, -1.3288676538661848], "angular_position_sensor_readings": [0.423156136687024, 0.17990804712021044, 0.6387314283302478, 0.09889932719036482, 0.8939511226208315, -0.31407543536571303, 0.46800216304911074, 0.060603059398883385, -0.6136001663841599, 0.38212841649122065, -0.03163063815487915, -0.8904532055205733, 0.6817427485574373, 0.47611479969919185, -0.39852501422774883, -0.2807216349281981, -0.310372085163526, -0.7729791004769893, 0.17814225408782242, -0.7177129930056809, 0.487242919311283, -0.22695055002508835, -0.346445992305542, 0.24494860204415225, -0.7454077801854837, -0.5474342774366766, -0.6078638141845749, -0.9503550894786086, -1.2298336421864122, -0.04154160911157534, -0.5124112549826879, -0.43942279967394826, -0.6491954354995426, -0.35562675946213756, -0.29642313933404835, -0.6666670633804871, -0.9407146334190678, -0.6323412231231671, -0.5194513328309935, -1.3579922750338067, -0.42536630257232033, -1.4177173717346634, -1.3314388820199505, -1.0391871754713042, -0.5266974262335511, -1.2952504878651625, -1.5713359812108614, -1.4246891470517236, -1.7711301444904095, -1.5406663808632945, -1.6508668138986398, -2.064504888041283, -2.1289044531304278, -2.609848721672625, -1.7060498883571418, -2.3725557074765597, -1.9507381737318261, -2.2324326889227053, -1.7172954214627065, -2.1303588486332212, -2.2937879389395133],