{"position_x_true": [0.017185482154413536, 0.0859793872831464, 0.24105933061211388, 0.5178354357305243, 0.8910668906210528, 1.3235861495009165, 1.8275823942149378, 2.4154837461134577, 3.1000305161557575, 3.8900841695563373, 4.7904365358744725, 5.805903588182491, 6.941322461386416, 8.201594627006429, 9.59150827578478, 11.115763794732509, 12.77927834987743, 14.587179963036789, 16.544493926062387, 18.656110909935954, 20.927040586728502, 23.36230213477077, 25.966941762130233, 28.746201066781765, 31.705297551966794, 34.84971064197154, 38.18550758549103, 41.718849333325096, 45.456021079376555, 49.403744464083324, 53.568709966853596, 57.93301980952963, 62.48453834265485, 67.24134653551249, 72.2216494684915, 77.44358780066304, 82.89188672585767, 88.55049745955063, 94.43586479182281, 100.56417131517819, 106.95167199094571, 113.57696684698101, 120.4170266405927, 127.48436935573993, 134.79016116291047, 142.31131844152108, 150.0226256255112, 157.92923049456755, 166.0321139714767, 174.294469910079, 182.67584478523673, 191.16382275284465, 199.73715520219017, 208.33890936732303, 216.90792929374786, 225.4059056940343, 233.76955730732885, 241.92847690313346, 249.82415534062324, 257.38424567698, 264.5342269557921], "position_y_true": [299.95102239114794, 299.8043294363898, 299.56004988362236, 299.21791257215347, 298.7619135875308, 298.180174762438, 297.48023464698446, 296.6690610485228, 295.75326935531166, 294.7352880490568, 293.6132275926055, 292.38503457933336, 291.0485678106703, 289.60134239634147, 288.0408544996209, 286.36442229209257, 284.56912554660903, 282.651975505552, 280.6093610389479, 278.4372036583033, 276.13142234882656, 273.6880092987946, 271.1030309626034, 268.3724015326294, 265.492337711908, 262.4594672770674, 259.2708662446438, 255.92396095259497, 252.4164866128057, 248.74613936642862, 244.90924049802297, 240.88888797447296, 236.6717225227889, 232.25929480323083, 227.65134753495414, 222.84606753638255, 217.82621873416772, 212.57351130122657, 207.08207354678663, 201.34353320661378, 195.34702269301414, 189.07169062238657, 182.49634089398987, 175.6065186889768, 168.38467703768825, 160.80977631412077, 152.8602872423763, 144.51443924967964, 135.74612053226986, 126.53502557525583, 116.86140606357795, 106.69635932539316, 96.00802291272619, 84.78712198531193, 73.02914693598503, 60.710738688128714, 47.836803338590826, 34.41975889996108, 20.455101840660344, 5.9800342616252475, 0], "angular_position_true": [-1.733394268140101e-08, -4.7031849170172765e-06, 7.461538155610151e-05, 0.0004221387388652144, -0.002288822275522348, -0.010672086262800144, -0.023094685124433766, -0.03788950796496888, -0.053380933643520014, -0.06872012742633668, -0.0839358909826186, -0.0990779454779343, -0.11412976495251001, -0.12901256839251665, -0.14371271440523303, -0.1582667402973867, -0.17264174232964496, -0.18682744465689377, -0.20075002734155672, -0.21422643302797795, -0.2271114740637671, -0.23928004685764392, -0.25056984881313743, -0.2608633508643121, -0.27013190738208687, -0.27837787961551186, -0.285728691514573, -0.292321370790389, -0.29827136170908763, -0.30382094603555815, -0.30896949196235257, -0.31766765771309435, -0.3330323081315373, -0.3530900044407202, -0.37578533733267183, -0.3990125800797432, -0.4260356468417752, -0.46005202953802893, -0.49882910525162916, -0.5401041429260584, -0.5815523835796412, -0.6265630455428206, -0.6785611807223937, -0.7352160134934428, -0.7941966896428767, -0.8580052591858356, -0.9292358660006181, -1.0058242261659036, -1.0854768778168797, -1.1707972681393441, -1.2644407378125624, -1.3639785017010992, -1.4666169338265256, -1.5750300363566392, -1.6921410728734658, -1.815458571473351, -1.9465188796128352, -2.086644400239674, -2.2333392628950293, -2.388439892269271, -2.5532242336241935], "angular_velocity_true": [], "altitude_sensor_readings": [294.9127187991355, 295.0548246054008, 299.5789974582444, 299.66315846685796, 300.608903233258, 291.15227445306255, 290.3580813543014, 300.24696213825587, 296.14927415934943, 300.72191973708163, 292.3589704114135, 289.1161740647826, 296.1056483837439, 289.2852325727607, 290.5176105941951, 287.95764628515155, 289.66761332639265, 283.339522290251, 288.2596627516821, 277.87448308111345, 280.282844605494, 275.3199921518289, 268.4754307537722, 266.9922010367494, 268.22724489399434, 259.54235977754445, 257.28201236260367, 257.24242420091656, 257.58133405944085, 252.10138506658996, 253.4637228772609, 238.39545161925406, 226.5211734090618, 233.30649468715933, 223.6590026342052, 229.22715703861735, 217.11936187218967, 214.87140461940393, 203.4273859645326, 211.60899719602511, 192.2668093240632, 186.22422229148518, 185.6436010194007, 172.77893669337746, 167.95185090261478, 160.52032257844857, 153.0818339005145, 146.9468175299691, 138.86143267474696, 125.9715427076458, 122.77307119664133, 103.93137834998667, 100.10438510805028, 80.13602916054384, 74.77970795699146, 65.2342849209553, 49.939736041393736, 34.26226047566928, 26.031514570032197, 10.378052799278766, -6.207224410998551], "speed_sensor_readings": [-4.27910825152214, 2.588609435057567, 2.4650857649939986, -0.9242113992527994, 8.499843215427827, 6.602919123279173, 11.206872720291432, 13.643939921980266, 13.810785239262902, 11.30974798220981, 19.43481590994144, 9.953912656878485, 19.713633051729595, 20.694801681292656, 21.517289552479063, 22.98290097181474, 22.265172998350543, 20.129528862050787, 29.2428683722909, 28.38108495417017, 32.47511569233655, 34.0696619749631, 35.96513276116638, 43.78247302313263, 48.57536713468737, 49.63975596117776, 47.48617638828452, 46.651896491202116, 48.76930336395864, 57.97584209409421, 56.161570856303875, 63.97573130061848, 62.560050839936636, 61.85141582098671, 66.6865676402544, 75.97139002811441, 72.84645372833862, 81.37342938777523, 83.66550831440681, 81.84367026151757, 89.20610647510084, 94.78969950315445, 96.28210514819875, 100.45317484037203, 109.37681573545169, 108.03570786603959, 120.69873747325433, 118.55041348836066, 119.21722222712242, 124.15378408963295, 133.52878509858922, 132.49092007318316, 143.65710402985167, 140.8181255276429, 144.79290270973857, 156.95045354413097, 153.89953062579391, 160.7221036085674, 165.08508680767946, 166.02582231010345, -0.5299817993012408], "angular_position_sensor_readings": [0.03788199921562831, -0.010931924739242425, 0.6172776168952177, 0.032330864820161176, 0.10711842291169961, -0.07869895623825622, 0.2678487464454336, 0.1777826763100475, -0.3330416361389172, 0.007198071628606945, -0.9656382090069262, -0.3985313753707138, -0.10160777937745001, -0.3845480901737035, 0.18736715079598826, 0.30456904270487184, 0.17279092371903204, 0.218301188653855, -0.7615714544177767, -0.09061869599360159, 0.2485962958953036, 0.11308419383740997, -0.8588891911322338, 0.32978150414830454, -1.1755106579486152, 0.0005194366131576755, 0.06605644504669234, 0.2785053665778272, 0.5696735947017866, -0.35156691701638215, -0.6104443463969715, -0.02948557452833772, 0.4374815488907422, -0.6597458764878297, -0.6548202093661669, -0.6716880735044539, -0.2640686780873573, -0.3354088367171343, -0.39336469692247195, -0.24613013268302336, -0.6650972249606065, -0.5838348466894723, -0.6698471510838025, -0.9211286263841665, -1.1430823487485857, -1.1344444338598316, -0.8748721208769628, -1.0358368594643559, -1.179949242426446, -0.7473899038133129, -0.8731328647604504, -1.2573552796892382, -2.0552375463727732, -2.517391147497116, -1.8726236073466949, -2.24559808016515, -2.5342349204884385, -2.4823575690901505, -1.9931465063352725, -2.0602259724442074, -2.869356972890838],