{"position_x_true": [0.013277397326586032, 0.0664566611246283, 0.18620614979920525, 0.39940938122451575, 0.7294453805160892, 1.1961282458756868, 1.819571748455697, 2.6201374713773626, 3.6184204292033244, 4.835282699161639, 6.283299133779243, 7.966212094846339, 9.886072588785943, 12.042824019464495, 14.43417114579415, 17.054475350945935, 19.821312044754116, 22.651787053236628, 25.535709372875672, 28.460319599275152, 31.410006417604585, 34.365393019662, 37.303776127466406, 40.200373231902525, 43.028105059822785, 45.75757425488445, 48.3588629162787, 50.802915113696976, 53.06332715733675, 55.11778799885992, 56.95027494754816, 58.55407280099682, 59.926832662033604, 61.070628905961, 61.99868054881452, 62.73645452699682, 63.330653854079756, 63.84915067774909, 64.3695220438048, 64.97554541781157, 65.75248198394213, 66.78091309988616, 68.13072699680315, 69.85704125847386, 71.99725520398852, 74.56731884778199, 77.5596750649272, 80.9413054456814, 84.65377205458442, 88.61495803235735, 92.72195085579489, 96.8545286005021, 100.88275713375883, 104.67267488456915, 108.09307220582593, 111.02299192329212, 113.35617616678265, 115.00894255657553, 115.92787386673655, 116.0939050410842, 115.53120957893908, 114.31198817943255], "position_y_true": [299.947104065106, 299.7845729240664, 299.5044668611768, 299.0979834173667, 298.55904873066396, 297.8842932806966, 297.0690505600801, 296.1068483195139, 294.9880219194836, 293.6997621226724, 292.22744442100714, 290.55487162842957, 288.66286091982283, 286.5295523653941, 284.13152795030976, 281.44288350152, 278.4954144195802, 275.3290889899851, 271.93260330805725, 268.29516926606385, 264.40718484919904, 260.2605757177082, 255.8497930774125, 251.17264198334559, 246.2313859361587, 241.03345431753792, 235.59238976398862, 229.92882082356206, 224.07023701387374, 218.05155315096698, 211.91513241583405, 205.70910180724033, 199.48147941186804, 193.28131945977702, 187.16228602348176, 181.178539895233, 175.37863444230237, 169.79904873090084, 164.46032488285758, 159.3633333443937, 154.4880704583723, 149.79343516441105, 145.21941210458996, 140.68889745945512, 136.11337189072924, 131.39528691972637, 126.42860693248669, 121.10792576910586, 115.33615510057199, 109.02988904457256, 102.12404512005219, 94.57716792537046, 86.37551787340693, 77.53641081235993, 68.10776235247721, 58.16730004588209, 47.8238162739346, 37.21254282661327, 26.490311400559413, 15.827869838407263, 5.402793983747635, 0], "angular_position_true": [-0.0008211538647524191, -0.004109286973697518, -0.011558077716155905, -0.024825950832005676, -0.04466150203240445, -0.07100762498775791, -0.10393390936582259, -0.14365317391000532, -0.19028678410072425, -0.2439590796527117, -0.3048797261687198, -0.3732361428174815, -0.44911864667352697, -0.5326342874316814, -0.6241403156475109, -0.7240596192773213, -0.8321867455617505, -0.9481494252855288, -1.071884558843061, -1.2033913432611199, -1.342755578045387, -1.490001007452658, -1.645106703247347, -1.808150602672097, -1.979271688419351, -2.15843476488105, -2.3456000394926786, -2.5408306265243805, -2.7442438753110787, -2.955837765525477, -3.175523897276419, -3.403371384522229, -3.6383460679196604, -3.878068096227354, -4.120117637606812, -4.3622460489236525, -4.603626782262437, -4.844508085824075, -5.084922465380416, -5.324772930637769, -5.563888437628224, -5.802150024690744, -6.03957819843577, -6.276180721044091, -6.5123085865969434, -6.748323927906455, -6.983964277987953, -7.2190281910559975, -7.453500239506536, -7.687377750457855, -7.920545572124126, -8.15273027248685, -8.383894211484874, -8.614107425491435, -8.843428624461655, -9.072125526256125, -9.300442554132532, -9.528608974209575, -9.756731132301596, -9.985274769299359, -10.214847140877628, -10.445315688520617], "angular_velocity_true": [], "altitude_sensor_readings": [299.65138706246313, 301.6390968293472, 301.4281463261342, 300.16888362932394, 296.92172014636003, 299.8169654169273, 299.1486134788326, 300.51461234012515, 296.4060878441321, 291.72112604797104, 294.09529174544326, 294.16594855860166, 285.7303304490593, 284.945390028899, 284.7594937939796, 285.71354441465047, 281.05149178045525, 273.80213680431166, 279.2727552689237, 266.7041929067957, 267.20066919331293, 257.79710549857634, 252.53074031359682, 248.5876913058905, 243.0274459430897, 239.70907004947784, 232.86645581387305, 227.33651758146027, 227.37641422137992, 217.16966756505332, 218.67089222893333, 202.7289936572955, 192.1779188076779, 195.49899778126073, 194.54964212982102, 177.47858721803718, 179.35104807952698, 173.89030611541313, 168.337020676312, 162.57672291059106, 156.0564276267722, 157.53720496420794, 146.54025970904985, 139.4000651278859, 134.13677063620412, 133.17314310864919, 130.55084763437281, 123.87163455521332, 116.35364471739008, 106.00115927837254, 100.89012509109007, 91.06595766798257, 86.4375642334136, 73.74313069587177, 65.92761176301495, 55.84527626719685, 52.90112270151378, 43.40078080854682, 23.023456393785672, 14.777736827118131, 11.434489008522153, 1.1272467350120698], "speed_sensor_readings": [8.01397664047322, -4.361104005673156, 5.799541034013689, 7.240330591787943, 6.133850120207836, 11.564628155815223, 8.098332325650173, 18.81855530551873, 13.605431090651086, 16.51077186820997, 22.403795708524047, 25.793805147719112, 29.030653654493026, 40.22170496211887, 34.92515393418168, 44.54279130957916, 40.56725838325171, 46.90716751979687, 43.61383745335137, 45.19655814366373, 51.69347524657338, 51.43202003226102, 59.65600235032225, 58.791939112495655, 57.45602911078385, 52.454485704436124, 64.28049861279746, 64.60464819250305, 63.96261861406683, 64.18880412708889, 63.13212479741012, 63.973948483387005, 61.79279517452979, 60.401188893774346, 64.19680265098518, 61.001112361787285, 58.397055193125944, 53.18955945916984, 51.001633586144536, 47.698221619154445, 50.64225558367481, 46.406608563230314, 44.90116164440385, 44.84065484827961, 55.609374074645075, 59.79436088002367, 67.73094006970294, 66.86625083054159, 69.85697521248233, 79.38128401726067, 81.79650173238612, 89.3463016636835, 93.32701120971068, 95.67611256613014, 101.3475868308163, 101.58469860118622, 109.17616706369034, 110.24339028550604, 104.93736174400134, 103.84330553529264, 106.15047436140273, 2.2518478666419504], "angular_position_sensor_readings": [-0.16654163738170066, -0.1494120822647848, 0.09390670708001564, 0.04045009143600928, 0.058038593049110514, 0.653131475830613, 0.012575216288532517, -0.4009943207266184, -0.9957386086704696, 0.36226464105229417, -0.5528166928783282, -0.5369477513290144, -0.9575980721034495, -0.8587632047279432, -0.720588202973003, -0.5418084385062792, -1.0733334557692538, -1.189485312574349, -1.6452666736208497, -0.749439273739076, -1.3043982900368172, -1.9213495647049026, -1.9627229491030698, -2.0840624101629106, -2.412089375135282, -2.563784614573648, -2.461960306048704, -3.0497545039101657, -2.317940385111237, -3.4142910762636616, -2.5868551378025177, -2.9415525626636496, -2.801778709523251, -4.2577970859858825, -3.726692055404544, -4.150163517244042, -4.562566957690205, -4.794762616067738, -5.560913782127834, -5.018663877217791, -5.174465971112538, -6.633134964448993, -5.4728002082288025, -5.988773309300161, -6.117515295117286, -6.601962467339049, -7.222219727509755, -7.593308055328205, -7.481607979155364, -7.946603722989152, -7.853282800335239, -7.749690522352053, -8.583518933212737, -8.774267468133935, -9.191730301518085, -9.03189997498364, -9.593086413936424, -10.038662998773423, -9.93594232150681, -10.120335859114576, -10.013970619475934, -10.18616361788052],