{"position_x_true": [0.013265741240664649, 0.0703308982313267, 0.20590929993027812, 0.45520144586614464, 0.8342611186749481, 1.355864255459501, 2.0495063841266496, 2.945691030702523, 4.076231846335361, 5.452709623772783, 7.079538454064757, 8.975520744817308, 11.145556833889897, 13.59478121161537, 16.343630987423833, 19.413675213553493, 22.80321221029455, 26.510216729432425, 30.55639853121945, 34.94310523942937, 39.67067093145788, 44.75770214572442, 50.19555253071129, 55.97375138058283, 62.103089946678104, 68.56161081116646, 75.32148074229153, 82.37461853202217, 89.67460245702841, 97.16563672502471, 104.7887088945554, 112.46894702409921, 120.1169025646348, 127.62032594335152, 134.84456512623262, 141.62951772288193, 147.80091718975578, 153.17279863872633, 157.55251497211037, 161.03099544197516, 164.15494054113853, 167.2788856403019, 170.40283073946526, 173.52677583862862, 176.650720937792, 179.77466603695535, 182.89861113611872, 186.02255623528208], "position_y_true": [299.954873802899, 299.81964502259524, 299.594336384249, 299.27876585395524, 298.8530378015486, 298.3015687491323, 297.6328732334866, 296.8543444481087, 295.9714766623138, 294.96877504178565, 293.83019828108877, 292.55814814049603, 291.14207703261224, 289.5700075039102, 287.8391060531124, 285.94474227681906, 283.86445425749554, 281.5746242419528, 279.0654598391826, 276.3138048084092, 273.2923568370487, 269.9760432222811, 266.32626550687337, 262.30253926597396, 257.866377045552, 252.97237715204196, 247.57158800287678, 241.60984381062377, 235.03709910794157, 227.8022099773576, 219.854935778196, 211.14433166919568, 201.62826902904754, 191.27146684113836, 180.05955991054128, 168.00084075542824, 155.14203841887692, 141.58518455575347, 127.45657776845864, 113.01898040913844, 98.4731015616436, 83.82912271414877, 69.08704386665394, 54.24686501915912, 39.30858617166429, 24.272207324169457, 9.13772847667463, 0], "angular_position_true": [0.0008095010293710465, 0.0031940720803865373, 0.007178665695207727, 0.012871363318509113, 0.0162111280229833, 0.013928413458229016, 0.007631811940813667, -0.0009668081108524015, -0.009984044135197752, -0.02205670258004217, -0.039808928151750404, -0.061243163658520054, -0.08737020365264285, -0.11922679715456636, -0.15476942446041292, -0.1919959698466639, -0.23290671021516784, -0.27975603068801075, -0.3310682915085497, -0.3885330838969949, -0.4536311874370964, -0.5240457755591352, -0.6004743340957297, -0.6840207457267955, -0.7724341248333685, -0.8670500185879982, -0.9692539071951323, -1.0765048631227667, -1.1906117610691629, -1.313607723273137, -1.446259740724565, -1.5891824317027048, -1.743359422929273, -1.909400915997625, -2.08767834101762, -2.278275045905499, -2.4815177983218852, -2.700501142248249, -2.934013956067552, -3.1830370434918143, -3.4413603307782648, -3.6996836180647152, -3.9580069053511657, -4.216330192637616, -4.474653479924067, -4.732976767210517, -4.991300054496968, -5.249623341783418], "angular_velocity_true": [], "altitude_sensor_readings": [293.7307614693031, 306.4325253612803, 299.68973444465024, 291.4536903429914, 296.4213452658296, 298.8164918270922, 292.8743006585477, 293.54548407248035, 293.1694744184608, 296.4578074546598, 293.17342724662893, 294.10797739152673, 289.15775772154694, 287.93695831324345, 279.4571077930086, 285.4874170682948, 288.768862389615, 288.62454192546573, 280.1572212834975, 273.79596323396424, 266.939995222084, 264.4022121016558, 265.50989603111265, 261.67204784145935, 258.2413895221027, 257.3380202849043, 247.356030486651, 239.84879610199948, 240.26855839314098, 223.48534700769372, 216.6847939806052, 211.16462829215675, 205.738479342019, 188.0317533311499, 182.0980247174918, 156.92272451252285, 159.31877924696204, 142.0581338910522, 130.92249624091232, 112.09589450513499, 98.01957549378523, 83.6397231752735, 69.4239935923452, 52.71932765935287, 44.42949994287831, 22.196111411420386, 10.369093283144895, 5.228124260818346], "speed_sensor_readings": [1.6146751369395156, 4.755914013323281, -2.1420574427951866, 6.252908640281795, 7.369733199239189, 7.8169861003896735, 9.136089420416615, 16.98934821605129, 13.481802633961493, 21.6047226849415, 25.834199245592586, 23.56925208022232, 28.881646179158835, 33.884404322991664, 28.453822992736818, 38.42066056506611, 43.57339544414057, 45.60370105999524, 50.359938383701056, 52.70083949540138, 59.41094228284947, 63.180805436545775, 65.25235494894501, 73.89730828317154, 76.9789243554888, 84.66298430521434, 93.77456982446598, 91.38089125455636, 97.96410604990595, 109.64942688058534, 115.29167107407426, 119.38173328923699, 125.0699714972164, 124.65189437830851, 133.21889303074033, 137.43453642790757, 141.54303688688552, 150.3678345322132, 147.08941951944894, 148.4054307796875, 149.19584777152355, 149.1362510093083, 148.854276912218, 152.75643647185407, 150.59056486919306, 156.05576065389192, 151.88607231016414, 3.499015146223357], "angular_position_sensor_readings": [0.44973592890765773, -0.2814763902226556, 0.7816888748624264, 0.2942093441742576, 0.10071825130269511, -0.5051829999839531, -0.11678749590223059, -0.6956516531977793, 0.35487521095046876, 0.38336973216053655, -0.19286476510959966, 0.2119930411709483, 0.10172419880175328, -0.2901696456193213, 0.42449605570655574, 0.57005778166348, -0.20862202765968138, -0.4734334328880703, -0.5873469644726825, -0.4017210510352952, -0.08853252159444025, -0.9144403564703785, -0.5415915866454631, -0.12297532696167779, -1.0947256481894225, -1.1692149519955406, -0.8991858030707105, -1.6048269438699605, -1.4514047075428105, -2.0560760418930846, -1.2497213649327628, -1.8492361745474408, -1.6239005122206671, -1.4166706256154633, -2.18460436442488, -2.1765589887608114, -2.718319969862042, -3.0921289208774185, -3.23255531004329, -3.1449669333250787, -3.2245388404658013, -3.9217344658675426, -3.880910366177584, -4.136327140174557, -4.87808210198897, -4.898384130823264, -4.749174505293383, -4.971686188585947], "angular_velocity_sensor_readings": [0.5424454381801828, 0.8595243076723477, -0.8630036339252551, 0.034696445851421315, 0.07151985396770257, -0.511180870013721, 0.9409996060172212, 0.30959944602073414, -0.397629639852306, 0.5695612588180458, -0.5260633355439723, -0.41544503417139467, -0.2582024747889089, -0.509155985516069, -0.5941732135379658, -0.3626163407135918, -0.2047463705781086, -0.5710758098148181, -1.1201211966881197, -1.3211602115739929, -0.4163927347240703, -0.5822776369291978, -1.194170373308078, -0.85452534365897, -1.4616303087388713, -1.388823836797708, -1.4739629682647244, -1.556095050444933, -1.0805526477842173, -1.11453673611748, -1.1682507284426027, -1.5413243009253519, -1.8463784793141431, -1.3829127917709818, -2.0459821807765577, -2.1749944778333816, -2.5992591144837425, -1.132626377438414, -1.9420494260783674, -2.195616960400486, -2.5095465839118853, -2.8259933955794807, -1.7950631952966276, -2.490386488609398, -3.1505335522720213, -2.1256607779352903, -2.615836154521263, -2.2396184598034927], "altitude_sensor_readings_scaled": [0.5981255005953712, 0.5949782788407326, 0.6132732539142247, 0.5891723432367445, 0.5921573767327095, 0.6102771243199303, 0.5971868317968422, 0.5913783924774282, 0.5867020289127913, 0.6082657241514885, 0.5914667386479473, 0.5766226729379583, 0.5864523282587214, 0.5729186517266968, 0.564818247328069, 0.5749236330419647, 0.580354751783618, 0.566192992335107, 0.5519535257904216, 0.5596171326325005, 0.5504401092085024, 0.5316638725232822, 0.5461409279369549, 0.5203617916282723, 0.5228270449180956, 0.5137190701662194, 0.49015810142362853, 0.48706518309955926, 0.46737042759038677, 0.4664883891462828, 0.4407211587451763, 0.41773095383939474, 0.40534375562322666, 0.37922320942329113, 0.3668203378860241, 0.32214459420840785, 0.3150896372911432, 0.28082975267741245, 0.2529768197348893, 0.22527024668138754, 0.2013194178796832, 0.1581476392711154, 0.12912627733155432, 0.1077592348587059, 0.07448693994693317, 0.04864915251438244, 0.02349012299917979, 0.0023668118919789663],