{"position_x_true": [0.009803923667822996, 0.04907719611066151, 0.12587530995470297, 0.2517140195711652, 0.44927625155638723, 0.7375323109352936, 1.1356298030465004, 1.662763354007213, 2.3383162108617537, 3.1817367536887824, 4.2125597690458845, 5.450032198008413, 6.912651462988228, 8.609660347261077, 10.54014754440551, 12.700201986266071, 15.081694207804414, 17.67192509287134, 20.453411535318146, 23.401842628058606, 26.486469545463926, 29.671692294757825, 32.91344626822593, 36.159364616272775, 39.35106351370525, 42.42417859115815, 45.30755917257045, 47.92409738934557, 50.19380533133133, 52.03809857725097, 53.383261754101056, 54.16400885441369, 54.330563074287724, 53.85417737993225, 52.73456718793733, 51.009750589207385, 48.76193905850179, 46.12805165529464, 43.30705515287134, 40.54883317823949, 38.14794608670802, 36.4368292269859, 35.22893477268925, 34.09270001693263, 32.956465261176014, 31.820230505419396, 30.683995749662778, 29.54776099390616, 28.41152623814954, 27.275291482392923, 26.139056726636305, 25.002821970879687, 23.86658721512307, 22.73035245936645, 21.594117703609832, 20.457882947853214, 19.321648192096596, 18.185413436339978, 17.04917868058336, 15.91294392482674, 14.77670916907012, 13.6404744133135, 12.50423965755688, 11.36800490180026, 10.23177014604364], "position_y_true": [299.95092282924213, 299.8037280590582, 299.5466882820641, 299.1639596220879, 298.6509024842621, 298.0062081656055, 297.2274858752039, 296.310352273957, 295.2490329089059, 294.03581098301055, 292.6598712688555, 291.1066106971178, 289.35699706911544, 287.3897886214192, 285.1822964728958, 282.7091211706272, 279.9416235363307, 276.8493601042832, 273.4014862594878, 269.5659251485395, 265.3113565722703, 260.60938545089135, 255.43422591921063, 249.76459136630393, 243.58607228361123, 236.89258065405954, 229.68898035089018, 221.99356161692208, 213.84082974861633, 205.28231474827996, 196.3888226115887, 187.25248645937518, 177.98520824903335, 168.72026538551904, 159.60894524610652, 150.81519564858985, 142.50623102031727, 134.84178735073883, 127.9586754191547, 121.94543868143592, 116.82099514277503, 112.5082851497978, 108.5581814634511, 104.54906315962563, 100.44184485580016, 96.23652655197468, 91.9331082481492, 87.53158994432371, 83.03197164049823, 78.43425333667275, 73.73843503284728, 68.9445167290218, 64.05249842519632, 59.062380121370836, 53.97416181754536, 48.78784351371988, 43.503425209894395, 38.12090690606892, 32.64028860224344, 27.061570298417955, 21.384751994592474, 15.609833690766992, 9.736815386941512, 3.76569708311603, 0], "angular_position_true": [9.734346025081378e-06, 6.018887308537899e-05, -0.0022641511022134958, -0.01021553404090468, -0.024625145195689715, -0.04551381798175176, -0.07291590394069838, -0.10683152636712209, -0.1474047017902168, -0.1949441882490227, -0.249721485648013, -0.31195418227095584, -0.3818310461106421, -0.45945930040448, -0.5448162856711386, -0.6378204042548354, -0.7381409453219051, -0.8454779997332353, -0.9597749081711108, -1.080700378491127, -1.2079879538392124, -1.3418543252070223, -1.4822542275953974, -1.62904957717508, -1.7823773704006032, -1.9426062278857203, -2.11005150745132, -2.2848101764770687, -2.466897974899448, -2.6565981848374802, -2.854334246913782, -3.0604301460135717, -3.2756711470036635, -3.5006042011809906, -3.7356722892272334, -3.9814754187603674, -4.238871740243257, -4.508484587807509, -4.790248656612731, -5.085116643945748, -5.394859383514906, -5.721013840374984, -6.055182323306623, -6.388790424804935, -6.722398526303248, -7.056006627801561, -7.389614729299874, -7.7232228307981865, -8.0568309322965, -8.390439033794813, -8.724047135293127, -9.05765523679144, -9.391263338289754, -9.724871439788068, -10.058479541286381, -10.392087642784695, -10.725695744283009, -11.059303845781322, -11.392911947279636, -11.72652004877795, -12.060128150276263, -12.393736251774577, -12.72734435327289, -13.060952454771204, -13.394560556269518], "angular_velocity_true": [], "altitude_sensor_readings": [294.47085044956236, 301.8860349418698, 294.3906040488363, 303.359453217699, 297.68354134569284, 300.7182130859215, 294.929044407885, 299.26392579616606, 289.8268468231538, 298.30224240518714, 294.751741604517, 289.7523072002179, 291.3251748894205, 292.6629178720154, 283.6754647573168, 280.2175607727881, 270.7775300049216, 275.749535870821, 271.60494270342343, 269.98213365821647, 264.7659430719673, 268.78069741238414, 252.6007350804378, 249.81973139168562, 247.10865505592443, 241.25225700119375, 228.62335479824324, 217.62402224843927, 217.2069621465312, 206.95266792458915, 199.81745481179516, 192.80163228160035, 184.43286493783646, 163.20967312217797, 163.52332159091281, 151.83388915705302, 146.35166805215275, 132.79897731511437, 125.21788111005874, 122.88250271047009, 114.67376487792157, 111.77545714974625, 103.80753507413053, 102.42224808465205, 95.45554559723348, 95.50804625354722, 92.27919923486917, 87.74956420538557, 88.94565078642651, 76.74727136402993, 71.70729177117977, 65.33803933968264, 65.11252271489097, 56.59837595218601, 57.47049477789143, 46.950935749083605, 50.906476076525884, 40.42391298923193, 32.35209776949408, 24.100954359208053, 19.98999113612706, 18.72032454262959, 13.816505732347366, 0.28776267563077873, 2.962550683059925], "speed_sensor_readings": [-0.5251554749216347, 5.426209572829986, -1.7880888639284298, 0.04926551517639499, 7.0607194771349535, 12.505055307359733, 13.26997157849643, 13.91128543785935, 9.1307327080486, 16.13473907409137, 14.587079869959737, 25.185623606906397, 16.60530966900675, 26.27464662919831, 32.25868094674477, 36.32850299538028, 41.37596670182291, 47.76591220803731, 48.96975006761883, 51.34404393700602, 52.55156972166216, 58.418784902790655, 68.82658217753719, 61.49293646077109, 69.5412948968015, 77.45534419778537, 76.0853021707364, 85.4245892019297, 87.54511088963778, 88.66953237162166, 91.94984978989055, 87.60691885211479, 91.29295199596379, 89.03656561453724, 87.42680540882287, 90.0162188020268, 85.07168983216155, 75.30629860435322, 68.96440332806002, 63.62785193398627, 50.25621233214833, 43.315823364742094, 38.6907297887425, 43.97378645659642, 41.46540277400656, 45.042091172597644, 45.055962120676746, 48.96628313479579, 45.826785122010726, 45.896336427998435, 47.999622593763725, 46.76145459027626, 52.9643071389636, 51.02270667874511, 56.192994846801696, 58.66463716459107, 56.099845061715506, 49.20846532306857, 52.37126893216929, 56.0243182861419, 59.03405139473193, 60.189668614826196, 62.25514615670064, 62.926492487592725, -2.8825983617854423], "angular_position_sensor_readings": [0.14805960400594922, 0.4940691403185117, 0.08548160423304692, -0.17869199996492668, -0.5254461409234332, 0.1599534845204622, -0.26739190915652555, 0.8801760663487642, -0.3821086150500589, -0.4024453540240928, 0.535397350393101, -0.8329846800622084, -0.5817181189346254, 0.19762431985256002, -0.6337619918283324, -0.08531556854244715, -0.8197832817949507, -0.6272283276693468, -1.1715812729543502, -1.6196778178434257, -1.7090980166419762, -1.11411094432196, -1.1250912644334896, -1.6936533203700035, -1.606639690612538, -1.906411796817337, -2.279764985005688, -2.289062445110865, -2.0112070457403077, -2.326499214828258, -2.666761544665375, -2.8355808479996116, -3.90925189950728, -3.316250758911632, -3.0069852478429295, -4.071906109465545, -4.164626681831183, -4.691193170081893, -4.216659523471284, -5.391562387971882, -5.783797026579128, -5.414513523750619, -5.677707835174887, -6.629760308197146, -6.268049466586436, -6.408403007825024, -6.801448189177233, -7.312425665639112, -8.076811263547095, -8.40396512919143, -8.183631857469393, -9.371017711993078, -9.3778351503916, -10.138755372029449, -9.553602350586674, -10.184009670461526, -11.039602065639684, -11.631024495675735, -11.417260919310111, -12.025622180245243, -12.07467143497314, -12.80613473984236, -12.735088137932726, -12.87896518466896, -13.25957104246762],