{"position_x_true": [0.013275777725446601, 0.06636498745523503, 0.18591721135199446, 0.3988820436877543, 0.7286233319299343, 1.194912412480876, 1.8177443176487205, 2.6174598528763893, 3.614834676629534, 4.8308966676842635, 6.278548576834297, 7.961318358192992, 9.880900737400093, 12.03642835335435, 14.423397568745656, 17.032635346824033, 19.849814122856433, 22.85546926216165, 26.02281350686378, 29.319166744793698, 32.70340160002062, 36.12380782679092, 39.52065716157039, 42.82394657132914, 45.955318869255585, 48.83130694115432, 51.3650810380752, 53.47196393418668, 55.077324001551894, 56.12486090806491, 56.58741052740716, 56.48124500006411, 55.87743044169674, 54.90511226346246, 53.7543565261566, 52.67436682297065, 51.95795056127613, 51.90967504730442, 52.79303610063908, 54.76323812145317, 57.52773675602929, 60.52232702546091, 63.51691729489253, 66.51150756432415, 69.50609783375577, 72.5006881031874, 75.49527837261903, 78.48986864205065, 81.48445891148228, 84.4790491809139, 87.47363945034553, 90.46822971977716, 93.46281998920878, 96.45741025864041, 99.45200052807203, 102.44659079750366, 105.44118106693529, 108.43577133636691, 111.43036160579854, 114.42495187523016, 117.41954214466179, 120.41413241409342], "position_y_true": [299.94706178229086, 299.7842602249958, 299.50364878439416, 299.09706018367547, 298.5594822866944, 297.88808197395315, 297.07745515716186, 296.12008939715867, 295.00683073512073, 293.7263919721275, 292.2656376484724, 290.6077901329659, 288.73234892488796, 286.61585953288153, 284.23176623037676, 281.55039731203846, 278.53960011862625, 275.1669273776646, 271.3996028061694, 267.206639097369, 262.5592847723374, 257.43227803459274, 251.80752383754321, 245.67648302065425, 239.04375813227915, 231.9309653887091, 224.38095681138114, 216.46075074313413, 208.26314873687605, 199.9090617477565, 191.54677673831597, 183.34731027168715, 175.48908392258417, 168.13453808250944, 161.41153846243927, 155.3898228468993, 150.04949008361925, 145.25117030185135, 140.71820016996395, 136.05002096142894, 131.01703264885808, 125.75123809649972, 120.38734354414136, 114.925348991783, 109.36525443942463, 103.70705988706628, 97.95076533470792, 92.09637078234957, 86.1438762299912, 80.09328167763285, 73.94458712527448, 67.69779257291611, 61.35289802055775, 54.90990346819939, 48.36880891584103, 41.72961436348267, 34.99231981112431, 28.156925258765952, 21.223430706407594, 14.191836154049238, 7.062141601690881, 0], "angular_position_true": [-0.0008129047160729182, -0.004081651333233556, -0.011506103886707803, -0.02485157187427814, -0.04510452513434657, -0.07235787779650128, -0.10658695431689208, -0.14780430675585496, -0.19624992292160726, -0.2524742275423881, -0.317122542702345, -0.3904574993446915, -0.47253563385155867, -0.5634013080126011, -0.6631315613047748, -0.7716731984078702, -0.8888184291794565, -1.0146263339642827, -1.1492229074751936, -1.2931801216710457, -1.447017047045049, -1.6109932128331081, -1.7856922982412153, -1.9714490287853033, -2.168618105971099, -2.3778656763414587, -2.599774866794645, -2.834831846071135, -3.0837528908712626, -3.3472724029953413, -3.6258434558031034, -3.9193413008334224, -4.227536782948535, -4.551282228294577, -4.891915850027818, -5.250607358325436, -5.628375687133141, -6.025986009104401, -6.444116815799053, -6.8843987158274835, -7.338514994231041, -7.794742622730976, -8.250970251230912, -8.707197879730849, -9.163425508230784, -9.619653136730719, -10.075880765230654, -10.532108393730589, -10.988336022230524, -11.444563650730458, -11.900791279230393, -12.357018907730328, -12.813246536230263, -13.269474164730198, -13.725701793230133, -14.181929421730068, -14.638157050230003, -15.094384678729938, -15.550612307229873, -16.006839935729808, -16.463067564229743, -16.919295192729678], "angular_velocity_true": [], "altitude_sensor_readings": [304.144850319494, 302.2047674305807, 298.2499167374906, 290.6633964754659, 302.65931990401265, 305.3468674932815, 299.9477997986185, 299.79813756530086, 298.483759642388, 289.75727169674593, 288.0550980000972, 292.78513683297757, 280.65373900783726, 280.773109382796, 280.4553002898478, 281.7275903941057, 276.69086354429726, 275.4607700105201, 271.9991625215664, 265.10029569506855, 257.47484126272985, 260.41801631065806, 259.3035718915735, 245.60976301255127, 234.69352790089357, 231.52541516001583, 225.64229784194941, 219.86048183695027, 214.6555228462843, 203.0341618387577, 188.28758750213802, 188.56616107061316, 176.9768398858928, 163.05150546724855, 167.29666351299946, 154.50004572362866, 152.5289874688248, 140.49985944917447, 143.4903957914897, 139.95846627566706, 130.60356691597025, 128.91229328102898, 125.34283097459782, 120.42622475753781, 116.2579964558416, 107.39676833221897, 99.88220709954027, 88.15791685507037, 92.52560135155369, 81.96554655316984, 76.68463455083186, 70.69794053012943, 64.74228843494663, 52.22297702372534, 51.396414254976804, 42.571361793306814, 36.91815530177591, 23.47537305899948, 20.909289923992393, 15.751190300638477, 8.661725310906013, 3.6557642452509125], "speed_sensor_readings": [-0.9346851750694134, -2.5992113679904594, 6.130860213677106, 4.145851260499587, 6.748929838734489, 13.130487720384306, 13.734569755117992, 15.448898474937927, 19.016893979068286, 21.149909260791524, 19.993444959299218, 24.888429731369737, 33.42589947432801, 30.31390109041637, 37.434412126834495, 41.67684447620532, 46.250989274487566, 47.978288002037154, 46.50002219847549, 60.297481136091534, 62.36318981492797, 63.01729964072162, 68.77235904842314, 68.74081858172735, 73.67081226353108, 80.59370016850694, 81.94124288475084, 82.8710472676591, 80.23025992145811, 86.56440587078728, 82.70759410202152, 82.74000361125748, 79.96475861322877, 72.49407432070325, 64.06908792973961, 56.70671172506875, 49.67440162951927, 45.975964708233484, 46.60660073572169, 52.674802443893626, 56.44235832596896, 58.868841737671765, 65.51675887942478, 60.14973212729112, 59.783744992404955, 69.08143080838133, 65.02692588835701, 67.59450539858874, 67.81484696494248, 67.34132013772549, 66.58000314965285, 71.90695156730459, 66.57126348717898, 65.9187799749263, 73.48111385008174, 73.96261746814041, 74.25828295768147, 75.89718121296812, 75.9618189890265, 74.73126769290748, 79.91781967531409, 2.8294406894259767], "angular_position_sensor_readings": [-0.3877667700007091, -0.7819070236561185, -0.31103322158768537, 0.11356406072680827, -0.39762335722996056, 0.3549983871390268, -0.16111973103161537, -0.18277930021811425, 0.13558155760986446, -0.4083854062924942, 0.16919812491824676, -0.41499182075419044, -0.28976334736842696, -1.51100683454044, -0.22058145321562694, -0.2166786531557361, -0.8771317875133711, -0.9277559072330996, -1.2785897926486036, -1.265837552412545, -0.9399076723921185, -1.6062698198730638, -0.774554297712678, -1.3752687190264856, -2.3416800009485836, -2.3009755399906715, -2.448385297232636, -2.8010878774202346, -2.643510533579888, -2.8572863117752965, -3.920481169145996, -4.330077763276231, -4.155546825367274, -4.962778928731027, -5.1791181382533615, -4.561298868247238, -6.146044705675861, -6.316009412339776, -6.103369966580085, -7.5605880938284, -7.104033249275383, -7.579178119928282, -8.006497090657042, -9.04634913456541, -8.443967692295786, -10.188409709119204, -10.230706025081233, -10.28345148809044, -11.0719015334458, -10.923039186572892, -11.598956119927333, -12.58024668313508, -13.318372513998384, -12.972786183932255, -13.806946251295681, -13.928922112378855, -14.412715427244203, -14.885811601155858, -15.758032566801283, -16.086838480103925, -16.650624501930427, -17.287156688637047],