{"position_x_true": [0.017176619607512007, 0.08596099922498501, 0.22923435244439486, 0.44042572344021935, 0.7134266229889153, 1.0605785810285826, 1.494618586230297, 2.024295029237182, 2.6543437761522934, 3.389682547873315, 4.235021205217963, 5.194999450245955, 6.274294508413282, 7.477531352259499, 8.809383288781742, 10.274442121666212, 11.877165388111726, 13.622123444587125, 15.513965072703552, 17.557481615405298, 19.757463423679038, 22.118491930687615, 24.64520279440961, 27.342232352331678, 30.21422908985117, 33.265911390260776, 36.50188672141045, 39.926746903229485, 43.545074164829714, 47.361385492050815, 51.380393098078784, 55.60665656448369, 60.044550127038825, 64.69870173801858, 69.57368254169063, 74.67443647858946, 80.00607816390446, 85.5738403969474, 91.38343320448261, 97.4407548299103, 103.75202807295801, 110.32427717065788, 117.16550231780582, 124.28449785916222, 131.69113609577792, 139.36152370289346, 147.2779901939137, 155.46366488677825, 163.94116967524982, 172.732047820893, 181.81091737364636, 191.15084051602977, 200.76845323950383, 210.6786165728236, 220.89533379262292, 231.38079992070558, 242.09169537958317, 253.02783506185952, 264.18243034417856, 275.5391818787497], "position_y_true": [299.9509070228006, 299.8035970845605, 299.54628737291347, 299.16686442842723, 298.6685506535518, 298.05824744658065, 297.3421161658696, 296.5221601687482, 295.59652925893164, 294.5631059200335, 293.41964005124777, 292.16364561753085, 290.79261398811525, 289.3037792169067, 287.69393094628276, 285.9597960869898, 284.09823122757285, 282.10590779067223, 279.97906212849904, 277.71353940810326, 275.30488741981867, 272.7485612917303, 270.0395404065721, 267.172186370968, 264.1406125855941, 260.9391846936237, 257.5623305983315, 254.00427802451685, 250.2589943733149, 246.3196548779764, 242.17924490288533, 237.83018389309592, 233.2642183502299, 228.47369400989743, 223.45045268988602, 218.18622403606759, 212.67292387173612, 206.90241738483286, 200.86700032483503, 194.5586063212947, 187.96883364192755, 181.08969257002195, 173.91388879485132, 166.43464161151138, 158.64589333765753, 150.53623001866777, 142.09332134415854, 133.30884525142818, 124.17134021528041, 114.66599850914537, 104.77379956813046, 94.47507800889238, 83.74957753406929, 72.57250944270564, 60.91577244950781, 48.75710240143731, 36.072254869013086, 22.82491881646796, 8.973663753328047, 0], "angular_position_true": [-4.6952538548395344e-06, -3.308151262479133e-05, -0.0025572104975692947, -0.010016869142801468, -0.021587514591112744, -0.03565044220186132, -0.05062817615036143, -0.06577260889091006, -0.08113149027703542, -0.09673324208823993, -0.11257659074836912, -0.12869715963228762, -0.14511929407730256, -0.16176332146738714, -0.17859759742371614, -0.19570005362492018, -0.213128041554293, -0.23083810971255503, -0.24876537022005674, -0.2668529062263295, -0.28505438415733453, -0.3033956148261264, -0.3218587880954776, -0.34037780907519793, -0.3588391107144752, -0.37716618189352236, -0.39543922764433614, -0.413671069635546, -0.43178114638459125, -0.4496467729289916, -0.46717101244334475, -0.48422957413120254, -0.5005813671047687, -0.5161615488142148, -0.5309853001075339, -0.5449798543756612, -0.5579235655378771, -0.5696536480148754, -0.580208975700501, -0.5895099361429783, -0.5974184034637748, -0.6040382787185811, -0.6096671296408519, -0.6145688955604521, -0.6191493686133166, -0.6282482106104049, -0.6452799957720686, -0.6681151349273245, -0.694568444597299, -0.7223038718165476, -0.7548566543157541, -0.7958834029474182, -0.8430943696440815, -0.8941854129883533, -0.9470573872674319, -1.0060357538041154, -1.0750915992827117, -1.1515414243716622, -1.232745658104873, -1.3155781250059337], "angular_velocity_true": [], "altitude_sensor_readings": [297.70360853591956, 307.63177931082413, 299.9103388869409, 299.0814039330019, 295.0130301740317, 301.24278710638356, 302.0369692370796, 300.6829393153481, 295.90549597425377, 295.03939213325, 294.37072219266133, 289.56692511616234, 295.8540322987727, 282.3898518353691, 284.75231487451606, 284.5719215690163, 288.0428735994534, 284.898373332359, 279.6338517147587, 277.4205695425563, 279.71319776084215, 267.968355189288, 267.9934255519725, 264.73250106650755, 267.1811193223532, 262.01512686925315, 259.49298617620906, 251.16784882850203, 245.76786288445203, 245.7212841721281, 243.5966274314196, 239.83958660792402, 229.34537782248225, 235.89991291900344, 224.73647479743963, 222.34437966256854, 210.8671140351682, 204.74719518065416, 206.08178043034664, 193.25930544235055, 182.9913046184187, 183.6062540011793, 171.87145845785167, 158.1115631992238, 159.64417999883696, 152.82870024958572, 145.61135913738087, 132.39552553616295, 126.7087407945213, 111.56032313422668, 102.90380368051589, 90.22189815624333, 79.96883182400995, 69.01483783776627, 55.67625130173811, 49.11571117839145, 37.027815346943996, 32.79255611552638, 7.7862745190756115, 1.0410305822479993], "speed_sensor_readings": [1.4461668283978502, 1.2530190178688956, 2.244303526247958, 4.353286044288067, 4.811085591519202, 7.638205313386447, 12.4674397158728, 11.984151035417195, 14.921830392485816, 19.115147038862386, 14.383551208662176, 16.732323386844303, 16.32079707524887, 20.768698005349876, 23.477101897017903, 21.56885178033238, 29.082802539323577, 27.556019866873754, 26.6288148707355, 32.44476133891687, 33.5053963176611, 31.265015202560747, 44.0626965443868, 34.823623093908125, 44.99807670636811, 40.59679881674398, 44.73187392079492, 55.48319538573617, 56.97414129482354, 55.59147586012135, 56.21296612837317, 63.88472477664655, 68.2816388020605, 68.15372497092119, 75.54550534831095, 76.39224498803465, 85.08270135147954, 83.92900947996236, 85.96763690254305, 86.52204780394426, 90.26888348804367, 96.02865963560137, 104.01153719837879, 106.61981512183844, 114.32845024532661, 114.41687530125115, 116.63242085992106, 121.9083526340724, 126.17397882855305, 133.89273139741445, 138.1241646092566, 144.08157991604415, 149.5506191085138, 153.35134968597316, 156.55977242926932, 162.74989556862633, 167.48289390390212, 176.44788227433887, 179.54977557787566, 0.9875992895290462], "angular_position_sensor_readings": [0.13265428011139058, 0.18438200012589695, 0.34063164520468536, 0.11664102513484474, -0.31024277168362757, 0.6912812927294223, -0.47116339153154774, -0.6986418738621141, -0.12619349113709666, 0.11669578950461092, 0.15071514642647954, -0.5069495688258456, -0.21986264285639934, -0.04949369593787298, -0.26476803612038635, 0.15865284640799046, -0.5654088886016666, -0.5390151784550518, -0.04512088032206554, -0.4696049026370328, 0.490914688782504, 0.08373793229481796, -0.2338593548764823, -1.2028122035389717, 0.08669969803703476, -0.8643762020932334, -0.08990832159410994, -0.26489007273302323, 0.07108179842220669, -0.5543173446139905, -1.1386500329647993, -0.46090543937116046, -0.7994232698193369, -0.3022314260007486, -1.1240672020204752, 0.10065290853136755, -0.8855297347789544, -0.2087020348369351, -0.7216250429852944, -0.4317312758944766, -0.2682867185122784, -0.8095604336041177, -0.617553525741115, -0.19349472283609936, -0.6378027115097181, -1.0311282296949145, -0.6233325053522758, -0.5144366683134567, -0.6501307340451666, -1.1030943216424205, -0.5171940352922203, -0.25736845255963325, -1.169301639764804, -0.6403115680852565, -0.8819429850256326, -0.9273335617537742, -1.0846452355083047, -1.321602360500446, -1.3542959078364407, -1.3629657130990496],