{"position_x_true": [0.00618262425645851, 0.03089035650359248, 0.09058799177018476, 0.2059669934187937, 0.39372391552269426, 0.6667399710881432, 1.0338657159019302, 1.499736504892862, 2.0690424094967064, 2.746352581989791, 3.536528396288857, 4.444512463431278, 5.475154045206866, 6.633392039277785, 7.924223214807993, 9.352624025597878, 10.923663723099573, 12.642698794044309, 14.514932072194936, 16.545396863521336, 18.73938008434919, 21.10235936332864, 23.639641358063987, 26.35671015285573, 29.25933433215224, 32.353548835169384, 35.645316893538, 39.1403616418026, 42.84457321861106, 46.764278545907416, 50.905872159718236, 55.27558700609699, 59.87986757130722, 64.72523508375728, 69.81857485193503, 75.16731640772893, 80.77934603318734, 86.66270656543956, 92.82578603172023, 99.27710239796775, 106.02468548766385, 113.07633259153111, 120.4395418935646, 128.12245629959196, 136.1330268784386, 144.4775512236412, 153.16154515913826, 162.19052067395157, 171.56917214537594, 181.3021875017157, 191.39304452948875, 201.8424440454499, 212.65015103940877, 223.81415541487578, 235.3298171678362, 247.19081300987514, 259.38695741351864, 271.90462700394124, 284.72590322046204, 297.82631584513945, 311.17069923760255], "position_y_true": [299.9468562291998, 299.7833258989375, 299.50535166372464, 299.11280243869936, 298.60927670901845, 298.00189520634075, 297.2931136607988, 296.48111005330685, 295.5642495640243, 294.5408614220207, 293.40905211155865, 292.1669639149749, 290.8123814470146, 289.34285315282534, 287.75578162298274, 286.04809905200517, 284.21703901051046, 282.2598974787336, 280.17352807939614, 277.95485953925095, 275.6007526441582, 273.1077432200062, 270.47209146803254, 267.690198605647, 264.75863548737556, 261.6736040399009, 258.4305677955097, 255.02477632461373, 251.4514714929134, 247.7057096912952, 243.78182336944937, 239.67411449528723, 235.37804713701644, 230.88822662798938, 226.19843187885547, 221.30276068021593, 216.1959445055695, 210.87256411554336, 205.3262186335055, 199.5495863522121, 193.53422710407494, 187.27097605450768, 180.74936812566466, 173.95910525621525, 166.88842049031226, 159.52152002062795, 151.84079646072266, 143.82827010722198, 135.4644828008179, 126.72970419142075, 117.60247294731687, 108.05738596039441, 98.06754581343972, 87.60407380166147, 76.63536691056458, 65.12858570202914, 53.048481982328504, 40.357262148630596, 27.014571652824444, 12.97720453596644, 0], "angular_position_true": [-0.0008429610725636244, -0.004228756150123387, -0.011003546200639314, -0.021144984724561874, -0.03377175753032101, -0.04717562036956751, -0.0605262052912392, -0.07384734012117702, -0.08714083749706962, -0.10042362845508324, -0.11373157511110478, -0.12710083597971686, -0.14054494318895824, -0.15404646635207564, -0.1676301586479246, -0.1812261579764874, -0.1946780781862067, -0.20791783550385873, -0.22091871031182791, -0.23372868515610454, -0.24632012930761304, -0.25861254867144035, -0.2707264451820032, -0.28273294320492304, -0.2946471714039077, -0.3065039918593387, -0.31825774492945763, -0.32990797608018796, -0.3414450571190107, -0.35289535801960215, -0.36419679098193003, -0.37530602805546215, -0.38643525360510955, -0.3975867062020759, -0.40874686156163464, -0.4201749121138048, -0.4322032108813228, -0.445123036469689, -0.4592317236724665, -0.47475924620143234, -0.4918952829879504, -0.5108585771501546, -0.5317632994456407, -0.5549333649118416, -0.580663709395765, -0.6087803530037255, -0.6390254271601704, -0.6713969245103836, -0.7057793989080302, -0.742455771629306, -0.7817761145814922, -0.8236024427633225, -0.8680478690395296, -0.9152727600667284, -0.965369662561526, -1.0187499301189427, -1.0756836694732466, -1.136463382870783, -1.2013981763112458, -1.2704896608158518, -1.343243394818332], "angular_velocity_true": [], "altitude_sensor_readings": [303.06679776025527, 302.6976685066573, 301.9650650360699, 301.8318527526739, 305.55719108257085, 297.77167535576274, 300.5202212116218, 299.65080011172694, 295.70420084502666, 296.04743502618226, 293.6467708044138, 291.6822253302547, 289.25570080679927, 284.57031293416713, 284.21247278713173, 284.2754222326711, 284.8988878792111, 286.11674260819217, 272.695517202839, 271.12189316814334, 271.89223527347065, 278.42315268666766, 274.86545294294154, 271.2562980067222, 267.31269262205416, 260.9159974857235, 266.72573075697017, 252.4201607536568, 249.4366701753936, 246.19943275749972, 243.38154122413445, 243.8856275070763, 233.11689291737585, 234.8757812396983, 226.29462924742577, 217.09733788776725, 209.23572647495004, 206.60856559571982, 204.82370364087626, 196.77925132179413, 189.26916573587712, 190.63958181025131, 181.53677878691926, 174.3418410177558, 166.12135698608253, 160.41087976019253, 153.01070323353238, 147.37238049729177, 135.8411697002586, 125.81990411973075, 111.57930960515195, 102.57070515279932, 94.79649347365802, 90.54216938349103, 74.57124318470866, 68.97715025789581, 62.69311838338436, 36.77169099032435, 34.90035170124967, 14.667648812133477, 3.419945331174598], "speed_sensor_readings": [-0.4571727217727859, 2.594806083206809, 8.966287566545038, 7.116300588567183, 5.970485174173799, 5.242293607053559, 10.234932136449743, 6.964087411832545, 8.308516790803154, 15.768219260586863, 19.060406164183217, 12.430035406684418, 13.121897062033964, 15.575331718919738, 18.83726089831805, 27.998881719390216, 28.20957667811912, 31.94292783921772, 33.16540653763226, 31.571951108126783, 34.460169463269615, 38.269829869993266, 38.00872705428017, 37.00924348511763, 39.346797238378535, 47.91576007545266, 46.46904701454273, 52.58300636636518, 53.3653146650288, 46.79121452556883, 59.31405774636781, 59.17537174268518, 69.94575212262481, 70.54145280774407, 73.22582878197363, 75.49088546619255, 77.69462073516969, 83.17718030683426, 76.3573539334924, 89.61242391850436, 93.82435546108832, 97.49120158435153, 102.60048680203785, 105.09006956777522, 110.2418547217646, 113.62638885166936, 119.20991639211465, 120.25880987133428, 127.8043968363091, 131.77946687493062, 135.9716487589421, 139.76933088995864, 148.79761388596734, 156.15234040751338, 162.0095065150269, 172.48326980232918, 174.76629482140638, 181.71070421588618, 191.87050072010067, 194.9096767741446, -0.6720586737540842], "angular_position_sensor_readings": [0.05413374171854746, -0.012072426817018117, -0.2340799104596407, 0.5355691462897352, -0.31161351806882637, -0.13743881121066204, 0.2604281468497065, 0.0948070036040074, 0.433975231801715, 0.47531086275202095, -0.7921931991069957, -0.3033462993862467, 0.15468609379604406, -0.24675312318559878, -0.00589680219503097, -0.2798188046450475, -0.10208410681280225, -0.6117181854206732, -0.24682686238687188, -0.7641436150975452, 0.12181507692460303, -0.8856620697446775, -0.8883541725397394, 0.00186189061662545, -0.50779260526252, 0.015101351759559012, -0.08722056666205635, -0.6273871914198577, 0.05875192085789516, -0.8827055778805372, -0.6637260354937551, -0.32158683128055066, -0.025573910565988345, -0.3288259272166144, -0.14801287719687822, -0.10469439952356224, -0.6402147866080233, -0.9463748278870941, -0.39217319602282363, -0.1891697384191039, -0.4291881298826238, -0.5315114250253598, -0.2624884890861432, -0.8232995148366006, -0.7246752107902064, -0.8238099050122669, -0.2999355304586904, -0.549101465852292, -0.9491665242678231, -0.7743970193081076, -0.8444274993427849, -0.8379078399459418, -1.3107661684473653, -1.4008924527658038, -1.146845707265007, -1.3188695125315315, -0.6869179049409941, -0.8904793186982545, -1.6704452872731637, -1.5042693540746646, -1.8726954799046158],