{"position_x_true": [0.011268591088031294, 0.056355651640185, 0.15790668156223406, 0.33873204831149456, 0.6180056855086902, 1.0111554146601205, 1.5337168538516228, 2.2014371473706915, 3.0301135185517865, 4.035351169670501, 5.224219050085397, 6.594902393856086, 8.144546072065255, 9.869291088539754, 11.76322500675708, 13.817977633981048, 16.022689035803804, 18.363405085133646, 20.822367681408636, 23.376832362198396, 25.999589812162128, 28.66107214902336, 31.327367118491686, 33.96129586865841, 36.52292229987408, 38.97040864693341, 41.262270537219756, 43.35605412725616, 45.21118498870629, 46.79132953809678, 48.06725324151925, 49.01997518481324, 49.64335827434684, 49.947851719789334, 49.96337517636739, 49.7402868218976, 49.35120295221381, 48.886590939891335, 48.4535949613633, 48.17128493982705, 48.15774102540986, 48.52130350421696, 49.34431466779512, 50.669957439360125, 52.49209906378257, 54.742845903323754, 57.286879696993516, 59.923423766316276, 62.525966378170516, 65.10626492716122, 67.68656347615192, 70.26686202514261, 72.84716057413331, 75.42745912312401, 78.0077576721147, 80.5880562211054, 83.1683547700961, 85.7486533190868, 88.3289518680775, 90.9092504170682], "position_y_true": [299.9470122644267, 299.7841554658861, 299.5035356704255, 299.09669319533833, 298.5585385024411, 297.88643030489095, 297.07602522990464, 296.12150079492653, 295.0145705085523, 293.74400069783604, 292.29685370171956, 290.6600332776294, 288.82018828403574, 286.76396404959024, 284.4763656646685, 281.9407848952884, 279.1402757978961, 276.05738225562294, 272.674340815687, 268.97359271566563, 264.939306692336, 260.5590002996216, 255.82401477537593, 250.72990183151606, 245.27824199979997, 239.47686862006665, 233.34073829846164, 226.89408634783618, 220.1706578618454, 213.21445274112887, 206.0787470092881, 198.82575303732685, 191.52753925276625, 184.2616347871437, 177.1053123161168, 170.13098746513685, 163.40139364910314, 156.96136837169323, 150.83113555766127, 145.00076703843104, 139.4239420499833, 134.01424837211124, 128.65090004497222, 123.18590911881985, 117.44945633184865, 111.26698615475917, 104.4849845529424, 96.99958578762818, 89.01593060270997, 80.85469863358628, 72.59536666446259, 64.2379346953389, 55.782402726215196, 47.228770757091496, 38.5770387879678, 29.827206818844108, 20.97927484972041, 12.033242880596719, 2.989110911473025, 0], "angular_position_true": [-0.0008074900524670521, -0.004067442378256674, -0.011466373887503462, -0.024688348587246084, -0.04462578358138018, -0.07127977251431003, -0.10462957626917258, -0.14470580056907037, -0.1914844996889887, -0.24488924353427946, -0.304742880771173, -0.3709283598527595, -0.4435381957780795, -0.5229208160661192, -0.6092996815842626, -0.7027519982455767, -0.8034560352027245, -0.9115599205337093, -1.0270566141660402, -1.1497380865304538, -1.279351102301374, -1.4159612074071344, -1.559644321792701, -1.7104478047570262, -1.8684955114237785, -2.033965152458742, -2.2072719463550476, -2.3887309391833997, -2.5786402711726724, -2.7772444097880054, -2.984861500340595, -3.201913934153839, -3.4284307634201303, -3.664260098628392, -3.909504487366898, -4.164366599550284, -4.428841299889772, -4.70335204404987, -4.98827863040482, -5.283709846502932, -5.590097311759046, -5.907700411311212, -6.237342366785489, -6.580425385225637, -6.938145562572027, -7.311528372229556, -7.7018101884479, -8.110365693253634, -8.528201197092086, -8.945886422086657, -9.363571647081228, -9.781256872075799, -10.19894209707037, -10.616627322064941, -11.034312547059512, -11.451997772054083, -11.869682997048654, -12.287368222043225, -12.705053447037796, -13.122738672032368], "angular_velocity_true": [], "altitude_sensor_readings": [299.98533501853694, 299.95252280009464, 296.5059814036662, 295.73053590756257, 298.3798411525084, 299.63603118751735, 291.1408344050615, 296.1249396516472, 297.77397913021736, 293.84266046011993, 291.11682076962273, 287.3149453531762, 293.32924562642717, 283.357920780202, 280.2885496519731, 288.222188638724, 276.2591437299978, 272.454826558851, 278.4686116137939, 263.3060381728638, 269.0743702138467, 258.4989784649444, 267.02487890395076, 253.44270386821657, 249.51111100803985, 236.792491859622, 232.44473370356118, 226.80652952599954, 219.4696136377311, 210.59899819908082, 201.68387305281365, 193.35243693169903, 193.16633358329597, 186.46387886940173, 170.54480963949803, 174.13693344541525, 165.3071810710768, 164.13558875938614, 149.27187930878736, 147.2944015980022, 137.41439383691167, 129.2031544712138, 130.49768356237047, 119.98489421387038, 119.2273866875146, 105.19199045366707, 105.81661752464818, 100.36117650527198, 84.49526787171568, 88.23894924801183, 76.21888468280447, 57.84175735236726, 57.39455698236619, 47.851540883870996, 35.95533598034226, 28.023741366621405, 28.779939686268573, 14.52083139840266, 13.10541320813339, 1.178754648324857], "speed_sensor_readings": [-0.29312252844374087, 3.451896925474121, 3.0233842277775222, 6.06603099348326, 9.966234494832088, 11.567656534240847, 11.775661741062777, 11.868016616667248, 10.550900470479586, 13.53491832073243, 18.035941808824493, 16.140974764210462, 26.798524880222686, 27.91465499716398, 29.10845296745277, 32.71378498656352, 38.55705691989848, 38.0732829594571, 42.75637508302177, 49.437318757955516, 52.25352938143422, 52.58447601374784, 63.440307919433195, 60.433168130350744, 56.915588070555934, 67.95145813717633, 65.26954652500828, 73.60422668844438, 68.81555550694327, 69.40788911418377, 71.26919389232955, 69.80599513840421, 74.90810961297024, 68.16227715491851, 75.07367108840373, 70.58705002057017, 66.79252249833249, 62.20722597123948, 61.410291923955114, 59.05872509245207, 52.89244835136674, 55.33815614327768, 48.08872741842522, 54.52126315124472, 63.815600076860285, 67.68821242014563, 75.51248006540378, 84.5159895112399, 84.90543129800298, 84.31653979564501, 94.3019523021918, 83.84427913670264, 87.20781443551178, 89.18224330753891, 88.38247969767679, 101.32175088389229, 95.7902105365917, 96.25651863843905, 95.64105647288733, 9.671481313092286], "angular_position_sensor_readings": [0.364030047377721, -0.08323482000366501, -0.24065503621774936, 0.09762836609564442, 0.6983769681085357, -0.6269272230738921, -0.0005706393631907947, -0.03056298409152594, -0.296117988573078, -0.18501559189020825, -0.13672889239595246, -1.0469046375154283, -0.840266549133601, 0.05339512732528218, -0.575390359514281, -0.6250361217871425, -0.8434296343188586, -1.494790286924149, -1.607543358376113, -0.1330990643330101, -0.5213146420041538, -0.8218791084557561, -2.2705378233553923, -1.5852416621077157, -1.8830225185591651, -2.322922647957096, -2.088456181973445, -2.022838879835501, -2.802052328971976, -2.5057280558833863, -3.057861916673488, -3.7191383531517843, -3.703896272937876, -3.2156116832761352, -4.0145930567380566, -5.192003030639319, -5.008612120569153, -5.139251927303137, -4.43901989214497, -5.076111906906991, -5.824000313770865, -6.637209122188706, -6.617308759700627, -6.265081247042236, -7.5426588222956426, -7.457316511486768, -7.781906794855179, -7.535801315639783, -8.45394324424018, -9.09396362644066, -9.730117243811565, -9.383158066387963, -10.420882885412038, -10.375769474111198, -11.144030165004477, -11.23980966159337, -12.390904121673323, -11.871560453222411, -12.338704458832261, -13.40590848368428],