{"position_x_true": [0.013277471643630358, 0.06645030528264577, 0.18631858549229952, 0.39995819675733973, 0.7308001418343839, 1.1987144381224635, 1.8238754630142773, 2.6267738167508496, 3.628151886288464, 4.848615026531544, 6.301020703234009, 7.989722024004608, 9.917843192042394, 12.087399694912621, 14.497889989579255, 17.145655583693525, 20.024859668107958, 23.124868109307634, 26.42885947701088, 29.91427501069183, 33.54972708080165, 37.29411719162351, 41.09702161044165, 44.898288936506816, 48.627768177810395, 52.20607973814406, 55.54701914910087, 58.56029715208005, 61.15534373651816, 63.24580426522095, 64.75797231243419, 65.64135819896194, 65.88015795030297, 65.50680685707277, 64.61268350697868, 63.36169799099074, 61.993103985992185, 60.81440490091047, 60.180221663869354, 60.44363722027924, 61.506871960544935, 62.836580260243046, 64.16628855994115, 65.49599685963926, 66.82570515933737, 68.15541345903549, 69.4851217587336, 70.81483005843171, 72.14453835812982, 73.47424665782793, 74.80395495752605, 76.13366325722416, 77.46337155692227, 78.79307985662038, 80.12278815631849, 81.4524964560166, 82.78220475571472, 84.11191305541283, 85.44162135511094, 86.77132965480905, 88.10103795450716, 89.43074625420527], "position_y_true": [299.9469654949428, 299.7836353530298, 299.5014226265642, 299.09110857623426, 298.54674634003584, 297.86553882227105, 297.0431152695276, 296.07271282973386, 294.944486014984, 293.64539068538267, 292.16214382475357, 290.480155234319, 288.5822438062784, 286.45022667331784, 284.062156651341, 281.39262546445343, 278.41584554505545, 275.10311550463433, 271.4226005454454, 267.3419029861696, 262.82734305759277, 257.8461164342146, 252.36940551943744, 246.37438567571456, 239.84706579268874, 232.7857070441467, 225.2041185601684, 217.13508831559784, 208.6340774713597, 199.7845212096716, 190.6983941675523, 181.51353678477233, 172.39740185699117, 163.53807795918777, 155.12501349231033, 147.33405453252027, 140.29856726959122, 134.07124475418573, 128.58516955369868, 123.61261547051788, 118.7771759348335, 113.85256800547613, 108.82986007611876, 103.7090521467614, 98.49014421740402, 93.17313628804665, 87.75802835868929, 82.24482042933192, 76.63351249997456, 70.92410457061719, 65.11659664125982, 59.21098871190245, 53.207280782545084, 47.10547285318771, 40.90556492383034, 34.60755699447297, 28.211449065115602, 21.717241135758233, 15.124933206400865, 8.434525277043496, 1.6460173476861284, 0], "angular_position_true": [-0.0007915317622850378, -0.003910410902081329, -0.010852263288875766, -0.02309345197241687, -0.0413700624173399, -0.06569935984926939, -0.09614422570796259, -0.13271662355160305, -0.17531613779916272, -0.22392435419165055, -0.278851273580643, -0.34033634108595145, -0.4085805235604131, -0.48411424668290237, -0.5672011516667718, -0.6579306346578173, -0.7569356895038621, -0.8647395549166879, -0.981635215699206, -1.1081129519218864, -1.2443161083648002, -1.390219680579713, -1.5459956584125878, -1.7118697568132333, -1.888058533305545, -2.0748325732644255, -2.2726304827275707, -2.48209645956311, -2.7041001270116274, -2.939384955731128, -3.1887012531793784, -3.4533037483753097, -3.7340186993441633, -4.0315958295114624, -4.3475973373182395, -4.683348981528226, -5.040229551388259, -5.419798703897464, -5.823284284708148, -6.251457748455503, -6.692099770304859, -7.13279428409457, -7.573488797884281, -8.01418331167399, -8.4548778254637, -8.89557233925341, -9.33626685304312, -9.77696136683283, -10.21765588062254, -10.65835039441225, -11.09904490820196, -11.539739421991671, -11.980433935781381, -12.421128449571091, -12.861822963360801, -13.302517477150511, -13.743211990940221, -14.183906504729931, -14.624601018519641, -15.065295532309351, -15.505990046099061, -15.946684559888771], "angular_velocity_true": [], "altitude_sensor_readings": [300.85120975148646, 300.2901074069047, 298.945918947055, 307.5127284965145, 291.91049976243625, 298.06778731184517, 294.72829762760017, 289.2077907829994, 294.22477833737526, 297.45354049483626, 292.249430118894, 288.6655442449816, 288.4292888308086, 278.2515476681727, 283.55294291460547, 278.8806885041744, 278.1499098549192, 273.9341860182643, 278.5249549793877, 268.996369014351, 264.3306821707803, 263.07285596148387, 252.54340820008795, 245.7079223913551, 248.17531169523198, 239.19794084292795, 223.15687521739451, 212.00731866425545, 205.4363173758684, 202.4068164627873, 188.0805020486441, 184.89231591491819, 167.86448291223002, 161.05475456274706, 154.8193724932533, 147.643539132267, 142.259993466953, 135.67538386000672, 124.72726812021396, 125.41030766482872, 110.85432561008291, 111.96245516822066, 111.2001073690122, 107.79800684981755, 97.7049708638099, 91.9215509182121, 87.51624661811833, 80.58039055710658, 80.77158747695441, 70.51231797476576, 72.3694610719758, 54.844263828609755, 51.841003414730956, 48.17099681448408, 41.522714881735304, 38.466933030976705, 30.544700738500286, 24.011688472760643, 14.106896967722037, 11.41383988843743, 1.4300826322810638, -1.6278476494309113], "speed_sensor_readings": [0.9245386456502951, 1.892950759284655, 2.3104348630880605, -0.571070390591613, 4.454198761499878, 6.918116309303778, 15.56681710183161, 15.53711934167496, 17.662793266030683, 18.601982761874943, 25.95898356173578, 28.98280441924628, 28.480126181300594, 29.64627259194634, 30.25040911411828, 41.113040840317474, 41.3056495685235, 43.54268436265538, 49.43823177312764, 61.367202496481, 62.313281081644725, 64.13385196271909, 65.73704042705174, 73.78445193020043, 79.60471235992462, 83.67904885213335, 84.776881679664, 89.62271496025272, 86.43239656700871, 87.09277961504341, 87.14995500221555, 90.2452554495817, 92.83597978929335, 88.69989780227415, 83.45985225321498, 78.10192369230899, 71.75156364006182, 55.54760385963029, 53.30631290134524, 49.286820139574644, 52.162978423520904, 54.7168084224418, 50.6444263508664, 49.88798646634935, 49.73991986493786, 59.045997262453255, 55.75680442655922, 53.543805462597035, 53.59151924104935, 58.7257286711393, 62.40638761566182, 60.16717514295014, 65.10054513704291, 65.10416548086076, 59.71136535961993, 55.966204105563385, 68.25866581650509, 68.47263700939004, 66.821615789297, 70.5323802709582, 69.20863658705115, 2.0029756537576526], "angular_position_sensor_readings": [-0.6040819793218197, 0.2449577049884833, 0.25126104918202347, -0.008011955391698704, -0.045039166040909163, 0.04600477792622046, -0.3767208323225657, -0.6111753410389672, -0.09286732989500955, -0.5876047891119124, -0.6880586527898793, 0.34423945072666695, -0.962425321549263, -0.40692275143642387, -1.3010369655656007, -0.7762755614823308, -0.6802426702242012, -0.7416489411250047, -0.8516283373049087, -2.0361738112292658, -1.620212644140638, -1.311930765558042, -1.2121897468195586, -2.591707959859549, -2.5873662809364957, -1.9547878611695353, -2.508761962719439, -2.3694230883461866, -2.572741142620006, -2.870047682224566, -2.748487440080569, -3.5914357672737087, -3.6595787228000995, -4.37643050326958, -3.7298422949698056, -4.530906392369092, -5.160138912970036, -5.265061710471603, -5.6359349738320565, -6.377895782772997, -6.010644388255191, -7.1891483507779785, -7.582179183251678, -7.717462977974718, -8.159688858646051, -9.465207914500203, -9.315061268936573, -10.602369594745971, -10.245688710478461, -10.73221977777803, -11.337886244508612, -10.985916482755025, -11.808934718531605, -13.211549812492251, -13.32901028189155, -12.828534117516295, -13.693376807093834, -13.886534161530376, -15.311846995507883, -15.128260215002463, -16.177530473395052, -16.230073029158675],