{"position_x_true": [0.0, 0.0, 0.0, 0.0, 0.0, 0.0, 0.0, 0.0, 0.0, 0.0, 0.0, 0.0, 0.0, 0.0, 0.0, 0.0, 0.0, 0.0, 0.0, 0.0, 0.0, 0.0, 0.0, 0.0, 0.0, 0.0, 0.0, 0.0, 0.0, 0.0, 0.0, 0.0, 0.0, 0.0, 0.0, 0.0, 0.0, 0.0, 0.0, 0.0, 0.0, 0.0, 0.0, 0.0, 0.0, 0.0, 0.0, 0.0, 0.0, 0.0, 0.0, 0.0, 0.0, 0.0, 0.0, 0.0, 0.0, 0.0, 0.0, 0.0, 0.0, 0.0, 0.0, 0.0, 0.0, 0.0, 0.0, 0.0, 0.0, 0.0, 0.0, 0.0, 0.0, 0.0, 0.0, 0.0, 0.0, 0.0, 0.0], "position_y_true": [299.95095, 299.80379999999997, 299.55854999999997, 299.2152, 298.77375, 298.2342, 297.59655, 296.8608, 296.02695, 295.095, 294.06495, 292.9368, 291.71055, 290.38620000000003, 288.96375, 287.4432, 285.82455, 284.1078, 282.29295, 280.38, 278.36895, 276.2598, 274.05255, 271.7472, 269.34375, 266.8422, 264.24255, 261.5448, 258.74895, 255.855, 252.86294999999998, 249.7728, 246.58454999999998, 243.29819999999998, 239.91374999999996, 236.43119999999996, 232.85054999999997, 229.17179999999996, 225.39494999999997, 221.51999999999995, 217.54694999999995, 213.47579999999994, 209.30654999999993, 205.03919999999994, 200.67374999999993, 196.21019999999993, 191.64854999999991, 186.9887999999999, 182.2309499999999, 177.3749999999999, 172.4209499999999, 167.36879999999988, 162.21854999999988, 156.97019999999986, 151.62374999999986, 146.17919999999987, 140.63654999999986, 134.99579999999986, 129.25694999999985, 123.41999999999985, 117.48494999999984, 111.45179999999984, 105.32054999999983, 99.09119999999982, 92.7637499999998, 86.3381999999998, 79.8145499999998, 73.19279999999979, 66.47294999999978, 59.654999999999774, 52.73894999999977, 45.72479999999976, 38.61254999999976, 31.402199999999752, 24.093749999999748, 16.687199999999745, 9.182549999999742, 1.5797999999997385, 0], "angular_position_true": [0.0, 0.0, 0.0, 0.0, 0.0, 0.0, 0.0, 0.0, 0.0, 0.0, 0.0, 0.0, 0.0, 0.0, 0.0, 0.0, 0.0, 0.0, 0.0, 0.0, 0.0, 0.0, 0.0, 0.0, 0.0, 0.0, 0.0, 0.0, 0.0, 0.0, 0.0, 0.0, 0.0, 0.0, 0.0, 0.0, 0.0, 0.0, 0.0, 0.0, 0.0, 0.0, 0.0, 0.0, 0.0, 0.0, 0.0, 0.0, 0.0, 0.0, 0.0, 0.0, 0.0, 0.0, 0.0, 0.0, 0.0, 0.0, 0.0, 0.0, 0.0, 0.0, 0.0, 0.0, 0.0, 0.0, 0.0, 0.0, 0.0, 0.0, 0.0, 0.0, 0.0, 0.0, 0.0, 0.0, 0.0, 0.0, 0.0], "angular_velocity_true": [], "altitude_sensor_readings": [297.8790221980043, 300.3443954525177, 304.8457187098659, 303.72369173819743, 302.75172388204106, 300.99773128586696, 298.4484662767856, 301.2929910573436, 288.7159097171265, 301.368574214598, 294.6680546124448, 294.615128704046, 303.76111722614127, 289.34137131495663, 296.6868319609742, 288.0312764703759, 280.79010215508936, 276.6744097840864, 284.6008953006719, 280.8495490761844, 279.9460506182287, 271.0487986271686, 275.37915603373494, 265.6407332858413, 261.40987553079094, 274.0632908510644, 260.0123133175976, 254.0904472361105, 249.97379728704624, 254.06388499982995, 242.03519015721994, 246.49506985792635, 242.10412842277367, 237.48499692252696, 236.2547578850518, 234.0341804641698, 231.5068340009037, 227.02108047493132, 233.21168771075818, 225.61098015002372, 220.83257666441787, 208.4252288469431, 208.32427738423735, 208.2657320833715, 199.15104839087695, 197.1708191483719, 191.33151457177448, 184.5546191453183, 180.8253167298744, 172.89527365143692, 171.1160771063378, 171.87763904845536, 167.08646604032842, 151.61748233944408, 157.12857300329563, 148.13395432057607, 144.07719788170425, 134.49196160721783, 134.93757479938336, 123.61304385427927, 114.18004693750463, 111.27327316529683, 100.29424974741981, 95.69286396477958, 101.45239819118983, 97.78119180787682, 86.91863954536115, 76.11569654204715, 64.90295357960912, 58.302037876749026, 57.28760645762135, 44.29880755710174, 38.43710896364188, 25.392085549386994, 28.09339130769885, 12.412722725518424, 12.596229708952484, -4.093062138275228, -4.688219501432928], "speed_sensor_readings": [-1.3174164673177777, 2.402012230882296, 4.876178287798906, 5.35154929191937, 6.3774213510126545, 4.635619388018475, 9.285180676350986, 9.696853858777448, 12.969321042864774, 10.451597814540934, 8.520854623537534, 12.112006367141895, 12.425182402793514, 16.898613621777546, 20.031163932118684, 15.838456559301047, 19.440571426248766, 16.332286682052136, 19.71039223264139, 23.65866327874047, 24.66630863127234, 22.131530773688482, 20.798706587198698, 20.171008303309804, 18.487413525040573, 25.319109451414732, 30.383536953168015, 21.30388312994667, 27.41976264699029, 31.983990775103273, 29.024501204215568, 35.54570979109918, 37.18815126865392, 32.9703943486967, 33.17818282243912, 35.6352309420915, 36.441356073639305, 40.24107994733185, 41.40949079528025, 40.42510404063027, 36.665204149220514, 39.39877876230464, 41.46821004259659, 47.12800876848747, 32.90950606569393, 42.33915993145368, 44.600404960982964, 46.2968525501711, 44.22300291952892, 51.3491268636009, 52.85805981497373, 50.98785026942268, 52.90042075372868, 56.92744739438404, 53.4081072762949, 51.6640447654772, 56.18784455457164, 50.82516909163603, 57.9177742337642, 61.595258731532645, 61.38967986486362, 60.09009086707306, 58.537045201774525, 62.617693130362774, 64.83911269087434, 63.28568052657971, 63.97162036072547, 65.54174733617964, 63.77530940456545, 68.75071479261833, 70.90640796111958, 71.91577416261975, 68.8503133025062, 72.1092473580587, 76.27199106636472, 76.02458154002849, 80.39267233348988, 75.21586549462046, -1.8294498184050256], "angular_position_sensor_readings": [-0.15425810426699157, -0.3780357071421847, 0.6835558379570145, -0.2426363176482138, 0.23917653552186235, -0.6844861232438797, 0.07588227565540534, -0.5176758189672765, 0.6114094726807303, -0.20400586327777914, -0.07412624408830853, 0.2078193402147026, -0.17350904333552863, 0.4166239571802981, -0.16737421149420018, 0.8565365486523113, -0.1885544788118959, -0.1980019979962203, 0.08846759707067084, 0.10602193252689407, -0.45688060065050884, 0.017585233338699612, 0.6214603569293634, -0.6326218417448012, -0.18343109855020062, 0.4133568457205457, -0.3421475708502537, -0.03165182593415234, 0.2409088940389142, -0.29492087324684263, 0.12696613847690447, -0.3072921006521623, 0.23252253949792775, 0.033106847955048715, 0.5285328839119592, 0.3386213745320067, -0.07497289175872117, 0.21839789407772608, -0.06030336167969337, 0.11013446408549135, -0.27617319009758434, -0.7726048485143435, 0.49428009583845195, 0.3756989604931906, 0.4751668774111728, 0.3093563491521638, 0.40329547122906684, -0.30205535953150886, -0.7265631163129158, -0.22138436617741167, -0.1406640047805949, 0.01162046781439806, 0.20983780139770586, -0.12636756483068673, -0.2242381051172648, 0.4166718122595218, -0.14316643027954903, -0.148207475608345, -0.06276658665150385, 0.00130157723829799, -0.38101308358366365, -0.3212814276814998, -0.28266186972025953, 1.4177594970850693, -0.8293920893233313, -0.064024290462787, 0.23910808052580002, 1.0318960387926641, -0.3611324866536878, -0.007604888400684202, 0.768352142389036, -0.30254637329955353, 0.7288164467309562, -0.09354656190265087, -0.14954791055359531, -0.9037072140255811, -0.08309643931369379, -0.23235656740790334, 0.1784012054845754],