{"position_x_true": [0.007364996502307096, 0.026033400591666617, 0.06393170363314143, 0.14378267083797777, 0.28833363652549937, 0.516468130817748, 0.8433003355840637, 1.2840581133376474, 1.853871911263952, 2.567904012135056, 3.4411306023422075, 4.488030865434349, 5.715154992693027, 7.120050477153875, 8.69813672039919, 10.44336747634658, 12.347917835898349, 14.400118790280308, 16.584593535638177, 18.88196887452867, 21.26827744308108, 23.71491798164835, 26.187653975733078, 28.647334242359715, 31.05207822061636, 33.35687642227889, 35.514746972736596, 37.480511135125816, 39.213263742065976, 40.67913948479068, 41.84832530916339, 42.70772753327526, 43.26506183283839, 43.53278196988938, 43.531280685859066, 43.29914439778594, 42.93781800742016, 42.56734338507578, 42.28514421882171, 42.21061486143745, 42.45565456994851, 43.099868934315076, 44.190440006404394, 45.7438923580248, 47.711367547401835, 49.97400370740186, 52.37060341325425, 54.69917878300744, 56.736644432575176, 58.39513017133487, 59.877475951926314, 61.35982173251776, 62.8421675131092, 64.32451329370065, 65.80685907429209, 67.28920485488354, 68.77155063547498, 70.25389641606642, 71.73624219665787, 73.21858797724931, 74.70093375784076], "position_y_true": [299.9510979561139, 299.80035759015334, 299.5400345465044, 299.16227346291527, 298.658841979817, 298.0251568476917, 297.25958688153304, 296.3587461234609, 295.3173887271075, 294.1283547229936, 292.78115606674356, 291.2622495792208, 289.5593847660264, 287.66027784067643, 285.549818782879, 283.2129889725859, 280.6344357711862, 277.7963347373799, 274.68040475737234, 271.26854271079094, 267.5433408766222, 263.48987484076457, 259.09627659240175, 254.35573620829575, 249.26784002063187, 243.8402809434949, 238.09015412382146, 232.04471605327518, 225.7416417738632, 219.22813770210016, 212.5542446911069, 205.78834491935558, 199.0122981194042, 192.29719674912062, 185.7113406176234, 179.3255788486243, 173.18989518446944, 167.33287363181432, 161.77234768299448, 156.46562906255033, 151.33638941558976, 146.2817072153936, 141.15680730475523, 135.82165726642967, 130.12274234640373, 123.91082095297199, 117.08398194996472, 109.60236226775189, 101.50987261399804, 92.96370534363521, 84.19756883441696, 75.3333323251987, 66.37099581598044, 57.31055930676218, 48.15202279754392, 38.89538628832567, 29.54064977910741, 20.087813269889157, 10.536876760670902, 0.8878402514526478, 0], "angular_position_true": [-3.138282886531623e-05, -0.0009019653405983004, -0.0042214855769301726, -0.011599341327995404, -0.024682768739813662, -0.04442818384527844, -0.07098029474335123, -0.10439999698896385, -0.1447939213858227, -0.19230486861480292, -0.2468658471647306, -0.3084068586537854, -0.37729711172244323, -0.45391176872053896, -0.5383258546700106, -0.6309365602040391, -0.7322908290699338, -0.8425419989272752, -0.96190467380329, -1.0905050778764682, -1.2283538922983621, -1.3755545302044476, -1.5320098758191796, -1.697577210851499, -1.8722794795334896, -2.0560547432004217, -2.248693606096195, -2.4501303096712848, -2.6605722876822893, -2.880519339069528, -3.108978734018773, -3.3460056598122994, -3.5929805966343666, -3.8488620651425416, -4.111462009110274, -4.3783578579429605, -4.652731285634457, -4.937460421700244, -5.228950120272841, -5.528824812725996, -5.839112370132202, -6.1603048359906625, -6.494635035032834, -6.841069191015727, -7.200647534354988, -7.57607335317993, -7.968347653217252, -8.379003748584871, -8.80960684189769, -9.250236877684312, -9.690627465660036, -10.13101805363576, -10.571408641611484, -11.011799229587208, -11.452189817562932, -11.892580405538656, -12.33297099351438, -12.773361581490104, -13.213752169465828, -13.654142757441551, -14.094533345417275], "angular_velocity_true": [], "altitude_sensor_readings": [297.111195581615, 302.72364951652804, 297.86592953098864, 298.89942349281773, 296.8845983676848, 300.40755581718815, 293.62345431347705, 295.067798115544, 300.02853513189484, 289.5010596330253, 294.24977359754627, 293.79119643496, 297.94248912310405, 287.8698166321155, 291.6664666191255, 273.9581107243979, 275.63444191578435, 280.5249875605308, 275.6049010134082, 276.82508662111513, 264.85628278793075, 268.43308242498017, 255.9613479896349, 263.43606760950723, 240.97137364655342, 240.95161272486504, 236.62436396349696, 234.01489483502655, 221.42067942949646, 218.78516689506597, 215.83964691328748, 210.39691108137905, 200.57704811937293, 189.24956820460142, 178.3826159669336, 173.5738177117987, 173.918531852899, 164.95134086260913, 160.42244120124508, 153.02017437236088, 146.40366166055023, 142.5977709809134, 140.62997767640977, 130.49124059129792, 127.37064256085611, 119.9674567440532, 120.50415670831137, 113.8099618146098, 99.22730229197532, 98.57965985545646, 76.83078477948294, 74.90820136423147, 64.24930233890043, 48.92633719925375, 49.91328532399704, 34.97074301142055, 29.447400805696155, 14.93062725282319, 6.910796833805692, -1.3410316060612533, 2.485519119759193], "speed_sensor_readings": [5.243837183233932, 7.502903846852101, -3.399120863210123, 4.776388969737316, 8.366653889203553, 1.79478196435503, 7.049268106206275, 7.31268266101789, 8.364884262753666, 13.084722065048023, 18.691797155150475, 18.139912884484485, 19.069512000441286, 23.92133247472718, 34.74240024236412, 30.196948530034057, 27.38949586997964, 36.855900752997535, 39.89841259103061, 42.76298655925674, 48.87964714895144, 51.49089393587962, 50.23078977566301, 54.95022413266923, 57.00347070222945, 60.19589663334665, 58.283933306200545, 69.83038631161708, 66.84346048041324, 64.54474031421671, 68.494678549023, 66.63807994277816, 70.60827506208936, 66.20530082965885, 67.00616723848692, 60.26987601127822, 58.50397699798392, 56.605541217772064, 49.77884541652596, 52.381415567049444, 50.28600407579174, 48.08580707568885, 58.5890388132582, 56.29525429125501, 59.377391195444666, 71.86101882238367, 74.45425940250801, 80.92443899415323, 91.80549589206076, 87.29063194263884, 92.23101639042098, 94.08767525629666, 88.38904469391018, 93.98151153439403, 93.19676408475074, 92.20440828198869, 89.0562816127751, 99.60157823234846, 102.51765696875458, 98.19211209207467, 1.6694023446388264], "angular_position_sensor_readings": [-0.22987850734965096, 0.03629099933613522, 0.5562710747226668, -0.48821215861953476, 0.22073315298216917, -0.022867606816737076, 0.9206337711988888, -0.31754867878702064, -0.036460132530274775, -0.24902526681259093, -0.8200273859942935, -0.5447925853940546, -0.187516429498115, -0.453325411523164, -0.09473572620470799, -0.8595132410620501, -1.0547051779674703, -0.8051323629259882, -1.3888875268405139, -1.4755476914045085, -1.4617702326388424, -0.9670514327339559, -1.4829549341259238, -1.758265656751109, -2.0308823002590817, -1.8911952944570996, -2.1364145719119585, -2.27295039823118, -2.40215716418728, -3.1936276399240495, -3.392683230597605, -4.027845415585321, -3.9471200681336627, -3.727876734387707, -4.2977877518017555, -4.447262744373801, -5.063070037056683, -5.054259098087568, -5.069709722634176, -5.72184680503404, -6.266940540776057, -5.8364995924865966, -6.277926268882204, -6.5650468832239, -7.21208189406802, -7.463518830315812, -7.653184711344915, -7.5042861270002845, -8.42812819620454, -9.395363379617017, -9.256246088310501, -10.374106601925186, -10.95382475824697, -11.300944156117366, -11.14950312553326, -11.777094195208194, -12.466146626315648, -13.01156406482214, -13.296950569386466, -14.056906738653783, -14.580430031487596],