{"position_x_true": [0.00936154186665415, 0.046838112457162594, 0.1351972442477041, 0.30137934595580096, 0.5726850733183775, 0.976905157606797, 1.5384237680859343, 2.2782387389702343, 3.2178452734221157, 4.379296818739561, 5.7766283963839715, 7.41532612415136, 9.300538856877578, 11.435994471487138, 13.82326186048845, 16.46117072195498, 19.34558221022476, 22.469302872202704, 25.82046605172013, 29.381225326880195, 33.127405203993696, 36.97615068131488, 40.85165884307292, 44.736551184214946, 48.60339377754707, 52.413000479543356, 56.11544624937611, 59.6507364855358, 62.94805193930795, 65.92583715738509, 68.49685862350623, 70.574949057847, 72.09356611005995, 73.16056675837272, 73.90453289254995, 74.33172870930869, 74.47866443221491, 74.41841412639809, 74.28176025212767, 74.21523652831469, 74.35535678580835, 74.85779673928423, 75.87808760296137, 77.5468952297984, 79.94277542727514, 83.05901203665553, 86.6650972680622, 90.44383095500795, 94.12441791178047, 97.38120898825254, 99.88608915778693, 101.50809832921787, 102.3326530262575, 102.78780554760796, 103.24295806895842, 103.69811059030887], "position_y_true": [299.95092652327094, 299.80375957978185, 299.55480670772516, 299.1967144170074, 298.72177099974795, 298.12118894246214, 297.3886299218502, 296.5195198702465, 295.5069284540094, 294.3412023994621, 293.00874652843714, 291.4941832969792, 289.7829148010094, 287.8577689624435, 285.69752081119265, 283.277487482754, 280.57045557369963, 277.5476482627871, 274.17777607001386, 270.4275006085375, 266.26264596730283, 261.7435884854604, 256.93272072351425, 251.79990987287601, 246.31588420043906, 240.45422963600083, 234.19426993419114, 227.52436292925645, 220.44558623736845, 212.9773782761921, 205.16132568161981, 197.0631730888047, 188.78201316171283, 180.43980329585924, 172.1423381645175, 163.98343014693555, 156.06592166610443, 148.49274541526393, 141.27631771840592, 134.39326701698724, 127.85227969772012, 121.6127881141766, 115.57460290208405, 109.57270434119899, 103.3752531877613, 96.69797079311094, 89.36835393260873, 81.29638346919013, 72.39137696011883, 62.67984808989104, 52.34071471577963, 41.742295639745535, 31.255110572374207, 20.84119695229971, 10.329183332225217, 0], "angular_position_true": [4.979626393178914e-06, 8.59632606911269e-06, -0.0008618700560621226, -0.00437828270503133, -0.012352550193512432, -0.026574938098269912, -0.047972345993651216, -0.07653751489867965, -0.11225910945107262, -0.15512671318648386, -0.20477210845930416, -0.2608756086896703, -0.3237720275652048, -0.3938485295110767, -0.471242667214733, -0.5559372116964314, -0.6479570520654171, -0.7475035168047688, -0.854736447462418, -0.9698071135867724, -1.0929396923010763, -1.2240289484056226, -1.3628716036778052, -1.5097020464479827, -1.6647912279488564, -1.8281990877805625, -2.000072643502824, -2.180950679371065, -2.3713686583058537, -2.5713969587772336, -2.7811147071934292, -3.0011877147765005, -3.232236269503716, -3.4737442639596514, -3.7251330577969326, -3.9865849005991465, -4.258481433924639, -4.541270005003705, -4.834872779086147, -5.139358047955887, -5.455347820287441, -5.783152796035261, -6.123222882993664, -6.476475155546408, -6.843725488956405, -7.225627656147768, -7.621823768699614, -8.03175775741944, -8.455579019973415, -8.893897515467112, -9.347914462730694, -9.81782854863251, -10.29359114146459, -10.767468626555868, -11.241346111647145, -11.715223596738422], "angular_velocity_true": [], "altitude_sensor_readings": [296.18400596143476, 301.1583700543324, 296.32311226566355, 298.22215387361166, 300.7976471748904, 301.282952525571, 297.7481367622796, 296.03545258188586, 297.2130532452869, 299.5916450496583, 290.98250429763635, 289.60505612504903, 289.97948418596815, 286.859073755848, 288.23417801304464, 283.19845185310453, 276.9056289500093, 277.1287263266777, 271.10518350833627, 264.171398265411, 266.2732389248337, 260.35288013116127, 258.1105732763769, 249.0531645908529, 247.2533608021657, 243.15822708623625, 232.6936730164319, 231.12390743338096, 218.35439212945258, 208.2385201669755, 203.2063747060021, 196.7011389123516, 184.74267517724962, 178.7154434468422, 161.57759388827898, 163.78544789026452, 161.26607746844948, 151.13370019109695, 147.20738285847852, 139.15526104375533, 130.93477636231978, 119.63034663625325, 115.4521407103255, 108.91540673458627, 97.32248311572026, 95.75868248287149, 86.75092845130428, 85.40738289479887, 69.43394907260269, 61.40133905423563, 45.69383036032889, 42.07142524638381, 28.563812308150457, 17.08515026645511, 11.553397283090858, -5.240530285163218], "speed_sensor_readings": [-0.9251367091721279, -5.914372967169282, 6.127872382091473, 3.499343772932375, 9.37731436928336, 8.192207485255143, 3.6684240236586225, 10.880307690503564, 13.23114604451085, 19.546655394956307, 20.829723673906965, 27.073641264404785, 29.80392151294282, 27.164010121847355, 31.34800678400118, 36.882984524175825, 45.59896044029282, 46.81746530650912, 50.94277447655447, 52.34462412172915, 61.3973699464911, 63.15701713686318, 61.70786856293794, 64.31706085161804, 67.43833426636874, 71.18996887029414, 69.99110861801965, 80.76847651113125, 78.3104434092601, 83.10661263832283, 81.06147586356447, 83.38303142957915, 81.36425135740154, 83.54528050421992, 82.60658316378586, 84.0867206591972, 75.01740462811748, 68.63450935998411, 68.63575914584014, 62.83694403132722, 69.45389092199235, 58.83441079117675, 63.489028114013095, 57.797103442197404, 73.06387038908964, 73.70584675641285, 80.97675377486158, 96.79914441834268, 99.85002746782042, 106.62632439382766, 104.00907998872917, 105.61682939278354, 101.37400205980362, 105.86929381201115, 104.38063884330094, 0.7256054617520628], "angular_position_sensor_readings": [0.3297824309640535, 0.13045440196649497, 0.10477330216046216, -0.7052636296057742, -0.5140713181593138, -0.6401332155095948, -1.1476938461107407, -0.30135758330502777, -0.018635594447254766, -0.2987580739461136, -0.8180705941055928, -0.46812267716250966, -0.038544244386613746, 0.15107710119722056, -0.906817139693193, -0.28626567892236404, -0.24704803516402446, -0.769693872748273, -0.7839363634053932, -0.6687307209987252, -1.185531233147859, -0.838336782229071, -0.999963414038931, -1.595876499627207, -1.113922962408509, -2.1855584715977114, -2.107615747298472, -1.7922905233728865, -2.7633441971413824, -2.146845071521155, -3.3082529942820726, -2.8638035991348794, -3.579292083561281, -3.9978876999789077, -3.574205857094351, -2.953520931853731, -4.016913254410278, -3.8788479560277827, -5.3661241428300945, -5.021745541079286, -5.621942583358348, -6.324228427739822, -5.33922854410323, -6.057962805549304, -6.867570431434754, -6.953870553408466, -7.725895707526067, -8.099941949682092, -8.376571045710696, -8.945986188143259, -9.514469240523294, -10.256500071728617, -9.91701143454789, -11.175557647172258, -11.589054976527148, -11.349575779054268],