{"position_x_true": [0.01325750794171749, 0.06631380047487703, 0.18581572517050682, 0.3984975948919206, 0.7275333455496211, 1.1927664269825238, 1.8143540856497897, 2.612577920434397, 3.608006028342098, 4.821310920350713, 6.184907107307753, 7.629294441351211, 9.17061792062167, 10.823528501407276, 12.600509716557603, 14.511230828993437, 16.561151350691866, 18.749738336112888, 21.070511006942723, 23.509714705890975, 26.04341047099553, 28.611497736549698, 31.15689013666871, 33.65139396344997, 36.05741040359366, 38.32884008713885, 40.41195777926406, 42.24700302416282, 43.772110019977035, 44.928529489566436, 45.76699427783191, 46.35811149216463, 46.69384370536062, 46.78483387433579, 46.66554054272279, 46.39834092713324, 46.07847104369228, 45.81942251537776, 45.73049324034453, 45.917701250671165, 46.48236392358963, 47.50383469095627, 49.019767070344436, 51.00533303796387, 53.35111940056854, 55.832549209122284, 58.20259754339281, 60.25069176596902, 61.778372398074914, 62.656563845275514, 62.965923011763735, 62.93326631388029, 62.83397407082513, 63.03724550269064, 63.91215708678836, 65.68765044726052, 68.30535066565984, 71.2885619926008, 73.97526234294551, 76.1925139357235, 78.24022866309213], "position_y_true": [299.947043434993, 299.7840814715945, 299.5024521346228, 299.09300093463986, 298.55085215903557, 297.8746437800058, 297.0599751399564, 296.0987810475479, 294.9814578238521, 293.6955420763491, 292.24523634235806, 290.63676645314587, 288.8575946994614, 286.89192736268916, 284.7202773300371, 282.3193555410473, 279.66131890130356, 276.7135925370404, 273.4405386263997, 269.8039366611045, 265.76312948610087, 261.3804435317896, 256.7277481451076, 251.78465879892536, 246.53597897977693, 240.9742707126915, 235.1032832949099, 228.94189280664094, 222.5270086949823, 215.91415905845994, 209.18717406917133, 202.42712983737374, 195.6997039754378, 189.08017586769952, 182.6479198677702, 176.48007866886735, 170.64202466134893, 165.08513063072712, 159.72361286602765, 154.52049243094834, 149.39605099467948, 144.22732021283383, 138.852436277476, 133.08118331832532, 126.71785499986993, 119.72706903963086, 112.16687677918773, 104.08236156846644, 95.62227888282986, 87.03945757185201, 78.61646196710524, 70.59565728785631, 63.14125668022802, 56.260353631900834, 49.74082418249893, 43.145396265277256, 35.907591701836566, 27.700668169903388, 18.542440779199964, 8.82194066710544, 0], "angular_position_true": [-0.0008166748302750891, -0.004064983164127045, -0.01129114937698383, -0.024133947367282527, -0.0436799540961866, -0.07029640560027337, -0.10409888731817418, -0.14497504603909417, -0.19311290479398363, -0.2488339478177275, -0.3120837663100939, -0.38275359123970887, -0.46093486234085596, -0.5467595403514501, -0.6404020763561701, -0.742116265685252, -0.8520848365476538, -0.9703722000598423, -1.097273195084613, -1.2332541306338287, -1.378697825722641, -1.5331679877509488, -1.6960973311104985, -1.8675761987876716, -2.0476454358816074, -2.236357378260125, -2.433777300206186, -2.6398995875758833, -2.854725400799349, -3.078520287743424, -3.3115175533914623, -3.553926075383559, -3.805991876800279, -4.068080874154061, -4.340883252458797, -4.625215874569517, -4.921726128229008, -5.230112798025516, -5.550053563062866, -5.88200975090551, -6.226545703923189, -6.584590417979835, -6.957408272900638, -7.3462885654043015, -7.752059659824577, -8.173910969063817, -8.61154087964019, -9.06584889107074, -9.537714570603091, -10.028183899403752, -10.53691668095275, -11.064013500431717, -11.611162615269397, -12.179985973006257, -12.772054242771391, -13.388698378509376, -14.031629308875582, -14.700076368683131, -15.393327615819626, -16.100313391604296, -16.80802141229134], "angular_velocity_true": [], "altitude_sensor_readings": [300.38359172241246, 290.9429780366138, 301.2827785269234, 293.7478244771225, 292.5982901137372, 299.6659954559208, 296.8067160794231, 294.40204074960695, 298.4648464841818, 292.94354833521976, 288.94635175220066, 287.28897542042927, 290.18642053622744, 285.3360511282409, 276.41820381841006, 273.8784263576507, 272.7308658150405, 276.2907944481201, 276.39026629995465, 268.1643390612576, 270.4618132432092, 259.63054844080773, 248.9590485869756, 249.41160035429343, 250.05437879890695, 242.0838596837489, 238.70536098101732, 232.08930921949755, 220.28019903108995, 215.12786784505906, 204.62596088917402, 202.33553840145615, 187.77640793906872, 196.5670135123887, 179.92552956282444, 182.8349479019944, 168.3470476919914, 174.77378864696587, 156.01794353169305, 158.4000134356819, 150.9751847741189, 137.36538290826044, 133.13611083342784, 135.7747291059592, 130.78280547745254, 121.19539887838098, 112.68419626187405, 104.48900177594575, 94.83017432800551, 85.12556759906853, 77.07952504863916, 78.03651735812093, 66.56941448952193, 54.27284829958701, 48.16186645686398, 48.35941703303402, 38.17085758611956, 23.753851668907394, 18.170178108983006, 6.805362101044366, 1.1199611215478038], "speed_sensor_readings": [-1.9044070961060429, 8.500516296403568, 3.599050600232828, 9.697481075999, 3.840046895409023, 10.086708960141094, 13.162984577040199, 12.889623544953283, 13.51320906004431, 19.209926927512914, 16.702718333840018, 19.83666584254496, 23.944496085580994, 22.746792115465706, 29.06171688399479, 38.601363503218856, 31.054301119160144, 36.98093306922809, 39.263210054906274, 47.9238551634583, 51.563148394274016, 46.71613094796218, 51.2126689238622, 54.52158531659323, 57.5568653157939, 63.36617184570847, 57.250049252001375, 62.74942423728887, 64.11129313974112, 64.60739415508088, 71.68476174030135, 70.36993751109289, 65.03848805903851, 67.20363555569723, 61.2425348659174, 56.114510907569176, 60.36431745854857, 56.86614205500495, 54.36021842983049, 49.17253985170935, 55.67426906487951, 53.698615527755216, 55.1602798459991, 64.84044973909265, 73.03899104995887, 74.27025773383365, 84.97380110712223, 90.76323739290913, 80.84018425628881, 85.19935371562862, 85.53863084988723, 74.71787993217384, 73.74475679518721, 67.69796607648541, 64.08251371881836, 69.45278350816818, 86.1527781957229, 91.11074800663431, 101.27897736791607, 100.86260536669059, 4.435701691677029], "angular_position_sensor_readings": [-0.2674012355800738, -0.48755658671315144, 0.04631598139091843, -0.3284322510501357, 0.44048592264254166, 0.24590628514748045, 0.20605160944097106, -0.1675296190412791, -0.13577330137588478, -0.307453790594295, -0.10592433537650423, -0.6075583124524695, -0.3262063508651961, -0.8856858791156486, -0.2174949406726202, -0.3454676781854448, -0.823797266819774, -0.8100051031898381, -1.5355265343764415, -0.9459554344021583, -1.0236695094058292, -1.650312500199812, -1.2611980417423418, -2.144376250026775, -2.724836470468715, -1.7209747979702006, -2.568124557039453, -3.1182046748606402, -3.211049856988598, -3.4498722004153826, -2.6122073060827535, -3.75868621541926, -3.3965048655158316, -4.655787472664107, -5.068437227387893, -5.063497028944582, -5.146731666720525, -4.508858488013641, -5.389002728877613, -6.050445482632571, -6.962627945986522, -7.321721572160623, -7.110949395366405, -7.287043454378527, -7.9369326063545715, -7.675921605324751, -9.018536967979662, -8.898893733630757, -8.623685958323815, -10.090385235267048, -10.353374712929169, -10.110397302174126, -11.883973918994466, -12.152786315005214, -13.030614234746754, -13.467472156281083, -14.137588744432778, -15.016497809850403, -14.775373695377754, -15.81893217310433, -17.217476982798804],