{"position_x_true": [0.0, 0.0, 0.0, 0.0, 0.0, 0.0, 0.0, 0.0, 0.0, 0.0, 0.0, 0.0, 0.0, 0.0, 0.0, 0.0, 0.0, 0.0, 0.0, 0.0, 0.0, 0.0, 0.0, 0.0, 0.0, 0.0, 0.0, 0.0, 0.0, 0.0, 0.0, 0.0, 0.0, 0.0, 0.0, 0.0, 0.0, 0.0, 0.0, 0.0, 0.0, 0.0, 0.0, 0.0, 0.0, 0.0, 0.0, 0.0, 0.0, 0.0, 0.0, 0.0, 0.0, 0.0, 0.0, 0.0, 0.0, 0.0, 0.0, 0.0, 0.0, 0.0, 0.0, 0.0, 0.0, 0.0, 0.0, 0.0, 0.0, 0.0, 0.0, 0.0, 0.0, 0.0, 0.0, 0.0, 0.0, 0.0, 0.0], "position_y_true": [299.95095, 299.80379999999997, 299.55854999999997, 299.2152, 298.77375, 298.2342, 297.59655, 296.8608, 296.02695, 295.095, 294.06495, 292.9368, 291.71055, 290.38620000000003, 288.96375, 287.4432, 285.82455, 284.1078, 282.29295, 280.38, 278.36895, 276.2598, 274.05255, 271.7472, 269.34375, 266.8422, 264.24255, 261.5448, 258.74895, 255.855, 252.86294999999998, 249.7728, 246.58454999999998, 243.29819999999998, 239.91374999999996, 236.43119999999996, 232.85054999999997, 229.17179999999996, 225.39494999999997, 221.51999999999995, 217.54694999999995, 213.47579999999994, 209.30654999999993, 205.03919999999994, 200.67374999999993, 196.21019999999993, 191.64854999999991, 186.9887999999999, 182.2309499999999, 177.3749999999999, 172.4209499999999, 167.36879999999988, 162.21854999999988, 156.97019999999986, 151.62374999999986, 146.17919999999987, 140.63654999999986, 134.99579999999986, 129.25694999999985, 123.41999999999985, 117.48494999999984, 111.45179999999984, 105.32054999999983, 99.09119999999982, 92.7637499999998, 86.3381999999998, 79.8145499999998, 73.19279999999979, 66.47294999999978, 59.654999999999774, 52.73894999999977, 45.72479999999976, 38.61254999999976, 31.402199999999752, 24.093749999999748, 16.687199999999745, 9.182549999999742, 1.5797999999997385, 0], "angular_position_true": [0.0, 0.0, 0.0, 0.0, 0.0, 0.0, 0.0, 0.0, 0.0, 0.0, 0.0, 0.0, 0.0, 0.0, 0.0, 0.0, 0.0, 0.0, 0.0, 0.0, 0.0, 0.0, 0.0, 0.0, 0.0, 0.0, 0.0, 0.0, 0.0, 0.0, 0.0, 0.0, 0.0, 0.0, 0.0, 0.0, 0.0, 0.0, 0.0, 0.0, 0.0, 0.0, 0.0, 0.0, 0.0, 0.0, 0.0, 0.0, 0.0, 0.0, 0.0, 0.0, 0.0, 0.0, 0.0, 0.0, 0.0, 0.0, 0.0, 0.0, 0.0, 0.0, 0.0, 0.0, 0.0, 0.0, 0.0, 0.0, 0.0, 0.0, 0.0, 0.0, 0.0, 0.0, 0.0, 0.0, 0.0, 0.0, 0.0], "angular_velocity_true": [], "altitude_sensor_readings": [305.1433366729558, 299.9148390328888, 297.88391132217106, 301.15949162578744, 297.2214046404295, 296.72708959293595, 302.25499069663476, 297.30674151397045, 294.75768154588087, 296.3905683180155, 297.9790403302796, 292.09826983260626, 294.7446655085377, 285.5434062227563, 291.4355128134582, 282.70619605036126, 282.3357237125515, 271.4824989507626, 271.6862559829832, 286.8897396963834, 277.8928717301914, 278.6550906563591, 273.2530602530085, 271.53384095367653, 264.90680314324584, 262.9379340130093, 260.6536231415661, 258.0706514823456, 261.43332211242387, 261.1455585414791, 251.94214240828987, 253.87788491717606, 249.01868565312176, 246.94878878531878, 238.4768406552772, 235.53771299103778, 227.55106560881114, 227.2679854639495, 228.64793687420243, 225.42849914837234, 221.56821859160755, 206.19556576785857, 206.54819195073847, 209.662127484258, 200.55349219927578, 192.7526205152554, 186.056062671407, 190.80785919390007, 182.47672845683113, 186.37406460203468, 171.47450303111137, 167.6668537673214, 160.7757234196953, 157.24457990012422, 146.53437133787864, 142.6103991084833, 142.35191246976797, 138.79703555642186, 135.70156671775308, 112.41629585755379, 113.42443297620375, 114.25895161087573, 114.16523835209331, 93.78216505368775, 97.0217959090544, 94.63038259864561, 84.26360866470601, 70.7837215187812, 72.98592387089482, 66.68223238249304, 50.18562855365598, 39.63890193848173, 34.63356537270346, 35.68859342202692, 17.84336691176177, 7.750253241802881, 8.94131538267083, 1.6489311435118783, -6.115262593324247], "speed_sensor_readings": [-0.13669143389071192, -0.058700822234732275, 0.9870932368577949, 0.8455089763717192, 0.8919361431897856, 4.063604114177165, 5.022999081602437, 6.869949146733767, 10.31779002775847, 7.185510616030455, 12.210578575872468, 12.514962197491945, 9.110514490674332, 14.949336829128372, 15.011656528237543, 13.391139063380365, 10.651427821474822, 14.68987223985604, 18.42751244793948, 19.979275203707033, 25.181889067193886, 24.258447843705945, 23.805517798761663, 29.337564468474724, 25.23731065635755, 28.195321739166136, 23.806952141559016, 29.330539873751405, 28.580193611483864, 29.81846323268689, 33.134318649558594, 27.058407770054004, 29.39520394794718, 35.106200812778425, 31.97316784704734, 39.03285148264914, 30.536465025249186, 34.38474100172056, 37.816439926983875, 36.9262174395955, 39.06198147490988, 41.544457964642014, 39.64835152274813, 44.5744424383178, 40.59912280167169, 48.21156339752256, 48.503231596032876, 47.870033900349966, 49.65007467947029, 53.112659034278494, 50.561899958423005, 54.30855607935696, 53.88128991885275, 53.107111896456175, 56.18619374159811, 50.78762432662608, 55.439165771498175, 52.021021213803294, 59.88927373530729, 59.70080352393774, 59.213924453347424, 61.80348581226534, 63.827899250969814, 67.28613173713075, 65.30256452169563, 60.65491387968376, 70.8937643267991, 68.88457422629921, 60.463980192220966, 67.488317335596, 67.03862179403258, 70.29742357390506, 70.64932344255786, 69.67852109751463, 75.8093862809176, 74.60432088205833, 78.68924296296491, 71.66961624473132, -2.485543196032563], "angular_position_sensor_readings": [-0.19168399706166084, 0.4335526771549802, 0.4717284772452652, 0.22553392871679742, 0.1050961910391734, -0.12854119068663894, 0.39520432310887493, 0.09071221168752525, 0.5107092478789973, 0.24813919998858777, -0.341408806276655, -0.7813544041828938, -0.23291159704371933, -0.33906448465625677, -0.040127997900356635, -0.6103113387065067, -0.6452251748490587, 0.3053076886014644, -0.41008885326370026, -0.11692710097303882, 0.0579276790443951, 0.042638962790525016, 0.38151273431814664, 0.31060451222551677, 0.49006192846729874, 0.3491751405777582, 0.15753659267338005, 0.10825394909564588, 0.2092655892979227, 0.5153292112509146, 0.042736356867802174, -0.053835654352530155, 0.10776334804603618, -1.133363125599951, -0.5061308657966567, 0.7465147480006924, 0.4301113779074741, -0.2844802300222839, 0.050400835430113415, 0.06296537661302962, 0.018459948168672323, -0.37713990428487754, 0.3378357206572685, -0.561934015116632, 0.22453551429866436, -0.5290653751248627, 0.41724645053472903, 0.5676353429185865, -0.3263536110299155, 0.04989689201430511, -0.24052580381179645, 0.5608397700855499, -0.07794767289347079, -0.3269906628381828, 0.2830336985856369, -0.07300834684527069, 0.711561833340496, -0.15031045913605243, 0.37736089517578375, 0.4137280755684347, 0.40439773049588673, 0.500537547076564, 0.16607888477523855, 0.1904207091270579, 0.014958895048189908, 0.17920896782406384, 0.04456905314963285, 0.014656952780835418, -0.15067574772683132, -0.24383373938675992, -0.14578485584896425, 0.40082902877662446, 0.08677645325557737, 0.033974548986783815, 0.07102500884751137, 0.49323881633438105, -0.36557946687899956, 0.16418353409501613, -0.2552046501442232],