{"position_x_true": [0.009361446110013527, 0.04683799137615036, 0.13128510975470412, 0.2817614442868617, 0.5176328160803618, 0.858666141309506, 1.3251376970190707, 1.937943287297776, 2.718739002751093, 3.690084440184023, 4.867514380560207, 6.259214256555457, 7.873681513799628, 9.719807440728264, 11.806904687900438, 14.144680698121068, 16.743281473991992, 19.613335529382493, 22.765963983396123, 26.21282189760955, 29.96609909759247, 34.03841359624083, 38.44293235877168, 43.19345439655438, 48.30442998510253, 53.79094206692024, 59.668470101790355, 65.95326379408043, 72.66234693876903, 79.8129446523112, 87.42332620069972, 95.51190720245869, 104.09688208966759, 113.1987295462935, 122.84076682728139, 133.04594199205042, 143.8364706984859, 155.2343067475684, 167.26032584525942, 179.93307412254134, 193.2726155674865, 207.29665449469198, 222.0105876360021, 237.35762868838492, 252.9930071863159, 268.6283856842469, 284.26376418217785, 299.8991426801088, 315.53452117803977, 331.1698996759707, 346.8052781739017, 362.44065667183264, 378.0760351697636, 393.71141366769456, 409.3467921656255, 424.9821706635565, 440.61754916148743, 456.2529276594184, 471.88830615734935], "position_y_true": [299.950998450321, 299.8040117296752, 299.5595333108508, 299.21804304947483, 298.7795129189885, 298.24379273828913, 297.61061082208636, 296.88043823891024, 296.0538500905582, 295.1312090287462, 294.1120087202929, 292.9952993603166, 291.78252335086376, 290.4738912231721, 289.06808055551187, 287.56485549564354, 285.96143791302455, 284.25397012721686, 282.43933132324315, 280.5143119541154, 278.47481933445954, 276.31348043122233, 274.0220233752209, 271.59213441578424, 269.0144016696877, 266.278285592897, 263.37045928550134, 260.2766709391041, 256.98159214751365, 253.46606458527873, 249.71012730632242, 245.6903179706736, 241.37801361310105, 236.74564885324324, 231.76700581267102, 226.40931933845067, 220.63208818466356, 214.38838762885806, 207.6231034188549, 200.27143128069233, 192.2628856053929, 183.5161440548343, 173.9280048773497, 163.44752600762024, 152.47471182333675, 141.40379763905324, 130.23478345476974, 118.96766927048624, 107.60245508620274, 96.13914090191923, 84.57772671763573, 72.91821253335223, 61.160598349068735, 49.304884164785236, 37.351069980501734, 25.299155796218237, 13.14914161193474, 0.9010274276512433, 0], "angular_position_true": [-1.0276750930668502e-05, -4.494392605312178e-05, -0.00020877541460370734, -0.0006048551055183894, -0.0012326845745485736, -0.0020734074500750824, -0.00309285771161719, -0.004424854555033815, -0.006241778531882087, -0.00869714845875367, -0.011790674427784352, -0.015458042788068758, -0.020161664105363512, -0.026161666416984794, -0.03347641640494134, -0.04243012812686281, -0.052943619768462444, -0.06484542569610958, -0.07824017722885612, -0.09335105626666303, -0.11039005184332332, -0.12912840666307346, -0.149376271664488, -0.17115573022828154, -0.19451382124087022, -0.219543497322627, -0.24610848152105808, -0.27421585318932395, -0.30401776153456456, -0.3353526704700897, -0.3683339953077698, -0.40290908199396724, -0.438622951690911, -0.4757696269310506, -0.5154840346618662, -0.5584968900229261, -0.6051298719592068, -0.6557161306722483, -0.7104834374045491, -0.7695032157422026, -0.8336417121706885, -0.9039899904466444, -0.9803498025631846, -1.0618589326931855, -1.1456628140439085, -1.2294666953946314, -1.3132705767453543, -1.3970744580960772, -1.4808783394468001, -1.564682220797523, -1.648486102148246, -1.732289983498969, -1.8160938648496918, -1.8998977462004147, -1.9837016275511377, -2.0675055089018604, -2.151309390252583, -2.2351132716033058, -2.3189171529540284], "angular_velocity_true": [], "altitude_sensor_readings": [304.5228429161978, 303.2525994554769, 300.46772967055904, 300.380641505394, 302.6379334855176, 294.75504846566497, 301.4381172121761, 293.8361996242817, 293.4286354230071, 294.06803668662246, 285.8004015348736, 290.65750450489236, 288.0984921479947, 289.90473886298224, 286.74999701043134, 281.59413099333955, 282.7880934637954, 280.52441555226335, 276.4980008941377, 279.8504481880651, 275.98303049246476, 278.07377718434907, 269.6478204695171, 270.34584687623294, 259.3995594225713, 270.4535497068431, 266.7532347258823, 264.4813531113572, 255.46111205387444, 255.66555256985305, 252.53505612462416, 241.82052486550955, 243.9205225637816, 240.17705776134335, 236.77261528497436, 224.09263714104478, 229.17381700073534, 206.68467542984837, 202.59105416052935, 202.18740006565565, 198.1934741029524, 180.91900130815947, 170.2960634978544, 167.54397480392657, 154.4012133762743, 139.21564762215294, 138.69088182356583, 110.1133869474814, 109.48491783484704, 94.85666489894231, 85.32484806136776, 73.06222672588804, 62.9773007268589, 47.12705523742302, 37.14281937519559, 24.082302295671145, 16.803603802287146, -2.2898506275259485, 2.3629192858633683], "speed_sensor_readings": [0.700694778102962, 9.830369389648121, 3.4656450670083663, 12.220817470377899, 10.308403357422252, 5.993827344282536, 12.86623384300186, 11.035073566619385, 12.828066569198437, 17.815377680488247, 24.80383047399906, 16.344303519773227, 23.124675310285877, 21.603174055830824, 26.21386653352109, 27.292385683588126, 31.401302656545514, 37.69130613410673, 38.35091773666338, 44.11838375854459, 45.88312669001415, 42.874376775742405, 52.600360536783825, 56.01561150223336, 62.60876981858261, 65.09749197479749, 64.84693397774265, 72.29805809086778, 75.45460124499552, 78.62432481916812, 85.78713497656898, 96.8857966025505, 98.02359523567395, 106.9594690498619, 111.69750457259249, 117.8251046614232, 126.72753543974095, 133.37017192248226, 142.9488176670178, 152.26032648980424, 163.921883652369, 172.89290317019498, 182.23699680992652, 193.22296106947493, 193.17902630576597, 187.75403048622294, 192.60231549387726, 196.4877205736122, 194.59758222863542, 200.99063727411544, 193.09274683814968, 200.84395896247926, 197.3585311298675, 199.59462305749935, 194.8118994218385, 195.57271279221712, 195.48067151732937, 199.99816160863418, 1.23400522733662], "angular_position_sensor_readings": [-0.4127386014855685, 0.004021027691719018, -0.1602536130614265, -0.5225602095099928, 0.21781543530575545, 0.16342103502252844, -0.3250103666430347, -0.2059014767904602, -0.2789799947780961, 0.037419041941775526, 0.561109569812867, 0.008812660918751207, 0.18796310633341595, 0.28297572722694464, -0.24140984273888524, -0.30772718551808825, 0.2520440296825267, 0.40383295049612394, 0.3607614292539725, -0.25646014839725423, -0.41080348020237434, -0.8746804462997451, -0.1127856367805464, 0.2391150930649473, -0.28668049084962943, -0.14278219948859802, 0.35706770236765045, -0.6901781309314785, -0.03327438706567437, -0.4552267301309336, -0.7741539323907287, 0.1323987934584605, -0.45579191496638094, -0.09240795644684868, -1.555968868657188, -1.4159850870182267, -1.169053795008651, -0.9708825982956825, -0.4932109823859402, -1.162294154217073, -0.8806147028616567, -0.8132130166947077, -0.48170476287355324, -0.8176227861046046, -0.9149865122024735, -0.7329204481159479, -1.1350271371513911, -0.5603204949113665, -1.3809201870022023, -1.072056525163774, -1.9175924788551508, -1.4835632951690925, -1.973984776900595, -1.8049705924943293, -1.972515899565928, -2.1518422501867565, -2.727780990834068, -2.292766340466625, -3.0096962664958555],