{"position_x_true": [0.009361139051697904, 0.04683671703477897, 0.13128849383623625, 0.2817785212492946, 0.5176547882313991, 0.8586783734165109, 1.3251371932464484, 1.9379344714600715, 2.718729029954129, 3.690088277446639, 4.867540763330704, 6.259262672927289, 7.873786953619616, 9.720007782025517, 11.807207539412394, 14.145090866369312, 16.743808332203415, 19.613992181642203, 22.766800018619904, 26.213916504908124, 29.967592054241244, 34.04072760187677, 38.44674872880222, 43.199828829402314, 48.3150187551523, 53.808034235797486, 59.6955360667042, 65.99488524009966, 72.72434325308994, 79.90324380196854, 87.55097646613596, 95.5542238309534, 103.80693594744857, 112.34264296829775, 121.1952935273519, 130.39913846453942, 139.9883557615226, 149.9974874535644, 160.368146994766, 171.03925223632257, 182.0397606434221, 193.39645594181735, 205.08393315309178, 217.07395491119266, 229.38464145676593, 241.99874448901826, 254.89680817296409, 268.0682813081244, 281.48942597062216, 295.1445846926045, 309.01263648241144, 323.06659530400003, 337.2724843095601, 351.5884010458836, 365.96805542646007, 380.3598279004864, 394.7020751299195, 408.92372222570685, 422.92922102546817, 436.59143669669123], "position_y_true": [299.9510285119164, 299.8041307012989, 299.55912587760525, 299.21622062235, 298.77652357589125, 298.24044042294315, 297.6074124392669, 296.87758687766706, 296.0513843933518, 295.1283524968163, 294.10893487516546, 292.99351003681375, 291.7805952654131, 290.4694281808118, 289.05928856144396, 287.5484145562245, 285.93502040494786, 284.21733361241087, 282.39369289252846, 280.46129530372474, 278.41630936415686, 276.2550152385208, 273.9712639509662, 271.55870316807545, 269.0118424065472, 266.3227727438887, 263.4831595311981, 260.48227091657606, 257.3075460105085, 253.94555697767672, 250.37676596679142, 246.61794186693848, 242.68747544420393, 238.56238680978691, 234.21623814819736, 229.61833882390587, 224.73207188810747, 219.51526289915498, 213.9817444049291, 208.148480837316, 201.97414661184794, 195.4106619599489, 188.4509677477393, 181.08749432167804, 173.26399253487156, 164.96295670179964, 156.16606241065554, 146.84169699787878, 136.97263866854257, 126.52637212245041, 115.4685006605916, 103.76322253401037, 91.37395844472034, 78.26400355577877, 64.39802156491416, 49.74248257156716, 34.26638982779388, 17.94264989331322, 0.7410057234622158, 0], "angular_position_true": [-1.6653086987222812e-05, -7.020132276439701e-05, -0.0001227693208068533, -0.00021891607281366833, -0.0005945133731010931, -0.0013409297877698748, -0.0023566142739656227, -0.003702872559249396, -0.005516553049414457, -0.007779120579029132, -0.010679610226917234, -0.014418221612140273, -0.018854888403550374, -0.02404514191933447, -0.030105179894531285, -0.037000909555164524, -0.044762759604248976, -0.05349851289089168, -0.06342256799595382, -0.07462856954586769, -0.0871321117305522, -0.1011084658234263, -0.11642870917989503, -0.1330995118348972, -0.15148006926659002, -0.17169646391703441, -0.19405353382446625, -0.2187222531555897, -0.24589206817490844, -0.27600347126634367, -0.30888961325291764, -0.343876406062098, -0.38064852242468555, -0.41915432255867013, -0.4594046120948845, -0.5014192181963929, -0.545037929875905, -0.5901087731487429, -0.6364658996577129, -0.6841599820948643, -0.7335159273748085, -0.7846467874985146, -0.8373456995156153, -0.891463205171123, -0.9470266401634436, -1.0041201331417995, -1.0630781848107382, -1.1241699589802958, -1.1876553854065077, -1.2541161767480742, -1.3239200912091091, -1.3972795514788774, -1.4742176842367896, -1.554534808499979, -1.6383496454959192, -1.72602574506089, -1.817653496501795, -1.9132084201222694, -2.0154875507981362, -2.1299865504328883], "angular_velocity_true": [], "altitude_sensor_readings": [296.3381930275946, 295.4283965226701, 293.45096698296055, 297.4005198770846, 300.7872722397735, 298.7136242574814, 300.6788388238554, 305.9028390317099, 292.9919627911073, 286.5320297718174, 296.73084796562256, 288.72112747392254, 290.76974172872843, 286.9357580751749, 297.380605864576, 285.25266248239967, 279.7976035142899, 289.154551007522, 287.00215412994817, 288.70796559858246, 283.80985877097373, 279.48764756723773, 273.62559483605173, 273.8854561553203, 262.6597876744747, 266.4924621039601, 259.6022131159743, 263.0642271116182, 256.0721483050062, 254.21967737758786, 246.6683025046982, 257.0254281412653, 243.14375259017498, 237.67860112844738, 237.4314946224284, 229.80269510480406, 217.82018230345113, 222.08204795965057, 214.7444783083766, 212.3301399002929, 200.63730054436522, 196.3337343749418, 180.76820542024822, 184.69036343199488, 172.32014806813982, 159.46783158995606, 168.67915042927336, 143.63439295597755, 134.45104593001787, 121.12521996937102, 113.37181362053838, 102.1640197985611, 86.00721278337073, 74.88220451441325, 63.15076010679876, 42.85232979092365, 37.485975236362705, 21.072922282712177, 6.160773671303537, -3.2199454610818132], "speed_sensor_readings": [3.056113167821404, 5.477110681908016, 6.3719112647001435, 7.386817668650274, 6.308796649306805, 5.33742674598236, 2.1048815981393654, 7.591343304154353, 13.294556137308671, 18.03835991478192, 16.284735614788282, 15.909335713451979, 15.319616393770323, 22.888493320541876, 28.550035159469548, 29.047178797235368, 31.6887448953131, 41.453313055519445, 37.98723016608849, 38.76242178481503, 43.318470263897844, 48.64814810756377, 52.89480351712089, 52.45240126232377, 64.07196326990731, 64.04581215649984, 72.78543569864031, 71.18781694820242, 78.52133976420373, 82.61419120198674, 89.83996320020402, 84.43025519790778, 93.39776708755147, 97.3703858780111, 104.51046895940108, 106.19964114716322, 112.031346241292, 115.76817791265933, 118.51143473945899, 125.50777061975919, 130.3287525655851, 130.65754415507135, 136.16553181503355, 142.56537442766188, 149.0677991764809, 155.86783606032185, 157.54556470866567, 161.6079563916794, 167.1529150475177, 171.91014656809025, 179.99283407125196, 184.70371316684654, 196.2471796242833, 193.06357530305775, 199.73042207667973, 210.58399439730255, 217.27037976985102, 220.39165088039695, 224.6823794827152, 1.1641479783996025], "angular_position_sensor_readings": [-0.014907333228053328, -0.28620113479432274, 0.28454377193692065, 0.6317863968430489, 0.016307689461297733, -0.20709857331101295, -0.6000471037511451, 0.2634178337695255, -0.18654068404185445, 0.3574448735073633, -0.4819614630464305, -0.34603479854170516, -0.34729259642926047, 0.7197384388882804, -0.406889387927306, -0.47342618446416973, -0.22719630652714257, 0.05192295264910142, -0.6445413759377178, 0.39281088113404994, -0.3849922602102681, -0.41442210703801835, 0.02171241457048889, -0.38086131410659696, 0.06593406206301228, -0.006638097681027716, 0.06211114819051741, -0.5466025581801248, 0.10988875141573734, -0.48209672049171504, 0.1932334327734233, -0.259316354109257, -0.5357364551031383, -0.5792895033982179, -0.19965283254784433, -0.5074811796506193, -0.007135876801687369, 0.3979309556090702, -1.1577947013119487, -0.4542899222316644, -1.5521111829461547, -0.6947578257941087, -0.7645847120537724, -0.4828110780858694, -0.9286106838128283, -0.881220487788748, -1.2005615409869776, -1.1316601330935503, -1.4181479572741693, -1.9692133673724626, -1.2241846188825467, -1.3725925866844633, -1.3748269781920235, -2.0696627461091692, -1.3582240893638486, -2.009796077067535, -2.0615120034473713, -2.719634491347112, -1.7953682130126296, -1.9017995840041961],